seed_pair_index,seed_run_index,run_key,reference_seed,label_seed,scale,noise_fraction,noise_sigma,noise_realization,noise_seed,train_radial_rms,selection_policy,practical_n_basis,practical_regularization_strength,practical_penalty_power,practical_validation_selection_score,practical_validation_observed_nrmse,practical_validation_hidden_nrmse_3d,raw_argmin_n_basis,raw_argmin_regularization_strength,raw_argmin_penalty_power,hidden_selector_n_basis,hidden_selector_regularization_strength,hidden_selector_penalty_power,practical_same_hidden_candidate,raw_same_hidden_candidate,test_observed_nrmse_radial,test_latent_nrmse_radial,test_hidden_rmse_radial,test_hidden_reference_rms_radial,test_hidden_nrmse_radial,test_hidden_rmse_tangential,test_hidden_reference_rms_tangential,test_hidden_nrmse_tangential,test_hidden_rmse_3d,test_hidden_reference_rms_3d,test_hidden_nrmse_3d,test_hidden_predicted_rms_3d,test_hidden_predicted_to_reference_rms_3d,test_hidden_predicted_rms_tangential,test_hidden_predicted_to_reference_rms_tangential,test_hidden_direction_error_median_deg,test_hidden_direction_error_p90_deg,test_hidden_radial_correlation,test_hidden_radial_mean_bias,test_raw_argmin_hidden_nrmse_3d,test_hidden_selector_nrmse_3d,delta_test_nrmse_3d_practical_minus_hidden,delta_test_nrmse_3d_raw_minus_hidden,delta_test_nrmse_3d_practical_minus_raw,standardized_residual_mean,standardized_residual_rms,standardized_residual_fraction_abs_gt_1p96,standardized_residual_fraction_abs_gt_3,coverage_latent_radial_68,coverage_observed_radial_68,coverage_latent_component_68,coverage_latent_radial_95,coverage_observed_radial_95,coverage_latent_component_95,coefficient_norm,coefficient_standard_error_median,radial_prediction_standard_error_median,component_prediction_standard_error_median,n_parameters,n_observations_fit,numerical_rank,nullity,design_condition_number,normal_condition_number,normal_min_eigenvalue,normal_max_eigenvalue,effective_degrees_of_freedom,effective_degrees_of_freedom_fraction
0,0,seedpair00_ref20260805_label20260804_noise00000_rep000_seed2026082700,20260805,20260804,fiducial,0.0,0.0,0,2026082700,267.2868279644088,combined_practical_basis,1539,1e-06,2.0,0.1312499265476117,0.1312499265476117,0.4889574735625833,1539,1e-06,2.0,1283,0.0001,2.0,False,False,0.1156492058458603,0.1156492058458603,31.497336562602943,272.352380911143,0.1156492058458603,203.07175011377717,301.82045425606793,0.672823021933062,205.49992190949916,406.5358606510716,0.5054902698630048,406.27782220629945,0.999365275072268,302.6829349980324,1.0028575954008496,22.077947115757453,61.594346081427936,0.989469787769026,1.4589093184935615,0.5054902698630048,0.4584689383463324,0.0470213315166724,0.0470213315166724,0.0,,,,,,,,,,,15432.995375354649,0.0,0.0,0.0,1539,4250,1539,0,2250.3751596898683,3053163.439483409,1.7694940352933448e-08,0.054025544949416,1499.8329915494755,0.9745503518839996
1,0,seedpair01_ref20260815_label20260814_noise00000_rep000_seed2026083700,20260815,20260814,fiducial,0.0,0.0,0,2026083700,273.27124989347226,combined_practical_basis,1539,1e-06,2.0,0.1342030262095739,0.1342030262095739,0.5801126726854027,2050,1e-06,2.0,2050,0.0001,2.0,False,False,0.1494002679480434,0.1494002679480434,38.67523501555936,258.86991734853746,0.1494002679480434,214.32140108376456,299.24089973268013,0.7162169385108239,217.7830038502009,395.6750563036069,0.5504087265058554,408.9880201851238,1.0336462045545314,317.8116165597019,1.062059420499041,22.983391390607864,62.651942836080806,0.984101150455304,1.0125202989612048,0.5487765178765841,0.4710278891984142,0.0793808373074411,0.0777486286781699,0.0016322086292712,,,,,,,,,,,17236.320762798474,0.0,0.0,0.0,1539,4250,1539,0,2125.338724255508,2704372.0592883853,1.7452457006144648e-08,0.0471979370933494,1499.109040102478,0.974079948084781
2,0,seedpair02_ref20260825_label20260824_noise00000_rep000_seed2026084700,20260825,20260824,fiducial,0.0,0.0,0,2026084700,264.593090487359,combined_practical_basis,1539,1e-06,2.0,0.1181564955685771,0.1181564955685771,0.5209761153903775,1539,1e-06,2.0,2050,0.0001,2.0,False,False,0.1388293481720921,0.1388293481720921,37.50631024895975,270.1612500727663,0.1388293481720922,213.8777860425945,324.2475651491802,0.6596126202033107,217.14149919113356,422.04689851490633,0.514496137645386,412.685332013505,0.9778186582241388,312.6667524272849,0.9642840410642184,22.914069210855825,57.41197249616009,0.9854495851476788,2.3876091998769984,0.514496137645386,0.4461826100473154,0.0683135275980705,0.0683135275980705,0.0,,,,,,,,,,,18665.215027173115,0.0,0.0,0.0,1539,4250,1539,0,1907.365108157172,2142803.057319269,1.7307777016643056e-08,0.0370871575066629,1499.0012449088322,0.9740099057237376
3,0,seedpair03_ref20260905_label20260904_noise00000_rep000_seed2026085700,20260905,20260904,fiducial,0.0,0.0,0,2026085700,264.2763094307063,combined_practical_basis,1539,1e-06,2.0,0.1326017607963488,0.1326017607963488,0.5139082555515081,2050,1e-06,2.0,2050,0.0001,2.0,False,False,0.1266861573990174,0.1266861573990174,33.302701961244416,262.87561833888816,0.1266861573990174,197.3243362851124,293.312312813324,0.672744810446119,200.11487612938623,393.8726996949065,0.5080699329615763,406.4997737132885,1.0320587693134429,311.1768636468292,1.0609062424354307,22.65305410424689,58.66735728779343,0.9880149899188196,1.2871258357379336,0.5035144037625493,0.4496276541028871,0.0584422788586891,0.0538867496596621,0.004555529199027,,,,,,,,,,,18436.61559116361,0.0,0.0,0.0,1539,4250,1539,0,2533.1999216626846,3799131.149794612,1.698158289391391e-08,0.0645152605450876,1499.5811340277562,0.9743867017724211
4,0,seedpair04_ref20260915_label20260914_noise00000_rep000_seed2026086700,20260915,20260914,fiducial,0.0,0.0,0,2026086700,265.0776852122761,combined_practical_basis,1539,1e-06,2.0,0.1343481939145365,0.1343481939145365,0.5428059769197381,2050,1e-06,2.0,2050,0.0001,2.0,False,False,0.1216269798644675,0.1216269798644675,32.473411199504085,266.9918404262783,0.1216269798644675,199.23941212629717,308.3150877785446,0.646220117094646,201.8684368081463,407.8514879292497,0.4949557443889099,409.6681828271844,1.0044543049411403,308.04238317209087,0.9991155002876486,20.567755188179262,60.43019898174637,0.9882884261801368,-1.9734848801645613,0.4836186048137924,0.4303009164942164,0.0646548278946935,0.053317688319576,0.0113371395751175,,,,,,,,,,,20367.473032881146,0.0,0.0,0.0,1539,4250,1539,0,2584.7631382153063,3966999.945656159,1.7004788157320866e-08,0.0674579936959863,1499.3006313380404,0.9742044388161406
0,1,seedpair00_ref20260805_label20260804_noise00500_rep000_seed2026082700,20260805,20260804,fiducial,0.05,13.36434139822044,0,2026082700,267.2868279644088,combined_practical_basis,1539,1e-06,2.0,8.647222539658294,0.1488263204037599,0.5055049806560299,1539,1e-06,2.0,1283,0.0001,2.0,False,False,0.1285615140163941,0.1193988690639425,32.51856626766256,272.352380911143,0.1193988690639425,206.7392523256136,301.82045425606793,0.6849742931942366,209.28109232383628,406.5358606510716,0.5147912215878577,409.4302303137693,1.0071195924956344,306.5666698653208,1.0157252947649007,23.289869146081465,61.97343029439685,0.9888159670299056,1.745236471543369,0.5147912215878577,0.4561407041332219,0.0586505174546357,0.0586505174546357,0.0,-0.1087318505095183,2.004015847048386,0.3013333333333333,0.124,0.2533333333333333,0.404,0.1653333333333333,0.4786666666666667,0.6986666666666667,0.3186666666666666,15942.46797866956,16.285713208840136,9.277172369052078,23.027091709961944,1539,4250,1539,0,2250.3751596898683,3053163.439483409,1.7694940352933448e-08,0.054025544949416,1499.8329915494755,0.9745503518839996
0,2,seedpair00_ref20260805_label20260804_noise00500_rep001_seed2026082701,20260805,20260804,fiducial,0.05,13.36434139822044,1,2026082701,267.2868279644088,combined_practical_basis,1539,1e-06,2.0,8.294426213166515,0.146356005241099,0.4988567775678416,1539,1e-06,2.0,1283,0.0001,2.0,False,False,0.1280934585956872,0.1183435672560541,32.23115230770429,272.352380911143,0.118343567256054,206.2424732182772,301.82045425606793,0.6833283507130989,208.7457902288672,406.5358606510716,0.5134744814259645,404.760414070278,0.9956327430058686,301.20516460210007,0.9979614050496198,22.49524783689483,62.03738945599274,0.9889479481639246,1.4480676893462547,0.5134744814259645,0.4604300419829883,0.0530444394429761,0.0530444394429761,0.0,-0.1069526350720087,2.010833597753398,0.2986666666666667,0.1213333333333333,0.2826666666666667,0.4146666666666667,0.1737777777777777,0.4826666666666667,0.7013333333333334,0.328,15004.647655018873,16.285713208840136,9.277172369052078,23.027091709961944,1539,4250,1539,0,2250.3751596898683,3053163.439483409,1.7694940352933448e-08,0.054025544949416,1499.8329915494755,0.9745503518839996
0,3,seedpair00_ref20260805_label20260804_noise00500_rep002_seed2026082702,20260805,20260804,fiducial,0.05,13.36434139822044,2,2026082702,267.2868279644088,combined_practical_basis,1539,1e-06,2.0,7.863106268780739,0.1435179568841781,0.5049392326873853,1539,1e-06,2.0,1283,0.0001,2.0,False,False,0.1292879738505738,0.1218953024721269,33.198475850167696,272.352380911143,0.1218953024721269,206.27123872531772,301.82045425606793,0.6834236573983646,208.92573494917085,406.5358606510716,0.5139171108166792,408.5886233294457,1.0050494012387654,306.4555415205094,1.015357101213919,23.204622517186237,60.526392587724,0.9882671014346586,1.4311583811180633,0.5139171108166792,0.4571256486731043,0.0567914621435749,0.0567914621435749,0.0,-0.105516918301559,2.012580479931993,0.2946666666666667,0.1226666666666666,0.2506666666666666,0.416,0.1635555555555555,0.472,0.7053333333333334,0.3191111111111111,15656.947388875882,16.285713208840136,9.277172369052078,23.027091709961944,1539,4250,1539,0,2250.3751596898683,3053163.439483409,1.7694940352933448e-08,0.054025544949416,1499.8329915494755,0.9745503518839996
0,4,seedpair00_ref20260805_label20260804_noise00500_rep003_seed2026082703,20260805,20260804,fiducial,0.05,13.36434139822044,3,2026082703,267.2868279644088,combined_practical_basis,1539,1e-06,2.0,7.7586967509608,0.1413434522479148,0.509869577719169,1539,1e-06,2.0,1283,0.0001,2.0,False,False,0.1361092578206279,0.1271585218014538,34.63192616576741,272.352380911143,0.1271585218014537,208.6171167985925,301.82045425606793,0.6911960864706648,211.4721535600107,406.5358606510716,0.5201808106702708,407.6503430042864,1.0027414121633205,304.3257660762488,1.008300669437252,23.0323045851052,62.355024942172605,0.9872897721670576,1.6240569230055335,0.5201808106702708,0.4607723891355061,0.0594084215347646,0.0594084215347646,0.0,-0.1189366712643054,2.129803403396481,0.3346666666666666,0.136,0.2306666666666666,0.4,0.1622222222222222,0.4733333333333333,0.6653333333333333,0.3191111111111111,16290.140247466452,16.285713208840136,9.277172369052078,23.027091709961944,1539,4250,1539,0,2250.3751596898683,3053163.439483409,1.7694940352933448e-08,0.054025544949416,1499.8329915494755,0.9745503518839996
0,5,seedpair00_ref20260805_label20260804_noise00500_rep004_seed2026082704,20260805,20260804,fiducial,0.05,13.36434139822044,4,2026082704,267.2868279644088,combined_practical_basis,1539,1e-06,2.0,7.748981917769913,0.1408916751620436,0.4945546680599006,1539,1e-06,2.0,1539,0.0001,2.0,False,False,0.12731694620311,0.1202640713187205,32.754206161721044,272.352380911143,0.1202640713187205,204.1117442573465,301.82045425606793,0.6762687597182389,206.7231050585806,406.5358606510716,0.5084990650702038,410.3454273919279,1.0093708012246576,307.5693176394798,1.0190472955107757,21.80271826501729,62.570628287846425,0.9886583788960424,1.5917599497520625,0.5084990650702038,0.4568643906533762,0.0516346744168276,0.0516346744168276,0.0,-0.0674314373763847,1.9821760893845428,0.3013333333333333,0.12,0.2906666666666667,0.3986666666666666,0.1688888888888889,0.496,0.6986666666666667,0.3293333333333333,15278.898004918825,16.285713208840136,9.277172369052078,23.027091709961944,1539,4250,1539,0,2250.3751596898683,3053163.439483409,1.7694940352933448e-08,0.054025544949416,1499.8329915494755,0.9745503518839996
0,6,seedpair00_ref20260805_label20260804_noise00500_rep005_seed2026082705,20260805,20260804,fiducial,0.05,13.36434139822044,5,2026082705,267.2868279644088,combined_practical_basis,1539,1e-06,2.0,8.18256589771087,0.144976136461272,0.4957678845622965,1795,1e-06,2.0,1795,0.0001,2.0,False,False,0.13220014335625,0.1220082369273107,33.2292338179239,272.352380911143,0.1220082369273106,205.292728367732,301.82045425606793,0.6801816294185261,207.9646275230325,406.5358606510716,0.5115529714647433,409.3973025280093,1.0070385964779467,306.67128460401835,1.0160719072532935,22.52680207870893,60.35670394124372,0.9882439339104432,0.6088595518962605,0.4996915696047807,0.4578323343788898,0.0537206370858535,0.0418592352258909,0.0118614018599625,-0.0832950066432552,2.0670422035024743,0.3173333333333333,0.1346666666666666,0.2493333333333333,0.3933333333333333,0.1742222222222222,0.4746666666666667,0.6826666666666666,0.3231111111111111,15129.66019332376,16.285713208840136,9.277172369052078,23.027091709961944,1539,4250,1539,0,2250.3751596898683,3053163.439483409,1.7694940352933448e-08,0.054025544949416,1499.8329915494755,0.9745503518839996
0,7,seedpair00_ref20260805_label20260804_noise00500_rep006_seed2026082706,20260805,20260804,fiducial,0.05,13.36434139822044,6,2026082706,267.2868279644088,combined_practical_basis,1539,1e-06,2.0,8.855101737775932,0.1513597229896212,0.5057615568303668,2050,0.0001,2.0,1283,0.0001,2.0,False,False,0.1342067452001973,0.1219423930435863,33.21130107942313,272.352380911143,0.1219423930435863,204.4196088740426,301.82045425606793,0.677288785406872,207.0998962134087,406.5358606510716,0.5094258988167389,407.2693099140488,1.0018041440718233,304.36702573956137,1.008437372111742,22.86094856066093,61.96719854028972,0.9883111682580128,2.0723965075855677,0.4570317618401635,0.4590881563078952,0.0503377425088437,-0.0020563944677316,0.0523941369765754,-0.05423943378323,2.068712015649907,0.324,0.128,0.2666666666666666,0.42,0.1804444444444444,0.5093333333333333,0.676,0.3288888888888889,16016.9395914934,16.285713208840136,9.277172369052078,23.027091709961944,1539,4250,1539,0,2250.3751596898683,3053163.439483409,1.7694940352933448e-08,0.054025544949416,1499.8329915494755,0.9745503518839996
0,8,seedpair00_ref20260805_label20260804_noise00500_rep007_seed2026082707,20260805,20260804,fiducial,0.05,13.36434139822044,7,2026082707,267.2868279644088,combined_practical_basis,1539,1e-06,2.0,8.401997118510018,0.1468450946272516,0.5043474827188409,1539,1e-06,2.0,1283,0.0001,2.0,False,False,0.1313224781801326,0.1206147982090866,32.84972746536182,272.352380911143,0.1206147982090866,208.38948591018,301.82045425606793,0.6904418934224383,210.9627512914487,406.5358606510716,0.5189277790982315,409.1163931101303,1.0063476133567304,306.5743844861717,1.0157508550632242,22.716347957480743,63.51051303283535,0.9885766353234964,2.012228923749324,0.5189277790982315,0.4586636189634926,0.0602641601347388,0.0602641601347388,0.0,-0.069354494846923,2.032857328294985,0.2973333333333333,0.1346666666666666,0.2573333333333333,0.4146666666666667,0.1844444444444444,0.496,0.7026666666666667,0.3311111111111111,16882.330542060892,16.285713208840136,9.277172369052078,23.027091709961944,1539,4250,1539,0,2250.3751596898683,3053163.439483409,1.7694940352933448e-08,0.054025544949416,1499.8329915494755,0.9745503518839996
0,9,seedpair00_ref20260805_label20260804_noise00500_rep008_seed2026082708,20260805,20260804,fiducial,0.05,13.36434139822044,8,2026082708,267.2868279644088,combined_practical_basis,1539,1e-06,2.0,8.853058384363068,0.1507837956917733,0.4998661146113348,1539,1e-06,2.0,1283,0.0001,2.0,False,False,0.1306190070551273,0.1215569713446751,33.10633056206985,272.352380911143,0.1215569713446751,205.1901141645135,301.82045425606793,0.6798416451604299,207.84372031440145,406.5358606510716,0.5112555629939692,408.0289057991855,1.0036726038035677,304.59400993314193,1.009189422512501,22.39841849977919,59.11508417997677,0.9883941666952232,1.4764075894542628,0.5112555629939692,0.4608697888686843,0.0503857741252848,0.0503857741252848,0.0,-0.080836365871768,2.060095738769563,0.3213333333333333,0.1346666666666666,0.2626666666666666,0.3893333333333333,0.1693333333333333,0.472,0.6786666666666666,0.3293333333333333,16339.949862720658,16.285713208840136,9.277172369052078,23.027091709961944,1539,4250,1539,0,2250.3751596898683,3053163.439483409,1.7694940352933448e-08,0.054025544949416,1499.8329915494755,0.9745503518839996
0,10,seedpair00_ref20260805_label20260804_noise00500_rep009_seed2026082709,20260805,20260804,fiducial,0.05,13.36434139822044,9,2026082709,267.2868279644088,combined_practical_basis,1539,1e-06,2.0,8.766487510487059,0.1501163914001086,0.5119991624749658,1539,1e-06,2.0,1283,0.0001,2.0,False,False,0.1323745100594423,0.1225554748328427,33.37827536442038,272.352380911143,0.1225554748328427,207.80539078370265,301.82045425606793,0.6885066530560522,210.46897563553267,406.5358606510716,0.5177131859867523,408.7138492454012,1.0053574328986414,305.6600344678969,1.0127214049203286,21.56360948134728,61.632602672863584,0.988197827000878,1.569634757804658,0.5177131859867523,0.460009719962282,0.0577034660244702,0.0577034660244702,0.0,-0.1506205817678153,2.0727851405766997,0.3133333333333333,0.1306666666666666,0.2666666666666666,0.4093333333333333,0.1813333333333333,0.4933333333333333,0.6866666666666666,0.332,15682.659201024811,16.285713208840136,9.277172369052078,23.027091709961944,1539,4250,1539,0,2250.3751596898683,3053163.439483409,1.7694940352933448e-08,0.054025544949416,1499.8329915494755,0.9745503518839996
0,11,seedpair00_ref20260805_label20260804_noise00500_rep010_seed2026082710,20260805,20260804,fiducial,0.05,13.36434139822044,10,2026082710,267.2868279644088,combined_practical_basis,1539,1e-06,2.0,8.49911527981865,0.1477462252672559,0.4978704010738631,1539,1e-06,2.0,1283,0.0001,2.0,False,False,0.134500714517795,0.125004626205871,34.04530757207644,272.352380911143,0.125004626205871,205.45965814367568,301.82045425606793,0.6807347058372702,208.2612640223653,406.5358606510716,0.512282640180457,409.0777986308929,1.006252678363356,305.95678665305763,1.0137046125889149,23.061567459297827,59.3058742823709,0.9876922918006316,0.9319814162569678,0.512282640180457,0.4592116501873117,0.0530709899931452,0.0530709899931452,0.0,-0.0061096589421424,2.096409475290253,0.316,0.1373333333333333,0.224,0.388,0.1742222222222222,0.4373333333333333,0.684,0.3222222222222222,15887.861037501203,16.285713208840136,9.277172369052078,23.027091709961944,1539,4250,1539,0,2250.3751596898683,3053163.439483409,1.7694940352933448e-08,0.054025544949416,1499.8329915494755,0.9745503518839996
0,12,seedpair00_ref20260805_label20260804_noise00500_rep011_seed2026082711,20260805,20260804,fiducial,0.05,13.36434139822044,11,2026082711,267.2868279644088,combined_practical_basis,1539,1e-06,2.0,7.996731422585504,0.1434796742106004,0.4979172715326289,1539,1e-06,2.0,1283,0.0001,2.0,False,False,0.1274784942519014,0.1207922608355046,32.89805983418948,272.352380911143,0.1207922608355045,204.4891144828106,301.82045425606793,0.6775190733406017,207.1185174792875,406.5358606510716,0.5094717035480829,404.1423690794482,0.9941124712398304,300.3080872775244,0.9949891832802676,22.321895812757504,62.92693738161446,0.9884994099872472,1.6874550136623503,0.5094717035480829,0.4611715740197123,0.0483001295283705,0.0483001295283705,0.0,-0.1175940744579455,1.9954555250152293,0.2946666666666667,0.1226666666666666,0.272,0.4133333333333333,0.1764444444444444,0.4813333333333333,0.7053333333333334,0.3315555555555555,14900.89008917078,16.285713208840136,9.277172369052078,23.027091709961944,1539,4250,1539,0,2250.3751596898683,3053163.439483409,1.7694940352933448e-08,0.054025544949416,1499.8329915494755,0.9745503518839996
1,1,seedpair01_ref20260815_label20260814_noise00500_rep000_seed2026083700,20260815,20260814,fiducial,0.05,13.663562494673611,0,2026083700,273.27124989347226,combined_practical_basis,1539,0.0001,2.0,9.547595166974387,0.1536057435832682,0.4979835384668548,2050,0.0001,2.0,2050,0.0001,2.0,False,True,0.1656595910980056,0.156898680882247,40.61634855208186,258.86991734853746,0.1568986808822471,184.01017735607087,299.24089973268013,0.6149232191202876,188.4394681066492,395.6750563036069,0.4762480351100449,356.0358708801683,0.8998188417694368,251.2966345325856,0.8397803734619016,21.971943064513184,61.30303302281514,0.982557333218588,0.0369650126920001,0.4719312012714088,0.4719312012714088,0.0043168338386361,0.0,0.0043168338386361,0.0295517154965028,2.8500496121617864,0.4106666666666667,0.236,0.1453333333333333,0.3373333333333333,0.0662222222222222,0.2573333333333333,0.5893333333333334,0.1324444444444444,18715.26862827568,4.101811183091207,5.458145438776175,7.781320359594083,1539,4250,1539,0,2125.338724255508,101921.4115695718,4.6704370107529547e-07,0.0476017532782712,849.5649572072753,0.552024013779906
1,2,seedpair01_ref20260815_label20260814_noise00500_rep001_seed2026083701,20260815,20260814,fiducial,0.05,13.663562494673611,1,2026083701,273.27124989347226,combined_practical_basis,1539,1e-06,2.0,8.968457618286303,0.1490200702920259,0.5964233359656733,2050,0.0001,2.0,2050,0.0001,2.0,False,True,0.1673116677115353,0.1602023395631244,41.47156640174837,258.86991734853746,0.1602023395631245,220.17885870373388,299.24089973268013,0.7357913269891433,224.050486810213,395.6750563036069,0.5662487014048617,412.7054900375853,1.0430414641071302,322.43726114374056,1.0775173495059744,23.86008023851238,64.32020866894932,0.981789762218773,1.8085247548553032,0.4703411731917186,0.4703411731917186,0.0959075282131431,0.0,0.0959075282131431,-0.082402102058551,2.246789221874048,0.3213333333333333,0.1586666666666666,0.256,0.372,0.16,0.4586666666666666,0.6786666666666666,0.3022222222222222,16166.885817674272,16.719063926647916,9.32368646517359,24.013034044917347,1539,4250,1539,0,2125.338724255508,2704372.0592883853,1.7452457006144648e-08,0.0471979370933494,1499.109040102478,0.974079948084781
1,3,seedpair01_ref20260815_label20260814_noise00500_rep002_seed2026083702,20260815,20260814,fiducial,0.05,13.663562494673611,2,2026083702,273.27124989347226,combined_practical_basis,1539,0.0001,2.0,8.69741038470117,0.1470591953740345,0.4916980597092221,2050,0.0001,2.0,2050,0.0001,2.0,False,True,0.1630406462667224,0.1549798343201352,40.119616901143445,258.86991734853746,0.1549798343201352,184.21889958906164,299.24089973268013,0.6156207248194658,188.53696355383283,395.6750563036069,0.4764944379237437,355.61307756474594,0.8987503050783143,251.36921474735507,0.8400229212380723,21.988716442571377,59.75974166826632,0.9830295714272388,0.8890895247273284,0.4728865091576815,0.4728865091576815,0.0036079287660621,0.0,0.0036079287660621,-0.0794544898639582,2.818122268625606,0.416,0.2386666666666666,0.1306666666666666,0.3386666666666666,0.0671111111111111,0.2693333333333333,0.584,0.128,18604.13734297356,4.101811183091207,5.458145438776175,7.781320359594083,1539,4250,1539,0,2125.338724255508,101921.4115695718,4.6704370107529547e-07,0.0476017532782712,849.5649572072753,0.552024013779906
1,4,seedpair01_ref20260815_label20260814_noise00500_rep003_seed2026083703,20260815,20260814,fiducial,0.05,13.663562494673611,3,2026083703,273.27124989347226,combined_practical_basis,1539,1e-06,2.0,8.712441805486737,0.1466378306186269,0.5858544392077016,2050,0.0001,2.0,2050,0.0001,2.0,False,True,0.165944705046815,0.1600842409415589,41.44099422134469,258.86991734853746,0.1600842409415588,221.25816126169468,299.24089973268013,0.7393981285958922,225.10559728038663,395.6750563036069,0.568915309909402,409.3797789355694,1.0346363067715003,317.96089450583366,1.0625582759237675,23.407473509539813,64.78678491086428,0.9818488370109266,1.8930908619980624,0.4749609010812577,0.4749609010812577,0.0939544088281442,0.0,0.0939544088281442,-0.0724346910632838,2.171868818522306,0.3173333333333333,0.152,0.2746666666666666,0.3973333333333333,0.1551111111111111,0.4946666666666666,0.6826666666666666,0.3004444444444444,16843.503467039103,16.719063926647916,9.32368646517359,24.013034044917347,1539,4250,1539,0,2125.338724255508,2704372.0592883853,1.7452457006144648e-08,0.0471979370933494,1499.109040102478,0.974079948084781
1,5,seedpair01_ref20260815_label20260814_noise00500_rep004_seed2026083704,20260815,20260814,fiducial,0.05,13.663562494673611,4,2026083704,273.27124989347226,combined_practical_basis,1539,1e-06,2.0,9.190757997590374,0.1511407873152389,0.5822990925601975,2050,0.0001,2.0,2050,0.0001,2.0,False,True,0.1619914841958044,0.1538254291990263,39.82077614285525,258.86991734853746,0.1538254291990263,213.2364077895,299.24089973268013,0.7125911196630866,216.92270471204557,395.6750563036069,0.5482344698160547,413.5017304677828,1.0450538235356874,323.63181688548724,1.0815093029548974,23.012407225553964,57.51468682104683,0.9832018272430936,1.8838833246590023,0.4669776642420211,0.4669776642420211,0.0812568055740336,0.0,0.0812568055740336,-0.051147055205585,2.1979110894881497,0.336,0.1453333333333333,0.248,0.3853333333333333,0.1671111111111111,0.4386666666666666,0.664,0.324,17167.6593018921,16.719063926647916,9.32368646517359,24.013034044917347,1539,4250,1539,0,2125.338724255508,2704372.0592883853,1.7452457006144648e-08,0.0471979370933494,1499.109040102478,0.974079948084781
1,6,seedpair01_ref20260815_label20260814_noise00500_rep005_seed2026083705,20260815,20260814,fiducial,0.05,13.663562494673611,5,2026083705,273.27124989347226,combined_practical_basis,1539,0.0001,2.0,8.94991903308209,0.1488384779853619,0.4941662792150215,2050,0.0001,2.0,2050,0.0001,2.0,False,True,0.168536868520934,0.1572571061307467,40.7091340665366,258.86991734853746,0.1572571061307467,184.0875089080037,299.24089973268013,0.6151816448635665,188.53499551118253,395.6750563036069,0.4764894640376749,356.8489877335,0.9018738534270526,252.68173451384723,0.8444090855881484,21.41416868460521,59.65530685549417,0.9824545137709124,0.9800471755707276,0.4723047975383748,0.4723047975383748,0.0041846664993001,0.0,0.0041846664993001,0.0297797241525737,2.9025594133897097,0.428,0.2573333333333333,0.1226666666666666,0.316,0.0733333333333333,0.2626666666666666,0.572,0.1315555555555555,18767.42588905499,4.101811183091207,5.458145438776175,7.781320359594083,1539,4250,1539,0,2125.338724255508,101921.4115695718,4.6704370107529547e-07,0.0476017532782712,849.5649572072753,0.552024013779906
1,7,seedpair01_ref20260815_label20260814_noise00500_rep006_seed2026083706,20260815,20260814,fiducial,0.05,13.663562494673611,6,2026083706,273.27124989347226,combined_practical_basis,1539,0.0001,2.0,8.595516162163843,0.1460322408539367,0.4932876065488272,2050,0.0001,2.0,2050,0.0001,2.0,False,True,0.1617365634761161,0.1542777618975457,39.93787147113503,258.86991734853746,0.1542777618975458,183.8965494262038,299.24089973268013,0.614543498534069,188.1833533246475,395.6750563036069,0.4756007494701708,356.33566723522875,0.9005765250003717,252.2757237790607,0.8430522833089505,21.66503163020122,58.74172307186825,0.9831794647142328,0.816986431991897,0.4709157714372042,0.4709157714372042,0.0046849780329666,0.0,0.0046849780329666,-0.0295898042933172,2.7955154766643364,0.4173333333333333,0.2426666666666666,0.1426666666666666,0.3146666666666666,0.0702222222222222,0.2786666666666667,0.5826666666666667,0.14,18621.194159023973,4.101811183091207,5.458145438776175,7.781320359594083,1539,4250,1539,0,2125.338724255508,101921.4115695718,4.6704370107529547e-07,0.0476017532782712,849.5649572072753,0.552024013779906
1,8,seedpair01_ref20260815_label20260814_noise00500_rep007_seed2026083707,20260815,20260814,fiducial,0.05,13.663562494673611,7,2026083707,273.27124989347226,combined_practical_basis,1539,0.0001,2.0,9.100373126808774,0.1505007188956421,0.4953411968827195,2050,0.0001,2.0,2050,0.0001,2.0,False,True,0.1623459956189685,0.1561937166962276,40.43385453151333,258.86991734853746,0.1561937166962276,185.38837250727397,299.24089973268013,0.6195288567601765,189.7465289621166,395.6750563036069,0.4795514044648836,355.2868301319824,0.8979257713414361,250.31806350819903,0.8365101954038195,21.805227948957228,60.28686301714424,0.9827222693184766,0.1527701863123219,0.4759123441163141,0.4759123441163141,0.0036390603485694,0.0,0.0036390603485694,-0.0228422213044992,2.817090933641841,0.4053333333333333,0.2466666666666666,0.1346666666666666,0.3466666666666667,0.0653333333333333,0.2786666666666667,0.5946666666666667,0.1284444444444444,18517.698191064435,4.101811183091207,5.458145438776175,7.781320359594083,1539,4250,1539,0,2125.338724255508,101921.4115695718,4.6704370107529547e-07,0.0476017532782712,849.5649572072753,0.552024013779906
1,9,seedpair01_ref20260815_label20260814_noise00500_rep008_seed2026083708,20260815,20260814,fiducial,0.05,13.663562494673611,8,2026083708,273.27124989347226,combined_practical_basis,1539,0.0001,2.0,9.233203937163514,0.1510839157988098,0.4947700227519949,2050,0.0001,2.0,2050,0.0001,2.0,False,True,0.1654268468454518,0.1567189130525635,40.56981206886976,258.86991734853746,0.1567189130525635,183.70161660297683,299.24089973268013,0.6138920741351946,188.1281307881692,395.6750563036069,0.4754611840980339,355.4433370896138,0.8983213155010641,251.1912066794228,0.8394280558032627,21.24532679893152,59.52844490895567,0.9826240856977712,1.2020811783633123,0.4705291127787165,0.4705291127787165,0.0049320713193173,0.0,0.0049320713193173,-0.079469625384039,2.851011274681122,0.432,0.24,0.1493333333333333,0.332,0.0688888888888888,0.2693333333333333,0.568,0.1364444444444444,18488.92527353053,4.101811183091207,5.458145438776175,7.781320359594083,1539,4250,1539,0,2125.338724255508,101921.4115695718,4.6704370107529547e-07,0.0476017532782712,849.5649572072753,0.552024013779906
1,10,seedpair01_ref20260815_label20260814_noise00500_rep009_seed2026083709,20260815,20260814,fiducial,0.05,13.663562494673611,9,2026083709,273.27124989347226,combined_practical_basis,1539,0.0001,2.0,8.411785089286132,0.1448245634204878,0.4924499353598434,2050,0.0001,2.0,2050,0.0001,2.0,False,True,0.1626717034663936,0.1558332992933969,40.34055330823156,258.86991734853746,0.1558332992933969,183.86489487068263,299.24089973268013,0.6144377156830301,188.23830589712992,395.6750563036069,0.4757396325551845,355.5341399981615,0.8985508040854494,251.31357780066605,0.8398369942917936,21.476764569529426,58.184092879734166,0.982876772929592,0.2593103507364231,0.4708259371110324,0.4708259371110324,0.0049136954441521,0.0,0.0049136954441521,0.0305069230717386,2.797722568772948,0.4266666666666667,0.2453333333333333,0.14,0.3466666666666667,0.064,0.2626666666666666,0.5733333333333334,0.1337777777777777,18481.712228866734,4.101811183091207,5.458145438776175,7.781320359594083,1539,4250,1539,0,2125.338724255508,101921.4115695718,4.6704370107529547e-07,0.0476017532782712,849.5649572072753,0.552024013779906
1,11,seedpair01_ref20260815_label20260814_noise00500_rep010_seed2026083710,20260815,20260814,fiducial,0.05,13.663562494673611,10,2026083710,273.27124989347226,combined_practical_basis,1539,0.0001,2.0,8.64299549524572,0.1468302056979257,0.4978258232709509,2050,0.0001,2.0,2050,0.0001,2.0,False,True,0.1600026150848788,0.1543721171840429,39.96229721635192,258.86991734853746,0.1543721171840429,184.5259483782762,299.24089973268013,0.6166468171400306,188.8036303244996,395.6750563036069,0.4771683918827269,356.8263553167008,0.9018166539234734,253.0025201126629,0.8454810834303624,21.63656486448854,58.334051309563634,0.9831762507260372,0.546104260561693,0.4725477343733945,0.4725477343733945,0.0046206575093324,0.0,0.0046206575093324,0.0064835632929036,2.764409244722076,0.4386666666666666,0.2226666666666666,0.152,0.292,0.0657777777777777,0.2826666666666667,0.5613333333333334,0.1364444444444444,18646.43973773543,4.101811183091207,5.458145438776175,7.781320359594083,1539,4250,1539,0,2125.338724255508,101921.4115695718,4.6704370107529547e-07,0.0476017532782712,849.5649572072753,0.552024013779906
1,12,seedpair01_ref20260815_label20260814_noise00500_rep011_seed2026083711,20260815,20260814,fiducial,0.05,13.663562494673611,11,2026083711,273.27124989347226,combined_practical_basis,1539,0.0001,2.0,9.254425808076132,0.1513364974376094,0.4942119481319755,2050,0.0001,2.0,2050,0.0001,2.0,False,True,0.1649631353729073,0.1556626395273566,40.29637462870201,258.86991734853746,0.1556626395273567,183.28865134659355,299.24089973268013,0.6125120313109944,187.6659999058695,395.6750563036069,0.4742932285371833,357.39384965555496,0.9032508973255108,253.426991163333,0.8468995761933816,21.859688974823804,58.65861240673647,0.982843810487778,0.4167156017001681,0.470061679024522,0.470061679024522,0.0042315495126612,0.0,0.0042315495126612,0.0179964797619726,2.843207353223832,0.4146666666666667,0.252,0.1586666666666666,0.3413333333333333,0.0666666666666666,0.284,0.5853333333333334,0.1275555555555555,18524.529329442128,4.101811183091207,5.458145438776175,7.781320359594083,1539,4250,1539,0,2125.338724255508,101921.4115695718,4.6704370107529547e-07,0.0476017532782712,849.5649572072753,0.552024013779906
2,1,seedpair02_ref20260825_label20260824_noise00500_rep000_seed2026084700,20260825,20260824,fiducial,0.05,13.229654524367952,0,2026084700,264.593090487359,combined_practical_basis,1539,1e-06,2.0,7.553548094106175,0.1346220275457958,0.5514087237990224,2050,0.0001,2.0,2050,0.0001,2.0,False,True,0.146059179981172,0.1393694235752817,37.65221769501898,270.1612500727663,0.1393694235752817,219.97238706147735,324.2475651491802,0.6784087552369814,223.1715496358744,422.04689851490633,0.5287837688682651,413.6984892539082,0.9802192379795364,314.70139707621166,0.970559013855427,23.662459347055822,60.35626660195116,0.9852402244845948,2.120066887380686,0.4482777148519431,0.4482777148519431,0.0805060540163219,0.0,0.0805060540163219,-0.0614181043088444,2.123149163047675,0.3026666666666666,0.1306666666666666,0.2893333333333333,0.412,0.1671111111111111,0.516,0.6973333333333334,0.3013333333333333,19380.700775093275,16.232389835582328,9.100720042210453,22.631825823050185,1539,4250,1539,0,1907.365108157172,2142803.057319269,1.7307777016643056e-08,0.0370871575066629,1499.0012449088322,0.9740099057237376
2,2,seedpair02_ref20260825_label20260824_noise00500_rep001_seed2026084701,20260825,20260824,fiducial,0.05,13.229654524367952,1,2026084701,264.593090487359,combined_practical_basis,1539,1e-06,2.0,7.396180270922394,0.1330599145410224,0.541675032870145,1795,0.0001,2.0,2050,0.0001,2.0,False,False,0.1555173549509333,0.1489155923271208,40.2312225784214,270.1612500727663,0.1489155923271208,216.2906647380291,324.2475651491802,0.6670540907177447,220.0004611880916,422.04689851490633,0.5212701762818933,416.3231174067708,0.9864380448517064,316.8024259433577,0.977038719774512,22.957683646186197,60.569725479384935,0.9833297590462692,2.283792735267356,0.4491925179767412,0.4480511517162184,0.0732190245656749,0.0011413662605228,0.072077658305152,-0.0819922794087493,2.1409553199497977,0.3093333333333333,0.1133333333333333,0.2693333333333333,0.3906666666666666,0.1604444444444444,0.472,0.6906666666666667,0.3026666666666666,19473.06992882886,16.232389835582328,9.100720042210453,22.631825823050185,1539,4250,1539,0,1907.365108157172,2142803.057319269,1.7307777016643056e-08,0.0370871575066629,1499.0012449088322,0.9740099057237376
2,3,seedpair02_ref20260825_label20260824_noise00500_rep002_seed2026084702,20260825,20260824,fiducial,0.05,13.229654524367952,2,2026084702,264.593090487359,combined_practical_basis,1539,1e-06,2.0,7.444664361082593,0.1338603334249033,0.5280151625533301,1795,0.0001,2.0,2050,0.0001,2.0,False,False,0.1559196722517677,0.1466411736816749,39.61676279397898,270.1612500727663,0.1466411736816751,219.0429756996556,324.2475651491802,0.6755423918106462,222.5967499709605,422.04689851490633,0.5274218357112239,414.4534088977089,0.9820079483016764,314.8826992327335,0.9711181611737374,23.26980577628889,57.07362771680612,0.9837611850843784,2.280245321932985,0.447524530869977,0.4462392947671851,0.0811825409440387,0.0012852361027918,0.0798973048412469,-0.1256274860035905,2.180399225768529,0.3026666666666666,0.1453333333333333,0.2986666666666667,0.4266666666666667,0.1617777777777777,0.5106666666666667,0.6973333333333334,0.3075555555555556,20380.19236879976,16.232389835582328,9.100720042210453,22.631825823050185,1539,4250,1539,0,1907.365108157172,2142803.057319269,1.7307777016643056e-08,0.0370871575066629,1499.0012449088322,0.9740099057237376
2,4,seedpair02_ref20260825_label20260824_noise00500_rep003_seed2026084703,20260825,20260824,fiducial,0.05,13.229654524367952,3,2026084703,264.593090487359,combined_practical_basis,1539,0.0001,2.0,7.621014853454325,0.1352653862864065,0.4462884415478865,1795,0.0001,2.0,2050,0.0001,2.0,False,False,0.1377619063851252,0.131258046031021,35.460837797849344,270.1612500727663,0.131258046031021,188.26989043765985,324.2475651491802,0.5806362504250122,191.58032952976623,422.04689851490633,0.4539313763562695,363.5282063759047,0.8613455226305026,250.73034093879025,0.7732682304751739,20.89959650488747,54.182838231447576,0.9870419789661324,2.0421728598057616,0.4485558622565164,0.4474885501589287,0.0064428261973408,0.0010673120975877,0.0053755140997531,-0.1072409174528304,2.5521941169199622,0.3906666666666666,0.204,0.1546666666666666,0.3813333333333333,0.0635555555555555,0.288,0.6093333333333333,0.1151111111111111,18407.258807900573,3.965787382960044,5.288802711769717,7.554115236568817,1539,4250,1539,0,1907.365108157172,81325.6471841569,4.613539489972173e-07,0.0375199084831652,851.1370468439217,0.5530455145184676
2,5,seedpair02_ref20260825_label20260824_noise00500_rep004_seed2026084704,20260825,20260824,fiducial,0.05,13.229654524367952,4,2026084704,264.593090487359,combined_practical_basis,1539,1e-06,2.0,7.638115962489407,0.1350049209209715,0.5368839571793238,2050,0.0001,2.0,2050,0.0001,2.0,False,True,0.1492274687219113,0.144564576668727,39.05574674906356,270.1612500727663,0.144564576668727,220.74044085771496,324.2475651491802,0.680777481724979,224.16889522006693,422.04689851490633,0.5311468844075619,417.9908844682324,0.990389660341194,319.19198446312964,0.9844082693921709,22.64149012381728,59.28519574874478,0.9843401618024898,2.88337590374251,0.4492370222571088,0.4492370222571088,0.081909862150453,0.0,0.081909862150453,-0.183510812190049,2.1159594772730728,0.304,0.1253333333333333,0.256,0.404,0.1528888888888888,0.4853333333333333,0.696,0.3017777777777777,18024.384309277968,16.232389835582328,9.100720042210453,22.631825823050185,1539,4250,1539,0,1907.365108157172,2142803.057319269,1.7307777016643056e-08,0.0370871575066629,1499.0012449088322,0.9740099057237376
2,6,seedpair02_ref20260825_label20260824_noise00500_rep005_seed2026084705,20260825,20260824,fiducial,0.05,13.229654524367952,5,2026084705,264.593090487359,combined_practical_basis,1539,1e-06,2.0,7.724245981756776,0.1362161829157688,0.5379789586390166,1539,1e-06,2.0,2050,0.0001,2.0,False,False,0.1535011099058811,0.1467807712829734,39.65447665645289,270.1612500727663,0.1467807712829734,219.28038566501297,324.2475651491802,0.6762745791602974,222.83708186990333,422.04689851490633,0.5279912792962579,415.2407795549627,0.983873548214919,315.7807845456041,0.9738879130836936,24.12826951510164,55.55495815241255,0.9838244410929752,2.8963024272037448,0.5279912792962579,0.4488076590058193,0.0791836202904385,0.0791836202904385,0.0,-0.1692142981415489,2.157991501291649,0.2986666666666667,0.1346666666666666,0.268,0.4133333333333333,0.156,0.5106666666666667,0.7013333333333334,0.2955555555555555,17809.750909768132,16.232389835582328,9.100720042210453,22.631825823050185,1539,4250,1539,0,1907.365108157172,2142803.057319269,1.7307777016643056e-08,0.0370871575066629,1499.0012449088322,0.9740099057237376
2,7,seedpair02_ref20260825_label20260824_noise00500_rep006_seed2026084706,20260825,20260824,fiducial,0.05,13.229654524367952,6,2026084706,264.593090487359,combined_practical_basis,1539,1e-06,2.0,7.0489591370797,0.1298997912455594,0.538002846563576,1539,1e-06,2.0,2050,0.0001,2.0,False,False,0.1563437548413592,0.1468444001326739,39.67166670602868,270.1612500727663,0.1468444001326739,219.81301939689277,324.2475651491802,0.6779172552791904,223.3642868401593,422.04689851490633,0.5292404413493642,416.5219969764838,0.9869092710837032,317.4886498066727,0.9791550775735268,23.97012211376612,57.62662600824246,0.9837201186060752,2.184598911077294,0.5292404413493642,0.4442524783434894,0.0849879630058747,0.0849879630058747,0.0,-0.1461242674001907,2.235596562911637,0.3466666666666667,0.1533333333333333,0.256,0.36,0.1586666666666666,0.5066666666666667,0.6533333333333333,0.2924444444444444,19507.264654582923,16.232389835582328,9.100720042210453,22.631825823050185,1539,4250,1539,0,1907.365108157172,2142803.057319269,1.7307777016643056e-08,0.0370871575066629,1499.0012449088322,0.9740099057237376
2,8,seedpair02_ref20260825_label20260824_noise00500_rep007_seed2026084707,20260825,20260824,fiducial,0.05,13.229654524367952,7,2026084707,264.593090487359,combined_practical_basis,1539,1e-06,2.0,7.501436084570573,0.1341590442133365,0.5450912067288622,2050,0.0001,2.0,2050,0.0001,2.0,False,True,0.151818983556934,0.1470113684188232,39.71677506693726,270.1612500727663,0.1470113684188231,221.72970105174176,324.2475651491802,0.6838284227353507,225.25870138623387,422.04689851490633,0.5337290765051741,416.9474473300351,0.9879173352468288,317.68123820728937,0.9797490323824952,24.46775046335792,58.82867449096551,0.9837337240634086,2.1772385548954465,0.4477821391151199,0.4477821391151199,0.0859469373900541,0.0,0.0859469373900541,-0.1057087239500836,2.1378427514434053,0.2933333333333333,0.132,0.2306666666666666,0.3826666666666666,0.1595555555555555,0.4746666666666667,0.7066666666666667,0.3022222222222222,18902.10207371219,16.232389835582328,9.100720042210453,22.631825823050185,1539,4250,1539,0,1907.365108157172,2142803.057319269,1.7307777016643056e-08,0.0370871575066629,1499.0012449088322,0.9740099057237376
2,9,seedpair02_ref20260825_label20260824_noise00500_rep008_seed2026084708,20260825,20260824,fiducial,0.05,13.229654524367952,8,2026084708,264.593090487359,combined_practical_basis,1539,1e-06,2.0,7.192007487510549,0.1314950264671878,0.5269130685620831,2050,0.0001,2.0,2050,0.0001,2.0,False,True,0.1445034556438768,0.1355605061163456,36.62319579288882,270.1612500727663,0.1355605061163456,216.966232749968,324.2475651491802,0.669137585197119,220.0354621959777,422.04689851490633,0.5213531078423652,415.1095267301853,0.9835625571254468,315.9094467885644,0.9742847155790372,22.61921630405991,59.81497792626537,0.9861292854707115,2.4364315719973133,0.4455394336140774,0.4455394336140774,0.0758136742282878,0.0,0.0758136742282878,-0.132012146888416,2.1407247334944746,0.2946666666666667,0.1253333333333333,0.264,0.4146666666666667,0.1591111111111111,0.5053333333333333,0.7053333333333334,0.3142222222222222,18946.893817800184,16.232389835582328,9.100720042210453,22.631825823050185,1539,4250,1539,0,1907.365108157172,2142803.057319269,1.7307777016643056e-08,0.0370871575066629,1499.0012449088322,0.9740099057237376
2,10,seedpair02_ref20260825_label20260824_noise00500_rep009_seed2026084709,20260825,20260824,fiducial,0.05,13.229654524367952,9,2026084709,264.593090487359,combined_practical_basis,1539,0.0001,2.0,7.456756214435921,0.1333341903177428,0.4459357978719347,2050,0.0001,2.0,2050,0.0001,2.0,False,True,0.1403639271213388,0.1313647486872682,35.48966472084714,270.1612500727663,0.1313647486872681,186.76279337201348,324.2475651491802,0.5759882677487105,190.10485867045992,422.04689851490633,0.4504353884352631,363.27792059003554,0.8607524942567606,250.37765294521452,0.7721805183950124,20.58722922866912,54.22540435267322,0.9870236128304076,1.942053683509759,0.4435369296605713,0.4435369296605713,0.0068984587746918,0.0,0.0068984587746918,-0.1132895051093606,2.5973868005130307,0.3853333333333333,0.1906666666666666,0.1426666666666666,0.332,0.0577777777777777,0.28,0.6146666666666667,0.1204444444444444,18413.741594431667,3.965787382960044,5.288802711769717,7.554115236568817,1539,4250,1539,0,1907.365108157172,81325.6471841569,4.613539489972173e-07,0.0375199084831652,851.1370468439217,0.5530455145184676
2,11,seedpair02_ref20260825_label20260824_noise00500_rep010_seed2026084710,20260825,20260824,fiducial,0.05,13.229654524367952,10,2026084710,264.593090487359,combined_practical_basis,1539,1e-06,2.0,7.672453693201171,0.1358256171048401,0.5204317640759322,1795,0.0001,2.0,2050,0.0001,2.0,False,False,0.1503298688330629,0.1429005806762525,38.60619951162059,270.1612500727663,0.1429005806762525,214.5131654062418,324.2475651491802,0.6615721703493697,217.95948424727172,422.04689851490633,0.5164342754661272,414.8039489515564,0.9828385196317369,315.29682250593106,0.972395343542114,22.804331549464585,58.81533318169469,0.9845381716066032,1.7936422186603214,0.4483075358080027,0.4472505281125795,0.0691837473535477,0.0010570076954232,0.0681267396581244,-0.1019138706857075,2.161134232944312,0.2973333333333333,0.1333333333333333,0.276,0.4173333333333333,0.1666666666666666,0.496,0.7026666666666667,0.3235555555555555,19405.1135080466,16.232389835582328,9.100720042210453,22.631825823050185,1539,4250,1539,0,1907.365108157172,2142803.057319269,1.7307777016643056e-08,0.0370871575066629,1499.0012449088322,0.9740099057237376
2,12,seedpair02_ref20260825_label20260824_noise00500_rep011_seed2026084711,20260825,20260824,fiducial,0.05,13.229654524367952,11,2026084711,264.593090487359,combined_practical_basis,1539,0.0001,2.0,8.157789292191854,0.1395627237777211,0.4489214297478685,2050,0.0001,2.0,2050,0.0001,2.0,False,True,0.1429826001031098,0.1342734303163579,36.27547778582573,270.1612500727663,0.1342734303163579,188.2948186468393,324.2475651491802,0.5807131305988632,191.75726588016437,422.04689851490633,0.4543506102163469,362.8081246696752,0.8596393574892274,249.60533432517028,0.7697986389206394,21.8567683833269,55.9295231419384,0.986414083764852,1.6665223724779925,0.4481414934279766,0.4481414934279766,0.0062091167883702,0.0,0.0062091167883702,-0.0869951947941506,2.6400693017320496,0.4133333333333333,0.204,0.1493333333333333,0.3453333333333333,0.0586666666666666,0.2746666666666666,0.5866666666666667,0.1191111111111111,18469.42077357185,3.965787382960044,5.288802711769717,7.554115236568817,1539,4250,1539,0,1907.365108157172,81325.6471841569,4.613539489972173e-07,0.0375199084831652,851.1370468439217,0.5530455145184676
3,1,seedpair03_ref20260905_label20260904_noise00500_rep000_seed2026085700,20260905,20260904,fiducial,0.05,13.213815471535316,0,2026085700,264.2763094307063,combined_practical_basis,1539,1e-06,2.0,8.16209508337924,0.143597171101399,0.5256164933804912,1795,1e-06,2.0,2050,0.0001,2.0,False,False,0.1429875190704034,0.1332088388939624,35.017355892455726,262.87561833888816,0.1332088388939624,203.93075649284205,293.312312813324,0.6952683115714682,206.915365928782,393.8726996949065,0.525335637857253,409.21267352939367,1.0389465272570797,314.0647300483807,1.0707519470833275,22.577371808908232,61.46221879058437,0.9867857314768652,1.0851551731846552,0.5253309443833644,0.4526912763686765,0.0726443614885764,0.0726396680146878,4.693473888650601e-06,-0.0754270359543239,2.120522627486826,0.316,0.1493333333333333,0.252,0.412,0.1515555555555555,0.476,0.684,0.3133333333333333,19299.951045871298,16.100456498003254,9.2620361987229,23.08566872469841,1539,4250,1539,0,2533.1999216626846,3799131.149794612,1.698158289391391e-08,0.0645152605450876,1499.5811340277562,0.9743867017724211
3,2,seedpair03_ref20260905_label20260904_noise00500_rep001_seed2026085701,20260905,20260904,fiducial,0.05,13.213815471535316,1,2026085701,264.2763094307063,combined_practical_basis,1539,1e-06,2.0,8.290726956607884,0.1449890589048344,0.5230232941157703,2050,1e-06,2.0,2050,0.0001,2.0,False,False,0.1431210376541072,0.1319795988475436,34.69421865516643,262.87561833888816,0.1319795988475436,199.6488453332709,293.312312813324,0.6806698410248316,202.64093922749385,393.8726996949065,0.5144833327734045,405.7214334350728,1.0300826478944702,310.43081269206806,1.0583627046357205,23.24671892354856,60.20830648382762,0.9870019397703944,1.740201594277246,0.509392814321104,0.449684238830433,0.0647990939429714,0.0597085754906708,0.0050905184523005,-0.099264511844224,2.096723975097716,0.324,0.1293333333333333,0.2573333333333333,0.3733333333333333,0.156,0.4853333333333333,0.676,0.3066666666666666,18584.476881185,16.100456498003254,9.2620361987229,23.08566872469841,1539,4250,1539,0,2533.1999216626846,3799131.149794612,1.698158289391391e-08,0.0645152605450876,1499.5811340277562,0.9743867017724211
3,3,seedpair03_ref20260905_label20260904_noise00500_rep002_seed2026085702,20260905,20260904,fiducial,0.05,13.213815471535316,2,2026085702,264.2763094307063,combined_practical_basis,1539,1e-06,2.0,8.617782408771827,0.1477890682903143,0.5292081584902487,2050,1e-06,2.0,2050,0.0001,2.0,False,False,0.1404508092078765,0.129585381653168,34.064837329757374,262.87561833888816,0.129585381653168,203.44689783136823,293.312312813324,0.6936186751929853,206.27906675062792,393.8726996949065,0.523720143362085,407.320124595829,1.0341415510933836,312.2518570829437,1.0645712554238171,24.1861429709494,59.73552312494007,0.9874662494699146,1.4115016064457306,0.521796763227086,0.4515624981668162,0.0721576451952688,0.0702342650602698,0.001923380134999,-0.0510733010957258,2.0563939408331566,0.304,0.128,0.2693333333333333,0.4066666666666667,0.1448888888888889,0.5026666666666667,0.696,0.2937777777777778,18401.27242147495,16.100456498003254,9.2620361987229,23.08566872469841,1539,4250,1539,0,2533.1999216626846,3799131.149794612,1.698158289391391e-08,0.0645152605450876,1499.5811340277562,0.9743867017724211
3,4,seedpair03_ref20260905_label20260904_noise00500_rep003_seed2026085703,20260905,20260904,fiducial,0.05,13.213815471535316,3,2026085703,264.2763094307063,combined_practical_basis,1539,1e-06,2.0,8.823657369397004,0.1499486610955893,0.5238115643492246,1795,1e-06,2.0,2050,0.0001,2.0,False,False,0.1405163291818742,0.1336370280086425,35.12991637074324,262.87561833888816,0.1336370280086426,202.02788470237684,293.312312813324,0.6887807837475807,205.05944801820837,393.8726996949065,0.5206236638818766,408.4390776134392,1.0369824512585304,313.7246844197295,1.069592617543461,23.491909773349228,60.47863056632488,0.9866884370078864,1.715140497358836,0.529202172688743,0.4532816621521498,0.0673420017297268,0.0759205105365932,-0.0085785088068663,-0.1008089013616664,2.0830517378985163,0.3,0.144,0.252,0.388,0.1644444444444444,0.492,0.7,0.3191111111111111,18727.97252891408,16.100456498003254,9.2620361987229,23.08566872469841,1539,4250,1539,0,2533.1999216626846,3799131.149794612,1.698158289391391e-08,0.0645152605450876,1499.5811340277562,0.9743867017724211
3,5,seedpair03_ref20260905_label20260904_noise00500_rep004_seed2026085704,20260905,20260904,fiducial,0.05,13.213815471535316,4,2026085704,264.2763094307063,combined_practical_basis,1539,1e-06,2.0,9.00809350476618,0.151149968552219,0.5320933218367228,1795,1e-06,2.0,2050,0.0001,2.0,False,False,0.1369268919521205,0.1330130170686078,34.96587910903138,262.87561833888816,0.1330130170686078,204.2690011146742,293.312312813324,0.6964215008753466,207.2400480560024,393.8726996949065,0.5261599705095844,410.084851510447,1.041160892410412,315.73435526351085,1.076444259141815,23.194809034478908,61.82784162301892,0.9867860629359576,1.164828598374858,0.5213245028946135,0.4502927606887978,0.0758672098207865,0.0710317422058156,0.0048354676149708,-0.1296654811172877,2.0414097321294813,0.324,0.1333333333333333,0.256,0.3946666666666666,0.1568888888888888,0.4946666666666666,0.676,0.3057777777777777,18629.21725113645,16.100456498003254,9.2620361987229,23.08566872469841,1539,4250,1539,0,2533.1999216626846,3799131.149794612,1.698158289391391e-08,0.0645152605450876,1499.5811340277562,0.9743867017724211
3,6,seedpair03_ref20260905_label20260904_noise00500_rep005_seed2026085705,20260905,20260904,fiducial,0.05,13.213815471535316,5,2026085705,264.2763094307063,combined_practical_basis,1539,1e-06,2.0,8.87393974158349,0.14990158345256,0.5220960879401428,1539,1e-06,2.0,2050,0.0001,2.0,False,False,0.1385894934941495,0.1314090602241676,34.54423796176027,262.87561833888816,0.1314090602241676,199.43991767363767,293.312312813324,0.6799575365953677,202.4094492310724,393.8726996949065,0.5138956048181522,408.6962899620849,1.0376354854719831,313.7520537738964,1.069685928846707,22.93717665511651,60.19345924753561,0.9871368450406018,1.4799108368420888,0.5138956048181522,0.4495319213438723,0.0643636834742799,0.0643636834742799,0.0,-0.0079555868441138,2.0466922354814465,0.3186666666666666,0.1386666666666666,0.2733333333333333,0.3893333333333333,0.1622222222222222,0.4773333333333333,0.6813333333333333,0.312,19171.77653759664,16.100456498003254,9.2620361987229,23.08566872469841,1539,4250,1539,0,2533.1999216626846,3799131.149794612,1.698158289391391e-08,0.0645152605450876,1499.5811340277562,0.9743867017724211
3,7,seedpair03_ref20260905_label20260904_noise00500_rep006_seed2026085706,20260905,20260904,fiducial,0.05,13.213815471535316,6,2026085706,264.2763094307063,combined_practical_basis,1539,1e-06,2.0,8.380646851512028,0.1456285637940255,0.5290287310008087,1795,1e-06,2.0,2050,0.0001,2.0,False,False,0.1504781096175106,0.1367345621458761,35.944182572394304,262.87561833888816,0.136734562145876,201.15691693995117,293.312312813324,0.6858113626753054,204.34306813196287,393.8726996949065,0.5188048531676526,407.85502646490806,1.0354996088351192,312.1544146969908,1.0642390416649803,23.60865593593745,59.5881450521082,0.9860802663378327,0.9445369500468812,0.5149838732111331,0.4504213879951604,0.0683834651724921,0.0645624852159726,0.0038209799565194,-0.0307286140908391,2.197734971937396,0.34,0.1426666666666666,0.2613333333333333,0.376,0.1502222222222222,0.468,0.66,0.2973333333333333,20517.223615875555,16.100456498003254,9.2620361987229,23.08566872469841,1539,4250,1539,0,2533.1999216626846,3799131.149794612,1.698158289391391e-08,0.0645152605450876,1499.5811340277562,0.9743867017724211
3,8,seedpair03_ref20260905_label20260904_noise00500_rep007_seed2026085707,20260905,20260904,fiducial,0.05,13.213815471535316,7,2026085707,264.2763094307063,combined_practical_basis,1539,1e-06,2.0,8.717859867724862,0.1486417769087326,0.5247737552009744,2050,1e-06,2.0,2050,0.0001,2.0,False,False,0.140688621529236,0.1326718729216066,34.87620063044573,262.87561833888816,0.1326718729216066,201.47879751897185,293.312312813324,0.6869087614716033,204.4750723685065,393.8726996949065,0.5191399975852419,411.0693798830611,1.0436605030038262,316.961478220974,1.0806279326660977,22.967542169973285,61.61246829243306,0.9868549523561644,1.122117720612228,0.5261032097514379,0.4484619792108697,0.0706780183743721,0.0776412305405681,-0.0069632121661959,-0.044947495386587,2.0830170586938643,0.3,0.1453333333333333,0.2493333333333333,0.4,0.1617777777777777,0.4986666666666666,0.7,0.3102222222222222,17918.469688564648,16.100456498003254,9.2620361987229,23.08566872469841,1539,4250,1539,0,2533.1999216626846,3799131.149794612,1.698158289391391e-08,0.0645152605450876,1499.5811340277562,0.9743867017724211
3,9,seedpair03_ref20260905_label20260904_noise00500_rep008_seed2026085708,20260905,20260904,fiducial,0.05,13.213815471535316,8,2026085708,264.2763094307063,combined_practical_basis,1539,1e-06,2.0,8.238643651652268,0.1443092815426054,0.5187563555182549,2050,1e-06,2.0,2050,0.0001,2.0,False,False,0.1413311622168405,0.129202396547231,33.964159883219615,262.87561833888816,0.1292023965472311,198.9523493362747,293.312312813324,0.6782952526882026,201.8306256815253,393.8726996949065,0.5124260347007121,406.3223422165192,1.0316082900166883,310.42390360269,1.0583391492339311,22.78242426176994,58.13620220039043,0.9875211753374236,0.3554507754615039,0.5205044983642524,0.4492418081941304,0.0631842265065816,0.0712626901701219,-0.0080784636635402,-0.0018207309134103,2.1098196391815027,0.3333333333333333,0.132,0.2786666666666667,0.36,0.1573333333333333,0.4973333333333333,0.6666666666666666,0.3124444444444444,18229.772361156294,16.100456498003254,9.2620361987229,23.08566872469841,1539,4250,1539,0,2533.1999216626846,3799131.149794612,1.698158289391391e-08,0.0645152605450876,1499.5811340277562,0.9743867017724211
3,10,seedpair03_ref20260905_label20260904_noise00500_rep009_seed2026085709,20260905,20260904,fiducial,0.05,13.213815471535316,9,2026085709,264.2763094307063,combined_practical_basis,1539,1e-06,2.0,8.571485655037387,0.1476768328387387,0.5233042911227206,2050,0.0001,2.0,2050,0.0001,2.0,False,True,0.1409215006476196,0.1323262988780791,34.78535764007158,262.87561833888816,0.1323262988780791,200.48739625271392,293.312312813324,0.6835287422124429,203.4827195668969,393.8726996949065,0.5166205216165388,405.0735287427187,1.0284376882594004,309.4258066346269,1.0549363020827505,23.38258049655949,62.849595559083866,0.9869064207300892,1.1359159469909312,0.4535265469620129,0.4535265469620129,0.0630939746545258,0.0,0.0630939746545258,-0.0401398640421171,2.09233036756834,0.3053333333333333,0.1466666666666666,0.244,0.4133333333333333,0.1568888888888888,0.492,0.6946666666666667,0.2968888888888888,19151.484355988287,16.100456498003254,9.2620361987229,23.08566872469841,1539,4250,1539,0,2533.1999216626846,3799131.149794612,1.698158289391391e-08,0.0645152605450876,1499.5811340277562,0.9743867017724211
3,11,seedpair03_ref20260905_label20260904_noise00500_rep010_seed2026085710,20260905,20260904,fiducial,0.05,13.213815471535316,10,2026085710,264.2763094307063,combined_practical_basis,1539,1e-06,2.0,8.739666650526653,0.1489007846465021,0.5340443132777727,2050,0.0001,2.0,2050,0.0001,2.0,False,True,0.1428110705059374,0.1348562576374159,35.45042211330411,262.87561833888816,0.1348562576374158,196.27855717597257,293.312312813324,0.6691793988917619,199.45426652516852,393.8726996949065,0.5063927169353593,409.82009887299455,1.0404887142227448,315.0912324423213,1.0742516378535338,22.369721578741668,60.12785905151378,0.986453819625765,1.356366488370177,0.4473936599334856,0.4473936599334856,0.0589990570018736,0.0,0.0589990570018736,-0.0953160348417059,2.120801531745681,0.3213333333333333,0.1453333333333333,0.2586666666666666,0.3826666666666666,0.1537777777777778,0.472,0.6786666666666666,0.3186666666666666,16818.97179148583,16.100456498003254,9.2620361987229,23.08566872469841,1539,4250,1539,0,2533.1999216626846,3799131.149794612,1.698158289391391e-08,0.0645152605450876,1499.5811340277562,0.9743867017724211
3,12,seedpair03_ref20260905_label20260904_noise00500_rep011_seed2026085711,20260905,20260904,fiducial,0.05,13.213815471535316,11,2026085711,264.2763094307063,combined_practical_basis,1539,1e-06,2.0,8.912507538127333,0.1500254364848674,0.521309345046899,1795,1e-06,2.0,2050,0.0001,2.0,False,False,0.1418131843591693,0.1307756959651645,34.37774194054106,262.87561833888816,0.1307756959651645,202.61479468575183,293.312312813324,0.690781756627804,205.51054514666592,393.8726996949065,0.5217689504904865,409.0597988436896,1.03855839503613,314.332055984268,1.0716633508131037,23.10943800952876,60.96796280125798,0.9872422328542804,1.327454655749626,0.5231612559093504,0.4499703899147858,0.0717985605757007,0.0731908659945645,-0.0013923054188638,-0.0184100572249434,2.0858494215842915,0.3173333333333333,0.1386666666666666,0.2786666666666667,0.3706666666666666,0.1582222222222222,0.484,0.6826666666666666,0.3204444444444444,18841.086916612883,16.100456498003254,9.2620361987229,23.08566872469841,1539,4250,1539,0,2533.1999216626846,3799131.149794612,1.698158289391391e-08,0.0645152605450876,1499.5811340277562,0.9743867017724211
4,1,seedpair04_ref20260915_label20260914_noise00500_rep000_seed2026086700,20260915,20260914,fiducial,0.05,13.253884260613807,0,2026086700,265.0776852122761,combined_practical_basis,1539,1e-06,2.0,9.11804035039069,0.1527491001158278,0.5612022437954814,2050,0.0001,2.0,2050,0.0001,2.0,False,True,0.1346100435898866,0.1264983085954318,33.77401622270562,266.9918404262783,0.1264983085954317,202.25000315015927,308.3150877785446,0.6559847739122993,205.05059850205512,407.8514879292497,0.5027580003278679,411.4526951254021,1.0088297022390098,310.3563561487229,1.0066207216289218,21.569435280018688,59.76783688914607,0.9873187273803744,-2.3076904912347205,0.4304168200482282,0.4304168200482282,0.0723411802796397,0.0,0.0723411802796397,0.1374480154922408,2.068820067530006,0.3106666666666666,0.144,0.248,0.4093333333333333,0.1666666666666666,0.488,0.6893333333333334,0.3208888888888889,21979.77784660822,16.217922625550624,9.191721071609445,23.107996871479784,1539,4250,1539,0,2584.7631382153063,3966999.945656159,1.7004788157320866e-08,0.0674579936959863,1499.3006313380404,0.9742044388161406
4,2,seedpair04_ref20260915_label20260914_noise00500_rep001_seed2026086701,20260915,20260914,fiducial,0.05,13.253884260613807,1,2026086701,265.0776852122761,combined_practical_basis,1539,1e-06,2.0,8.397716359301752,0.1465521618401995,0.5501386462085408,2050,1e-06,2.0,2050,0.0001,2.0,False,False,0.1336107783838075,0.1247768032645781,33.314388346117376,266.9918404262783,0.1247768032645781,201.97122943039813,308.3150877785446,0.6550805894243791,204.70033216510043,407.8514879292497,0.5018991917975054,408.1315628760484,1.0006867081648292,306.37051208905285,0.9936928948125676,20.873692588751005,59.75474886761644,0.9876630732311812,-0.9722312873859632,0.5019694599685526,0.4301348405082051,0.0717643512893002,0.0718346194603474,-7.026817104716088e-05,0.0373882842560776,2.0609933116054338,0.312,0.1413333333333333,0.272,0.3853333333333333,0.1533333333333333,0.488,0.688,0.3124444444444444,20091.01171880349,16.217922625550624,9.191721071609445,23.107996871479784,1539,4250,1539,0,2584.7631382153063,3966999.945656159,1.7004788157320866e-08,0.0674579936959863,1499.3006313380404,0.9742044388161406
4,3,seedpair04_ref20260915_label20260914_noise00500_rep002_seed2026086702,20260915,20260914,fiducial,0.05,13.253884260613807,2,2026086702,265.0776852122761,combined_practical_basis,1539,0.0001,2.0,9.001814279720513,0.1521259252525694,0.4848760518951701,2050,0.0001,2.0,2050,0.0001,2.0,False,True,0.1347786275601523,0.1243347785734292,33.19637136031367,266.9918404262783,0.1243347785734292,174.7250232488079,308.3150877785446,0.5667092859701655,177.85059128602387,407.8514879292497,0.4360670404538913,354.1593893796558,0.8683538000015636,237.1330510960508,0.7691256785538105,20.13086768839038,53.66133763611599,0.9874794530989358,0.5567977319408945,0.4310218119050649,0.4310218119050649,0.0050452285488263,0.0,0.0050452285488263,0.0146683561002815,2.483832337766718,0.4053333333333333,0.2013333333333333,0.1453333333333333,0.3293333333333333,0.0777777777777777,0.2866666666666667,0.5946666666666667,0.1475555555555555,16645.563347204137,3.968185338745516,5.3383318013374215,7.550020356553045,1539,4250,1539,0,2584.7631382153063,147648.30654223377,4.597213210625189e-07,0.0678770745362394,852.3173403031208,0.5538124368441331
4,4,seedpair04_ref20260915_label20260914_noise00500_rep003_seed2026086703,20260915,20260914,fiducial,0.05,13.253884260613807,3,2026086703,265.0776852122761,combined_practical_basis,1539,1e-06,2.0,9.056626730615308,0.1524761658399854,0.5607595346551116,2050,0.0001,2.0,2050,0.0001,2.0,False,True,0.1354079943900329,0.1263130659659958,33.72455795214717,266.9918404262783,0.126313065965996,206.30691111519263,308.3150877785446,0.669143091898824,209.04518024331423,407.8514879292497,0.5125522069434684,413.7244627285573,1.0143997876019186,313.1396589039694,1.0156481836817866,21.659293003614863,61.680635903260665,0.9873932589769662,-2.298435713850715,0.4299888882196505,0.4299888882196505,0.0825633187238178,0.0,0.0825633187238178,0.0947521660501575,2.091591583708992,0.3133333333333333,0.14,0.26,0.4146666666666667,0.1462222222222222,0.4946666666666666,0.6866666666666666,0.3168888888888889,22137.48833336433,16.217922625550624,9.191721071609445,23.107996871479784,1539,4250,1539,0,2584.7631382153063,3966999.945656159,1.7004788157320866e-08,0.0674579936959863,1499.3006313380404,0.9742044388161406
4,5,seedpair04_ref20260915_label20260914_noise00500_rep004_seed2026086704,20260915,20260914,fiducial,0.05,13.253884260613807,4,2026086704,265.0776852122761,combined_practical_basis,1539,0.0001,2.0,9.816862484908585,0.1583261733953727,0.481849776134113,2050,0.0001,2.0,2050,0.0001,2.0,False,True,0.1318396411252375,0.1241747233962303,33.15363793398358,266.9918404262783,0.1241747233962303,173.3910185416271,308.3150877785446,0.5623825281822398,176.5321755917616,407.8514879292497,0.4328344527760672,354.15747186752515,0.8683490985055843,236.73271787247265,0.7678272236956245,19.6929942139994,53.07083050720055,0.987514127307542,-0.152701091943764,0.4277179899021333,0.4277179899021333,0.0051164628739339,0.0,0.0051164628739339,0.0179491691146908,2.4251745798740494,0.3813333333333333,0.1893333333333333,0.164,0.356,0.0786666666666666,0.296,0.6186666666666667,0.1417777777777777,16728.17498466847,3.968185338745516,5.3383318013374215,7.550020356553045,1539,4250,1539,0,2584.7631382153063,147648.30654223377,4.597213210625189e-07,0.0678770745362394,852.3173403031208,0.5538124368441331
4,6,seedpair04_ref20260915_label20260914_noise00500_rep005_seed2026086705,20260915,20260914,fiducial,0.05,13.253884260613807,5,2026086705,265.0776852122761,combined_practical_basis,1539,1e-06,2.0,9.374844581989295,0.1549796832659725,0.5485667826396506,2050,0.0001,2.0,2050,0.0001,2.0,False,True,0.1327763154510395,0.1246856666655934,33.290055617824244,266.9918404262783,0.1246856666655934,205.70050389968532,308.3150877785446,0.6671762494070195,208.37688237331488,407.8514879292497,0.5109136255240588,414.79933579657273,1.01703523972071,314.7053808429916,1.020726501289606,22.23302394278739,60.60538107466974,0.9876918024955892,-2.395677088280327,0.4294095893009092,0.4294095893009092,0.0815040362231496,0.0,0.0815040362231496,0.0901008354047191,2.0601392051361698,0.3453333333333333,0.1453333333333333,0.272,0.404,0.1666666666666666,0.4866666666666667,0.6546666666666666,0.3244444444444444,20788.03347579497,16.217922625550624,9.191721071609445,23.107996871479784,1539,4250,1539,0,2584.7631382153063,3966999.945656159,1.7004788157320866e-08,0.0674579936959863,1499.3006313380404,0.9742044388161406
4,7,seedpair04_ref20260915_label20260914_noise00500_rep006_seed2026086706,20260915,20260914,fiducial,0.05,13.253884260613807,6,2026086706,265.0776852122761,combined_practical_basis,1539,0.0001,2.0,9.00999723831154,0.151530375105673,0.4854032190724854,2050,1e-06,2.0,2050,0.0001,2.0,False,False,0.138093178864532,0.1252118921970567,33.43055354094895,266.9918404262783,0.1252118921970567,174.3965708693131,308.3150877785446,0.5656439719699284,177.57186106202076,407.8514879292497,0.4353836293784082,354.05769141988446,0.8681044495326278,236.6345286350289,0.7675087532693109,19.26896466584222,54.41858065970435,0.9872830986650056,0.5398775649266673,0.4939029082564041,0.4299485258600747,0.0054351035183334,0.0639543823963294,-0.0585192788779959,-0.0543843262342328,2.548644933570596,0.4253333333333333,0.216,0.1493333333333333,0.3426666666666667,0.0782222222222222,0.2866666666666667,0.5746666666666667,0.1457777777777777,16644.056073276704,3.968185338745516,5.3383318013374215,7.550020356553045,1539,4250,1539,0,2584.7631382153063,147648.30654223377,4.597213210625189e-07,0.0678770745362394,852.3173403031208,0.5538124368441331
4,8,seedpair04_ref20260915_label20260914_noise00500_rep007_seed2026086707,20260915,20260914,fiducial,0.05,13.253884260613807,7,2026086707,265.0776852122761,combined_practical_basis,1539,1e-06,2.0,8.732110132648469,0.1492789204403881,0.564102535850122,2050,0.0001,2.0,2050,0.0001,2.0,False,True,0.1402272261921039,0.1310607539802195,34.99215191283447,266.9918404262783,0.1310607539802194,203.78833595707368,308.3150877785446,0.6609742566456883,206.77073431132368,407.8514879292497,0.5069755546587398,412.4064689716437,1.0111682344608344,311.2052799665162,1.009374150998564,21.152335524447544,63.37349629486331,0.9864406501610774,-2.5679559071380176,0.4300928998987525,0.4300928998987525,0.0768826547599872,0.0,0.0768826547599872,0.1793905203344102,2.140121767174109,0.3173333333333333,0.16,0.2466666666666666,0.3853333333333333,0.1617777777777777,0.4586666666666666,0.6826666666666666,0.3084444444444444,21199.978768592715,16.217922625550624,9.191721071609445,23.107996871479784,1539,4250,1539,0,2584.7631382153063,3966999.945656159,1.7004788157320866e-08,0.0674579936959863,1499.3006313380404,0.9742044388161406
4,9,seedpair04_ref20260915_label20260914_noise00500_rep008_seed2026086708,20260915,20260914,fiducial,0.05,13.253884260613807,8,2026086708,265.0776852122761,combined_practical_basis,1539,0.0001,2.0,8.92678943135676,0.1512754712533917,0.4803842249385523,2050,0.0001,2.0,2050,0.0001,2.0,False,True,0.1335699191229508,0.1253783306719204,33.47499125567054,266.9918404262783,0.1253783306719204,173.56634001643522,308.3150877785446,0.5629511720201763,176.76495531147577,407.8514879292497,0.4334051990565234,353.3889171030994,0.8664646999262684,235.30213083284343,0.7631872073735664,19.913327769658395,53.39316029627187,0.9872387665527034,0.3929668774762395,0.4284542660072778,0.4284542660072778,0.0049509330492456,0.0,0.0049509330492456,-0.0577187885397685,2.4774131470540928,0.3826666666666666,0.1826666666666666,0.148,0.3493333333333333,0.072,0.272,0.6173333333333333,0.1426666666666666,16770.193417313407,3.968185338745516,5.3383318013374215,7.550020356553045,1539,4250,1539,0,2584.7631382153063,147648.30654223377,4.597213210625189e-07,0.0678770745362394,852.3173403031208,0.5538124368441331
4,10,seedpair04_ref20260915_label20260914_noise00500_rep009_seed2026086709,20260915,20260914,fiducial,0.05,13.253884260613807,9,2026086709,265.0776852122761,combined_practical_basis,1539,0.0001,2.0,9.311138321591653,0.1543137613923184,0.4816459816032178,2050,0.0001,2.0,2050,0.0001,2.0,False,True,0.134030588790267,0.1247071705833209,33.295796988394684,266.9918404262783,0.1247071705833209,172.65818196544072,308.3150877785446,0.5600056202551366,175.83929565573115,407.8514879292497,0.4311355992557618,354.32474334222803,0.8687592268970538,237.19656150284396,0.7693316704410411,19.393185979228186,54.1032364457181,0.9873951027009537,0.4962370423598976,0.4263630003191934,0.4263630003191934,0.0047725989365683,0.0,0.0047725989365683,-0.0513396723210703,2.4799615811017186,0.376,0.2013333333333333,0.1586666666666666,0.352,0.0751111111111111,0.2746666666666666,0.624,0.1453333333333333,16851.12494224513,3.968185338745516,5.3383318013374215,7.550020356553045,1539,4250,1539,0,2584.7631382153063,147648.30654223377,4.597213210625189e-07,0.0678770745362394,852.3173403031208,0.5538124368441331
4,11,seedpair04_ref20260915_label20260914_noise00500_rep010_seed2026086710,20260915,20260914,fiducial,0.05,13.253884260613807,10,2026086710,265.0776852122761,combined_practical_basis,1539,1e-06,2.0,8.728528436590928,0.1495855983739732,0.5597586352218281,2050,0.0001,2.0,2050,0.0001,2.0,False,True,0.1348348919120859,0.1275521554807883,34.05538474215448,266.9918404262783,0.1275521554807883,206.0954871275513,308.3150877785446,0.6684573519009386,208.89020811009516,407.8514879292497,0.5121722349737546,412.02321169318543,1.0102285363359014,311.37951649785555,1.0099392758926935,21.459832703898837,58.76220912730844,0.9870803592588788,-1.8378776695989665,0.4302760438917969,0.4302760438917969,0.0818961910819577,0.0,0.0818961910819577,0.0779543471667073,2.071486101829359,0.3013333333333333,0.1413333333333333,0.2613333333333333,0.4013333333333333,0.1662222222222222,0.4893333333333333,0.6986666666666667,0.3244444444444444,20547.48779081961,16.217922625550624,9.191721071609445,23.107996871479784,1539,4250,1539,0,2584.7631382153063,3966999.945656159,1.7004788157320866e-08,0.0674579936959863,1499.3006313380404,0.9742044388161406
4,12,seedpair04_ref20260915_label20260914_noise00500_rep011_seed2026086711,20260915,20260914,fiducial,0.05,13.253884260613807,11,2026086711,265.0776852122761,combined_practical_basis,1539,1e-06,2.0,9.00768776555095,0.1520042443978289,0.5497773139999171,2050,1e-06,2.0,2050,0.0001,2.0,False,False,0.1373543387840139,0.1281779125979883,34.222456786535574,266.9918404262783,0.1281779125979884,200.4944966841445,308.3150877785446,0.6502909024943825,203.3942470895741,407.8514879292497,0.4986968372292834,411.38398102296446,1.008661223995161,309.4567864920444,1.0037030257640842,21.518370404486653,57.65694418808668,0.9871486276582434,-1.8675800848856567,0.49699248679518,0.4294024306422992,0.0692944065869841,0.0675900561528807,0.0017043504341034,0.0904162099284201,2.122636505604149,0.3506666666666667,0.164,0.2453333333333333,0.3666666666666666,0.1524444444444444,0.4586666666666666,0.6493333333333333,0.3044444444444444,21764.09062721717,16.217922625550624,9.191721071609445,23.107996871479784,1539,4250,1539,0,2584.7631382153063,3966999.945656159,1.7004788157320866e-08,0.0674579936959863,1499.3006313380404,0.9742044388161406
0,13,seedpair00_ref20260805_label20260804_noise01000_rep000_seed2026082700,20260805,20260804,fiducial,0.1,26.72868279644088,0,2026082700,267.2868279644088,combined_practical_basis,1539,0.0001,2.0,3.358393314540663,0.1842317972419117,0.442831358018917,2050,0.0001,2.0,1283,0.0001,2.0,False,False,0.162700465849982,0.1323070350892877,36.03413601786164,272.352380911143,0.1323070350892877,182.1044292081834,301.82045425606793,0.6033535058352404,185.63534710768857,406.5358606510716,0.4566272377801839,355.9414263569936,0.875547425968645,238.53715395620924,0.790327993323579,19.50493941298956,52.93687539338205,0.986513530784268,4.690340571101583,0.4543061963309219,0.4565683656325112,5.8872147672639485e-05,-0.0022621693015892,0.0023210414492619,-0.177256256536288,1.5278729249737175,0.1986666666666666,0.0506666666666666,0.276,0.5066666666666667,0.1288888888888889,0.4973333333333333,0.8013333333333333,0.2657777777777778,16922.41562686447,8.027102377195057,10.669563467152951,15.210881101987532,1539,4250,1539,0,2250.3751596898683,116846.93125762897,4.661888300639104e-07,0.0544727341795522,852.566287080517,0.5539741956338642
0,14,seedpair00_ref20260805_label20260804_noise01000_rep001_seed2026082701,20260805,20260804,fiducial,0.1,26.72868279644088,1,2026082701,267.2868279644088,combined_practical_basis,1539,0.0001,2.0,3.1588582133261016,0.1801588557197534,0.4455274546783086,2050,0.0001,2.0,1283,0.0001,2.0,False,False,0.1690048102757125,0.1365887344967596,37.20026704583244,272.352380911143,0.1365887344967596,185.4165993293987,301.82045425606793,0.6143274808409411,189.11154162335,406.5358606510716,0.4651780074714338,352.6546428789617,0.867462570987419,234.93914826117987,0.7784069798723939,20.253383556892828,55.27050254801017,0.9857306245313848,5.108004721946767,0.4633937582725478,0.4646006848047802,0.0005773226666536,-0.0012069265322324,0.001784249198886,-0.2026926626711543,1.5927452420656611,0.196,0.0546666666666666,0.2746666666666666,0.484,0.1475555555555555,0.488,0.804,0.2746666666666666,17012.015512961458,8.027102377195057,10.669563467152951,15.210881101987532,1539,4250,1539,0,2250.3751596898683,116846.93125762897,4.661888300639104e-07,0.0544727341795522,852.566287080517,0.5539741956338642
0,15,seedpair00_ref20260805_label20260804_noise01000_rep002_seed2026082702,20260805,20260804,fiducial,0.1,26.72868279644088,2,2026082702,267.2868279644088,combined_practical_basis,1539,0.0001,2.0,3.102513173693421,0.181068680642099,0.4390609726825686,1795,0.0001,2.0,1283,0.0001,2.0,False,False,0.1606140500189241,0.1362722088379214,37.11406052902842,272.352380911143,0.1362722088379215,182.7195221594092,301.82045425606793,0.6053914490645748,186.45073683714745,406.5358606510716,0.4586329396342662,353.0892837557153,0.8685317039196467,236.668325364532,0.7841361379826826,19.69616385385772,56.02790714654183,0.98596125990929,5.754039347233636,0.45857211095605,0.4580328546826874,0.0006000849515788,0.0005392562733625,6.082867821627369e-05,-0.2103661282194318,1.4997695086623646,0.172,0.04,0.264,0.5146666666666667,0.1364444444444444,0.4746666666666667,0.828,0.2648888888888889,16936.947439435542,8.027102377195057,10.669563467152951,15.210881101987532,1539,4250,1539,0,2250.3751596898683,116846.93125762897,4.661888300639104e-07,0.0544727341795522,852.566287080517,0.5539741956338642
0,16,seedpair00_ref20260805_label20260804_noise01000_rep003_seed2026082703,20260805,20260804,fiducial,0.1,26.72868279644088,3,2026082703,267.2868279644088,combined_practical_basis,1539,0.0001,2.0,2.965383877987952,0.1740875015492224,0.4511207498022915,2050,0.0001,2.0,1283,0.0001,2.0,False,False,0.1748284153029386,0.1407994756532548,38.34707242520448,272.352380911143,0.1407994756532549,185.64485949016495,301.82045425606793,0.6150837588119914,189.56400454386636,406.5358606510716,0.4662909792023698,354.6042615838642,0.8722582578962691,236.57981010930203,0.7838428667547661,20.97320501115401,55.65686102738449,0.9846570856212902,5.132813514683054,0.4654153843890103,0.4654461615986921,0.0008448176036776,-3.077720968175379e-05,0.0008755948133594,-0.1980706769457335,1.642880328130556,0.1866666666666666,0.0693333333333333,0.276,0.504,0.1288888888888889,0.5026666666666667,0.8133333333333334,0.2493333333333333,17038.409674357612,8.027102377195057,10.669563467152951,15.210881101987532,1539,4250,1539,0,2250.3751596898683,116846.93125762897,4.661888300639104e-07,0.0544727341795522,852.566287080517,0.5539741956338642
0,17,seedpair00_ref20260805_label20260804_noise01000_rep004_seed2026082704,20260805,20260804,fiducial,0.1,26.72868279644088,4,2026082704,267.2868279644088,combined_practical_basis,1539,1e-06,2.0,3.093148022747175,0.1768375764191941,0.5297601882918522,1539,1e-06,2.0,1539,0.0001,2.0,False,False,0.1617037330683579,0.1346727111413704,36.67843352311085,272.352380911143,0.1346727111413704,212.95366423691908,301.82045425606793,0.7055640571538162,216.0892653456893,406.5358606510716,0.5315380173341165,418.5223708699012,1.0294845089425395,317.56102041349124,1.052152085570943,22.861441758598595,65.5485125664644,0.985887888514291,1.724610581010383,0.5315380173341165,0.4580934960839191,0.0734445212501974,0.0734445212501974,0.0,-0.0260399771688255,1.2810526914101097,0.1226666666666666,0.02,0.4546666666666666,0.5573333333333333,0.3164444444444444,0.744,0.8773333333333333,0.5728888888888889,15190.32364698149,32.57142641768027,18.55434473810416,46.05418341992389,1539,4250,1539,0,2250.3751596898683,3053163.439483409,1.7694940352933448e-08,0.054025544949416,1499.8329915494755,0.9745503518839996
0,18,seedpair00_ref20260805_label20260804_noise01000_rep005_seed2026082705,20260805,20260804,fiducial,0.1,26.72868279644088,5,2026082705,267.2868279644088,combined_practical_basis,1539,0.0001,2.0,3.181119409156894,0.1798274441886116,0.4424080214192708,2050,0.0001,2.0,1795,0.0001,2.0,False,False,0.1693845103420377,0.1370818774644816,37.33457570722114,272.352380911143,0.1370818774644817,183.77930011810125,301.82045425606793,0.608902735141273,187.5332015807797,406.5358606510716,0.4612955946381784,357.652087679929,0.8797553236930816,241.0505093092648,0.798655312819703,20.185274396211724,53.66310753002665,0.9854378859264648,3.493247352993443,0.4594441221930009,0.4602688011555655,0.0010267934826128,-0.0008246789625646,0.0018514724451774,-0.1721987549585561,1.5969573418392076,0.2013333333333333,0.0573333333333333,0.2706666666666666,0.5,0.132,0.48,0.7986666666666666,0.2613333333333333,16993.193253646165,8.027102377195057,10.669563467152951,15.210881101987532,1539,4250,1539,0,2250.3751596898683,116846.93125762897,4.661888300639104e-07,0.0544727341795522,852.566287080517,0.5539741956338642
0,19,seedpair00_ref20260805_label20260804_noise01000_rep006_seed2026082706,20260805,20260804,fiducial,0.1,26.72868279644088,6,2026082706,267.2868279644088,combined_practical_basis,1539,0.0001,2.0,3.240278599216095,0.1827602280498348,0.4422604656617973,2050,0.0001,2.0,1283,0.0001,2.0,False,False,0.1683935696991342,0.1352129823552491,36.82557767454848,272.352380911143,0.1352129823552492,184.1943007758612,301.82045425606793,0.6102777269680624,187.83946233252647,406.5358606510716,0.4620489371631312,354.7488987749828,0.8726140375583314,238.14160101508264,0.7890174362173631,20.278290893389794,54.35769570888996,0.986064286039701,5.6129853769045965,0.4600026813509612,0.4619483692681284,0.0001005678950028,-0.0019456879171671,0.0020462558121699,-0.1292268155782871,1.5750416828984528,0.1893333333333333,0.0586666666666666,0.2733333333333333,0.5133333333333333,0.1288888888888889,0.504,0.8106666666666666,0.2537777777777777,17066.741844831195,8.027102377195057,10.669563467152951,15.210881101987532,1539,4250,1539,0,2250.3751596898683,116846.93125762897,4.661888300639104e-07,0.0544727341795522,852.566287080517,0.5539741956338642
0,20,seedpair00_ref20260805_label20260804_noise01000_rep007_seed2026082707,20260805,20260804,fiducial,0.1,26.72868279644088,7,2026082707,267.2868279644088,combined_practical_basis,1539,0.0001,2.0,3.211311985736573,0.1805003035561271,0.44030385607799,2050,0.0001,2.0,1283,0.0001,2.0,False,False,0.1675076241220213,0.1332606598409994,36.29385798948614,272.352380911143,0.1332606598409994,184.0000059859492,301.82045425606793,0.609633984017006,187.5453180716339,406.5358606510716,0.4613253988744757,357.0901465625577,0.8783730566614073,240.9621032864597,0.7983624035037223,19.832495361103767,53.63779174129903,0.98641825598198,5.552517568800194,0.4585840017527842,0.4613322041494902,-6.805275014509782e-06,-0.002748202396706,0.0027413971216915,-0.1459460193217902,1.5698375126669075,0.1933333333333333,0.056,0.2733333333333333,0.4946666666666666,0.1404444444444444,0.4973333333333333,0.8066666666666666,0.2631111111111111,17248.9417003377,8.027102377195057,10.669563467152951,15.210881101987532,1539,4250,1539,0,2250.3751596898683,116846.93125762897,4.661888300639104e-07,0.0544727341795522,852.566287080517,0.5539741956338642
0,21,seedpair00_ref20260805_label20260804_noise01000_rep008_seed2026082708,20260805,20260804,fiducial,0.1,26.72868279644088,8,2026082708,267.2868279644088,combined_practical_basis,1539,0.0001,2.0,3.247957638459517,0.1816552787520387,0.4471176459186888,2050,0.0001,2.0,1283,0.0001,2.0,False,False,0.1693976088649127,0.1384267385164996,37.70085181673291,272.352380911143,0.1384267385164996,185.9639810249429,301.82045425606793,0.6161410812375524,189.7470855279537,406.5358606510716,0.4667413231985776,356.6726903990213,0.8773461948173678,239.81153971419903,0.7945503239841399,19.918186454971845,55.04879050010151,0.9851946489011688,4.917152821703043,0.4641032844890249,0.4656625478139118,0.0010787753846657,-0.0015592633248869,0.0026380387095527,-0.1586034223593226,1.5978614557991986,0.1946666666666666,0.0613333333333333,0.248,0.4746666666666667,0.1386666666666666,0.4746666666666667,0.8053333333333333,0.2675555555555555,17322.432014691272,8.027102377195057,10.669563467152951,15.210881101987532,1539,4250,1539,0,2250.3751596898683,116846.93125762897,4.661888300639104e-07,0.0544727341795522,852.566287080517,0.5539741956338642
0,22,seedpair00_ref20260805_label20260804_noise01000_rep009_seed2026082709,20260805,20260804,fiducial,0.1,26.72868279644088,9,2026082709,267.2868279644088,combined_practical_basis,1539,0.0001,2.0,3.2122001545863443,0.1808794814577204,0.4520109618549361,2050,0.0001,2.0,1283,0.0001,2.0,False,False,0.1706289251108638,0.1364601009631912,37.165233396700096,272.352380911143,0.1364601009631912,185.11414822777647,301.82045425606793,0.6133253913623876,188.80811012116607,406.5358606510716,0.4644316243560601,354.4257897298652,0.8718192514732855,236.62848041969343,0.7840041225931466,20.22500167253986,56.372111436298624,0.9856434002304992,4.77105719742932,0.4623344279335752,0.4636971497606807,0.0007344745953793,-0.0013627218271055,0.0020971964224849,-0.2371411968580551,1.6140243063550117,0.1946666666666666,0.0746666666666666,0.264,0.508,0.1373333333333333,0.484,0.8053333333333333,0.2688888888888889,16924.094036433387,8.027102377195057,10.669563467152951,15.210881101987532,1539,4250,1539,0,2250.3751596898683,116846.93125762897,4.661888300639104e-07,0.0544727341795522,852.566287080517,0.5539741956338642
0,23,seedpair00_ref20260805_label20260804_noise01000_rep010_seed2026082710,20260805,20260804,fiducial,0.1,26.72868279644088,10,2026082710,267.2868279644088,combined_practical_basis,1539,0.0001,2.0,3.4621270661019,0.1875688473241555,0.4393251661343734,2050,0.0001,2.0,1283,0.0001,2.0,False,False,0.1649671433403337,0.1345739837307473,36.65154487776646,272.352380911143,0.1345739837307473,184.0476559689298,301.82045425606793,0.6097918592779721,187.6615981216841,406.5358606510716,0.4616114254254028,356.4724007050796,0.8768535207058613,239.3815088653376,0.7931255337063525,20.56285940451475,56.25300648511146,0.986014175296926,4.316664349565101,0.4590438835490592,0.4618980001100016,-0.0002865746845988,-0.0028541165609424,0.0025675418763436,-0.0870181049833479,1.5486933368937934,0.196,0.052,0.2666666666666666,0.5146666666666667,0.1404444444444444,0.4546666666666666,0.804,0.2582222222222222,17238.949498790556,8.027102377195057,10.669563467152951,15.210881101987532,1539,4250,1539,0,2250.3751596898683,116846.93125762897,4.661888300639104e-07,0.0544727341795522,852.566287080517,0.5539741956338642
0,24,seedpair00_ref20260805_label20260804_noise01000_rep011_seed2026082711,20260805,20260804,fiducial,0.1,26.72868279644088,11,2026082711,267.2868279644088,combined_practical_basis,1539,0.0001,2.0,3.1428625138000457,0.179159716422086,0.4442101372789214,2050,0.0001,2.0,1283,0.0001,2.0,False,False,0.1623570846573425,0.1343515323162928,36.59095970540271,272.352380911143,0.1343515323162928,185.55728997029493,301.82045425606793,0.6147936210210128,189.13065905157345,406.5358606510716,0.4652250326666843,352.0018257930283,0.8658567665575516,234.23957076898293,0.7760891200907524,20.127366020382222,54.66591114957095,0.9862613121432068,5.132398276174063,0.4627838197966344,0.4664285860732086,-0.0012035534065242,-0.0036447662765742,0.0024412128700499,-0.2076992573220304,1.5377210746462118,0.176,0.0573333333333333,0.2773333333333333,0.5053333333333333,0.1297777777777777,0.4933333333333333,0.824,0.2631111111111111,17241.900451759422,8.027102377195057,10.669563467152951,15.210881101987532,1539,4250,1539,0,2250.3751596898683,116846.93125762897,4.661888300639104e-07,0.0544727341795522,852.566287080517,0.5539741956338642
1,13,seedpair01_ref20260815_label20260814_noise01000_rep000_seed2026083700,20260815,20260814,fiducial,0.1,27.327124989347222,0,2026083700,273.27124989347226,combined_practical_basis,1539,0.0001,2.0,3.452347052175353,0.1838169430682552,0.506279814771383,2050,0.0001,2.0,2050,0.0001,2.0,False,True,0.1932335224057195,0.1624039751259743,42.04150361793491,258.86991734853746,0.1624039751259743,185.01014448210563,299.24089973268013,0.6182648984392846,189.72675506566392,395.6750563036069,0.4795014293751283,356.6906609438001,0.901473709957866,251.67630747134447,0.841049160379392,21.91966255723641,61.94814552240747,0.9812360769099466,-0.4282980069446829,0.4754850289958577,0.4754850289958577,0.0040164003792705,0.0,0.0040164003792705,0.0441659345651836,1.6737128059742294,0.2093333333333333,0.0666666666666666,0.2666666666666666,0.5106666666666667,0.1408888888888889,0.4546666666666666,0.7906666666666666,0.2537777777777777,18848.7235143734,8.203622366182413,10.916290877552347,15.562640719188169,1539,4250,1539,0,2125.338724255508,101921.4115695718,4.6704370107529547e-07,0.0476017532782712,849.5649572072753,0.552024013779906
1,14,seedpair01_ref20260815_label20260814_noise01000_rep001_seed2026083701,20260815,20260814,fiducial,0.1,27.327124989347222,1,2026083701,273.27124989347226,combined_practical_basis,1539,0.0001,2.0,3.26513569713412,0.1790905463620549,0.4943514089563097,2050,0.0001,2.0,2050,0.0001,2.0,False,True,0.1918845626203121,0.1623221231000661,42.02031459075324,258.86991734853746,0.1623221231000661,183.7825865719768,299.24089973268013,0.6141626587012492,188.52518655445485,395.6750563036069,0.4764646736027678,356.9928672867612,0.9022374840147508,252.9263074003974,0.8452263966133747,21.773919198319724,56.67724909269042,0.981268553465538,0.9552059569987964,0.4719182558364576,0.4719182558364576,0.0045464177663101,0.0,0.0045464177663101,-0.0316921920310429,1.6689432376047646,0.2146666666666666,0.0626666666666666,0.24,0.4826666666666667,0.1377777777777777,0.4746666666666667,0.7853333333333333,0.2595555555555555,18365.50716272973,8.203622366182413,10.916290877552347,15.562640719188169,1539,4250,1539,0,2125.338724255508,101921.4115695718,4.6704370107529547e-07,0.0476017532782712,849.5649572072753,0.552024013779906
1,15,seedpair01_ref20260815_label20260814_noise01000_rep002_seed2026083702,20260815,20260814,fiducial,0.1,27.327124989347222,2,2026083702,273.27124989347226,combined_practical_basis,1539,0.0001,2.0,3.07974350273936,0.1746453700310891,0.493660187518495,2050,0.0001,2.0,2050,0.0001,2.0,False,True,0.1892114955012044,0.1585716648835542,41.04943378222567,258.86991734853746,0.1585716648835542,185.42440133926775,299.24089973268013,0.6196492575209884,189.91383474056644,395.6750563036069,0.4799742407690287,355.8426377409277,0.8993304785629063,251.8207116052188,0.8415317285510668,22.25434546330452,60.195289345936885,0.982198145654303,1.275951017125945,0.4772915546154647,0.4772915546154647,0.002682686153564,0.0,0.002682686153564,-0.0648402707952756,1.6510177666522237,0.232,0.0746666666666666,0.2533333333333333,0.5226666666666666,0.1257777777777777,0.476,0.768,0.2577777777777778,18627.544092208947,8.203622366182413,10.916290877552347,15.562640719188169,1539,4250,1539,0,2125.338724255508,101921.4115695718,4.6704370107529547e-07,0.0476017532782712,849.5649572072753,0.552024013779906
1,16,seedpair01_ref20260815_label20260814_noise01000_rep003_seed2026083703,20260815,20260814,fiducial,0.1,27.327124989347222,3,2026083703,273.27124989347226,combined_practical_basis,1539,0.0001,2.0,3.0110954874028835,0.171481475037103,0.5032723518355576,2050,0.0001,2.0,2050,0.0001,2.0,False,True,0.186794781670933,0.160422430679546,41.52854137086557,258.86991734853746,0.160422430679546,188.8321823652164,299.24089973268013,0.6310373432706063,193.34480299506893,395.6750563036069,0.4886454172807719,353.83393787067547,0.894253838430426,248.07807841752063,0.8290246374714667,22.646663288288487,61.52184419606277,0.9816829262106777,1.0963170249379637,0.4815401415936248,0.4815401415936248,0.0071052756871471,0.0,0.0071052756871471,-0.0304953781521605,1.6126127369748628,0.2,0.0613333333333333,0.2613333333333333,0.5026666666666667,0.1395555555555555,0.4866666666666667,0.8,0.2613333333333333,18365.187626609437,8.203622366182413,10.916290877552347,15.562640719188169,1539,4250,1539,0,2125.338724255508,101921.4115695718,4.6704370107529547e-07,0.0476017532782712,849.5649572072753,0.552024013779906
1,17,seedpair01_ref20260815_label20260814_noise01000_rep004_seed2026083704,20260815,20260814,fiducial,0.1,27.327124989347222,4,2026083704,273.27124989347226,combined_practical_basis,1539,0.0001,2.0,3.2156015309794883,0.1784300972480066,0.4879818316811703,2050,0.0001,2.0,2050,0.0001,2.0,False,True,0.1877829874778999,0.1601501906022537,41.45806660455794,258.86991734853746,0.1601501906022537,181.43643846326987,299.24089973268013,0.606322326344266,186.1127413392857,395.6750563036069,0.4703676372171382,358.1588801892378,0.9051843791598972,255.12019100300816,0.8525578930918661,21.48998986713636,58.062144892991526,0.9818217590042632,1.6237126390128993,0.4654272925948839,0.4654272925948839,0.0049403446222542,0.0,0.0049403446222542,-0.0114360159001512,1.6334977130474249,0.204,0.0586666666666666,0.2613333333333333,0.4786666666666667,0.1484444444444444,0.4666666666666667,0.796,0.272,18719.535102838625,8.203622366182413,10.916290877552347,15.562640719188169,1539,4250,1539,0,2125.338724255508,101921.4115695718,4.6704370107529547e-07,0.0476017532782712,849.5649572072753,0.552024013779906
1,18,seedpair01_ref20260815_label20260814_noise01000_rep005_seed2026083705,20260815,20260814,fiducial,0.1,27.327124989347222,5,2026083705,273.27124989347226,combined_practical_basis,1539,0.0001,2.0,3.1089438000433294,0.1747317513208473,0.4983761508745375,2050,0.0001,2.0,2050,0.0001,2.0,False,True,0.1988945287536949,0.1631428130840199,42.23276653906813,258.86991734853746,0.1631428130840199,185.2813472734084,299.24089973268013,0.619171200991994,190.03363969832495,395.6750563036069,0.480277026996894,358.3741966655092,0.905728554166234,254.52028908700316,0.8505531473617841,21.85116946042572,61.04121711368855,0.9810324080986864,1.4578663188126053,0.4764988643136265,0.4764988643136265,0.0037781626832674,0.0,0.0037781626832674,0.0443939432212589,1.7251046522496378,0.2333333333333333,0.0693333333333333,0.232,0.4893333333333333,0.1213333333333333,0.46,0.7666666666666667,0.252,18954.560722783088,8.203622366182413,10.916290877552347,15.562640719188169,1539,4250,1539,0,2125.338724255508,101921.4115695718,4.6704370107529547e-07,0.0476017532782712,849.5649572072753,0.552024013779906
1,19,seedpair01_ref20260815_label20260814_noise01000_rep006_seed2026083706,20260815,20260814,fiducial,0.1,27.327124989347222,6,2026083706,273.27124989347226,combined_practical_basis,1539,0.0001,2.0,2.908218933906426,0.1693975567613301,0.4971291430192772,2050,0.0001,2.0,2050,0.0001,2.0,False,True,0.1866479447633336,0.1573195624254572,40.72530212238619,258.86991734853746,0.1573195624254572,184.89413367050676,299.24089973268013,0.6178772147646848,189.326149537582,395.6750563036069,0.4784889684638331,357.34636844422045,0.9031308968084752,253.7079903512608,0.8478386162383046,21.61708753825855,57.89187083441573,0.9824687693387234,1.1317448316551049,0.4737121245788405,0.4737121245788405,0.0047768438849926,0.0,0.0047768438849926,-0.0149755852246362,1.6284800064943876,0.2066666666666666,0.0586666666666666,0.264,0.4826666666666667,0.1444444444444444,0.4813333333333333,0.7933333333333333,0.2715555555555555,18662.519375003456,8.203622366182413,10.916290877552347,15.562640719188169,1539,4250,1539,0,2125.338724255508,101921.4115695718,4.6704370107529547e-07,0.0476017532782712,849.5649572072753,0.552024013779906
1,20,seedpair01_ref20260815_label20260814_noise01000_rep007_seed2026083707,20260815,20260814,fiducial,0.1,27.327124989347222,7,2026083707,273.27124989347226,combined_practical_basis,1539,0.0001,2.0,3.2218813184721373,0.1788366932555501,0.5006696151946897,1795,0.0001,2.0,2050,0.0001,2.0,False,False,0.1879014348964534,0.160887995426067,41.64906207831783,258.86991734853746,0.1608879954260669,187.71334895059877,299.24089973268013,0.6272984378749298,192.27830284837867,395.6750563036069,0.4859500233465333,355.1741659538136,0.8976410321940627,249.6969638521583,0.8344346112955122,22.347930930989627,61.44605265008977,0.9815991475438708,-0.1966876597039822,0.4846829214819901,0.4831368285792695,0.0028131947672638,0.0015460929027206,0.0012671018645431,-0.0082280022358196,1.6490860904135878,0.224,0.0693333333333333,0.2746666666666666,0.508,0.1262222222222222,0.4666666666666667,0.776,0.2466666666666666,18453.378629572053,8.203622366182413,10.916290877552347,15.562640719188169,1539,4250,1539,0,2125.338724255508,101921.4115695718,4.6704370107529547e-07,0.0476017532782712,849.5649572072753,0.552024013779906
1,21,seedpair01_ref20260815_label20260814_noise01000_rep008_seed2026083708,20260815,20260814,fiducial,0.1,27.327124989347222,8,2026083708,273.27124989347226,combined_practical_basis,1539,0.0001,2.0,3.314981105490815,0.1801752090343092,0.4999639083617613,2050,0.0001,2.0,2050,0.0001,2.0,False,True,0.1923986501668382,0.1619510440229818,41.92425338073866,258.86991734853746,0.1619510440229818,184.29780859826428,299.24089973268013,0.6158844220923758,189.00615142279057,395.6750563036069,0.4776802287930011,355.4527246222314,0.898345040859709,251.39384014469343,0.8401052141243736,21.630386861338103,59.25463832450405,0.9813985455149924,1.9019343243978344,0.4723598321368835,0.4723598321368835,0.0053203966561176,0.0,0.0053203966561176,-0.0648554063153546,1.6697809354175872,0.2293333333333333,0.072,0.26,0.4906666666666666,0.1417777777777777,0.4706666666666667,0.7706666666666667,0.2617777777777778,18396.92459785366,8.203622366182413,10.916290877552347,15.562640719188169,1539,4250,1539,0,2125.338724255508,101921.4115695718,4.6704370107529547e-07,0.0476017532782712,849.5649572072753,0.552024013779906
1,22,seedpair01_ref20260815_label20260814_noise01000_rep009_seed2026083709,20260815,20260814,fiducial,0.1,27.327124989347222,9,2026083709,273.27124989347226,combined_practical_basis,1539,0.0001,2.0,2.8470993479321303,0.1684279352214441,0.4946322295500737,2050,0.0001,2.0,2050,0.0001,2.0,False,True,0.1895846656151177,0.1600669746879663,41.43652450770432,258.86991734853746,0.1600669746879665,184.59970779227552,299.24089973268013,0.6168933055514249,189.19312270870492,395.6750563036069,0.4781527662525546,355.61712144567167,0.8987605252851768,251.6211152245791,0.8408647195265051,21.67878967256766,59.62669290580979,0.981930153318604,0.0163926691441055,0.4729005193081084,0.4729005193081084,0.0052522469444462,0.0,0.0052522469444462,0.0451211421404221,1.6405160692064478,0.2066666666666666,0.0653333333333333,0.2653333333333333,0.496,0.1364444444444444,0.4666666666666667,0.7933333333333333,0.2657777777777778,18383.006680516857,8.203622366182413,10.916290877552347,15.562640719188169,1539,4250,1539,0,2125.338724255508,101921.4115695718,4.6704370107529547e-07,0.0476017532782712,849.5649572072753,0.552024013779906
1,23,seedpair01_ref20260815_label20260814_noise01000_rep010_seed2026083710,20260815,20260814,fiducial,0.1,27.327124989347222,10,2026083710,273.27124989347226,combined_practical_basis,1539,0.0001,2.0,2.961903876549385,0.171869345467558,0.505464555350145,1795,0.0001,2.0,2050,0.0001,2.0,False,False,0.1834123744179673,0.1571572184411426,40.68327614858463,258.86991734853746,0.1571572184411426,185.88991577213076,299.24089973268013,0.6212049086144011,190.2897520728635,395.6750563036069,0.4809243065523229,358.1821232059808,0.9052431218488098,254.9660051266063,0.852042636398882,21.83080452916682,58.41303053129778,0.9825401665049804,0.5899804887945962,0.478704628112592,0.4762915409602256,0.0046327655920973,0.0024130871523664,0.0022196784397309,0.0210977823615882,1.5973107687849393,0.192,0.0573333333333333,0.2666666666666666,0.4573333333333333,0.1333333333333333,0.4706666666666667,0.808,0.2635555555555555,18713.74996788497,8.203622366182413,10.916290877552347,15.562640719188169,1539,4250,1539,0,2125.338724255508,101921.4115695718,4.6704370107529547e-07,0.0476017532782712,849.5649572072753,0.552024013779906
1,24,seedpair01_ref20260815_label20260814_noise01000_rep011_seed2026083711,20260815,20260814,fiducial,0.1,27.327124989347222,11,2026083711,273.27124989347226,combined_practical_basis,1539,0.0001,2.0,3.301174051206643,0.1800073056656617,0.498387277698733,1795,0.0001,2.0,2050,0.0001,2.0,False,False,0.1922699704813479,0.1599647074664441,41.41005060052139,258.86991734853746,0.1599647074664442,183.5814394477248,299.24089973268013,0.6134904674184678,188.1938819420982,395.6750563036069,0.4756273587225939,359.4000268404895,0.908321161808888,255.91965350971304,0.8552295282440765,21.792923719723856,59.44354292427639,0.9818136628928718,0.3312031710716756,0.474124511942521,0.4718133055601789,0.0038140531624149,0.002311206382342,0.0015028467800728,0.032610698830652,1.668167035727603,0.2266666666666666,0.0666666666666666,0.272,0.4933333333333333,0.1337777777777777,0.4866666666666667,0.7733333333333333,0.2671111111111111,18470.345356859387,8.203622366182413,10.916290877552347,15.562640719188169,1539,4250,1539,0,2125.338724255508,101921.4115695718,4.6704370107529547e-07,0.0476017532782712,849.5649572072753,0.552024013779906
2,13,seedpair02_ref20260825_label20260824_noise01000_rep000_seed2026084700,20260825,20260824,fiducial,0.1,26.459309048735904,0,2026084700,264.593090487359,combined_practical_basis,1539,0.0001,2.0,2.7482801401279477,0.1619683797095998,0.4542617170540036,1795,0.0001,2.0,2050,0.0001,2.0,False,False,0.170358060250777,0.1393778677529343,37.65449898460943,270.1612500727663,0.1393778677529343,189.9451281298119,324.2475651491802,0.5858027894285704,193.64145474054004,422.04689851490633,0.4588150165820986,361.7664811321152,0.8571712821610462,248.7650966204777,0.7672072926932406,21.843045172545903,53.48068665801453,0.985405799749569,1.3682446820762602,0.4533443579347711,0.4524009753006163,0.0064140412814822,0.0009433826341547,0.0054706586473274,0.0193080213414816,1.5931894671500546,0.2026666666666666,0.056,0.268,0.5,0.1297777777777777,0.5026666666666667,0.7973333333333333,0.2306666666666666,18381.66872589908,7.931574765920089,10.577605423539437,15.108230473137636,1539,4250,1539,0,1907.365108157172,81325.6471841569,4.613539489972173e-07,0.0375199084831652,851.1370468439217,0.5530455145184676
2,14,seedpair02_ref20260825_label20260824_noise01000_rep001_seed2026084701,20260825,20260824,fiducial,0.1,26.459309048735904,1,2026084701,264.593090487359,combined_practical_basis,1539,0.0001,2.0,2.8289189506033545,0.1639256672516092,0.4545769580777422,1795,0.0001,2.0,2050,0.0001,2.0,False,False,0.1682424388689176,0.1373148702575518,37.09715700235989,270.1612500727663,0.1373148702575517,190.1159350105183,324.2475651491802,0.5863295686524262,193.7014914825938,422.04689851490633,0.4589572679344128,364.2955463605003,0.8631636617692943,251.37229009931085,0.7752480422903382,22.180147374650613,56.36940600525374,0.9857176083349704,2.4704752799655663,0.4530859941387079,0.4519054616032485,0.0070518063311643,0.0011805325354594,0.0058712737957049,-0.0406788424029707,1.55749770427738,0.18,0.0533333333333333,0.2493333333333333,0.5026666666666667,0.1191111111111111,0.492,0.82,0.2293333333333333,18552.954826448185,7.931574765920089,10.577605423539437,15.108230473137636,1539,4250,1539,0,1907.365108157172,81325.6471841569,4.613539489972173e-07,0.0375199084831652,851.1370468439217,0.5530455145184676
2,15,seedpair02_ref20260825_label20260824_noise01000_rep002_seed2026084702,20260825,20260824,fiducial,0.1,26.459309048735904,2,2026084702,264.593090487359,combined_practical_basis,1539,0.0001,2.0,2.744132526249139,0.1623236504231789,0.446997042813026,1795,0.0001,2.0,2050,0.0001,2.0,False,False,0.1739067880170403,0.1382660569325012,37.354130783516815,270.1612500727663,0.1382660569325012,188.48587247341845,324.2475651491802,0.5813023526844362,192.15164638549896,422.04689851490633,0.4552850573280835,363.1719977742294,0.8605015202153001,249.47680711097783,0.7694022528625566,20.977510949783685,53.89169789813548,0.9855064784339052,1.227907886569046,0.4497104016433628,0.4482628056011287,0.0070222517269547,0.0014475960422341,0.0055746556847206,-0.0436985406459358,1.6124171377855123,0.2026666666666666,0.0586666666666666,0.2466666666666666,0.4973333333333333,0.108,0.5093333333333333,0.7973333333333333,0.2208888888888888,18120.317309563052,7.931574765920089,10.577605423539437,15.108230473137636,1539,4250,1539,0,1907.365108157172,81325.6471841569,4.613539489972173e-07,0.0375199084831652,851.1370468439217,0.5530455145184676
2,16,seedpair02_ref20260825_label20260824_noise01000_rep003_seed2026084703,20260825,20260824,fiducial,0.1,26.459309048735904,3,2026084703,264.593090487359,combined_practical_basis,1539,0.0001,2.0,2.727955908491456,0.1614563771076195,0.4506643634204079,1795,0.0001,2.0,2050,0.0001,2.0,False,False,0.1623205130925051,0.1342100540345995,36.25835597032091,270.1612500727663,0.1342100540345995,189.53981531566265,324.2475651491802,0.5845527790731718,192.9767083550914,422.04689851490633,0.4572399632224181,364.9760125213726,0.8647759616422864,252.61704521545272,0.7790869458008987,21.559542790799306,55.9641653247662,0.986402338669757,2.1897537405702803,0.4518882282592701,0.4508456191974924,0.0063943440249257,0.0010426090617777,0.005351734963148,-0.044648711915966,1.5195878131490514,0.1826666666666666,0.0506666666666666,0.2853333333333333,0.5386666666666666,0.1173333333333333,0.5053333333333333,0.8173333333333334,0.2293333333333333,18435.558255971937,7.931574765920089,10.577605423539437,15.108230473137636,1539,4250,1539,0,1907.365108157172,81325.6471841569,4.613539489972173e-07,0.0375199084831652,851.1370468439217,0.5530455145184676
2,17,seedpair02_ref20260825_label20260824_noise01000_rep004_seed2026084704,20260825,20260824,fiducial,0.1,26.459309048735904,4,2026084704,264.593090487359,combined_practical_basis,1539,0.0001,2.0,2.841146269356697,0.1637790704923788,0.4501227763448157,1795,0.0001,2.0,2050,0.0001,2.0,False,False,0.1648612487293948,0.1369908399165493,37.00961656037319,270.1612500727663,0.1369908399165493,189.82931198864551,324.2475651491802,0.5854456051236918,193.4034110558249,422.04689851490633,0.4582509947031255,365.7313284007615,0.8665656108069806,253.3266134086141,0.7812752989897188,21.60441572618204,58.00376767687586,0.9857773627857322,2.1536075087973883,0.4548918983687549,0.4543094868855363,0.0039415078175892,0.0005824114832185,0.0033590963343706,-0.113598945880132,1.54614079163018,0.1773333333333333,0.064,0.272,0.5066666666666667,0.1244444444444444,0.5026666666666667,0.8226666666666667,0.2386666666666666,18606.76204201934,7.931574765920089,10.577605423539437,15.108230473137636,1539,4250,1539,0,1907.365108157172,81325.6471841569,4.613539489972173e-07,0.0375199084831652,851.1370468439217,0.5530455145184676
2,18,seedpair02_ref20260825_label20260824_noise01000_rep005_seed2026084705,20260825,20260824,fiducial,0.1,26.459309048735904,5,2026084705,264.593090487359,combined_practical_basis,1539,0.0001,2.0,3.0621885405975067,0.1711524771523816,0.4544604806846684,2050,0.0001,2.0,2050,0.0001,2.0,False,True,0.1641194653158308,0.1366921972486876,36.92893488389859,270.1612500727663,0.1366921972486876,190.90376458134577,324.2475651491802,0.5887592848801024,194.4427770913312,422.04689851490633,0.4607136737067234,362.3007836282279,0.8584372611268739,249.2962602538384,0.7688454349353151,22.223751928549287,54.44060975021479,0.9859254775721132,2.5510671890855754,0.4538337389612939,0.4538337389612939,0.0068799347454295,0.0,0.0068799347454295,-0.0982650748670737,1.5268527435310422,0.156,0.0533333333333333,0.2586666666666666,0.5426666666666666,0.124,0.508,0.844,0.2413333333333333,18404.537081036186,7.931574765920089,10.577605423539437,15.108230473137636,1539,4250,1539,0,1907.365108157172,81325.6471841569,4.613539489972173e-07,0.0375199084831652,851.1370468439217,0.5530455145184676
2,19,seedpair02_ref20260825_label20260824_noise01000_rep006_seed2026084706,20260825,20260824,fiducial,0.1,26.459309048735904,6,2026084706,264.593090487359,combined_practical_basis,1539,0.0001,2.0,2.9487273343100453,0.1673556349669535,0.4535117082844515,1795,0.0001,2.0,2050,0.0001,2.0,False,False,0.1721287993550917,0.1386161637295226,37.44871607345909,270.1612500727663,0.1386161637295226,186.7529497827204,324.2475651491802,0.5759579094967109,190.47065545143127,422.04689851490633,0.4513021091297132,364.7261752182509,0.8641839959057751,253.0425525029176,0.7803992371893292,21.71417005557053,54.183876717972005,0.9855436289430428,2.068412819924893,0.446515667452495,0.4450916148150428,0.0062104943146704,0.0014240526374522,0.0047864416772182,-0.1027268604599465,1.61993657388961,0.2093333333333333,0.064,0.2693333333333333,0.48,0.1182222222222222,0.4893333333333333,0.7906666666666666,0.2346666666666666,18294.779996971567,7.931574765920089,10.577605423539437,15.108230473137636,1539,4250,1539,0,1907.365108157172,81325.6471841569,4.613539489972173e-07,0.0375199084831652,851.1370468439217,0.5530455145184676
2,20,seedpair02_ref20260825_label20260824_noise01000_rep007_seed2026084707,20260825,20260824,fiducial,0.1,26.459309048735904,7,2026084707,264.593090487359,combined_practical_basis,1539,0.0001,2.0,2.783659837035662,0.1630122071216736,0.4556899216537862,2050,0.0001,2.0,2050,0.0001,2.0,False,True,0.1666139818904566,0.1401785016710184,37.87079924476971,270.1612500727663,0.1401785016710184,189.55908742654444,324.2475651491802,0.5846122154821174,193.3050569990914,422.04689851490633,0.4580179541166893,362.25051815515366,0.8583181618674051,248.63146804320908,0.7667951737087629,21.88462187377583,55.21363281996927,0.9851254859073666,1.5601818773907528,0.4514676301918598,0.4514676301918598,0.0065503239248294,0.0,0.0065503239248294,-0.0366176180673015,1.5551999604965978,0.1813333333333333,0.0586666666666666,0.2546666666666666,0.5226666666666666,0.1208888888888888,0.5026666666666667,0.8186666666666667,0.2293333333333333,18288.09973909811,7.931574765920089,10.577605423539437,15.108230473137636,1539,4250,1539,0,1907.365108157172,81325.6471841569,4.613539489972173e-07,0.0375199084831652,851.1370468439217,0.5530455145184676
2,21,seedpair02_ref20260825_label20260824_noise01000_rep008_seed2026084708,20260825,20260824,fiducial,0.1,26.459309048735904,8,2026084708,264.593090487359,combined_practical_basis,1539,0.0001,2.0,2.6869278568649264,0.1604728767191451,0.4480838090662021,1795,0.0001,2.0,2050,0.0001,2.0,False,False,0.1635447018017238,0.134998490033681,36.471360825435134,270.1612500727663,0.1349984900336809,187.8580209874496,324.2475651491802,0.5793660189892856,191.36560874352563,422.04689851490633,0.4534226158678116,363.85524106641503,0.862120400236904,251.32895806610145,0.7751144035591129,21.379311389167817,53.8846916849843,0.986266183663646,2.390270711444822,0.4481245151533781,0.4471174450413857,0.0063051708264258,0.0010070701119924,0.0052981007144334,-0.0768452870252302,1.533881832445908,0.172,0.0506666666666666,0.2653333333333333,0.5226666666666666,0.1186666666666666,0.524,0.828,0.2248888888888889,18432.604234717357,7.931574765920089,10.577605423539437,15.108230473137636,1539,4250,1539,0,1907.365108157172,81325.6471841569,4.613539489972173e-07,0.0375199084831652,851.1370468439217,0.5530455145184676
2,22,seedpair02_ref20260825_label20260824_noise01000_rep009_seed2026084709,20260825,20260824,fiducial,0.1,26.459309048735904,9,2026084709,264.593090487359,combined_practical_basis,1539,0.0001,2.0,2.613302201162017,0.1569676407642846,0.4503185089930128,2050,0.0001,2.0,2050,0.0001,2.0,False,True,0.1667690006654339,0.1343521737106769,36.29675119966994,270.1612500727663,0.1343521737106769,186.531325846701,324.2475651491802,0.5752744072600251,190.02997045144983,422.04689851490633,0.4502579479203023,364.47411660929487,0.8635867669962796,251.91450381894484,0.7769202636974119,21.115224602817857,53.913135263182525,0.9863778282805312,1.98951538797836,0.4429913056879681,0.4429913056879681,0.0072666422323341,0.0,0.0072666422323341,-0.0506972995724984,1.5570177409881008,0.176,0.0506666666666666,0.2746666666666666,0.516,0.1222222222222222,0.52,0.824,0.2417777777777777,18455.018407854368,7.931574765920089,10.577605423539437,15.108230473137636,1539,4250,1539,0,1907.365108157172,81325.6471841569,4.613539489972173e-07,0.0375199084831652,851.1370468439217,0.5530455145184676
2,23,seedpair02_ref20260825_label20260824_noise01000_rep010_seed2026084710,20260825,20260824,fiducial,0.1,26.459309048735904,10,2026084710,264.593090487359,combined_practical_basis,1539,0.0001,2.0,2.9183798229113305,0.1672251019005117,0.4447958545467048,1795,0.0001,2.0,2050,0.0001,2.0,False,False,0.1679852944322073,0.1380108258255049,37.28517722859323,270.1612500727663,0.1380108258255049,188.61011075172357,324.2475651491802,0.5816855113929617,192.2601319014034,422.04689851490633,0.4555421034437786,363.7199319609422,0.8617997981759743,250.55071083270747,0.7727142398661769,21.261809987187657,53.9228909031235,0.9855960642539388,1.0494940837012932,0.4516800525567644,0.4506426836937703,0.0048994197500082,0.0010373688629941,0.0038620508870141,-0.0362170291660988,1.572635647239602,0.1786666666666666,0.0693333333333333,0.264,0.512,0.1222222222222222,0.504,0.8213333333333334,0.2324444444444444,18414.9374669438,7.931574765920089,10.577605423539437,15.108230473137636,1539,4250,1539,0,1907.365108157172,81325.6471841569,4.613539489972173e-07,0.0375199084831652,851.1370468439217,0.5530455145184676
2,24,seedpair02_ref20260825_label20260824_noise01000_rep011_seed2026084711,20260825,20260824,fiducial,0.1,26.459309048735904,11,2026084711,264.593090487359,combined_practical_basis,1539,0.0001,2.0,3.090049444568212,0.1708496205976363,0.4562409920866495,2050,0.0001,2.0,2050,0.0001,2.0,False,True,0.1707867986554966,0.14045695451224,37.94602641244042,270.1612500727663,0.1404569545122399,189.5571556487182,324.2475651491802,0.5846062577571138,193.3179147883765,422.04689851490633,0.4580484194259484,363.5348679387509,0.8613613065703198,250.35456685677536,0.7721093194380408,21.90667183532387,54.84358936781364,0.9850533895452408,1.4384527659147794,0.4521438396676869,0.4521438396676869,0.0059045797582614,0.0,0.0059045797582614,-0.0244029892572867,1.5891311012978853,0.1906666666666666,0.056,0.2733333333333333,0.496,0.1155555555555555,0.4906666666666666,0.8093333333333333,0.2293333333333333,18560.891394870083,7.931574765920089,10.577605423539437,15.108230473137636,1539,4250,1539,0,1907.365108157172,81325.6471841569,4.613539489972173e-07,0.0375199084831652,851.1370468439217,0.5530455145184676
3,13,seedpair03_ref20260905_label20260904_noise01000_rep000_seed2026085700,20260905,20260904,fiducial,0.1,26.427630943070632,0,2026085700,264.2763094307063,combined_practical_basis,1539,0.0001,2.0,3.18533591650831,0.178428833592446,0.4645291949366166,2050,0.0001,2.0,2050,0.0001,2.0,False,True,0.1796420184635903,0.149626982204504,39.333285467190834,262.87561833888816,0.1496269822045041,177.78648296530633,293.312312813324,0.6061337189020666,182.0855317448827,393.8726996949065,0.462295386011587,350.79745343578577,0.8906366288080215,239.12166340770733,0.8152459101159324,23.55976690511222,56.93601726836695,0.9832869418528154,1.2336781294687214,0.4581274719847849,0.4581274719847849,0.0041679140268021,0.0,0.0041679140268021,-0.0680123366478366,1.653429179429744,0.224,0.072,0.2626666666666666,0.5133333333333333,0.1204444444444444,0.488,0.776,0.228,17107.270713450052,7.966956153933635,10.706408660678685,15.07491813991033,1539,4250,1539,0,2533.1999216626846,144843.88224496413,4.4848235364107314e-07,0.0649599252197319,851.4958051180972,0.5532786258077305
3,14,seedpair03_ref20260905_label20260904_noise01000_rep001_seed2026085701,20260905,20260904,fiducial,0.1,26.427630943070632,1,2026085701,264.2763094307063,combined_practical_basis,1539,0.0001,2.0,2.978557522865022,0.1731131785094084,0.4608383127072041,2050,0.0001,2.0,2050,0.0001,2.0,False,True,0.181090100674039,0.1484451824614854,39.02261912899208,262.87561833888816,0.1484451824614855,175.44054146783208,293.312312813324,0.5981356179189439,179.72798444931297,393.8726996949065,0.4563098295173292,347.6189564473939,0.8825667702195641,236.0637315598584,0.8048203953514187,23.373805143485903,57.37871577765205,0.9836861026032258,2.78814454659688,0.4519840331132062,0.4519840331132062,0.004325796404123,0.0,0.004325796404123,-0.1079071900360303,1.663499649083062,0.2173333333333333,0.0666666666666666,0.264,0.4946666666666666,0.1057777777777777,0.4746666666666667,0.7826666666666666,0.2382222222222222,17189.842918940667,7.966956153933635,10.706408660678685,15.07491813991033,1539,4250,1539,0,2533.1999216626846,144843.88224496413,4.4848235364107314e-07,0.0649599252197319,851.4958051180972,0.5532786258077305
3,15,seedpair03_ref20260905_label20260904_noise01000_rep002_seed2026085702,20260905,20260904,fiducial,0.1,26.427630943070632,2,2026085702,264.2763094307063,combined_practical_basis,1539,0.0001,2.0,3.225632013627333,0.1801045488600935,0.4667209749391632,2050,0.0001,2.0,2050,0.0001,2.0,False,True,0.1757316696301641,0.1458823933213392,38.34892434910396,262.87561833888816,0.1458823933213393,177.0804555425148,293.312312813324,0.6037266347397292,181.1853408360562,393.8726996949065,0.4600098990775503,349.0176182549545,0.8861178206189546,238.32261964837804,0.8125217020809364,22.77902316844172,54.97471715517471,0.9842901782539948,2.982797392326966,0.4557945936448564,0.4557945936448564,0.0042153054326938,0.0,0.0042153054326938,-0.0773435128726603,1.603588887376546,0.2013333333333333,0.0653333333333333,0.284,0.4786666666666667,0.1346666666666666,0.4906666666666666,0.7986666666666666,0.2453333333333333,17402.541856512213,7.966956153933635,10.706408660678685,15.07491813991033,1539,4250,1539,0,2533.1999216626846,144843.88224496413,4.4848235364107314e-07,0.0649599252197319,851.4958051180972,0.5532786258077305
3,16,seedpair03_ref20260905_label20260904_noise01000_rep003_seed2026085703,20260905,20260904,fiducial,0.1,26.427630943070632,3,2026085703,264.2763094307063,combined_practical_basis,1539,0.0001,2.0,3.271636787793285,0.1823525558789335,0.465809012841294,2050,0.0001,2.0,2050,0.0001,2.0,False,True,0.1738870464560149,0.1484034765190459,39.01165565358486,262.87561833888816,0.1484034765190459,178.33393907159729,293.312312813324,0.6080001802893844,182.55109723479083,393.8726996949065,0.4634774062182902,351.9435653454405,0.893546482449928,242.36082383129423,0.8262892938474856,23.43903194110649,59.899209152913016,0.9836938506660338,2.568797277848317,0.4593373648553033,0.4593373648553033,0.0041400413629869,0.0,0.0041400413629869,-0.1077141745995716,1.596577410876859,0.192,0.056,0.2706666666666666,0.4986666666666666,0.1186666666666666,0.5026666666666667,0.808,0.2351111111111111,17246.14368615059,7.966956153933635,10.706408660678685,15.07491813991033,1539,4250,1539,0,2533.1999216626846,144843.88224496413,4.4848235364107314e-07,0.0649599252197319,851.4958051180972,0.5532786258077305
3,17,seedpair03_ref20260905_label20260904_noise01000_rep004_seed2026085704,20260905,20260904,fiducial,0.1,26.427630943070632,4,2026085704,264.2763094307063,combined_practical_basis,1539,0.0001,2.0,3.270500702167149,0.1814488638602194,0.4653976226840934,2050,0.0001,2.0,2050,0.0001,2.0,False,True,0.1719029923260888,0.1466197994532971,38.54277044200928,262.87561833888816,0.1466197994532972,176.48350846389766,293.312312813324,0.6016914420371403,180.64322271558396,393.8726996949065,0.4586335200573943,351.603047934108,0.8926819457313478,241.06061725797773,0.8218564537773041,23.94774807016057,58.10711912053574,0.98403801125403,1.4510945203924233,0.4533701534166293,0.4533701534166293,0.0052633666407649,0.0,0.0052633666407649,-0.1338218117579241,1.5888757727666818,0.2013333333333333,0.0613333333333333,0.264,0.4826666666666667,0.1177777777777777,0.4906666666666666,0.7986666666666666,0.2248888888888889,17452.405687083927,7.966956153933635,10.706408660678685,15.07491813991033,1539,4250,1539,0,2533.1999216626846,144843.88224496413,4.4848235364107314e-07,0.0649599252197319,851.4958051180972,0.5532786258077305
3,18,seedpair03_ref20260905_label20260904_noise01000_rep005_seed2026085705,20260905,20260904,fiducial,0.1,26.427630943070632,5,2026085705,264.2763094307063,combined_practical_basis,1539,0.0001,2.0,3.356493874552016,0.183535174363237,0.4591436194518681,2050,0.0001,2.0,2050,0.0001,2.0,False,True,0.1742663835196573,0.1482101254226462,38.96082836456229,262.87561833888816,0.1482101254226462,174.8723482384439,293.312312813324,0.5961984567273856,179.1599406264706,393.8726996949065,0.4548676279550417,349.3645455584134,0.8869986313573673,238.05269442207387,0.8116014364987821,22.69101749489982,56.76477154689771,0.9836935938303368,1.7993238312201052,0.4516249822347912,0.4516249822347912,0.0032426457202505,0.0,0.0032426457202505,0.0140249917643959,1.5912447797804634,0.1826666666666666,0.064,0.2666666666666666,0.476,0.1213333333333333,0.5026666666666667,0.8173333333333334,0.2311111111111111,17224.72125428467,7.966956153933635,10.706408660678685,15.07491813991033,1539,4250,1539,0,2533.1999216626846,144843.88224496413,4.4848235364107314e-07,0.0649599252197319,851.4958051180972,0.5532786258077305
3,19,seedpair03_ref20260905_label20260904_noise01000_rep006_seed2026085706,20260905,20260904,fiducial,0.1,26.427630943070632,6,2026085706,264.2763094307063,combined_practical_basis,1539,0.0001,2.0,3.1998232499160686,0.1791079476181798,0.461713025529892,2050,0.0001,2.0,2050,0.0001,2.0,False,True,0.1822412457946282,0.1457102381460523,38.30366895095016,262.87561833888816,0.1457102381460523,176.24131106949065,293.312312813324,0.6008657099289858,180.35567854269783,393.8726996949065,0.4579034766369977,351.6948784288353,0.8929150933823489,240.28322950479685,0.8192060783269027,22.497715773458115,56.167125514922745,0.9841583333482964,1.635939440501352,0.4536077333605744,0.4536077333605744,0.0042957432764232,0.0,0.0042957432764232,-0.0461073311150008,1.6715064309265426,0.2053333333333333,0.072,0.2733333333333333,0.4746666666666667,0.1168888888888888,0.4773333333333333,0.7946666666666666,0.2328888888888889,17341.76977270551,7.966956153933635,10.706408660678685,15.07491813991033,1539,4250,1539,0,2533.1999216626846,144843.88224496413,4.4848235364107314e-07,0.0649599252197319,851.4958051180972,0.5532786258077305
3,20,seedpair03_ref20260905_label20260904_noise01000_rep007_seed2026085707,20260905,20260904,fiducial,0.1,26.427630943070632,7,2026085707,264.2763094307063,combined_practical_basis,1539,0.0001,2.0,3.1517815691270763,0.1780017343391592,0.4522766943770098,2050,0.0001,2.0,2050,0.0001,2.0,False,True,0.1808350240343862,0.1491200395029984,39.20002259107015,262.87561833888816,0.1491200395029984,174.43205303589173,293.312312813324,0.5946973427839269,178.78250165342402,393.8726996949065,0.4539093514018839,351.18474934322506,0.8916199310468903,241.15284167269263,0.8221708777229964,22.30922005824808,56.9236249244066,0.9835233756109354,2.1510514280658994,0.4495993019881575,0.4495993019881575,0.0043100494137264,0.0,0.0043100494137264,-0.0593511981767897,1.6582278392184182,0.2133333333333333,0.064,0.2706666666666666,0.4706666666666667,0.1235555555555555,0.492,0.7866666666666666,0.2364444444444444,17461.102828122646,7.966956153933635,10.706408660678685,15.07491813991033,1539,4250,1539,0,2533.1999216626846,144843.88224496413,4.4848235364107314e-07,0.0649599252197319,851.4958051180972,0.5532786258077305
3,21,seedpair03_ref20260905_label20260904_noise01000_rep008_seed2026085708,20260905,20260904,fiducial,0.1,26.427630943070632,8,2026085708,264.2763094307063,combined_practical_basis,1539,0.0001,2.0,3.0598012453221086,0.1749305777636451,0.4597834806723853,2050,0.0001,2.0,2050,0.0001,2.0,False,True,0.1826554651194439,0.1469117430842834,38.61951530452493,262.87561833888816,0.1469117430842836,174.96567569318847,293.312312813324,0.5965166413063057,179.17715990920954,393.8726996949065,0.4549113458434667,349.747140331056,0.8879699979256493,238.80442786168308,0.8141643477942505,23.287676198596685,57.755837359952885,0.9840504580691084,0.895052346697309,0.4512067938936203,0.4512067938936203,0.0037045519498464,0.0,0.0037045519498464,-0.0241493009572604,1.6730741293493996,0.236,0.072,0.2706666666666666,0.4586666666666666,0.1164444444444444,0.4773333333333333,0.764,0.2364444444444444,17385.98329959382,7.966956153933635,10.706408660678685,15.07491813991033,1539,4250,1539,0,2533.1999216626846,144843.88224496413,4.4848235364107314e-07,0.0649599252197319,851.4958051180972,0.5532786258077305
3,22,seedpair03_ref20260905_label20260904_noise01000_rep009_seed2026085709,20260905,20260904,fiducial,0.1,26.427630943070632,9,2026085709,264.2763094307063,combined_practical_basis,1539,0.0001,2.0,3.1652672226332483,0.1791094283711774,0.4682183001728056,2050,0.0001,2.0,2050,0.0001,2.0,False,True,0.1820851658347188,0.15246616705188,40.07963793952316,262.87561833888816,0.1524661670518799,178.679439661125,293.312312813324,0.6091781076195187,183.1194133208625,393.8726996949065,0.4649202990273423,347.9023161711044,0.8832861897780406,236.6914418659559,0.8069604702090911,23.170380668578886,58.91282089200335,0.9827762814484988,2.338740274351112,0.45962395923951,0.45962395923951,0.0052963397878322,0.0,0.0052963397878322,-0.0596425046839438,1.668003589901684,0.2266666666666666,0.0733333333333333,0.252,0.48,0.1195555555555555,0.4653333333333333,0.7733333333333333,0.2355555555555555,16949.208511339966,7.966956153933635,10.706408660678685,15.07491813991033,1539,4250,1539,0,2533.1999216626846,144843.88224496413,4.4848235364107314e-07,0.0649599252197319,851.4958051180972,0.5532786258077305
3,23,seedpair03_ref20260905_label20260904_noise01000_rep010_seed2026085710,20260905,20260904,fiducial,0.1,26.427630943070632,10,2026085710,264.2763094307063,combined_practical_basis,1539,0.0001,2.0,3.2129408887423945,0.1798918159061436,0.4576203157059499,2050,0.0001,2.0,2050,0.0001,2.0,False,True,0.1788176983695594,0.1467161831253318,38.56810735939315,262.87561833888816,0.1467161831253318,173.38431307980062,293.312312813324,0.5911252460449881,177.6221239807699,393.8726996949065,0.4509632785373444,352.1852594568716,0.8941601175447651,241.8337756187176,0.8244924098110759,22.779082216913856,55.8998647251287,0.9839951966022028,2.1942269275735407,0.447781620732785,0.447781620732785,0.0031816578045593,0.0,0.0031816578045593,-0.1115913778772663,1.6496148387023315,0.2146666666666666,0.0626666666666666,0.248,0.4946666666666666,0.1235555555555555,0.5,0.7853333333333333,0.2391111111111111,17277.186156658103,7.966956153933635,10.706408660678685,15.07491813991033,1539,4250,1539,0,2533.1999216626846,144843.88224496413,4.4848235364107314e-07,0.0649599252197319,851.4958051180972,0.5532786258077305
3,24,seedpair03_ref20260905_label20260904_noise01000_rep011_seed2026085711,20260905,20260904,fiducial,0.1,26.427630943070632,11,2026085711,264.2763094307063,combined_practical_basis,1539,0.0001,2.0,3.401086222263028,0.1842284223281736,0.4592855336192957,1795,0.0001,2.0,2050,0.0001,2.0,False,False,0.1745797904155961,0.1453519245995268,38.20947705584808,262.87561833888816,0.1453519245995268,175.9063656902166,293.312312813324,0.5997237688489766,180.008370992078,393.8726996949065,0.4570217004923478,350.406708263938,0.8896445692614969,239.5048410479391,0.816552291142206,23.388313890318447,56.77259724915999,0.9843521017901704,1.268819194162631,0.4535792569820429,0.4526112920894971,0.0044104084028507,0.0009679648925458,0.0034424435103049,-0.0015034732808286,1.5993587455325278,0.204,0.0626666666666666,0.2613333333333333,0.5026666666666667,0.1226666666666666,0.4946666666666666,0.796,0.2373333333333333,17231.66230842902,7.966956153933635,10.706408660678685,15.07491813991033,1539,4250,1539,0,2533.1999216626846,144843.88224496413,4.4848235364107314e-07,0.0649599252197319,851.4958051180972,0.5532786258077305
4,13,seedpair04_ref20260915_label20260914_noise01000_rep000_seed2026086700,20260915,20260914,fiducial,0.1,26.507768521227614,0,2026086700,265.0776852122761,combined_practical_basis,1539,0.0001,2.0,3.300981737793008,0.1829402207615888,0.4907796926221553,2050,0.0001,2.0,2050,0.0001,2.0,False,True,0.1625491933199169,0.1314022061580325,35.083316858206324,266.9918404262783,0.1314022061580324,175.51975460967765,308.3150877785446,0.5692869456189226,178.9916852259198,407.8514879292497,0.4388648577321597,354.98351732675,0.8703744569600032,237.07229762343164,0.7689286286038491,19.9122249172676,54.587084088621694,0.9859746637646422,-0.7383926764353135,0.4329706678958541,0.4329706678958541,0.0058941898363056,0.0,0.0058941898363056,0.0146654936796042,1.5119989317881104,0.188,0.052,0.2573333333333333,0.5173333333333333,0.1346666666666666,0.5053333333333333,0.812,0.2675555555555555,17043.255214600154,7.936370677491032,10.676663602674845,15.10004071310609,1539,4250,1539,0,2584.7631382153063,147648.30654223377,4.597213210625189e-07,0.0678770745362394,852.3173403031208,0.5538124368441331
4,14,seedpair04_ref20260915_label20260914_noise01000_rep001_seed2026086701,20260915,20260914,fiducial,0.1,26.507768521227614,1,2026086701,265.0776852122761,combined_practical_basis,1539,0.0001,2.0,3.141626353625635,0.1783778613850053,0.4849842520787579,2050,0.0001,2.0,2050,0.0001,2.0,False,True,0.1609176009746161,0.1298589367004849,34.67127650546203,266.9918404262783,0.1298589367004848,175.1284933344333,308.3150877785446,0.5680179150370479,178.52755135302465,407.8514879292497,0.4377268604791604,352.9608133889591,0.8654150440421771,236.3640380561544,0.7666314346118833,20.117112919847145,53.2447717744202,0.9863622485112248,1.889426789683688,0.4326601828915208,0.4326601828915208,0.0050666775876395,0.0,0.0050666775876395,-0.1112902588526472,1.4967199200072725,0.1693333333333333,0.052,0.2906666666666667,0.5053333333333333,0.1342222222222222,0.508,0.8306666666666667,0.2524444444444444,16684.220044057303,7.936370677491032,10.676663602674845,15.10004071310609,1539,4250,1539,0,2584.7631382153063,147648.30654223377,4.597213210625189e-07,0.0678770745362394,852.3173403031208,0.5538124368441331
4,15,seedpair04_ref20260915_label20260914_noise01000_rep002_seed2026086702,20260915,20260914,fiducial,0.1,26.507768521227614,2,2026086702,265.0776852122761,combined_practical_basis,1539,0.0001,2.0,3.137100062827438,0.1791570581365503,0.487209188281273,2050,0.0001,2.0,2050,0.0001,2.0,False,True,0.1631403456167452,0.1283878008393266,34.27849523437429,266.9918404262783,0.1283878008393266,175.92721657695822,308.3150877785446,0.5706085220951709,179.23560128514922,407.8514879292497,0.4394629089013924,355.56518704148004,0.8718006371553565,239.3935812067593,0.7764575614240132,20.85346842312836,52.04321043232796,0.986636743761412,0.8400506954668268,0.4343492239343401,0.4343492239343401,0.0051136849670523,0.0,0.0051136849670523,0.0242737768416863,1.5102057986283284,0.184,0.0413333333333333,0.2746666666666666,0.48,0.1431111111111111,0.5013333333333333,0.816,0.2662222222222222,16614.92296320172,7.936370677491032,10.676663602674845,15.10004071310609,1539,4250,1539,0,2584.7631382153063,147648.30654223377,4.597213210625189e-07,0.0678770745362394,852.3173403031208,0.5538124368441331
4,16,seedpair04_ref20260915_label20260914_noise01000_rep003_seed2026086703,20260915,20260914,fiducial,0.1,26.507768521227614,3,2026086703,265.0776852122761,combined_practical_basis,1539,0.0001,2.0,3.267419522808696,0.182582140659495,0.4848102596208621,2050,0.0001,2.0,2050,0.0001,2.0,False,True,0.1576278475270269,0.1292184590132712,34.50027418900089,266.9918404262783,0.1292184590132712,174.23900865968753,308.3150877785446,0.5651329291573278,177.62179218166588,407.8514879292497,0.4355060541362499,355.0227993677193,0.8704707715307033,237.8224518218952,0.7713617051161551,19.67262375285049,53.63949933002624,0.9864447067272702,-0.0271616251280088,0.4319563332478794,0.4319563332478794,0.0035497208883704,0.0,0.0035497208883704,-0.0545871161496664,1.47783745690702,0.1786666666666666,0.0493333333333333,0.2733333333333333,0.532,0.1435555555555555,0.4813333333333333,0.8213333333333334,0.2666666666666666,17059.63901653983,7.936370677491032,10.676663602674845,15.10004071310609,1539,4250,1539,0,2584.7631382153063,147648.30654223377,4.597213210625189e-07,0.0678770745362394,852.3173403031208,0.5538124368441331
4,17,seedpair04_ref20260915_label20260914_noise01000_rep004_seed2026086704,20260915,20260914,fiducial,0.1,26.507768521227614,4,2026086704,265.0776852122761,combined_practical_basis,1539,0.0001,2.0,3.57821980875177,0.1900752295897081,0.4813353329770511,2050,0.0001,2.0,2050,0.0001,2.0,False,True,0.1567298873659215,0.1281513338984747,34.21536049063625,266.9918404262783,0.1281513338984746,173.22185863955426,308.3150877785446,0.5618338690060326,176.56869259312623,407.8514879292497,0.4329239878211643,355.5410466637408,0.8717414480180019,238.5667243270568,0.7737757047375302,19.62225776400372,51.6670776880702,0.9866919407654008,-0.5789469523026005,0.4276557036238043,0.4276557036238043,0.0052682841973599,0.0,0.0052682841973599,0.0275545898561,1.446301366487585,0.1666666666666666,0.04,0.2786666666666667,0.544,0.1337777777777777,0.508,0.8333333333333334,0.2671111111111111,16772.27673534119,7.936370677491032,10.676663602674845,15.10004071310609,1539,4250,1539,0,2584.7631382153063,147648.30654223377,4.597213210625189e-07,0.0678770745362394,852.3173403031208,0.5538124368441331
4,18,seedpair04_ref20260915_label20260914_noise01000_rep005_seed2026086705,20260915,20260914,fiducial,0.1,26.507768521227614,5,2026086705,265.0776852122761,combined_practical_basis,1539,0.0001,2.0,3.422775342315317,0.1865184656470649,0.485082270841827,2050,0.0001,2.0,2050,0.0001,2.0,False,True,0.1613498539890047,0.1289972228776161,34.44120594597354,266.9918404262783,0.1289972228776161,174.5655458973597,308.3150877785446,0.5661920315192165,177.9306788652709,407.8514879292497,0.436263405017016,356.4760466645581,0.8740339491574842,239.79160989772475,0.7777485416800665,19.93179609037368,53.395317548907016,0.9864955492383354,-0.3812623737804744,0.431096611519611,0.431096611519611,0.005166793497405,0.0,0.005166793497405,-0.0638300838077014,1.5088190098877412,0.192,0.0533333333333333,0.2866666666666667,0.504,0.1435555555555555,0.5186666666666667,0.808,0.2622222222222222,16870.556637513422,7.936370677491032,10.676663602674845,15.10004071310609,1539,4250,1539,0,2584.7631382153063,147648.30654223377,4.597213210625189e-07,0.0678770745362394,852.3173403031208,0.5538124368441331
4,19,seedpair04_ref20260915_label20260914_noise01000_rep006_seed2026086706,20260915,20260914,fiducial,0.1,26.507768521227614,6,2026086706,265.0776852122761,combined_practical_basis,1539,0.0001,2.0,3.1235980603586917,0.1772593903621327,0.4880968485679435,2050,0.0001,2.0,2050,0.0001,2.0,False,True,0.1702283004794489,0.1299659390219585,34.699845252202174,266.9918404262783,0.1299659390219585,175.20226836094074,308.3150877785446,0.568257199552895,178.60547051909097,407.8514879292497,0.4379179083688271,355.32407892271067,0.8712094706991703,238.3520675520637,0.7730794794034418,19.17264564451357,55.511699970062864,0.9862766250638668,0.8062103614383371,0.4320087570563682,0.4320087570563682,0.0059091513124588,0.0,0.0059091513124588,-0.044778905492827,1.5805782292473594,0.2186666666666666,0.0573333333333333,0.2906666666666667,0.4893333333333333,0.1413333333333333,0.5146666666666667,0.7813333333333333,0.2675555555555555,16603.898377563775,7.936370677491032,10.676663602674845,15.10004071310609,1539,4250,1539,0,2584.7631382153063,147648.30654223377,4.597213210625189e-07,0.0678770745362394,852.3173403031208,0.5538124368441331
4,20,seedpair04_ref20260915_label20260914_noise01000_rep007_seed2026086707,20260915,20260914,fiducial,0.1,26.507768521227614,7,2026086707,265.0776852122761,combined_practical_basis,1539,0.0001,2.0,3.20614193547811,0.1798620963190143,0.4951415000300875,2050,0.0001,2.0,2050,0.0001,2.0,False,True,0.1615994341218153,0.1315125426270396,35.11277579513268,266.9918404262783,0.1315125426270395,175.05755345030437,308.3150877785446,0.5677878261217111,178.5442635428129,407.8514879292497,0.4377678366439725,355.9356526711661,0.8727089717836473,238.8639603407617,0.7747397704789979,20.327598858029543,54.34524054381467,0.9859428092137134,-0.1209278909525045,0.4324117129693713,0.4324117129693713,0.0053561236746011,0.0,0.0053561236746011,0.0244012806042316,1.4975823205649514,0.1786666666666666,0.0493333333333333,0.2653333333333333,0.5106666666666667,0.136,0.4973333333333333,0.8213333333333334,0.2537777777777777,16743.61442113132,7.936370677491032,10.676663602674845,15.10004071310609,1539,4250,1539,0,2584.7631382153063,147648.30654223377,4.597213210625189e-07,0.0678770745362394,852.3173403031208,0.5538124368441331
4,21,seedpair04_ref20260915_label20260914_noise01000_rep008_seed2026086708,20260915,20260914,fiducial,0.1,26.507768521227614,8,2026086708,265.0776852122761,combined_practical_basis,1539,0.0001,2.0,3.142231948388293,0.1787821563039429,0.478288472930443,2050,0.0001,2.0,2050,0.0001,2.0,False,True,0.1594659396290456,0.1308129262792691,34.92598393884914,266.9918404262783,0.1308129262792691,173.58532775891194,308.3150877785446,0.5630127575319771,177.06408548112074,407.8514879292497,0.4341386282053633,354.0233974120377,0.8680203649850371,235.72845316921465,0.764569956234295,19.74279359663589,53.87294627600155,0.9860830237325064,0.5123889865373825,0.4291797301417528,0.4291797301417528,0.0049588980636104,0.0,0.0049588980636104,-0.0481133677983604,1.493602178139688,0.1706666666666666,0.048,0.252,0.52,0.1373333333333333,0.4853333333333333,0.8293333333333334,0.2551111111111111,16859.329547521374,7.936370677491032,10.676663602674845,15.10004071310609,1539,4250,1539,0,2584.7631382153063,147648.30654223377,4.597213210625189e-07,0.0678770745362394,852.3173403031208,0.5538124368441331
4,22,seedpair04_ref20260915_label20260914_noise01000_rep009_seed2026086709,20260915,20260914,fiducial,0.1,26.507768521227614,9,2026086709,265.0776852122761,combined_practical_basis,1539,0.0001,2.0,3.3051019455897346,0.182952882349121,0.4808280236434334,2050,0.0001,2.0,2050,0.0001,2.0,False,True,0.1615093635128606,0.1291335024516548,34.47759148025863,266.9918404262783,0.1291335024516547,171.7720740074925,308.3150877785446,0.5571315865374461,175.19803002064572,407.8514879292497,0.4295632974398697,355.8828492026678,0.8725795043915668,239.50108190149768,0.7768062329584261,19.21829186317977,53.92050438619193,0.986464260454933,0.718929316304615,0.4249719854200777,0.4249719854200777,0.0045913120197919,0.0,0.0045913120197919,-0.0417342515796589,1.5059789313569043,0.1986666666666666,0.052,0.2586666666666666,0.5253333333333333,0.1408888888888889,0.5,0.8013333333333333,0.2662222222222222,17023.626434003254,7.936370677491032,10.676663602674845,15.10004071310609,1539,4250,1539,0,2584.7631382153063,147648.30654223377,4.597213210625189e-07,0.0678770745362394,852.3173403031208,0.5538124368441331
4,23,seedpair04_ref20260915_label20260914_noise01000_rep010_seed2026086710,20260915,20260914,fiducial,0.1,26.507768521227614,10,2026086710,265.0776852122761,combined_practical_basis,1539,0.0001,2.0,3.0596334223401374,0.1764373935664587,0.485637086945725,2050,0.0001,2.0,2050,0.0001,2.0,False,True,0.1632763747323124,0.1309287219288905,34.95690043245492,266.9918404262783,0.1309287219288905,175.4739323983876,308.3150877785446,0.5691383242471298,178.92201049395368,407.8514879292497,0.4386940241468272,353.86108811261386,0.8676224032165316,236.93716122662164,0.7684903224613127,19.861652726424374,54.43245285692443,0.9861000678927369,0.6165617449656852,0.4328439337814246,0.4328439337814246,0.0058500903654025,0.0,0.0058500903654025,-0.0722628273021992,1.5208524714135323,0.1973333333333333,0.0506666666666666,0.2773333333333333,0.5146666666666667,0.1386666666666666,0.512,0.8026666666666666,0.2648888888888889,16715.19787002993,7.936370677491032,10.676663602674845,15.10004071310609,1539,4250,1539,0,2584.7631382153063,147648.30654223377,4.597213210625189e-07,0.0678770745362394,852.3173403031208,0.5538124368441331
4,24,seedpair04_ref20260915_label20260914_noise01000_rep011_seed2026086711,20260915,20260914,fiducial,0.1,26.507768521227614,11,2026086711,265.0776852122761,combined_practical_basis,1539,0.0001,2.0,3.296255140592138,0.1832652001421522,0.4920487895863457,2050,0.0001,2.0,2050,0.0001,2.0,False,True,0.163076599552508,0.1311846861983737,35.0252408038476,266.9918404262783,0.1311846861983737,174.6136874085365,308.3150877785446,0.5663481753898381,178.09185080674973,407.8514879292497,0.4366585781284276,356.9643320256956,0.875231162789379,239.26953673841297,0.7760552312323897,20.456711464814827,55.11503082898877,0.9860006468773111,0.1019011284744679,0.430830001312359,0.430830001312359,0.0058285768160686,0.0,0.0058285768160686,-0.0453048501672837,1.5206344419751512,0.2026666666666666,0.0373333333333333,0.2613333333333333,0.4773333333333333,0.1382222222222222,0.504,0.7973333333333333,0.2635555555555555,16512.930659479498,7.936370677491032,10.676663602674845,15.10004071310609,1539,4250,1539,0,2584.7631382153063,147648.30654223377,4.597213210625189e-07,0.0678770745362394,852.3173403031208,0.5538124368441331
0,25,seedpair00_ref20260805_label20260804_noise02000_rep000_seed2026082700,20260805,20260804,fiducial,0.2,53.45736559288176,0,2026082700,267.2868279644088,combined_practical_basis,1539,0.0001,2.0,1.7598826729282735,0.2611804065591283,0.4594597071806029,2050,0.0001,2.0,1795,0.0001,2.0,False,False,0.236274365822267,0.1488486654830528,40.53928843975571,272.352380911143,0.1488486654830528,185.0867904219793,301.82045425606793,0.6132347487123903,189.4744148847316,406.5358606510716,0.466070605877883,360.00689408204624,0.8855476943792641,243.28794378900665,0.8060684435343085,20.73161938464025,55.8727856030243,0.982660578752927,4.627086284213778,0.4633038276811792,0.4644291210938183,0.0016414847840646,-0.0011252934126391,0.0027667781967037,-0.0951836963327613,1.1262850234160098,0.092,0.008,0.4266666666666667,0.624,0.2626666666666666,0.732,0.908,0.4773333333333333,16879.887332876533,16.054204754390113,21.339126934305902,30.421762203975064,1539,4250,1539,0,2250.3751596898683,116846.93125762897,4.661888300639104e-07,0.0544727341795522,852.566287080517,0.5539741956338642
0,26,seedpair00_ref20260805_label20260804_noise02000_rep001_seed2026082701,20260805,20260804,fiducial,0.2,53.45736559288176,1,2026082701,267.2868279644088,combined_practical_basis,1539,0.0001,2.0,1.6615432255472469,0.258038296683152,0.4636621541341381,1539,0.0001,2.0,1283,0.0001,2.0,False,False,0.2474454705704768,0.1541915161327692,41.994426535058615,272.352380911143,0.1541915161327692,190.98255436369837,301.82045425606793,0.6327687592758924,195.5450534564642,406.5358606510716,0.4810032087779332,353.09897756481746,0.8685555488249562,235.7212643625854,0.7809983088906121,21.609721785619307,58.44826665901687,0.9815796241169052,5.462414585904175,0.4810032087779332,0.4793093904024945,0.0016938183754386,0.0016938183754386,0.0,-0.1206201024676278,1.1916304594628948,0.0906666666666666,0.0146666666666666,0.4253333333333333,0.6226666666666667,0.2577777777777778,0.7253333333333334,0.9093333333333332,0.4737777777777778,17045.18959364258,16.054204754390113,21.339126934305902,30.421762203975064,1539,4250,1539,0,2250.3751596898683,116846.93125762897,4.661888300639104e-07,0.0544727341795522,852.566287080517,0.5539741956338642
0,27,seedpair00_ref20260805_label20260804_noise02000_rep002_seed2026082702,20260805,20260804,fiducial,0.2,53.45736559288176,2,2026082702,267.2868279644088,combined_practical_basis,1539,0.0001,2.0,1.6859685704223817,0.2669981406109355,0.4510741487874858,1795,0.0001,2.0,1283,0.0001,2.0,False,False,0.237289295973608,0.1541478821978526,41.98254272899554,272.352380911143,0.1541478821978525,185.5559167602892,301.82045425606793,0.6147890712630809,190.24597798309247,406.5358606510716,0.4679685026516761,353.90201793566104,0.8705308736328526,239.0354479861149,0.7919789550886915,20.276944913388547,57.18849788402618,0.981906252783313,6.754483836477831,0.4682455820652764,0.4665136747185635,0.0014548279331126,0.0017319073467129,-0.0002770794136002,-0.1282935680159046,1.1203147430301588,0.0746666666666666,0.008,0.428,0.628,0.2591111111111111,0.72,0.9253333333333332,0.4768888888888888,16879.246164146076,16.054204754390113,21.339126934305902,30.421762203975064,1539,4250,1539,0,2250.3751596898683,116846.93125762897,4.661888300639104e-07,0.0544727341795522,852.566287080517,0.5539741956338642
0,28,seedpair00_ref20260805_label20260804_noise02000_rep003_seed2026082703,20260805,20260804,fiducial,0.2,53.45736559288176,3,2026082703,267.2868279644088,combined_practical_basis,1539,0.0001,2.0,1.4940940804185894,0.2436370456309838,0.4756845238026038,2050,0.0001,2.0,1539,0.0001,2.0,True,False,0.2585134361651443,0.1635053288148343,44.53106559437945,272.352380911143,0.1635053288148343,191.3927771102204,301.82045425606793,0.6341279207930705,196.50498958788157,406.5358606510716,0.4833644669702118,357.02986996968025,0.878224787840101,238.9543528923805,0.7917102685480982,22.35514741301088,57.2020810498942,0.9790594763582108,5.51203217137678,0.4834491565830726,0.4833644669702118,0.0,8.46896128607888e-05,-8.46896128607888e-05,-0.1159981167422086,1.2367035896809844,0.1066666666666666,0.028,0.4426666666666666,0.628,0.2417777777777777,0.696,0.8933333333333333,0.4542222222222222,17088.485922587286,16.054204754390113,21.339126934305902,30.421762203975064,1539,4250,1539,0,2250.3751596898683,116846.93125762897,4.661888300639104e-07,0.0544727341795522,852.566287080517,0.5539741956338642
0,29,seedpair00_ref20260805_label20260804_noise02000_rep004_seed2026082704,20260805,20260804,fiducial,0.2,53.45736559288176,4,2026082704,267.2868279644088,combined_practical_basis,1539,0.0001,2.0,1.694276423529934,0.2564256093316538,0.4585354277375859,2050,0.0001,2.0,1539,0.0001,2.0,True,False,0.2338571478014318,0.1460416166603311,39.77478200955364,272.352380911143,0.1460416166603311,185.9709073080177,301.82045425606793,0.6161640295930303,190.17679051050055,406.5358606510716,0.4677983147807191,366.5583997184816,0.9016631377400122,251.84418014144632,0.8344172059584101,20.46710853381137,57.89912961962024,0.9833274021400774,4.898245500034275,0.4660121990851649,0.4677983147807191,0.0,-0.0017861156955542,0.0017861156955542,-0.0585916840585762,1.1160318140059822,0.0733333333333333,0.0066666666666666,0.46,0.6226666666666667,0.2551111111111111,0.7306666666666667,0.9266666666666666,0.4715555555555555,17144.29529686765,16.054204754390113,21.339126934305902,30.421762203975064,1539,4250,1539,0,2250.3751596898683,116846.93125762897,4.661888300639104e-07,0.0544727341795522,852.566287080517,0.5539741956338642
0,30,seedpair00_ref20260805_label20260804_noise02000_rep005_seed2026082705,20260805,20260804,fiducial,0.2,53.45736559288176,5,2026082705,267.2868279644088,combined_practical_basis,1539,0.0001,2.0,1.681585660259254,0.2568809289197148,0.4570903597043222,2050,0.0001,2.0,1795,0.0001,2.0,False,False,0.2459327813566584,0.1555136242245074,42.35450582166541,272.352380911143,0.1555136242245074,187.60345344252949,301.82045425606793,0.6215730272652912,192.3251411203455,406.5358606510716,0.4730828439398549,362.9302470840389,0.892738580313191,247.61278593818645,0.8203976319249355,21.34678186547879,53.68857304255842,0.9809281419092148,2.2328998479974467,0.4711368651436969,0.4715877506380001,0.0014950933018547,-0.0004508854943032,0.0019459787961579,-0.0901261947550294,1.1839006551522435,0.092,0.0173333333333333,0.4306666666666666,0.6,0.2497777777777777,0.6946666666666667,0.908,0.452,16997.53263299725,16.054204754390113,21.339126934305902,30.421762203975064,1539,4250,1539,0,2250.3751596898683,116846.93125762897,4.661888300639104e-07,0.0544727341795522,852.566287080517,0.5539741956338642
0,31,seedpair00_ref20260805_label20260804_noise02000_rep006_seed2026082706,20260805,20260804,fiducial,0.2,53.45736559288176,6,2026082706,267.2868279644088,combined_practical_basis,1539,0.0001,2.0,1.7485178072287713,0.2653279915485244,0.4563152660088601,2050,0.0001,2.0,1283,0.0001,2.0,False,False,0.2462478756583625,0.1526107376907471,41.5638977626809,272.352380911143,0.1526107376907471,188.4231775761493,301.82045425606793,0.6242889602713569,192.95297729011511,406.5358606510716,0.4746272001222691,357.20283128591274,0.8786502394004024,241.9236645785661,0.8015482753641187,21.26722651959432,55.08999447798094,0.9820579432845136,6.472375895819591,0.4723397005506165,0.4741978441586179,0.0004293559636512,-0.0018581436080014,0.0022874995716526,-0.0471542553747571,1.1651733010724443,0.092,0.0133333333333333,0.4333333333333333,0.628,0.2497777777777777,0.7186666666666667,0.908,0.4706666666666667,17140.564119624858,16.054204754390113,21.339126934305902,30.421762203975064,1539,4250,1539,0,2250.3751596898683,116846.93125762897,4.661888300639104e-07,0.0544727341795522,852.566287080517,0.5539741956338642
0,32,seedpair00_ref20260805_label20260804_noise02000_rep007_seed2026082707,20260805,20260804,fiducial,0.2,53.45736559288176,7,2026082707,267.2868279644088,combined_practical_basis,1539,0.0001,2.0,1.7118592530380738,0.2585376380397911,0.4529460939364881,2050,0.0001,2.0,1283,0.0001,2.0,False,False,0.2510538298497343,0.1484883472153735,40.4411549016675,272.352380911143,0.1484883472153736,188.4818836393748,301.82045425606793,0.6244834668476927,192.77164591824047,406.5358606510716,0.4741811598354806,362.0468705031951,0.8905656438853218,247.7799199669953,0.8209513850800051,20.444331834784663,54.27097669122472,0.9829698698409254,6.351440279610945,0.4701963477131443,0.4738852128018923,0.0002959470335883,-0.0036888650887479,0.0039848121223363,-0.0638734591182629,1.1931453437090134,0.1026666666666666,0.0146666666666666,0.4413333333333333,0.624,0.2542222222222222,0.7293333333333333,0.8973333333333333,0.4706666666666667,17511.034542357815,16.054204754390113,21.339126934305902,30.421762203975064,1539,4250,1539,0,2250.3751596898683,116846.93125762897,4.661888300639104e-07,0.0544727341795522,852.566287080517,0.5539741956338642
0,33,seedpair00_ref20260805_label20260804_noise02000_rep008_seed2026082708,20260805,20260804,fiducial,0.2,53.45736559288176,8,2026082708,267.2868279644088,combined_practical_basis,1539,0.0001,2.0,1.72928227695895,0.260271546518105,0.4660895593885013,1539,0.0001,2.0,1283,0.0001,2.0,False,False,0.2469232554205682,0.1583267265144311,43.12066092807272,272.352380911143,0.1583267265144311,192.14832733440971,301.82045425606793,0.6366312310012923,196.9273244023929,406.5358606510716,0.484403329357001,361.16485211701377,0.8883960483550069,245.4198985903621,0.8131320960180686,21.370479685739085,57.24744805660438,0.9803631450962218,5.0807107854166285,0.484403329357001,0.4821029501772144,0.0023003791797865,0.0023003791797865,0.0,-0.0765308621557953,1.185902928267083,0.088,0.0146666666666666,0.3933333333333333,0.596,0.2608888888888889,0.728,0.912,0.4746666666666667,17657.295569212118,16.054204754390113,21.339126934305902,30.421762203975064,1539,4250,1539,0,2250.3751596898683,116846.93125762897,4.661888300639104e-07,0.0544727341795522,852.566287080517,0.5539741956338642
0,34,seedpair00_ref20260805_label20260804_noise02000_rep009_seed2026082709,20260805,20260804,fiducial,0.2,53.45736559288176,9,2026082709,267.2868279644088,combined_practical_basis,1539,0.0001,2.0,1.6414807817031316,0.2544989927465224,0.4758686667756406,2050,0.0001,2.0,1283,0.0001,2.0,False,False,0.247546057389647,0.1545693685917278,42.09733555188912,272.352380911143,0.1545693685917278,190.21204711346525,301.82045425606793,0.6302158930291953,194.81480571985148,406.5358606510716,0.4792069398449953,356.54994120327694,0.8770442554126918,238.9313810577519,0.7916341576208741,21.541538474292334,56.63152095930072,0.9813034126300416,4.788519536869204,0.4767232801250096,0.4772840273716448,0.0019229124733504,-0.0005607472466352,0.0024836597199857,-0.1550686366545278,1.2000905562811492,0.1,0.0133333333333333,0.4453333333333333,0.628,0.2613333333333333,0.7173333333333334,0.9,0.4684444444444444,16854.97981814402,16.054204754390113,21.339126934305902,30.421762203975064,1539,4250,1539,0,2250.3751596898683,116846.93125762897,4.661888300639104e-07,0.0544727341795522,852.566287080517,0.5539741956338642
0,35,seedpair00_ref20260805_label20260804_noise02000_rep010_seed2026082710,20260805,20260804,fiducial,0.2,53.45736559288176,10,2026082710,267.2868279644088,combined_practical_basis,1539,0.0001,2.0,1.8555099033033855,0.2696679639825243,0.4508778531103738,2050,0.0001,2.0,2050,0.0001,2.0,False,True,0.2403513730117056,0.1502334009722847,40.91642444718015,272.352380911143,0.1502334009722846,187.84237713085997,301.82045425606793,0.6223646359351521,192.2470089122689,406.5358606510716,0.4728906537405661,360.4262513103099,0.8865792324767693,244.13253598801904,0.8088667701125856,21.03252943413896,58.70690007634544,0.9822903019708557,3.879733841140581,0.4697363130442484,0.4697363130442484,0.0031543406963177,0.0,0.0031543406963177,-0.0049455447798179,1.1473003651132476,0.0893333333333333,0.008,0.432,0.636,0.2413333333333333,0.712,0.9106666666666666,0.456,17483.236939258633,16.054204754390113,21.339126934305902,30.421762203975064,1539,4250,1539,0,2250.3751596898683,116846.93125762897,4.661888300639104e-07,0.0544727341795522,852.566287080517,0.5539741956338642
0,36,seedpair00_ref20260805_label20260804_noise02000_rep011_seed2026082711,20260805,20260804,fiducial,0.2,53.45736559288176,11,2026082711,267.2868279644088,combined_practical_basis,1539,0.0001,2.0,1.619863102005359,0.253388162597345,0.4614470237241505,1795,0.0001,2.0,1283,0.0001,2.0,False,False,0.2374070144594296,0.1510296216190205,41.13327703604926,272.352380911143,0.1510296216190204,191.7371557495977,301.82045425606793,0.6352689257664614,196.0996771406569,406.5358606510716,0.4823674763318569,352.0818339527441,0.8660535712369413,234.7178656271673,0.7776738200388168,21.769920808894263,58.09891924805367,0.9824238242140808,5.51120169435865,0.4822928357895886,0.4842326839983027,-0.0018652076664458,-0.0019398482087141,7.464054226835604e-05,-0.1256266971185028,1.1499292261607987,0.0826666666666666,0.0066666666666666,0.4293333333333333,0.6133333333333333,0.2502222222222222,0.7066666666666667,0.9173333333333332,0.4604444444444444,17504.505002388058,16.054204754390113,21.339126934305902,30.421762203975064,1539,4250,1539,0,2250.3751596898683,116846.93125762897,4.661888300639104e-07,0.0544727341795522,852.566287080517,0.5539741956338642
1,25,seedpair01_ref20260815_label20260814_noise02000_rep000_seed2026083700,20260815,20260814,fiducial,0.2,54.65424997869445,0,2026083700,273.27124989347226,combined_practical_basis,1539,0.0001,2.0,1.8608733108325592,0.2653788583009578,0.5309644664083777,2050,0.0001,2.0,2050,0.0001,2.0,False,True,0.2734077472931139,0.1814975931096036,46.98426692724158,258.86991734853746,0.1814975931096036,189.563522850354,299.24089973268013,0.6334813289884376,195.29938692716615,395.6750563036069,0.4935852887762282,359.6297987629729,0.90890187044549,254.3431804181456,0.8499612875290681,22.196542539516894,63.56942007504214,0.9763757671575712,-1.358824046218216,0.4902707661440693,0.4902707661440693,0.0033145226321589,0.0,0.0033145226321589,0.0514730440995271,1.2098876409416033,0.1146666666666666,0.02,0.424,0.6426666666666667,0.2475555555555555,0.6893333333333334,0.8853333333333333,0.4648888888888889,19136.65203673073,16.407244732364827,21.832581755104695,31.125281438376334,1539,4250,1539,0,2125.338724255508,101921.4115695718,4.6704370107529547e-07,0.0476017532782712,849.5649572072753,0.552024013779906
1,26,seedpair01_ref20260815_label20260814_noise02000_rep001_seed2026083701,20260815,20260814,fiducial,0.2,54.65424997869445,1,2026083701,273.27124989347226,combined_practical_basis,1539,0.0001,2.0,1.7858472301502215,0.2607806329148057,0.5066496034603513,2050,0.0001,2.0,2050,0.0001,2.0,False,True,0.2712211036821133,0.1804294313067269,46.707751969616005,258.86991734853746,0.1804294313067269,186.7348082085598,299.24089973268013,0.6240283610140692,192.48766893165592,395.6750563036069,0.4864791597678006,359.97721447032995,0.9097799033207552,256.50136093294907,0.8571734718151448,22.572756122267982,58.38009290246785,0.976665599754533,1.4081838816689014,0.4817429862110922,0.4817429862110922,0.0047361735567084,0.0,0.0047361735567084,-0.0243850824967019,1.2039308525225565,0.1093333333333333,0.008,0.4253333333333333,0.6053333333333333,0.2564444444444444,0.7146666666666667,0.8906666666666667,0.4737777777777778,18168.493340131907,16.407244732364827,21.832581755104695,31.125281438376334,1539,4250,1539,0,2125.338724255508,101921.4115695718,4.6704370107529547e-07,0.0476017532782712,849.5649572072753,0.552024013779906
1,27,seedpair01_ref20260815_label20260814_noise02000_rep002_seed2026083702,20260815,20260814,fiducial,0.2,54.65424997869445,2,2026083702,273.27124989347226,combined_practical_basis,1539,0.0001,2.0,1.7270603778151823,0.2584251958492067,0.5059397446936178,2050,0.0001,2.0,2050,0.0001,2.0,False,True,0.2689243917516852,0.1742081600886279,45.09725200358391,258.86991734853746,0.174208160088628,190.3685865323288,299.24089973268013,0.6361716820875425,195.6373197439372,395.6750563036069,0.4944393552921414,357.9317908265653,0.9046104502274191,254.62683866497937,0.8509092135882639,23.397779340168977,60.31744550875414,0.97834473082978,2.049674001923163,0.493428800846605,0.493428800846605,0.0010105544455363,0.0,0.0010105544455363,-0.057533161260935,1.2004709919494083,0.1133333333333333,0.0133333333333333,0.436,0.6053333333333333,0.2444444444444444,0.704,0.8866666666666667,0.4631111111111111,18699.101697906703,16.407244732364827,21.832581755104695,31.125281438376334,1539,4250,1539,0,2125.338724255508,101921.4115695718,4.6704370107529547e-07,0.0476017532782712,849.5649572072753,0.552024013779906
1,28,seedpair01_ref20260815_label20260814_noise02000_rep003_seed2026083703,20260815,20260814,fiducial,0.2,54.65424997869445,3,2026083703,273.27124989347226,combined_practical_basis,1539,0.0001,2.0,1.574980924246673,0.2438240571223441,0.5247183174262825,2050,0.0001,2.0,2050,0.0001,2.0,False,True,0.2652282881151295,0.1769020050905877,45.79460743659101,258.86991734853746,0.1769020050905877,197.41008646166537,299.24089973268013,0.6597028903402478,202.65213620160452,395.6750563036069,0.5121680858398786,354.1583591917884,0.8950737569871926,247.5332823952748,0.8272040440207301,23.55100542426883,63.14715307055368,0.9775701411092022,1.690406017547232,0.5021796536667209,0.5021796536667209,0.0099884321731577,0.0,0.0099884321731577,-0.0231882686178201,1.1681859069639875,0.088,0.0146666666666666,0.4306666666666666,0.616,0.2564444444444444,0.724,0.912,0.4617777777777778,18188.887390721105,16.407244732364827,21.832581755104695,31.125281438376334,1539,4250,1539,0,2125.338724255508,101921.4115695718,4.6704370107529547e-07,0.0476017532782712,849.5649572072753,0.552024013779906
1,29,seedpair01_ref20260815_label20260814_noise02000_rep004_seed2026083704,20260815,20260814,fiducial,0.2,54.65424997869445,4,2026083704,273.27124989347226,combined_practical_basis,1539,0.0001,2.0,1.679077322333882,0.2550104860142751,0.4931461140654308,2050,0.0001,2.0,2050,0.0001,2.0,False,True,0.2631196708253436,0.1761399539993121,45.59733533357712,258.86991734853746,0.1761399539993121,182.5246505180426,299.24089973268013,0.6099589016110322,188.1339018791038,395.6750563036069,0.4754757695282819,362.4938572804207,0.916140281034734,261.11532552614096,0.8725923687550807,22.1439961833408,59.923387389922105,0.9778670962736568,2.745197245697068,0.4698851925246219,0.4698851925246219,0.00559057700366,0.0,0.00559057700366,-0.0041289063658091,1.1649416451539587,0.0866666666666666,0.0106666666666666,0.4093333333333333,0.616,0.2662222222222222,0.6986666666666667,0.9133333333333332,0.5044444444444445,18876.62426551902,16.407244732364827,21.832581755104695,31.125281438376334,1539,4250,1539,0,2125.338724255508,101921.4115695718,4.6704370107529547e-07,0.0476017532782712,849.5649572072753,0.552024013779906
1,30,seedpair01_ref20260815_label20260814_noise02000_rep005_seed2026083705,20260815,20260814,fiducial,0.2,54.65424997869445,5,2026083705,273.27124989347226,combined_practical_basis,1539,0.0001,2.0,1.644606499580691,0.2504216426222094,0.5143722685446422,1539,0.0001,2.0,2050,0.0001,2.0,False,False,0.2832568758753193,0.1829855822786414,47.36946256044591,258.86991734853746,0.1829855822786414,190.54959771582,299.24089973268013,0.6367765833014237,196.34921739830364,395.6750563036069,0.4962385530000207,363.2070291181757,0.9179426990198796,260.2761089231281,0.8697878837940926,22.90394384807272,62.88871267037341,0.976006496923102,2.413504605296437,0.4962385530000207,0.4932892144970043,0.0029493385030164,0.0029493385030164,0.0,0.0517010527556015,1.2549108262993138,0.116,0.0266666666666666,0.4106666666666667,0.5973333333333334,0.2355555555555555,0.7106666666666667,0.884,0.4715555555555555,19354.003674381544,16.407244732364827,21.832581755104695,31.125281438376334,1539,4250,1539,0,2125.338724255508,101921.4115695718,4.6704370107529547e-07,0.0476017532782712,849.5649572072753,0.552024013779906
1,31,seedpair01_ref20260815_label20260814_noise02000_rep006_seed2026083706,20260815,20260814,fiducial,0.2,54.65424997869445,6,2026083706,273.27124989347226,combined_practical_basis,1539,0.0001,2.0,1.5207206358344478,0.2419627031998194,0.513878977024274,2050,0.0001,2.0,2050,0.0001,2.0,False,True,0.2644383954695054,0.1723725145911664,44.62205860537483,258.86991734853746,0.1723725145911664,189.76640287545467,299.24089973268013,0.6341593112605197,194.94208312847917,395.6750563036069,0.4926822654670892,361.1568324816452,0.9127611830161072,258.6634858893786,0.8643988375935562,22.180784389304883,60.45559713962565,0.978777611140822,1.761261630981645,0.4877781962529231,0.4877781962529231,0.004904069214166,0.0,0.004904069214166,-0.0076684756902973,1.18055705980899,0.0853333333333333,0.0133333333333333,0.4253333333333333,0.6106666666666667,0.2622222222222222,0.7053333333333334,0.9146666666666666,0.4728888888888889,18772.379240390776,16.407244732364827,21.832581755104695,31.125281438376334,1539,4250,1539,0,2125.338724255508,101921.4115695718,4.6704370107529547e-07,0.0476017532782712,849.5649572072753,0.552024013779906
1,32,seedpair01_ref20260815_label20260814_noise02000_rep007_seed2026083707,20260815,20260814,fiducial,0.2,54.65424997869445,7,2026083707,273.27124989347226,combined_practical_basis,1539,0.0001,2.0,1.738785730360542,0.2600753207759448,0.5186769389821837,1795,0.0001,2.0,2050,0.0001,2.0,False,False,0.2665409998281556,0.1782316002712251,46.13879963110964,258.86991734853746,0.1782316002712252,194.69666086230072,299.24089973268013,0.6506351940400809,200.0889266859349,395.6750563036069,0.5056900188633673,356.5372813639697,0.901086069702594,250.32586439267908,0.8365362643151449,23.37066199294373,62.99472485123474,0.9772282795188804,-0.8956033517367586,0.5054761126609103,0.5041711155229646,0.0015189033404027,0.0013049971379457,0.0002139062024569,-0.0009208927014777,1.1976954539705185,0.0946666666666666,0.0133333333333333,0.424,0.5906666666666667,0.2355555555555555,0.712,0.9053333333333332,0.4502222222222222,18346.044472599016,16.407244732364827,21.832581755104695,31.125281438376334,1539,4250,1539,0,2125.338724255508,101921.4115695718,4.6704370107529547e-07,0.0476017532782712,849.5649572072753,0.552024013779906
1,33,seedpair01_ref20260815_label20260814_noise02000_rep008_seed2026083708,20260815,20260814,fiducial,0.2,54.65424997869445,8,2026083708,273.27124989347226,combined_practical_basis,1539,0.0001,2.0,1.812020005711185,0.2619369463398237,0.5189538041719339,2050,0.0001,2.0,2050,0.0001,2.0,False,True,0.2713678439253103,0.180307904094,46.67629223010182,258.86991734853746,0.1803079040940001,187.78602923795316,299.24089973268013,0.6275413200725817,193.5000491816662,395.6750563036069,0.4890377750605308,356.9547127512761,0.9021410550514456,253.49883207155543,0.8471396533629351,22.7258785321644,58.81267052802257,0.9768049786664088,3.3016406164669463,0.4828700814171815,0.4828700814171815,0.0061676936433493,0.0,0.0061676936433493,-0.0575482967810135,1.2005696891552886,0.096,0.0146666666666666,0.4226666666666667,0.6093333333333333,0.2675555555555555,0.6946666666666667,0.904,0.4737777777777778,18237.6963147329,16.407244732364827,21.832581755104695,31.125281438376334,1539,4250,1539,0,2125.338724255508,101921.4115695718,4.6704370107529547e-07,0.0476017532782712,849.5649572072753,0.552024013779906
1,34,seedpair01_ref20260815_label20260814_noise02000_rep009_seed2026083709,20260815,20260814,fiducial,0.2,54.65424997869445,9,2026083709,273.27124989347226,combined_practical_basis,1539,0.0001,2.0,1.5209067933118583,0.2442045727146128,0.5057858643350407,1539,0.0001,2.0,2050,0.0001,2.0,False,False,0.2726672582445085,0.1763097244913328,45.64128380681476,258.86991734853746,0.1763097244913329,188.28618368883,299.24089973268013,0.6292127308032796,193.7390351881573,395.6750563036069,0.4896417706945333,357.21363652066685,0.9027954399191944,253.8811884629832,0.8484174078135109,22.43228702660219,59.0911475684491,0.977918742891116,-0.4694426940406245,0.4896417706945333,0.4837300070572006,0.0059117636373327,0.0059117636373327,0.0,0.0524282516747651,1.2027307838198615,0.1013333333333333,0.016,0.428,0.5986666666666667,0.2613333333333333,0.724,0.8986666666666666,0.4671111111111111,18211.961275099395,16.407244732364827,21.832581755104695,31.125281438376334,1539,4250,1539,0,2125.338724255508,101921.4115695718,4.6704370107529547e-07,0.0476017532782712,849.5649572072753,0.552024013779906
1,35,seedpair01_ref20260815_label20260814_noise02000_rep010_seed2026083710,20260815,20260814,fiducial,0.2,54.65424997869445,10,2026083710,273.27124989347226,combined_practical_basis,1539,0.0001,2.0,1.5775083832579386,0.2490007143371877,0.5274757757083336,1539,0.0001,2.0,2050,0.0001,2.0,False,False,0.2600869585741512,0.1708009991857644,44.21524054226647,258.86991734853746,0.1708009991857645,190.71321534702412,299.24089973268013,0.637323358930525,195.77159652056497,395.6750563036069,0.4947787165293197,362.2468424646492,0.9155159939793934,260.40053829522014,0.8702037005230331,22.96363211262624,59.2761579771088,0.9792088454468848,0.6777329452604396,0.4947787165293197,0.4902170122081725,0.0045617043211472,0.0045617043211472,0.0,0.02840489189593,1.1529835064882252,0.0813333333333333,0.0053333333333333,0.4146666666666667,0.584,0.2444444444444444,0.7093333333333334,0.9186666666666666,0.4733333333333333,18877.614496921688,16.407244732364827,21.832581755104695,31.125281438376334,1539,4250,1539,0,2125.338724255508,101921.4115695718,4.6704370107529547e-07,0.0476017532782712,849.5649572072753,0.552024013779906
1,36,seedpair01_ref20260815_label20260814_noise02000_rep011_seed2026083711,20260815,20260814,fiducial,0.2,54.65424997869445,11,2026083711,273.27124989347226,combined_practical_basis,1539,0.0001,2.0,1.7806984888286137,0.2603643392714798,0.5140858587929713,1795,0.0001,2.0,2050,0.0001,2.0,False,False,0.2730717401335588,0.1769576927882615,45.80902330628515,258.86991734853746,0.1769576927882615,186.80150575187344,299.24089973268013,0.6242512501424378,192.3363438548289,395.6750563036069,0.4860967119121266,364.9985245765679,0.9224703927166424,262.7012651366021,0.8778922445804705,22.4903455672448,60.34925660139721,0.9775464320678574,0.1601783098145864,0.4860856930843021,0.483306044169797,0.0027906677423295,0.0027796489145051,1.1018827824449406e-05,0.0399178083649941,1.206443337331314,0.1013333333333333,0.0186666666666666,0.436,0.6,0.2617777777777778,0.7053333333333334,0.8986666666666666,0.4702222222222222,18393.256146379583,16.407244732364827,21.832581755104695,31.125281438376334,1539,4250,1539,0,2125.338724255508,101921.4115695718,4.6704370107529547e-07,0.0476017532782712,849.5649572072753,0.552024013779906
2,25,seedpair02_ref20260825_label20260824_noise02000_rep000_seed2026084700,20260825,20260824,fiducial,0.2,52.91861809747181,0,2026084700,264.593090487359,combined_practical_basis,1539,0.0001,2.0,1.5250653932802178,0.2384154091853454,0.4736348432962063,1795,0.0001,2.0,2050,0.0001,2.0,False,False,0.2491692049367861,0.1567301131021852,42.3424032797324,270.1612500727663,0.1567301131021852,195.09080935339557,324.2475651491802,0.6016723957931278,199.63292065605415,422.04689851490633,0.473011225431392,362.8736173589434,0.859794536189743,250.43959867919423,0.772371562956754,22.690046867718564,55.25647285609928,0.9813761321054872,0.8418973851112523,0.4673185486845029,0.4664904524002207,0.0065207730311712,0.0008280962842821,0.0056926767468891,0.0506041241099144,1.1868759263381945,0.0933333333333333,0.012,0.4426666666666666,0.6093333333333333,0.2373333333333333,0.728,0.9066666666666666,0.4586666666666666,18402.165019912434,15.863149531840175,21.15521084707887,30.21646094627527,1539,4250,1539,0,1907.365108157172,81325.6471841569,4.613539489972173e-07,0.0375199084831652,851.1370468439217,0.5530455145184676
2,26,seedpair02_ref20260825_label20260824_noise02000_rep001_seed2026084701,20260825,20260824,fiducial,0.2,52.91861809747181,1,2026084701,264.593090487359,combined_practical_basis,1539,0.0001,2.0,1.6174201009847724,0.2441961452197511,0.4746024578822514,1795,0.0001,2.0,2050,0.0001,2.0,False,False,0.2472437245070336,0.1541308438970646,41.640181462001365,270.1612500727663,0.1541308438970645,195.17116562941385,324.2475651491802,0.6019202196310072,199.56374571883663,422.04689851490633,0.4728473219944494,367.79838853439634,0.8714633132682671,255.4005253764852,0.7876713746762607,23.48744421397663,56.175833562649615,0.9818637747657348,3.04635858088996,0.4666258186197887,0.4653486493513615,0.0074986726430879,0.0012771692684271,0.0062215033746607,-0.0093827396345396,1.1639042715157868,0.0906666666666666,0.0146666666666666,0.4346666666666666,0.624,0.2226666666666666,0.74,0.9093333333333332,0.4208888888888888,18750.135943966725,15.863149531840175,21.15521084707887,30.21646094627527,1539,4250,1539,0,1907.365108157172,81325.6471841569,4.613539489972173e-07,0.0375199084831652,851.1370468439217,0.5530455145184676
2,27,seedpair02_ref20260825_label20260824_noise02000_rep002_seed2026084702,20260825,20260824,fiducial,0.2,52.91861809747181,2,2026084702,264.593090487359,combined_practical_basis,1539,0.0001,2.0,1.593343148583409,0.2448986480570209,0.4586636705242995,1795,0.0001,2.0,2050,0.0001,2.0,False,False,0.2563700656509236,0.1551963346826796,41.928035784584125,270.1612500727663,0.1551963346826795,191.9774109923055,324.2475651491802,0.5920704783210331,196.5026374277504,422.04689851490633,0.465594316933027,365.5469702316435,0.8661287916530743,251.65166035513596,0.7761096378298346,21.43521953180888,56.48498373301226,0.9815426189952426,0.5612237940970433,0.4598048694600392,0.4580807311858428,0.0075135857471841,0.0017241382741963,0.0057894474729878,-0.0124024378775069,1.2117034208231166,0.0973333333333333,0.016,0.4293333333333333,0.5906666666666667,0.2142222222222222,0.7626666666666667,0.9026666666666666,0.4315555555555556,17877.501376548476,15.863149531840175,21.15521084707887,30.21646094627527,1539,4250,1539,0,1907.365108157172,81325.6471841569,4.613539489972173e-07,0.0375199084831652,851.1370468439217,0.5530455145184676
2,28,seedpair02_ref20260825_label20260824_noise02000_rep003_seed2026084703,20260825,20260824,fiducial,0.2,52.91861809747181,3,2026084703,264.593090487359,combined_practical_basis,1539,0.0001,2.0,1.526472946222036,0.2386913404495502,0.4667883556649126,1795,0.0001,2.0,2050,0.0001,2.0,False,False,0.2383342155006833,0.1475335919044969,39.85785961664426,270.1612500727663,0.147533591904497,194.22764012894797,324.2475651491802,0.599010327308356,198.2751249231235,422.04689851490633,0.4697940575343918,369.2099620436702,0.8748079024934003,257.9809325837566,0.7956295137175955,21.78379226561897,60.65316875866269,0.9834109950611376,2.4849155020995,0.4645518531479755,0.4635076897275873,0.0062863678068044,0.0010441634203881,0.0052422043864163,-0.0133526091475365,1.1405027974917157,0.092,0.0066666666666666,0.4733333333333333,0.632,0.2391111111111111,0.7573333333333333,0.908,0.4355555555555555,18510.259489926077,15.863149531840175,21.15521084707887,30.21646094627527,1539,4250,1539,0,1907.365108157172,81325.6471841569,4.613539489972173e-07,0.0375199084831652,851.1370468439217,0.5530455145184676
2,29,seedpair02_ref20260825_label20260824_noise02000_rep004_seed2026084704,20260825,20260824,fiducial,0.2,52.91861809747181,4,2026084704,264.593090487359,combined_practical_basis,1539,0.0001,2.0,1.5838851358275905,0.2403053851696689,0.4659944396550136,1795,0.0001,2.0,2050,0.0001,2.0,False,False,0.2393196699338253,0.154080763674486,41.62665172646562,270.1612500727663,0.154080763674486,194.7481750870103,324.2475651491802,0.600615690043533,199.1472566561671,422.04689851490633,0.4718604907580748,370.7245494667571,0.8783965733932847,259.33566654329326,0.7998075989374902,21.91741049877215,59.2859689354057,0.981841008566374,2.4126230385538343,0.4703373405714682,0.4702214440448543,0.0016390467132205,0.0001158965266139,0.0015231501866065,-0.0823028431117052,1.1489478574063503,0.084,0.0093333333333333,0.4346666666666666,0.62,0.2302222222222222,0.7333333333333333,0.916,0.432,18855.58611715382,15.863149531840175,21.15521084707887,30.21646094627527,1539,4250,1539,0,1907.365108157172,81325.6471841569,4.613539489972173e-07,0.0375199084831652,851.1370468439217,0.5530455145184676
2,30,seedpair02_ref20260825_label20260824_noise02000_rep005_seed2026084705,20260825,20260824,fiducial,0.2,52.91861809747181,5,2026084705,264.593090487359,combined_practical_basis,1539,0.0001,2.0,1.7456263068764113,0.2554956447878668,0.4767347940494407,2050,0.0001,2.0,2050,0.0001,2.0,False,True,0.2382864742831512,0.1532560052682963,41.40383396444141,270.1612500727663,0.1532560052682964,197.39211685225072,324.2475651491802,0.6087697736802875,201.68769239189493,422.04689851490633,0.4778798117024226,364.2165086645351,0.8629763894631991,251.83750591521348,0.7766827972920869,23.12087126471166,55.811964138249,0.9821431921054145,3.2075423991300287,0.47074475247756,0.47074475247756,0.0071350592248626,0.0,0.0071350592248626,-0.0669689720986428,1.1341269035812047,0.072,0.016,0.4493333333333333,0.632,0.2373333333333333,0.7573333333333333,0.928,0.4293333333333333,18446.940500952114,15.863149531840175,21.15521084707887,30.21646094627527,1539,4250,1539,0,1907.365108157172,81325.6471841569,4.613539489972173e-07,0.0375199084831652,851.1370468439217,0.5530455145184676
2,31,seedpair02_ref20260825_label20260824_noise02000_rep006_seed2026084706,20260825,20260824,fiducial,0.2,52.91861809747181,6,2026084706,264.593090487359,combined_practical_basis,1539,0.0001,2.0,1.6973489977324565,0.2501004156656859,0.4754500390381656,1795,0.0001,2.0,2050,0.0001,2.0,False,False,0.2510246770230728,0.1565634215223126,42.29736967413741,270.1612500727663,0.1565634215223126,189.82611367568205,324.2475651491802,0.585435741324215,194.4814153449208,422.04689851490633,0.4608052233750792,369.30103835377264,0.8750236991511247,259.5985692993044,0.8006184076659696,22.2358927798105,55.33005344345967,0.9813638545098268,2.242233660808759,0.4564778916104946,0.454965846941524,0.0058393764335552,0.0015120446689706,0.0043273317645846,-0.0714307576915176,1.2082364465357844,0.0933333333333333,0.0133333333333333,0.432,0.568,0.2266666666666666,0.724,0.9066666666666666,0.4422222222222222,18260.184402862546,15.863149531840175,21.15521084707887,30.21646094627527,1539,4250,1539,0,1907.365108157172,81325.6471841569,4.613539489972173e-07,0.0375199084831652,851.1370468439217,0.5530455145184676
2,32,seedpair02_ref20260825_label20260824_noise02000_rep007_seed2026084707,20260825,20260824,fiducial,0.2,52.91861809747181,7,2026084707,264.593090487359,combined_practical_basis,1539,0.0001,2.0,1.556421856963606,0.2408632399418663,0.4773883771688748,1795,0.0001,2.0,2050,0.0001,2.0,False,False,0.2412774280934771,0.1581490159150948,42.72573583739983,270.1612500727663,0.1581490159150948,194.5063569749123,324.2475651491802,0.599869907690513,199.1436953722093,422.04689851490633,0.4718520526343251,363.92775176282953,0.862292207438117,250.3045484086719,0.771955059380358,22.016948262209056,58.23070930866719,0.9808616469899762,1.2257717757403372,0.4661928625791249,0.4648700230259295,0.0069820296083956,0.0013228395531953,0.0056591900552002,-0.0053215152988707,1.1495395107909818,0.0906666666666666,0.012,0.416,0.6386666666666667,0.2373333333333333,0.7306666666666667,0.9093333333333332,0.4333333333333333,18228.99512342944,15.863149531840175,21.15521084707887,30.21646094627527,1539,4250,1539,0,1907.365108157172,81325.6471841569,4.613539489972173e-07,0.0375199084831652,851.1370468439217,0.5530455145184676
2,33,seedpair02_ref20260825_label20260824_noise02000_rep008_seed2026084708,20260825,20260824,fiducial,0.2,52.91861809747181,8,2026084708,264.593090487359,combined_practical_basis,1539,0.0001,2.0,1.5141331381114895,0.2384758064728063,0.4619451174915053,1795,0.0001,2.0,2050,0.0001,2.0,False,False,0.240705435934538,0.1504749114697782,40.652490187264114,270.1612500727663,0.1504749114697782,191.0458515022172,324.2475651491802,0.5891974899312523,195.3231740849837,422.04689851490633,0.4627996906796011,367.0951296737791,0.869797008260241,255.53759234698344,0.7880940978829413,22.31138909218333,57.09871791017508,0.9827681937522524,2.8859494438484594,0.4577482051947563,0.456812573433237,0.005987117246364,0.0009356317615192,0.0050514854848448,-0.0455491842567999,1.1497319548866851,0.084,0.012,0.44,0.624,0.228,0.736,0.916,0.4364444444444444,18512.61196505128,15.863149531840175,21.15521084707887,30.21646094627527,1539,4250,1539,0,1907.365108157172,81325.6471841569,4.613539489972173e-07,0.0375199084831652,851.1370468439217,0.5530455145184676
2,34,seedpair02_ref20260825_label20260824_noise02000_rep009_seed2026084709,20260825,20260824,fiducial,0.2,52.91861809747181,9,2026084709,264.593090487359,combined_practical_basis,1539,0.0001,2.0,1.436621704737065,0.2287215482469605,0.4674813508325847,2050,0.0001,2.0,2050,0.0001,2.0,False,True,0.2447660310807418,0.1475499515514171,39.86227935930697,270.1612500727663,0.1475499515514171,188.30195177369936,324.2475651491802,0.5807351296132792,192.47500190285496,422.04689851490633,0.4560512174834923,368.2045922939253,0.8724257744567234,256.595623434933,0.7913571326800192,21.45805162243308,54.73788779653972,0.9834045859004656,2.084438796915697,0.4482013858020484,0.4482013858020484,0.0078498316814439,0.0,0.0078498316814439,-0.0194011968040689,1.1649552035971449,0.1,0.0093333333333333,0.4506666666666666,0.64,0.2342222222222222,0.7733333333333333,0.9,0.4524444444444444,18574.914865219205,15.863149531840175,21.15521084707887,30.21646094627527,1539,4250,1539,0,1907.365108157172,81325.6471841569,4.613539489972173e-07,0.0375199084831652,851.1370468439217,0.5530455145184676
2,35,seedpair02_ref20260825_label20260824_noise02000_rep010_seed2026084710,20260825,20260824,fiducial,0.2,52.91861809747181,10,2026084710,264.593090487359,combined_practical_basis,1539,0.0001,2.0,1.6761178728745276,0.2506255391272603,0.4572868270956,1795,0.0001,2.0,2050,0.0001,2.0,False,False,0.2469643080408616,0.1570670368032662,42.43342700799559,270.1612500727663,0.1570670368032662,192.7867336970058,324.2475651491802,0.5945664807330419,197.40141949135807,422.04689851490633,0.4677238955812064,367.0038051617392,0.8695806235116237,254.2050743618208,0.7839845281332053,21.863700097212824,54.54392463813529,0.981118397727484,0.2043961883614065,0.4652542721061735,0.4641610232994575,0.0035628722817488,0.0010932488067159,0.0024696234750329,-0.0049209263976681,1.1777851964099737,0.096,0.0146666666666666,0.4146666666666667,0.6253333333333333,0.2444444444444444,0.7426666666666667,0.904,0.4453333333333333,18480.95185284137,15.863149531840175,21.15521084707887,30.21646094627527,1539,4250,1539,0,1907.365108157172,81325.6471841569,4.613539489972173e-07,0.0375199084831652,851.1370468439217,0.5530455145184676
2,36,seedpair02_ref20260825_label20260824_noise02000_rep011_seed2026084711,20260825,20260824,fiducial,0.2,52.91861809747181,11,2026084711,264.593090487359,combined_practical_basis,1539,0.0001,2.0,1.8012260309683992,0.2561010334570935,0.4789359029994046,2050,0.0001,2.0,2050,0.0001,2.0,False,True,0.2491295729653468,0.1601737494510913,43.27274038054892,270.1612500727663,0.1601737494510914,194.1358326682134,324.2475651491802,0.5987271872925095,198.90010453949725,422.04689851490633,0.4712748873155675,366.3343159686233,0.8679943325200972,253.43526747938324,0.781610395016482,21.826109424924915,56.58437517897166,0.980339606716474,0.9823135527884684,0.466041510991973,0.466041510991973,0.0052333763235945,0.0,0.0052333763235945,0.0068931135111431,1.181903921727379,0.0933333333333333,0.0066666666666666,0.4373333333333333,0.592,0.2257777777777777,0.7373333333333333,0.9066666666666666,0.4275555555555556,18764.657690447544,15.863149531840175,21.15521084707887,30.21646094627527,1539,4250,1539,0,1907.365108157172,81325.6471841569,4.613539489972173e-07,0.0375199084831652,851.1370468439217,0.5530455145184676
3,25,seedpair03_ref20260905_label20260904_noise02000_rep000_seed2026085700,20260905,20260904,fiducial,0.2,52.855261886141264,0,2026085700,264.2763094307063,combined_practical_basis,1539,0.0001,2.0,1.6753138562459309,0.2543154851442095,0.4839145214560643,2050,0.0001,2.0,2050,0.0001,2.0,False,True,0.2536464224244429,0.1672326568253542,43.96138806942008,262.87561833888816,0.1672326568253542,183.8078282607434,293.312312813324,0.6266625035196742,188.9918553031349,393.8726996949065,0.4798297913247805,354.2432706456553,0.8993851844010815,242.07730201519007,0.8253226729327863,24.289848928468203,56.961715805088765,0.978925409965993,0.4508990546344254,0.4757569042303051,0.4757569042303051,0.0040728870944754,0.0,0.0040728870944754,-0.0322836918695094,1.189819199028303,0.1,0.012,0.424,0.6066666666666667,0.2155555555555555,0.7106666666666667,0.9,0.4297777777777777,16975.489123008138,15.93391230786727,21.41281732135737,30.14983627982066,1539,4250,1539,0,2533.1999216626846,144843.88224496413,4.4848235364107314e-07,0.0649599252197319,851.4958051180972,0.5532786258077305
3,26,seedpair03_ref20260905_label20260904_noise02000_rep001_seed2026085701,20260905,20260904,fiducial,0.2,52.855261886141264,1,2026085701,264.2763094307063,combined_practical_basis,1539,0.0001,2.0,1.620901154736062,0.2514630310221395,0.4743763697897344,2050,0.0001,2.0,2050,0.0001,2.0,False,True,0.2608693912659334,0.1639595354151257,43.100964254808005,262.87561833888816,0.1639595354151257,179.10324567853158,293.312312813324,0.6106230044032289,184.21635576755577,393.8726996949065,0.4677053167438353,347.8105737342999,0.8830532656965403,235.8923606162213,0.8042361343567358,24.398301433782912,60.494295729588025,0.9799346039552403,3.5598318888908635,0.4631470197656767,0.4631470197656767,0.0045582969781585,0.0,0.0045582969781585,-0.0721785452577048,1.220058680907193,0.112,0.02,0.4253333333333333,0.5973333333333334,0.2226666666666666,0.72,0.888,0.4493333333333333,17132.099536169953,15.93391230786727,21.41281732135737,30.14983627982066,1539,4250,1539,0,2533.1999216626846,144843.88224496413,4.4848235364107314e-07,0.0649599252197319,851.4958051180972,0.5532786258077305
3,27,seedpair03_ref20260905_label20260904_noise02000_rep002_seed2026085702,20260905,20260904,fiducial,0.2,52.855261886141264,2,2026085702,264.2763094307063,combined_practical_basis,1539,0.0001,2.0,1.738692776384969,0.2604919822227369,0.4867963323133482,2050,0.0001,2.0,2050,0.0001,2.0,False,True,0.2502976618806306,0.1586977726449368,41.71777511304206,262.87561833888816,0.1586977726449368,182.3332722242789,293.312312813324,0.6216352476833229,187.04490081366924,393.8726996949065,0.4748866853644695,350.59817976102033,0.8901306945939473,240.4155120026288,0.8196570737064117,23.23294791767192,55.76976630430444,0.981284316590154,3.949137580351098,0.4708692319234957,0.4708692319234957,0.0040174534409738,0.0,0.0040174534409738,-0.0416148680943359,1.1550245607855991,0.088,0.012,0.4333333333333333,0.6253333333333333,0.2506666666666666,0.7293333333333333,0.912,0.4417777777777777,17567.923249650816,15.93391230786727,21.41281732135737,30.14983627982066,1539,4250,1539,0,2533.1999216626846,144843.88224496413,4.4848235364107314e-07,0.0649599252197319,851.4958051180972,0.5532786258077305
3,28,seedpair03_ref20260905_label20260904_noise02000_rep003_seed2026085703,20260905,20260904,fiducial,0.2,52.855261886141264,3,2026085703,264.2763094307063,combined_practical_basis,1539,0.0001,2.0,1.754424533177389,0.2643445389676322,0.48621551936769,2050,0.0001,2.0,2050,0.0001,2.0,False,True,0.2439347328395365,0.1654795337995117,43.500534769977584,262.87561833888816,0.1654795337995117,184.8879435201624,293.312312813324,0.630344978520669,189.93643195655963,393.8726996949065,0.482227968842939,356.53546366614927,0.9052048134900472,248.4530770900792,0.8470598274822679,23.94757040077122,61.25413923393768,0.9795246327394258,3.1211373513936134,0.4782529127649493,0.4782529127649493,0.0039750560779896,0.0,0.0039750560779896,-0.0719855298212436,1.1391300124651067,0.0933333333333333,0.008,0.436,0.636,0.2297777777777777,0.7333333333333333,0.9066666666666666,0.428,17255.016940933714,15.93391230786727,21.41281732135737,30.14983627982066,1539,4250,1539,0,2533.1999216626846,144843.88224496413,4.4848235364107314e-07,0.0649599252197319,851.4958051180972,0.5532786258077305
3,29,seedpair03_ref20260905_label20260904_noise02000_rep004_seed2026085704,20260905,20260904,fiducial,0.2,52.855261886141264,4,2026085704,264.2763094307063,combined_practical_basis,1539,0.0001,2.0,1.7491988229105655,0.2614014906125192,0.4845296898997617,1795,0.0001,2.0,2050,0.0001,2.0,False,False,0.2448918972228348,0.1631340713064974,42.88396986683578,262.87561833888816,0.1631340713064974,181.18005490067463,293.312312813324,0.6177035432398814,186.1860552387078,393.8726996949065,0.4727061697419684,355.82812489556653,0.9034089571863974,245.82031407022447,0.838083855779606,24.616634620369997,60.323925390377376,0.9800030359366084,0.8857318364818947,0.4681396152788029,0.4665334880010158,0.0061726817409525,0.001606127277787,0.0045665544631654,-0.0980931669795977,1.1580845534488278,0.088,0.008,0.4266666666666667,0.628,0.2142222222222222,0.7226666666666667,0.912,0.4293333333333333,17681.749051406216,15.93391230786727,21.41281732135737,30.14983627982066,1539,4250,1539,0,2533.1999216626846,144843.88224496413,4.4848235364107314e-07,0.0649599252197319,851.4958051180972,0.5532786258077305
3,30,seedpair03_ref20260905_label20260904_noise02000_rep005_seed2026085705,20260905,20260904,fiducial,0.2,52.855261886141264,5,2026085705,264.2763094307063,combined_practical_basis,1539,0.0001,2.0,1.8064512494775824,0.2648765536749481,0.472131918687285,2050,0.0001,2.0,2050,0.0001,2.0,False,True,0.2501992556935746,0.1636886632540806,43.02975856798248,262.87561833888816,0.1636886632540806,177.8143408681703,293.312312813324,0.6062286958315952,182.9467133916341,393.8726996949065,0.4644818326666065,351.207988478469,0.8916789326869176,239.72747809622695,0.8173113354733234,23.40086672708125,58.52136548927212,0.9798937601829176,1.5821904581372443,0.4622274797291274,0.4622274797291274,0.002254352937479,0.0,0.002254352937479,0.0497536365427227,1.1563856936247885,0.096,0.004,0.4306666666666666,0.616,0.24,0.7146666666666667,0.904,0.4422222222222222,17212.044816914688,15.93391230786727,21.41281732135737,30.14983627982066,1539,4250,1539,0,2533.1999216626846,144843.88224496413,4.4848235364107314e-07,0.0649599252197319,851.4958051180972,0.5532786258077305
3,31,seedpair03_ref20260905_label20260904_noise02000_rep006_seed2026085706,20260905,20260904,fiducial,0.2,52.855261886141264,6,2026085706,264.2763094307063,combined_practical_basis,1539,0.0001,2.0,1.6713444034819729,0.2546448712717959,0.4776601523218847,2050,0.0001,2.0,2050,0.0001,2.0,False,True,0.267596360847363,0.1595580102594807,41.94391060788367,262.87561833888816,0.1595580102594807,180.86761435029132,293.312312813324,0.6166383286657419,185.66740574976492,393.8726996949065,0.4713893750279793,356.0302901624794,0.903922232838834,244.4115072534863,0.8332807610740837,22.981160425546435,58.22895294306379,0.9808480446123092,1.2554216766999275,0.4669256070097373,0.4669256070097373,0.0044637680182419,0.0,0.0044637680182419,-0.0103786863366767,1.24982252467371,0.1146666666666666,0.0186666666666666,0.436,0.588,0.2302222222222222,0.7293333333333333,0.8853333333333333,0.4364444444444444,17438.906036131393,15.93391230786727,21.41281732135737,30.14983627982066,1539,4250,1539,0,2533.1999216626846,144843.88224496413,4.4848235364107314e-07,0.0649599252197319,851.4958051180972,0.5532786258077305
3,32,seedpair03_ref20260905_label20260904_noise02000_rep007_seed2026085707,20260905,20260904,fiducial,0.2,52.855261886141264,7,2026085707,264.2763094307063,combined_practical_basis,1539,0.0001,2.0,1.7029658775575345,0.2575956321970056,0.4593910276533089,2050,0.0001,2.0,2050,0.0001,2.0,False,True,0.2605892360977043,0.1652347336347651,43.43618277530039,262.87561833888816,0.1652347336347652,177.25996916624825,293.312312813324,0.6043386568604906,182.50424280796483,393.8726996949065,0.4633584479181534,354.9730097977904,0.9012379128402456,246.07159559658277,0.8389405587388105,22.58649489844386,58.53524938022659,0.9795597274992592,2.2856456518289234,0.4586797376272273,0.4586797376272273,0.004678710290926,0.0,0.004678710290926,-0.0236225533984647,1.2164471888784707,0.1053333333333333,0.0133333333333333,0.4346666666666666,0.58,0.2324444444444444,0.716,0.8946666666666667,0.4542222222222222,17681.786095111005,15.93391230786727,21.41281732135737,30.14983627982066,1539,4250,1539,0,2533.1999216626846,144843.88224496413,4.4848235364107314e-07,0.0649599252197319,851.4958051180972,0.5532786258077305
3,33,seedpair03_ref20260905_label20260904_noise02000_rep008_seed2026085708,20260905,20260904,fiducial,0.2,52.855261886141264,8,2026085708,264.2763094307063,combined_practical_basis,1539,0.0001,2.0,1.6397159553293803,0.2515040787096809,0.4735831590344745,2050,0.0001,2.0,2050,0.0001,2.0,False,True,0.2673389753012209,0.162145863712804,42.62419418459646,262.87561833888816,0.1621458637128041,178.36891112556216,293.312312813324,0.6081194117448574,183.3910858957024,393.8726996949065,0.4656100461843559,352.18241573597305,0.8941528976463038,241.49209572342912,0.8233275085083954,23.086845338698588,61.017930108800485,0.9803708105327482,-0.226352510908228,0.4620334287694958,0.4620334287694958,0.00357661741486,0.0,0.00357661741486,0.0115793438210636,1.2454145781719634,0.116,0.012,0.4146666666666667,0.5866666666666667,0.2235555555555555,0.7266666666666667,0.884,0.448,17544.15372307667,15.93391230786727,21.41281732135737,30.14983627982066,1539,4250,1539,0,2533.1999216626846,144843.88224496413,4.4848235364107314e-07,0.0649599252197319,851.4958051180972,0.5532786258077305
3,34,seedpair03_ref20260905_label20260904_noise02000_rep009_seed2026085709,20260905,20260904,fiducial,0.2,52.855261886141264,9,2026085709,264.2763094307063,combined_practical_basis,1539,0.0001,2.0,1.6976910645837986,0.2594300237270703,0.4902357890593659,1795,0.0001,2.0,2050,0.0001,2.0,False,False,0.2598161075874576,0.1719164617701397,45.192646190459314,262.87561833888816,0.1719164617701397,185.3635174297275,293.312312813324,0.6319663694026391,190.79310486392563,393.8726996949065,0.4844029682984219,348.38421531762896,0.8845096793646453,237.1211846999238,0.8084256075906281,24.81829454080246,63.322094775550966,0.9778702751999732,2.6610233443993594,0.4785234004361844,0.4780476493508988,0.0063553189475231,0.0004757510852856,0.0058795678622374,-0.0239138599056188,1.209115979557216,0.1146666666666666,0.016,0.404,0.6066666666666667,0.2288888888888889,0.6906666666666667,0.8853333333333333,0.4253333333333333,16666.3866154121,15.93391230786727,21.41281732135737,30.14983627982066,1539,4250,1539,0,2533.1999216626846,144843.88224496413,4.4848235364107314e-07,0.0649599252197319,851.4958051180972,0.5532786258077305
3,35,seedpair03_ref20260905_label20260904_noise02000_rep010_seed2026085710,20260905,20260904,fiducial,0.2,52.855261886141264,10,2026085710,264.2763094307063,combined_practical_basis,1539,0.0001,2.0,1.726789595736615,0.2598478996632268,0.470445691315013,1795,0.0001,2.0,2050,0.0001,2.0,False,False,0.2579259547559171,0.1620746003872986,42.60546079383935,262.87561833888816,0.1620746003872987,175.44627843578408,293.312312813324,0.5981551771658673,180.5453458453639,393.8726996949065,0.4583850213158063,357.1123723750392,0.9066695220350588,247.58460429174048,0.8440989125789394,23.605202176247808,57.71061810400576,0.9802846174473964,2.3719966508441237,0.4559007478515268,0.4563514715756256,0.0020335497401806,-0.0004507237240988,0.0024842734642794,-0.0758627330989398,1.215655459374517,0.1106666666666666,0.012,0.4213333333333333,0.5893333333333334,0.2346666666666666,0.724,0.8893333333333333,0.4417777777777777,17321.892145191763,15.93391230786727,21.41281732135737,30.14983627982066,1539,4250,1539,0,2533.1999216626846,144843.88224496413,4.4848235364107314e-07,0.0649599252197319,851.4958051180972,0.5532786258077305
3,36,seedpair03_ref20260905_label20260904_noise02000_rep011_seed2026085711,20260905,20260904,fiducial,0.2,52.855261886141264,11,2026085711,264.2763094307063,combined_practical_basis,1539,0.0001,2.0,1.8660206961106096,0.2675655871633194,0.4729463139749184,1795,0.0001,2.0,1795,0.0001,2.0,False,True,0.2473308585329506,0.1586211820325105,41.69764130844155,262.87561833888816,0.1586211820325105,180.08096807756604,293.312312813324,0.6139563878185264,184.84547155513656,393.8726996949065,0.4693025733906354,353.4041482313326,0.8972547437410088,242.77978396790303,0.8277176693990957,23.96323738558646,58.14091216052887,0.9811601802010332,0.5211811840224512,0.4657771183888554,0.4657771183888554,0.00352545500178,0.0,0.00352545500178,0.0342251714974956,1.150518141089858,0.0946666666666666,0.0066666666666666,0.4253333333333333,0.6106666666666667,0.2302222222222222,0.7333333333333333,0.9053333333333332,0.4422222222222222,17221.23347951555,15.93391230786727,21.41281732135737,30.14983627982066,1539,4250,1539,0,2533.1999216626846,144843.88224496413,4.4848235364107314e-07,0.0649599252197319,851.4958051180972,0.5532786258077305
4,25,seedpair04_ref20260915_label20260914_noise02000_rep000_seed2026086700,20260915,20260914,fiducial,0.2,53.01553704245524,0,2026086700,265.0776852122761,combined_practical_basis,1539,0.0001,2.0,1.7792778906685112,0.2640639905515168,0.5064387961179292,2050,0.0001,2.0,2050,0.0001,2.0,False,True,0.2430225580407992,0.1502343649571155,40.11134959517346,266.9918404262783,0.1502343649571155,180.0229444534418,308.3150877785446,0.5838927499478975,184.43747150737352,407.8514879292497,0.4522172333949362,358.7099806545324,0.8795112713104973,241.1490026082214,0.7821511569405679,20.45553045163381,55.99028824720188,0.981636750928144,-1.7503301212856734,0.4451843662045557,0.4451843662045557,0.0070328671903804,0.0,0.0070328671903804,0.0194682040503074,1.1517543817316818,0.0813333333333333,0.0066666666666666,0.4466666666666666,0.6013333333333334,0.2537777777777777,0.7426666666666667,0.9186666666666666,0.4724444444444444,17424.49974548568,15.872741354982065,21.35332720534969,30.20008142621218,1539,4250,1539,0,2584.7631382153063,147648.30654223377,4.597213210625189e-07,0.0678770745362394,852.3173403031208,0.5538124368441331
4,26,seedpair04_ref20260915_label20260914_noise02000_rep001_seed2026086701,20260915,20260914,fiducial,0.2,53.01553704245524,1,2026086701,265.0776852122761,combined_practical_basis,1539,0.0001,2.0,1.7015967329975437,0.2579927231890118,0.4960107595721004,1795,0.0001,2.0,2050,0.0001,2.0,False,False,0.237201963932362,0.1484615304496958,39.63801724726623,266.9918404262783,0.1484615304496957,179.5530100463096,308.3150877785446,0.582368548162905,183.8761970130575,407.8514879292497,0.4508410596872816,354.87191373507073,0.8701008191408894,239.97421294540203,0.77834080282756,21.367744619627324,56.091274306016295,0.9821780858911244,3.505308810952224,0.4462579796863551,0.4455533539470695,0.0052877057402121,0.0007046257392856,0.0045830800009264,-0.1064875484819424,1.1228833339350104,0.092,0.0106666666666666,0.4506666666666666,0.652,0.2515555555555555,0.74,0.908,0.4671111111111111,16719.748156890153,15.872741354982065,21.35332720534969,30.20008142621218,1539,4250,1539,0,2584.7631382153063,147648.30654223377,4.597213210625189e-07,0.0678770745362394,852.3173403031208,0.5538124368441331
4,27,seedpair04_ref20260915_label20260914_noise02000_rep002_seed2026086702,20260915,20260914,fiducial,0.2,53.01553704245524,2,2026086702,265.0776852122761,combined_practical_basis,1539,0.0001,2.0,1.6900060348704202,0.2595885121868531,0.500134079522688,2050,0.0001,2.0,2050,0.0001,2.0,False,True,0.2438113105284181,0.1453273943918126,38.80122849302566,266.9918404262783,0.1453273943918126,180.93724843884388,308.3150877785446,0.5868582356527645,185.05086653455015,407.8514879292497,0.4537212000233063,359.93242015495764,0.882508537562073,245.78138883652863,0.7971760013673661,22.17078114792886,54.52185264891453,0.9828146118810512,1.4065566225185144,0.4485462155654233,0.4485462155654233,0.005174984457883,0.0,0.005174984457883,0.0290764872123913,1.1443051984771644,0.08,0.0066666666666666,0.4373333333333333,0.6026666666666667,0.2511111111111111,0.752,0.92,0.4635555555555555,16595.4446262936,15.872741354982065,21.35332720534969,30.20008142621218,1539,4250,1539,0,2584.7631382153063,147648.30654223377,4.597213210625189e-07,0.0678770745362394,852.3173403031208,0.5538124368441331
4,28,seedpair04_ref20260915_label20260914_noise02000_rep003_seed2026086703,20260915,20260914,fiducial,0.2,53.01553704245524,3,2026086703,265.0776852122761,combined_practical_basis,1539,0.0001,2.0,1.7801039282880122,0.2657373141888357,0.4941800437599283,2050,0.0001,2.0,2050,0.0001,2.0,False,True,0.2330614039259923,0.146246542307509,39.0466334866614,266.9918404262783,0.1462465423075089,177.1886216556727,308.3150877785446,0.574699807694598,181.4399273337564,407.8514879292497,0.4448676361461036,358.62088923379594,0.8792928304726602,242.38147906307037,0.7861486144238494,20.39593993180269,54.82733163206382,0.9825706008266524,-0.3278680186710979,0.4425728496711344,0.4425728496711344,0.0022947864749691,0.0,0.0022947864749691,-0.049784405778962,1.1216238916696182,0.092,0.0066666666666666,0.4453333333333333,0.6506666666666666,0.2697777777777778,0.7466666666666667,0.908,0.4746666666666667,17463.257734357918,15.872741354982065,21.35332720534969,30.20008142621218,1539,4250,1539,0,2584.7631382153063,147648.30654223377,4.597213210625189e-07,0.0678770745362394,852.3173403031208,0.5538124368441331
4,29,seedpair04_ref20260915_label20260914_noise02000_rep004_seed2026086704,20260915,20260914,fiducial,0.2,53.01553704245524,4,2026086704,265.0776852122761,combined_practical_basis,1539,0.0001,2.0,1.9441615511628731,0.2749756126598707,0.4892894713625349,2050,0.0001,2.0,1795,0.0001,2.0,False,False,0.2315049362652798,0.1451698152967706,38.75915616042769,266.9918404262783,0.1451698152967706,175.45927176391712,308.3150877785446,0.569090773429633,179.6892546430992,407.8514879292497,0.4405752092640888,359.80441143686187,0.882194676458499,244.03871861644097,0.7915237634809756,20.726146407406528,53.24824194402774,0.9828594837031428,-1.4314386730201714,0.4350535716112964,0.4367942093456031,0.0037809999184856,-0.0017406377343067,0.0055216376527923,0.0323573002268023,1.0816696305415554,0.0706666666666666,0.0066666666666666,0.4426666666666666,0.6786666666666666,0.2475555555555555,0.744,0.9293333333333332,0.4746666666666667,16878.20843133494,15.872741354982065,21.35332720534969,30.20008142621218,1539,4250,1539,0,2584.7631382153063,147648.30654223377,4.597213210625189e-07,0.0678770745362394,852.3173403031208,0.5538124368441331
4,30,seedpair04_ref20260915_label20260914_noise02000_rep005_seed2026086705,20260915,20260914,fiducial,0.2,53.01553704245524,5,2026086705,265.0776852122761,combined_practical_basis,1539,0.0001,2.0,1.8719876332473189,0.2715633051607687,0.4966656614343362,2050,0.0001,2.0,1795,0.0001,2.0,False,False,0.2446574451782482,0.1460272656801595,38.9880884163629,266.9918404262783,0.1460272656801595,178.2997595459853,308.3150877785446,0.5783037114098477,182.5126715943808,407.8514879292497,0.4474978686997984,361.72874776359737,0.8869129044990679,246.57043177312548,0.7997352109807586,21.2526645888232,53.959786637715176,0.9826346536146956,-1.0360695159760362,0.4420425363252154,0.4437724939380001,0.0037253747617983,-0.0017299576127847,0.005455332374583,-0.0590273734369977,1.1696467519614158,0.096,0.0093333333333333,0.468,0.6133333333333333,0.2622222222222222,0.7546666666666667,0.904,0.4728888888888889,17083.15676074847,15.872741354982065,21.35332720534969,30.20008142621218,1539,4250,1539,0,2584.7631382153063,147648.30654223377,4.597213210625189e-07,0.0678770745362394,852.3173403031208,0.5538124368441331
4,31,seedpair04_ref20260915_label20260914_noise02000_rep006_seed2026086706,20260915,20260914,fiducial,0.2,53.01553704245524,6,2026086706,265.0776852122761,combined_practical_basis,1539,0.0001,2.0,1.6656615518718088,0.2536912408212907,0.5012350197678759,2050,0.0001,2.0,2050,0.0001,2.0,False,True,0.2569138042770986,0.1477000768192383,39.43471534107113,266.9918404262783,0.1477000768192383,179.24380674658994,308.3150877785446,0.5813656673050542,183.5304852907009,407.8514879292497,0.4499934184929052,359.30367921122587,0.8809669446971702,243.54155628329255,0.7899112496830603,19.881468394374537,58.74147326168534,0.9822550862405798,1.3388759544616446,0.4431931341228213,0.4431931341228213,0.0068002843700839,0.0,0.0068002843700839,-0.0399761951221239,1.213511189261271,0.108,0.016,0.444,0.6,0.2613333333333333,0.748,0.892,0.4791111111111111,16541.24700570241,15.872741354982065,21.35332720534969,30.20008142621218,1539,4250,1539,0,2584.7631382153063,147648.30654223377,4.597213210625189e-07,0.0678770745362394,852.3173403031208,0.5538124368441331
4,32,seedpair04_ref20260915_label20260914_noise02000_rep007_seed2026086707,20260915,20260914,fiducial,0.2,53.01553704245524,7,2026086707,265.0776852122761,combined_practical_basis,1539,0.0001,2.0,1.6541169499794308,0.2537181154707091,0.5141581505690249,1795,0.0001,2.0,2050,0.0001,2.0,False,False,0.2409046404691855,0.15031150911232,40.13194645514962,266.9918404262783,0.15031150911232,179.21359431195015,308.3150877785446,0.5812676752318882,183.6520773432396,407.8514879292497,0.4502915467482562,360.6348236750352,0.8842307416997699,244.72760835339352,0.7937581326839754,21.21226850329029,55.88998088075796,0.9815877226543066,-0.5154005503200687,0.4455950783922537,0.4444285689954912,0.005862977752765,0.0011665093967625,0.0046964683560024,0.0292039909749351,1.1327321222628692,0.0853333333333333,0.0106666666666666,0.4293333333333333,0.616,0.2466666666666666,0.7426666666666667,0.9146666666666666,0.4733333333333333,16829.757861362723,15.872741354982065,21.35332720534969,30.20008142621218,1539,4250,1539,0,2584.7631382153063,147648.30654223377,4.597213210625189e-07,0.0678770745362394,852.3173403031208,0.5538124368441331
4,33,seedpair04_ref20260915_label20260914_noise02000_rep008_seed2026086708,20260915,20260914,fiducial,0.2,53.01553704245524,8,2026086708,265.0776852122761,combined_practical_basis,1539,0.0001,2.0,1.7352162873935817,0.2614649867838252,0.4828486053699518,2050,0.0001,2.0,2050,0.0001,2.0,False,True,0.2333290947736819,0.1510195620164649,40.32099080314645,266.9918404262783,0.1510195620164649,176.2261208144332,308.3150877785446,0.5715779986122905,180.78005408963296,407.8514879292497,0.4432497108383555,356.85893570187125,0.8749727444019423,238.49553820333216,0.7735448171600277,20.597619236218183,55.77478522996967,0.9814824917659618,0.7512332046597249,0.4382506318488213,0.4382506318488213,0.0049990789895342,0.0,0.0049990789895342,-0.0433106574276564,1.118278519077856,0.0773333333333333,0.0093333333333333,0.4333333333333333,0.632,0.2555555555555555,0.756,0.9226666666666666,0.4684444444444444,17063.993781956455,15.872741354982065,21.35332720534969,30.20008142621218,1539,4250,1539,0,2584.7631382153063,147648.30654223377,4.597213210625189e-07,0.0678770745362394,852.3173403031208,0.5538124368441331
4,34,seedpair04_ref20260915_label20260914_noise02000_rep009_seed2026086709,20260915,20260914,fiducial,0.2,53.01553704245524,9,2026086709,265.0776852122761,combined_practical_basis,1539,0.0001,2.0,1.7873468380783055,0.2643929107359116,0.4878999297051409,1795,0.0001,2.0,2050,0.0001,2.0,False,False,0.2397541529105083,0.1467321573861723,39.17628875025249,266.9918404262783,0.1467321573861723,172.66654200515782,308.3150877785446,0.5600327355020008,177.05512228755794,407.8514879292497,0.4341166515941995,360.513720311834,0.8839338116485493,245.91946083861328,0.7976238289553037,19.62546489720656,53.9547586963074,0.9824690635992794,1.164313864194224,0.4314377100846645,0.4298842893490108,0.0042323622451886,0.0015534207356536,0.0026789415095349,-0.0369315412089559,1.1401393281874888,0.0866666666666666,0.012,0.452,0.624,0.26,0.756,0.9133333333333332,0.4813333333333333,17401.519252801947,15.872741354982065,21.35332720534969,30.20008142621218,1539,4250,1539,0,2584.7631382153063,147648.30654223377,4.597213210625189e-07,0.0678770745362394,852.3173403031208,0.5538124368441331
4,35,seedpair04_ref20260915_label20260914_noise02000_rep010_seed2026086710,20260915,20260914,fiducial,0.2,53.01553704245524,10,2026086710,265.0776852122761,combined_practical_basis,1539,0.0001,2.0,1.6617316180448791,0.256050300058243,0.4955246287673087,2050,0.0001,2.0,2050,0.0001,2.0,False,True,0.2413397628860016,0.150093065242582,40.073623724338425,266.9918404262783,0.1500930652425819,180.09724088519332,308.3150877785446,0.5841337256078525,184.50179265486608,407.8514879292497,0.4523749406717176,356.58827814831204,0.8743091264881439,241.0055017148821,0.7816857210957858,21.06455408098349,56.16972769945033,0.98164819042418,0.959578721516386,0.4455334675399307,0.4455334675399307,0.0068414731317869,0.0,0.0068414731317869,-0.0674601169314964,1.1464892725630194,0.076,0.012,0.436,0.6333333333333333,0.2546666666666666,0.7373333333333333,0.924,0.4666666666666667,16771.60695640792,15.872741354982065,21.35332720534969,30.20008142621218,1539,4250,1539,0,2584.7631382153063,147648.30654223377,4.597213210625189e-07,0.0678770745362394,852.3173403031208,0.5538124368441331
4,36,seedpair04_ref20260915_label20260914_noise02000_rep011_seed2026086711,20260915,20260914,fiducial,0.2,53.01553704245524,11,2026086711,265.0776852122761,combined_practical_basis,1539,0.0001,2.0,1.7454649106424722,0.2629218422831428,0.5082449775133083,2050,0.0001,2.0,2050,0.0001,2.0,False,True,0.2445198155782423,0.150999988304525,40.31576478177165,266.9918404262783,0.150999988304525,177.77179066122144,308.3150877785446,0.5765912785588706,182.28595789263716,407.8514879292497,0.4469419955242591,362.4181913373292,0.8886033324958671,245.1023320185773,0.7949735245997059,21.341083421460404,57.4339450142724,0.9815724465202292,-0.069742511466242,0.4405360335545861,0.4405360335545861,0.0064059619696729,0.0,0.0064059619696729,-0.0405021397965779,1.161811925720411,0.0933333333333333,0.0093333333333333,0.4146666666666667,0.608,0.2546666666666666,0.7266666666666667,0.9066666666666666,0.4782222222222222,16365.359907048787,15.872741354982065,21.35332720534969,30.20008142621218,1539,4250,1539,0,2584.7631382153063,147648.30654223377,4.597213210625189e-07,0.0678770745362394,852.3173403031208,0.5538124368441331
0,37,seedpair00_ref20260805_label20260804_noise04000_rep000_seed2026082700,20260805,20260804,fiducial,0.4,106.91473118576351,0,2026082700,267.2868279644088,combined_practical_basis,1027,0.0001,2.0,1.3747807492407604,0.4318861776853633,0.5357768941621687,1795,0.0001,2.0,1795,0.0001,2.0,False,True,0.4053944533920672,0.2090771940183294,56.94267158511303,272.352380911143,0.2090771940183295,204.33000186321968,301.82045425606793,0.6769918969436834,212.11604726817205,406.5358606510716,0.5217646653076702,379.7316170858264,0.9340667179463136,268.9219455621922,0.89099973765872,23.120712556479493,59.39617067808654,0.9654413916827376,3.954821271309562,0.5118192335569017,0.5118192335569017,0.0099454317507684,0.0,0.0099454317507684,-0.0500636307759243,1.0275550223092098,0.052,0.0026666666666666,0.5053333333333333,0.6533333333333333,0.4075555555555555,0.8386666666666667,0.948,0.6937777777777778,16653.686255906097,40.643056693006166,39.09599798454504,60.52588414331558,1027,4250,1027,0,691.2254220033136,71003.39666162312,5.609909626416084e-07,0.0398322638440279,688.3815215653159,0.670283857415108
0,38,seedpair00_ref20260805_label20260804_noise04000_rep001_seed2026082701,20260805,20260804,fiducial,0.4,106.91473118576351,1,2026082701,267.2868279644088,combined_practical_basis,1027,0.0001,2.0,1.3018091264468588,0.4338925067798039,0.5287368867596199,1539,0.0001,2.0,1283,0.0001,2.0,False,False,0.4161267121071022,0.2168228832405353,59.05222848657854,272.352380911143,0.2168228832405352,208.97515816901725,301.82045425606793,0.6923823591880235,217.15842700893936,406.5358606510716,0.5341679493197914,368.1403826533394,0.9055545113874052,257.62373067606273,0.8535661749998289,24.792341264007305,67.40504069766529,0.9629413726800428,7.483206401027652,0.5353483165279059,0.531202298644065,0.0029656506757264,0.0041460178838409,-0.0011803672081145,-0.09198209146905,1.0789864166273353,0.064,0.008,0.5066666666666667,0.668,0.4177777777777778,0.8213333333333334,0.936,0.6884444444444444,17609.067317022855,40.643056693006166,39.09599798454504,60.52588414331558,1027,4250,1027,0,691.2254220033136,71003.39666162312,5.609909626416084e-07,0.0398322638440279,688.3815215653159,0.670283857415108
0,39,seedpair00_ref20260805_label20260804_noise04000_rep002_seed2026082702,20260805,20260804,fiducial,0.4,106.91473118576351,2,2026082702,267.2868279644088,combined_practical_basis,1027,0.0001,2.0,1.3903014929954796,0.4695519275098924,0.5095636344986199,1795,0.0001,2.0,1283,0.0001,2.0,False,False,0.4106543989196146,0.2117113971909762,57.66010309098703,272.352380911143,0.2117113971909761,198.48206518116615,301.82045425606793,0.6576163489992356,206.68772988990892,406.5358606510716,0.5084120489614281,363.458210718248,0.894037269273529,255.25058246954745,0.8457033937567066,23.25125590177386,59.82451925023156,0.9652062583094836,9.954275499021332,0.5112835466154796,0.5079749863246901,0.000437062636738,0.0033085602907895,-0.0028714976540514,-0.0989538013931217,1.0263425284848238,0.0546666666666666,0.0013333333333333,0.5093333333333333,0.6666666666666666,0.4155555555555555,0.8213333333333334,0.9453333333333334,0.7,16099.109039979636,40.643056693006166,39.09599798454504,60.52588414331558,1027,4250,1027,0,691.2254220033136,71003.39666162312,5.609909626416084e-07,0.0398322638440279,688.3815215653159,0.670283857415108
0,40,seedpair00_ref20260805_label20260804_noise04000_rep003_seed2026082703,20260805,20260804,fiducial,0.4,106.91473118576351,3,2026082703,267.2868279644088,combined_practical_basis,1027,0.0001,2.0,1.1432751560637435,0.4047752839876301,0.5629813166427299,2050,0.0001,2.0,1539,0.0001,2.0,False,False,0.4357946925623505,0.2274768647294512,61.95386571126806,272.352380911143,0.2274768647294512,210.2824334882454,301.82045425606793,0.696713660465965,219.21903044742305,406.5358606510716,0.5392366373198697,375.97881236310735,0.924835540365303,264.0365040737613,0.8748131558033827,26.40602837037449,64.24859736442724,0.9594839350747386,6.282767782345366,0.5421816338268362,0.5403396684071495,-0.0011030310872798,0.0018419654196866,-0.0029449965069664,-0.0759845652862918,1.1181990906082997,0.076,0.0146666666666666,0.5226666666666666,0.652,0.3822222222222222,0.8186666666666667,0.924,0.6737777777777778,17354.091185394518,40.643056693006166,39.09599798454504,60.52588414331558,1027,4250,1027,0,691.2254220033136,71003.39666162312,5.609909626416084e-07,0.0398322638440279,688.3815215653159,0.670283857415108
0,41,seedpair00_ref20260805_label20260804_noise04000_rep004_seed2026082704,20260805,20260804,fiducial,0.4,106.91473118576351,4,2026082704,267.2868279644088,combined_practical_basis,1027,0.0001,2.0,1.3432542466058062,0.4278062835541528,0.5355712529456085,1539,0.0001,2.0,2050,0.0001,2.0,False,False,0.4009830243181864,0.2042904959611221,55.639002972529845,272.352380911143,0.2042904959611221,206.03946089204163,301.82045425606793,0.6826557245760269,213.41967598246492,406.5358606510716,0.5249713411276216,392.6045773938666,0.965731723555964,285.1658498905968,0.9448194973845572,24.52375746181643,63.02352316003013,0.967860072444684,6.433007225240467,0.5135682024784867,0.5099119431282583,0.0150593979993632,0.0036562593502283,0.0114031386491348,-0.0296807906886348,1.0182232818234929,0.048,0.004,0.532,0.6786666666666666,0.3982222222222222,0.8213333333333334,0.952,0.6928888888888889,17829.348335321603,40.643056693006166,39.09599798454504,60.52588414331558,1027,4250,1027,0,691.2254220033136,71003.39666162312,5.609909626416084e-07,0.0398322638440279,688.3815215653159,0.670283857415108
0,42,seedpair00_ref20260805_label20260804_noise04000_rep005_seed2026082705,20260805,20260804,fiducial,0.4,106.91473118576351,5,2026082705,267.2868279644088,combined_practical_basis,1027,0.0001,2.0,1.329712318150616,0.4302018551887141,0.5300176404724375,1539,0.0001,2.0,1795,0.0001,2.0,False,False,0.4067691602550525,0.2121002172034463,57.76599914712918,272.352380911143,0.2121002172034463,209.66930943194689,301.82045425606793,0.694682240634563,217.4813324750785,406.5358606510716,0.5349622346397185,383.3796328423725,0.9430401348318592,273.85139796273535,0.9073321377032872,25.807008880234584,59.836270905014686,0.9640077398946026,-0.2652140510783808,0.519647174804796,0.5174798997494612,0.0174823348902573,0.0021672750553348,0.0153150598349224,-0.0500424552291284,1.053921376746149,0.064,0.0026666666666666,0.532,0.6493333333333333,0.3862222222222222,0.8293333333333334,0.936,0.6782222222222222,17322.338311183612,40.643056693006166,39.09599798454504,60.52588414331558,1027,4250,1027,0,691.2254220033136,71003.39666162312,5.609909626416084e-07,0.0398322638440279,688.3815215653159,0.670283857415108
0,43,seedpair00_ref20260805_label20260804_noise04000_rep006_seed2026082706,20260805,20260804,fiducial,0.4,106.91473118576351,6,2026082706,267.2868279644088,combined_practical_basis,1027,0.0001,2.0,1.4152425953014425,0.4530161026045273,0.5180501060199647,1539,0.0001,2.0,1283,0.0001,2.0,False,False,0.4142589426608929,0.2115385542106942,57.61302889378345,272.352380911143,0.2115385542106942,208.80854153003105,301.82045425606793,0.6918303202634355,216.61086795037463,406.5358606510716,0.5328210593856836,372.4412886610485,0.916133912675206,263.62922276847434,0.8734637399518599,24.996904309703964,62.19862007161409,0.9651595882418532,9.225678008129856,0.5227332396823389,0.5221039242885059,0.0107171350971776,0.0006293153938329,0.0100878197033447,-0.0155378609717872,1.036117097568143,0.0653333333333333,0.0013333333333333,0.524,0.6626666666666666,0.3968888888888889,0.832,0.9346666666666666,0.6937777777777778,17507.585447361136,40.643056693006166,39.09599798454504,60.52588414331558,1027,4250,1027,0,691.2254220033136,71003.39666162312,5.609909626416084e-07,0.0398322638440279,688.3815215653159,0.670283857415108
0,44,seedpair00_ref20260805_label20260804_noise04000_rep007_seed2026082707,20260805,20260804,fiducial,0.4,106.91473118576351,7,2026082707,267.2868279644088,combined_practical_basis,1027,0.0001,2.0,1.357640462284773,0.4318886157858274,0.5134803865345842,1283,0.0001,2.0,2050,0.0001,2.0,False,False,0.4339301561080559,0.2021738144317706,55.06251971838034,272.352380911143,0.2021738144317706,208.73616647082792,301.82045425606793,0.6915905251859894,215.87651162336812,406.5358606510716,0.5310146841108667,383.7289677778442,0.943899431561334,278.090509399519,0.9213772806914664,24.65845356047111,57.30544137922976,0.9681857727225046,8.421324831051034,0.5247525617618223,0.5182929493727398,0.0127217347381268,0.0064596123890824,0.0062621223490444,-0.02757198567268,1.0993042334693173,0.0733333333333333,0.008,0.54,0.6413333333333333,0.3973333333333333,0.872,0.9266666666666666,0.6853333333333333,17541.233225201497,40.643056693006166,39.09599798454504,60.52588414331558,1027,4250,1027,0,691.2254220033136,71003.39666162312,5.609909626416084e-07,0.0398322638440279,688.3815215653159,0.670283857415108
0,45,seedpair00_ref20260805_label20260804_noise04000_rep008_seed2026082708,20260805,20260804,fiducial,0.4,106.91473118576351,8,2026082708,267.2868279644088,combined_practical_basis,1027,0.0001,2.0,1.3585493009639014,0.4336720455519646,0.5440203626899396,1539,0.0001,2.0,2050,0.0001,2.0,False,False,0.4114653851529301,0.2177368498123804,59.301149458493775,272.352380911143,0.2177368498123804,217.683757549394,301.82045425606793,0.7212359350725402,225.61658766128429,406.5358606510716,0.5549733971806493,382.9644500992608,0.94201886516466,273.73604462373066,0.906949945782965,25.347301223030744,64.82125429583064,0.9627968069769516,5.650810378741293,0.5428054335262434,0.5373160436140144,0.0176573535666348,0.005489389912229,0.0121679636544058,-0.0377447748981469,1.0558992159574083,0.0693333333333333,0.004,0.5213333333333333,0.6533333333333333,0.4048888888888889,0.8293333333333334,0.9306666666666666,0.6946666666666667,18468.61639781517,40.643056693006166,39.09599798454504,60.52588414331558,1027,4250,1027,0,691.2254220033136,71003.39666162312,5.609909626416084e-07,0.0398322638440279,688.3815215653159,0.670283857415108
0,46,seedpair00_ref20260805_label20260804_noise04000_rep009_seed2026082709,20260805,20260804,fiducial,0.4,106.91473118576351,9,2026082709,267.2868279644088,combined_practical_basis,1027,0.0001,2.0,1.2480674248284904,0.4201443532369763,0.5437198153803914,1539,0.0001,2.0,1283,0.0001,2.0,False,False,0.4073220925164663,0.212715036365117,57.93344660963999,272.352380911143,0.212715036365117,208.71910121961056,301.82045425606793,0.691533984116699,216.61012776413307,406.5358606510716,0.5328192386699406,373.8916307330027,0.9197014751274616,261.9895312680551,0.868031068052731,25.470505649126014,61.24294043885872,0.9642652759840626,5.220673208636391,0.5308481944205548,0.526555966085645,0.0062632725842955,0.0042922283349097,0.0019710442493858,-0.1190668589575332,1.069158515164703,0.0733333333333333,0.0053333333333333,0.5293333333333333,0.66,0.3884444444444444,0.8386666666666667,0.9266666666666666,0.7066666666666667,17711.18649677443,40.643056693006166,39.09599798454504,60.52588414331558,1027,4250,1027,0,691.2254220033136,71003.39666162312,5.609909626416084e-07,0.0398322638440279,688.3815215653159,0.670283857415108
0,47,seedpair00_ref20260805_label20260804_noise04000_rep010_seed2026082710,20260805,20260804,fiducial,0.4,106.91473118576351,10,2026082710,267.2868279644088,combined_practical_basis,1027,0.0001,2.0,1.4665791376005812,0.4508289299775279,0.5155521392924474,2050,0.0001,2.0,2050,0.0001,2.0,False,True,0.4075479135813155,0.2019048595884175,54.98926922643553,272.352380911143,0.2019048595884175,208.0377535317665,301.82045425606793,0.689276523834481,215.1825425646826,406.5358606510716,0.5293076537456386,378.3544772240527,0.9306792188470504,268.7103863691414,0.8902987938026375,23.99314474506109,63.68013532053481,0.967577509240887,3.610490543800452,0.5125008964144324,0.5125008964144324,0.0168067573312061,0.0,0.0168067573312061,0.0315406640074656,1.0387651736597487,0.064,0.0,0.5506666666666666,0.6706666666666666,0.4035555555555555,0.844,0.936,0.692,18169.475425879187,40.643056693006166,39.09599798454504,60.52588414331558,1027,4250,1027,0,691.2254220033136,71003.39666162312,5.609909626416084e-07,0.0398322638440279,688.3815215653159,0.670283857415108
0,48,seedpair00_ref20260805_label20260804_noise04000_rep011_seed2026082711,20260805,20260804,fiducial,0.4,106.91473118576351,11,2026082711,267.2868279644088,combined_practical_basis,1027,0.0001,2.0,1.270518251874324,0.4250464798301484,0.5331185576651006,1539,0.0001,2.0,2050,0.0001,2.0,False,False,0.4043149879108446,0.2092316615083464,56.984741173792486,272.352380911143,0.2092316615083463,217.55018413182435,301.82045425606793,0.7207933758765477,224.88962479944425,406.5358606510716,0.5531852084076446,364.1319602924439,0.8956945635971266,252.87690870106783,0.8378388712069335,26.659813120085783,64.62070372295341,0.9654311022828572,6.778502851062664,0.5423408274700038,0.5375711539974577,0.0156140544101869,0.004769673472546,0.0108443809376408,-0.0915256732565792,1.0554940024056771,0.052,0.0053333333333333,0.504,0.6453333333333333,0.3897777777777778,0.8266666666666667,0.948,0.6733333333333333,18227.91175150146,40.643056693006166,39.09599798454504,60.52588414331558,1027,4250,1027,0,691.2254220033136,71003.39666162312,5.609909626416084e-07,0.0398322638440279,688.3815215653159,0.670283857415108
1,37,seedpair01_ref20260815_label20260814_noise04000_rep000_seed2026083700,20260815,20260814,fiducial,0.4,109.3084999573889,0,2026083700,273.27124989347226,combined_practical_basis,1027,0.0001,2.0,1.427921524040204,0.4387178312228978,0.6146185235760823,1283,0.0001,2.0,2050,0.0001,2.0,False,False,0.4534510336675453,0.246197846703133,63.73321622742794,258.86991734853746,0.246197846703133,212.95697869347345,299.24089973268013,0.7116573265342858,222.2894455995259,395.6750563036069,0.5617979755311139,375.1302667926791,0.9480766118975072,274.3126657579497,0.9166950975050552,26.025064264452134,70.37933677226258,0.9562771056365288,-2.9399041885894257,0.5510039104605515,0.5469060793477812,0.0148918961833326,0.0040978311127702,0.0107940650705623,0.0522868196691174,1.0862564848742895,0.0906666666666666,0.012,0.4986666666666666,0.6773333333333333,0.4031111111111111,0.7973333333333333,0.9093333333333332,0.6897777777777778,19888.82238784011,41.29578480688814,39.924870859708165,62.19119333530004,1027,4250,1027,0,648.2774042951454,64289.50625656588,5.59734605034923e-07,0.0359850613924091,685.9935496966876,0.6679586657221885
1,38,seedpair01_ref20260815_label20260814_noise04000_rep001_seed2026083701,20260815,20260814,fiducial,0.4,109.3084999573889,1,2026083701,273.27124989347226,combined_practical_basis,1027,0.0001,2.0,1.4286082038459142,0.4405604099044147,0.5715162604592161,1795,0.0001,2.0,771,0.0001,2.0,False,False,0.4508087686800974,0.2411975578322654,62.438791860707646,258.86991734853746,0.2411975578322654,206.0258001422871,299.24089973268013,0.6884947890690591,215.27943016761824,395.6750563036069,0.5440813787423369,374.5919324145888,0.9467160652329806,275.6786207448924,0.921259831096496,24.885513970575943,66.9961766375767,0.9580159601917844,1.655292848483304,0.5287029892227926,0.548450973230102,-0.004369594487765,-0.0197479840073093,0.0153783895195442,-0.0149616883319153,1.075642241195848,0.0653333333333333,0.0053333333333333,0.5386666666666666,0.624,0.416,0.828,0.9346666666666666,0.7115555555555556,18340.1148746023,41.29578480688814,39.924870859708165,62.19119333530004,1027,4250,1027,0,648.2774042951454,64289.50625656588,5.59734605034923e-07,0.0359850613924091,685.9935496966876,0.6679586657221885
1,39,seedpair01_ref20260815_label20260814_noise04000_rep002_seed2026083702,20260815,20260814,fiducial,0.4,109.3084999573889,2,2026083702,273.27124989347226,combined_practical_basis,1027,0.0001,2.0,1.4144191619056357,0.4439529344424668,0.5735614214040696,1027,0.0001,2.0,1539,0.0001,2.0,False,False,0.4514642452652411,0.23638916744853,61.19404423949056,258.86991734853746,0.23638916744853,211.60399201158964,299.24089973268013,0.7071359302843332,220.27473864614075,395.6750563036069,0.556706153539082,373.627288714806,0.9442780957820012,276.39120609199847,0.9236411410970428,26.61023733047879,69.43895218055131,0.9597725387126822,4.118801250950626,0.556706153539082,0.5499215600290632,0.0067845935100188,0.0067845935100188,0.0,-0.0596746517183956,1.0872474067172873,0.0813333333333333,0.0053333333333333,0.512,0.632,0.4106666666666667,0.8213333333333334,0.9186666666666666,0.6991111111111111,19561.576251984443,41.29578480688814,39.924870859708165,62.19119333530004,1027,4250,1027,0,648.2774042951454,64289.50625656588,5.59734605034923e-07,0.0359850613924091,685.9935496966876,0.6679586657221885
1,40,seedpair01_ref20260815_label20260814_noise04000_rep003_seed2026083703,20260815,20260814,fiducial,0.4,109.3084999573889,3,2026083703,273.27124989347226,combined_practical_basis,1027,0.0001,2.0,1.234170956532793,0.4080752337913864,0.6045063709937537,1795,0.0001,2.0,2050,0.0001,2.0,False,False,0.4464716194893504,0.2363863406473613,61.19331246570565,258.86991734853746,0.2363863406473613,226.0054553696055,299.24089973268013,0.7552625846650715,234.1433051516704,395.6750563036069,0.5917565472512601,363.1245995762203,0.9177343726656092,259.1544580888322,0.8660395631758285,29.120714941090267,75.52073286770802,0.9598927777776428,2.776334945315688,0.5758305057839278,0.568912102895551,0.022844444355709,0.0069184028883767,0.0159260414673323,-0.0207648471721823,1.0624379887091946,0.072,0.0013333333333333,0.536,0.6533333333333333,0.38,0.8266666666666667,0.928,0.6635555555555556,18004.94166909215,41.29578480688814,39.924870859708165,62.19119333530004,1027,4250,1027,0,648.2774042951454,64289.50625656588,5.59734605034923e-07,0.0359850613924091,685.9935496966876,0.6679586657221885
1,41,seedpair01_ref20260815_label20260814_noise04000_rep004_seed2026083704,20260815,20260814,fiducial,0.4,109.3084999573889,4,2026083704,273.27124989347226,combined_practical_basis,1027,0.0001,2.0,1.295116314162353,0.4270721754530591,0.5495273699537528,1539,0.0001,2.0,2050,0.0001,2.0,False,False,0.4374194280628462,0.2394891618810259,61.996539542011696,258.86991734853746,0.2394891618810259,200.68194105264547,299.24089973268013,0.6706367386006391,210.04002566140028,395.6750563036069,0.5308396936202965,382.5629402547785,0.9668614034674772,289.1057844266724,0.9661305813641728,23.71038052636704,64.02097616217982,0.9586773459871292,4.397651299589278,0.5148706357427965,0.5073202781221252,0.0235194154981712,0.0075503576206712,0.0159690578775,0.0044423446659179,1.0324990839287935,0.0586666666666666,0.004,0.5026666666666667,0.676,0.44,0.812,0.9413333333333334,0.7315555555555555,19974.12821684665,41.29578480688814,39.924870859708165,62.19119333530004,1027,4250,1027,0,648.2774042951454,64289.50625656588,5.59734605034923e-07,0.0359850613924091,685.9935496966876,0.6679586657221885
1,42,seedpair01_ref20260815_label20260814_noise04000_rep005_seed2026083705,20260815,20260814,fiducial,0.4,109.3084999573889,5,2026083705,273.27124989347226,combined_practical_basis,1027,0.0001,2.0,1.297831326754449,0.4217906730603855,0.5840716304337333,1283,0.0001,2.0,1283,0.0001,2.0,False,True,0.4630043422246577,0.2463908712339143,63.78318447175752,258.86991734853746,0.2463908712339142,215.0734573877785,299.24089973268013,0.7187301521279656,224.3320902013148,395.6750563036069,0.5669604050784078,381.64666709612624,0.96454568216017,283.1021911220913,0.946067838236665,26.91849879312071,72.09033469770343,0.9569918598051618,4.427216371313087,0.5551722386937714,0.5551722386937714,0.0117881663846364,0.0,0.0117881663846364,0.0546704053695807,1.1081107359162266,0.08,0.012,0.5,0.652,0.4022222222222222,0.8146666666666667,0.92,0.6831111111111111,20992.46725585672,41.29578480688814,39.924870859708165,62.19119333530004,1027,4250,1027,0,648.2774042951454,64289.50625656588,5.59734605034923e-07,0.0359850613924091,685.9935496966876,0.6679586657221885
1,43,seedpair01_ref20260815_label20260814_noise04000_rep006_seed2026083706,20260815,20260814,fiducial,0.4,109.3084999573889,6,2026083706,273.27124989347226,combined_practical_basis,1027,0.0001,2.0,1.206885861604151,0.4105606698166822,0.5907002130931618,1539,0.0001,2.0,2050,0.0001,2.0,False,False,0.4463781906160765,0.2390095712811449,61.87238796305935,258.86991734853746,0.2390095712811449,214.04200925893457,299.24089973268013,0.7152832699345043,222.80523808890396,395.6750563036069,0.5631015514860821,376.5522055476237,0.9516703151959368,280.0917622511215,0.9360076196179564,25.94740003464255,73.38229005706927,0.9588553684278496,3.9113250295323256,0.5508135664006732,0.5458404655782519,0.0172610859078301,0.0049731008224213,0.0122879850854088,-0.0120136271164265,1.0769076869308143,0.0706666666666666,0.004,0.5173333333333333,0.6413333333333333,0.4017777777777778,0.82,0.9293333333333332,0.6991111111111111,19320.64111179947,41.29578480688814,39.924870859708165,62.19119333530004,1027,4250,1027,0,648.2774042951454,64289.50625656588,5.59734605034923e-07,0.0359850613924091,685.9935496966876,0.6679586657221885
1,44,seedpair01_ref20260815_label20260814_noise04000_rep007_seed2026083707,20260815,20260814,fiducial,0.4,109.3084999573889,7,2026083707,273.27124989347226,combined_practical_basis,1027,0.0001,2.0,1.3761348781048115,0.4414254435461724,0.5887744716706977,1539,0.0001,2.0,2050,0.0001,2.0,False,False,0.446446240283625,0.2446400519819923,63.32995003672025,258.86991734853746,0.2446400519819923,220.7866531978489,299.24089973268013,0.7378224480513308,229.68985350241456,395.6750563036069,0.5805012215027534,368.748836860535,0.9319486558121292,265.605466067266,0.8875974718179849,26.907461138090845,78.09618426569527,0.9568338104966216,-1.858617306042402,0.5689896394251979,0.5686504537385745,0.0118507677641789,0.0003391856866233,0.0115115820775555,-0.0001724073548439,1.0836062093463146,0.068,0.008,0.552,0.652,0.3937777777777778,0.8133333333333334,0.932,0.6857777777777778,18090.743461749786,41.29578480688814,39.924870859708165,62.19119333530004,1027,4250,1027,0,648.2774042951454,64289.50625656588,5.59734605034923e-07,0.0359850613924091,685.9935496966876,0.6679586657221885
1,45,seedpair01_ref20260815_label20260814_noise04000_rep008_seed2026083708,20260815,20260814,fiducial,0.4,109.3084999573889,8,2026083708,273.27124989347226,combined_practical_basis,1027,0.0001,2.0,1.427106306519815,0.4382946041252266,0.5867114235606886,1539,0.0001,2.0,771,0.0001,2.0,False,False,0.4446344285007461,0.2414832115976402,62.51273902734052,258.86991734853746,0.2414832115976402,203.22514829464023,299.24089973268013,0.6791356010364448,212.6224434063321,395.6750563036069,0.5373663060609613,366.8911368006295,0.9272536414807732,268.0293624127448,0.8956976223911322,25.341566033657703,63.76234875515051,0.958189133216343,5.86291935293421,0.5367631740423784,0.5517608624894471,-0.0143945564284858,-0.0149976884470687,0.0006031320185828,-0.0528045384975446,1.0561545966251622,0.0546666666666666,0.008,0.5186666666666667,0.6586666666666666,0.432,0.804,0.9453333333333334,0.7204444444444444,18334.914214913977,41.29578480688814,39.924870859708165,62.19119333530004,1027,4250,1027,0,648.2774042951454,64289.50625656588,5.59734605034923e-07,0.0359850613924091,685.9935496966876,0.6679586657221885
1,46,seedpair01_ref20260815_label20260814_noise04000_rep009_seed2026083709,20260815,20260814,fiducial,0.4,109.3084999573889,9,2026083709,273.27124989347226,combined_practical_basis,1027,0.0001,2.0,1.2016169226833324,0.4159642076527003,0.5648754847034032,1027,0.0001,2.0,2050,0.0001,2.0,False,False,0.4592133371709829,0.2322683731311491,60.127294555139855,258.86991734853746,0.2322683731311492,207.603158092968,299.24089973268013,0.6937659867966758,216.1350568526411,395.6750563036069,0.5462438266181674,369.9507665683121,0.9349863244460974,272.43066539308927,0.9104058490549214,26.37649746733332,68.69878228324056,0.9610381068642608,-1.223222930533586,0.5462438266181674,0.5296139407893852,0.0166298858287822,0.0166298858287822,0.0,0.0539421344971357,1.0916244593287117,0.072,0.0053333333333333,0.54,0.628,0.4133333333333333,0.824,0.928,0.6995555555555556,18463.68289677865,41.29578480688814,39.924870859708165,62.19119333530004,1027,4250,1027,0,648.2774042951454,64289.50625656588,5.59734605034923e-07,0.0359850613924091,685.9935496966876,0.6679586657221885
1,47,seedpair01_ref20260815_label20260814_noise04000_rep010_seed2026083710,20260815,20260814,fiducial,0.4,109.3084999573889,10,2026083710,273.27124989347226,combined_practical_basis,1027,0.0001,2.0,1.2629545383828509,0.4278033569737948,0.6006807767829156,1539,0.0001,2.0,771,0.0001,2.0,False,False,0.4434283923023409,0.2364173464132543,61.20133892575967,258.86991734853746,0.2364173464132542,212.3082866172572,299.24089973268013,0.7094895343748727,220.9534169291372,395.6750563036069,0.5584213950540178,382.5781400234929,0.9668998182436233,287.733329691095,0.9615441269830924,26.73791086700279,67.49163063176427,0.9595295060581216,0.7759810227163525,0.5450913695415988,0.5663004232474379,-0.0078790281934201,-0.0212090537058391,0.013330025512419,0.0333093653523918,1.0483556150100146,0.056,0.0026666666666666,0.504,0.6493333333333333,0.4,0.808,0.944,0.696,20881.279594677027,41.29578480688814,39.924870859708165,62.19119333530004,1027,4250,1027,0,648.2774042951454,64289.50625656588,5.59734605034923e-07,0.0359850613924091,685.9935496966876,0.6679586657221885
1,48,seedpair01_ref20260815_label20260814_noise04000_rep011_seed2026083711,20260815,20260814,fiducial,0.4,109.3084999573889,11,2026083711,273.27124989347226,combined_practical_basis,1027,0.0001,2.0,1.3777261844941595,0.4334341392496014,0.5736844831494793,1795,0.0001,2.0,771,0.0001,2.0,False,False,0.4553435937177367,0.2404913981643392,62.25598836583673,258.86991734853746,0.2404913981643393,203.9092090240675,299.24089973268013,0.6814215877783586,213.2012514321341,395.6750563036069,0.5388291428422564,382.7178780939358,0.9672529819526228,285.4671918394815,0.9539711720373014,25.786569273883156,69.229136229813,0.9582662362425026,-0.1476158968896764,0.538645097342024,0.5538996060163683,-0.0150704631741119,-0.0152545086743443,0.0001840455002323,0.0434620710541859,1.077508140699646,0.0746666666666666,0.008,0.4986666666666666,0.6493333333333333,0.4182222222222222,0.8226666666666667,0.9253333333333332,0.7048888888888889,18641.43815601556,41.29578480688814,39.924870859708165,62.19119333530004,1027,4250,1027,0,648.2774042951454,64289.50625656588,5.59734605034923e-07,0.0359850613924091,685.9935496966876,0.6679586657221885
2,37,seedpair02_ref20260825_label20260824_noise04000_rep000_seed2026084700,20260825,20260824,fiducial,0.4,105.8372361949436,0,2026084700,264.593090487359,combined_practical_basis,1027,0.0001,2.0,1.228810463610625,0.4079052178016404,0.5366247687407214,1539,0.0001,2.0,2050,0.0001,2.0,False,False,0.4264768803775174,0.2141434907700153,57.85327316137322,270.1612500727663,0.2141434907700153,209.6985882766378,324.2475651491802,0.6467237099534099,217.5327541789956,422.04689851490633,0.5154231791406294,376.1269099354655,0.8911969528954636,268.5919257841519,0.8283544879067258,25.023720362527904,62.93356711993554,0.9644925910189138,-0.1957037447033728,0.5225645117965504,0.5153481134007251,7.506573990434529e-05,0.0072163983958253,-0.0071413326559209,0.0665796972777162,1.0824902641461718,0.0666666666666666,0.008,0.5346666666666666,0.644,0.412,0.8506666666666667,0.9333333333333332,0.684,19077.91400999813,40.01773241921034,38.76510268805798,60.02487741939608,1027,4250,1027,0,567.3857934268004,51571.40245643968,5.512634081693888e-07,0.0284294270822121,686.6574959679538,0.6686051567360796
2,38,seedpair02_ref20260825_label20260824_noise04000_rep001_seed2026084701,20260825,20260824,fiducial,0.4,105.8372361949436,1,2026084701,264.593090487359,combined_practical_basis,1027,0.0001,2.0,1.3314543388833555,0.4194288635290167,0.5415811386818642,1539,0.0001,2.0,2050,0.0001,2.0,False,False,0.4232544641151446,0.2105699290362999,56.88783525618047,270.1612500727663,0.2105699290362999,210.5137629788064,324.2475651491802,0.6492377602957572,218.0648302767583,422.04689851490633,0.5166838828672412,383.45480754397386,0.90855970958031,274.68268162898033,0.8471387641804002,25.21958304822821,65.38457739466661,0.9662879592951108,3.462511828836357,0.5206717367014967,0.5126251919579886,0.0040586909092525,0.008046544743508,-0.0039878538342554,0.0118541709952122,1.063926581471467,0.0733333333333333,0.0066666666666666,0.532,0.6613333333333333,0.3786666666666666,0.864,0.9266666666666666,0.6666666666666666,19767.00119845115,40.01773241921034,38.76510268805798,60.02487741939608,1027,4250,1027,0,567.3857934268004,51571.40245643968,5.512634081693888e-07,0.0284294270822121,686.6574959679538,0.6686051567360796
2,39,seedpair02_ref20260825_label20260824_noise04000_rep002_seed2026084702,20260825,20260824,fiducial,0.4,105.8372361949436,2,2026084702,264.593090487359,combined_practical_basis,1027,0.0001,2.0,1.2978680212899698,0.4217082578249848,0.5052257429513929,1027,0.0001,2.0,2050,0.0001,2.0,False,False,0.4336245584782418,0.2054074572400057,55.49313542222824,270.1612500727663,0.2054074572400057,203.20245674263327,324.2475651491802,0.6266892294137772,210.6436006747689,422.04689851490633,0.4990999848973636,380.35482747398726,0.9012146015345104,271.12316178407315,0.8361609798344498,24.501710083180186,60.16159867640671,0.967442209509702,-0.5398202331705875,0.4990999848973636,0.4987465881038996,0.0003533967934639,0.0003533967934639,0.0,0.0002852029064775,1.103466978773085,0.0706666666666666,0.0066666666666666,0.5493333333333333,0.6226666666666667,0.3835555555555555,0.844,0.9293333333333332,0.6786666666666666,17593.175849139127,40.01773241921034,38.76510268805798,60.02487741939608,1027,4250,1027,0,567.3857934268004,51571.40245643968,5.512634081693888e-07,0.0284294270822121,686.6574959679538,0.6686051567360796
2,40,seedpair02_ref20260825_label20260824_noise04000_rep003_seed2026084703,20260825,20260824,fiducial,0.4,105.8372361949436,3,2026084703,264.593090487359,combined_practical_basis,1027,0.0001,2.0,1.2477352481639976,0.411002203581721,0.5283270839061479,1539,0.0001,2.0,2050,0.0001,2.0,False,False,0.4121958439742842,0.1962307869416473,53.01395470291811,270.1612500727663,0.1962307869416473,209.3202765807937,324.2475651491802,0.6455569727547201,215.92928838187515,422.04689851490633,0.5116239193835675,384.6602674928418,0.9114159323202702,278.9411767688559,0.8602722325471289,24.71023665756665,66.38541297711014,0.9705287524578404,4.057724275732108,0.5161563478647124,0.5100773042872787,0.0015466150962888,0.0060790435774337,-0.0045324284811448,-0.0074272116381648,1.0559389629131863,0.0653333333333333,0.0053333333333333,0.5773333333333334,0.6613333333333333,0.3924444444444444,0.8653333333333333,0.9346666666666666,0.6688888888888889,19461.120510791447,40.01773241921034,38.76510268805798,60.02487741939608,1027,4250,1027,0,567.3857934268004,51571.40245643968,5.512634081693888e-07,0.0284294270822121,686.6574959679538,0.6686051567360796
2,41,seedpair02_ref20260825_label20260824_noise04000_rep004_seed2026084704,20260825,20260824,fiducial,0.4,105.8372361949436,4,2026084704,264.593090487359,combined_practical_basis,1027,0.0001,2.0,1.3123010714321477,0.4127406055924796,0.5322993613212347,1283,0.0001,2.0,2050,0.0001,2.0,False,False,0.4109447363572426,0.2194167665433238,59.27790793626867,270.1612500727663,0.2194167665433237,213.7385927676649,324.2475651491802,0.6591833393392724,221.8063488893013,422.04689851490633,0.5255490554954694,390.35023246923424,0.924897763359461,285.4259252171329,0.8802716069303829,25.380142754230583,63.87180082618863,0.963246805259268,3.926065036756768,0.5203225840017083,0.5222155916573932,0.0033334638380762,-0.0018930076556848,0.005226471493761,-0.0765481500332997,1.0572495085908198,0.0626666666666666,0.0013333333333333,0.5266666666666666,0.6533333333333333,0.3693333333333333,0.8333333333333334,0.9373333333333334,0.6826666666666666,20298.63924665445,40.01773241921034,38.76510268805798,60.02487741939608,1027,4250,1027,0,567.3857934268004,51571.40245643968,5.512634081693888e-07,0.0284294270822121,686.6574959679538,0.6686051567360796
2,42,seedpair02_ref20260825_label20260824_noise04000_rep005_seed2026084705,20260825,20260824,fiducial,0.4,105.8372361949436,5,2026084705,264.593090487359,combined_practical_basis,1027,0.0001,2.0,1.4419921943790888,0.4424782155931803,0.5571717140857129,1539,0.0001,2.0,1795,0.0001,2.0,False,False,0.4047346684020609,0.2091674879717732,56.50895002503454,270.1612500727663,0.2091674879717731,218.9051870111061,324.2475651491802,0.6751174427798461,226.08127373424628,422.04689851490633,0.5356780834778752,378.4363874203829,0.8966690402228293,272.6350732737901,0.8408238104991038,26.52149746677897,61.80081193203458,0.9663961606105188,4.677200193687068,0.5356152366093357,0.5303611463702765,0.0053169371075986,0.0052540902390592,6.284686853941235e-05,-0.0548357466319249,1.0373260857133375,0.0493333333333333,0.008,0.5613333333333334,0.6626666666666666,0.3795555555555555,0.8666666666666667,0.9506666666666668,0.6631111111111111,19082.45453997816,40.01773241921034,38.76510268805798,60.02487741939608,1027,4250,1027,0,567.3857934268004,51571.40245643968,5.512634081693888e-07,0.0284294270822121,686.6574959679538,0.6686051567360796
2,43,seedpair02_ref20260825_label20260824_noise04000_rep006_seed2026084706,20260825,20260824,fiducial,0.4,105.8372361949436,6,2026084706,264.593090487359,combined_practical_basis,1027,0.0001,2.0,1.409050281085811,0.4310464792718965,0.5526043594953286,1539,0.0001,2.0,2050,0.0001,2.0,False,False,0.4226341531893361,0.2171429749808114,58.66361756533544,270.1612500727663,0.2171429749808114,206.05536911559776,324.2475651491802,0.6354877916224153,214.2434016888669,422.04689851490633,0.5076293711498511,390.1775091652608,0.924488511912332,288.70885020081425,0.8903963552293284,24.53005311569311,60.59402581232175,0.9636251300190972,3.7021667574698864,0.5092992066688298,0.5043291893157855,0.0033001818340655,0.0049700173530442,-0.0016698355189787,-0.0665942274886513,1.0895586413573617,0.0733333333333333,0.0066666666666666,0.5133333333333333,0.636,0.3875555555555555,0.832,0.9266666666666666,0.6795555555555556,19366.623780789923,40.01773241921034,38.76510268805798,60.02487741939608,1027,4250,1027,0,567.3857934268004,51571.40245643968,5.512634081693888e-07,0.0284294270822121,686.6574959679538,0.6686051567360796
2,44,seedpair02_ref20260825_label20260824_noise04000_rep007_seed2026084707,20260825,20260824,fiducial,0.4,105.8372361949436,7,2026084707,264.593090487359,combined_practical_basis,1027,0.0001,2.0,1.2700556258995304,0.4146983425576636,0.5463344067841426,1539,0.0001,2.0,2050,0.0001,2.0,False,False,0.4077877219657517,0.2157251104239961,58.28056550423235,270.1612500727663,0.2157251104239961,209.6235554184789,324.2475651491802,0.646492303872922,217.57449138577164,422.04689851490633,0.5155220714839279,378.3459264478094,0.8964547015488767,269.8664834161904,0.8322853042613593,25.41902175183585,60.81640950496319,0.9640289993856976,1.1073640357605012,0.5218699984860503,0.5131056669792715,0.0024164045046564,0.0087643315067788,-0.0063479270021223,0.0056745014115425,1.036849703386857,0.064,0.004,0.528,0.676,0.3942222222222222,0.8573333333333333,0.936,0.6875555555555556,19011.443495894844,40.01773241921034,38.76510268805798,60.02487741939608,1027,4250,1027,0,567.3857934268004,51571.40245643968,5.512634081693888e-07,0.0284294270822121,686.6574959679538,0.6686051567360796
2,45,seedpair02_ref20260825_label20260824_noise04000_rep008_seed2026084708,20260825,20260824,fiducial,0.4,105.8372361949436,8,2026084708,264.593090487359,combined_practical_basis,1027,0.0001,2.0,1.268742748860647,0.4172676662677393,0.5202838580430723,1795,0.0001,2.0,2050,0.0001,2.0,False,False,0.4137293195946951,0.211193818898684,57.0563861213099,270.1612500727663,0.211193818898684,207.24649536505424,324.2475651491802,0.6391613003160224,214.95706789571128,422.04689851490633,0.5093203353752858,383.27920856627696,0.9081436444976976,276.8953172812802,0.8539626724841738,25.749749359813748,63.00054192161922,0.9658252039351825,4.035499974236656,0.500884576771363,0.4999910506433037,0.009329284731982,0.0008935261280592,0.0084357586039227,-0.0315975542270154,1.0514916894518738,0.064,0.0066666666666666,0.5373333333333333,0.6613333333333333,0.3875555555555555,0.844,0.936,0.6804444444444444,19222.044676269525,40.01773241921034,38.76510268805798,60.02487741939608,1027,4250,1027,0,567.3857934268004,51571.40245643968,5.512634081693888e-07,0.0284294270822121,686.6574959679538,0.6686051567360796
2,46,seedpair02_ref20260825_label20260824_noise04000_rep009_seed2026084709,20260825,20260824,fiducial,0.4,105.8372361949436,9,2026084709,264.593090487359,combined_practical_basis,1027,0.0001,2.0,1.1980387916980997,0.3949250974530839,0.5413322602462602,1795,0.0001,2.0,2050,0.0001,2.0,False,False,0.4217366484495836,0.1998737799238581,53.99815024099847,270.1612500727663,0.199873779923858,204.3318645224316,324.2475651491802,0.6301723944431853,211.34642435741085,422.04689851490633,0.5007652587925516,384.6100319901685,0.9112969040728168,279.2172797805917,0.8611237516991964,23.21587468704788,64.48307405851227,0.969244282215694,2.7252400675449238,0.483522589161897,0.4822999923430602,0.0184652664494914,0.0012225968188368,0.0172426696306545,-0.0087153174743711,1.06948995051439,0.0786666666666666,0.0026666666666666,0.548,0.6693333333333333,0.3924444444444444,0.8653333333333333,0.9213333333333332,0.6955555555555556,18986.972564854463,40.01773241921034,38.76510268805798,60.02487741939608,1027,4250,1027,0,567.3857934268004,51571.40245643968,5.512634081693888e-07,0.0284294270822121,686.6574959679538,0.6686051567360796
2,47,seedpair02_ref20260825_label20260824_noise04000_rep010_seed2026084710,20260825,20260824,fiducial,0.4,105.8372361949436,10,2026084710,264.593090487359,combined_practical_basis,1027,0.0001,2.0,1.3599540581471463,0.4296620680062131,0.528883097201246,1283,0.0001,2.0,2050,0.0001,2.0,False,False,0.4217825008332855,0.2181561172562954,58.93732934898177,270.1612500727663,0.2181561172562955,213.4940578554547,324.2475651491802,0.6584291782028652,221.47984452400763,422.04689851490633,0.5247754344442485,383.23372870080726,0.908035884280457,275.4162618675635,0.8494011720360942,25.778072387365206,62.087913735183214,0.9632064603645452,-1.0774237621217455,0.5192775673072924,0.5150522991837968,0.0097231352604516,0.0042252681234955,0.0054978671369561,0.0079383617616531,1.0713700842156102,0.0773333333333333,0.0053333333333333,0.5093333333333333,0.6613333333333333,0.4017777777777778,0.8426666666666667,0.9226666666666666,0.6813333333333333,19351.93101688653,40.01773241921034,38.76510268805798,60.02487741939608,1027,4250,1027,0,567.3857934268004,51571.40245643968,5.512634081693888e-07,0.0284294270822121,686.6574959679538,0.6686051567360796
2,48,seedpair02_ref20260825_label20260824_noise04000_rep011_seed2026084711,20260825,20260824,fiducial,0.4,105.8372361949436,11,2026084711,264.593090487359,combined_practical_basis,1027,0.0001,2.0,1.4699535924464393,0.4345451472217325,0.5564338432442636,1283,0.0001,2.0,2050,0.0001,2.0,False,False,0.4172820185037505,0.2158384310364338,58.31118034254753,270.1612500727663,0.2158384310364338,211.73770955689895,324.2475651491802,0.6530124889588066,219.6202436055083,422.04689851490633,0.5203692868690789,380.3429347855401,0.90118642293993,272.909167244002,0.841669133640037,24.759275230071918,63.25548675895408,0.9639532476683296,0.6931961582366332,0.5195239872844151,0.5147159316909462,0.0056533551781327,0.0048080555934688,0.0008452995846638,0.0159134167938062,1.0586375905941805,0.056,0.0026666666666666,0.5306666666666666,0.6346666666666667,0.388,0.8333333333333334,0.944,0.6808888888888889,19569.043534523786,40.01773241921034,38.76510268805798,60.02487741939608,1027,4250,1027,0,567.3857934268004,51571.40245643968,5.512634081693888e-07,0.0284294270822121,686.6574959679538,0.6686051567360796
3,37,seedpair03_ref20260905_label20260904_noise04000_rep000_seed2026085700,20260905,20260904,fiducial,0.4,105.71052377228251,0,2026085700,264.2763094307063,combined_practical_basis,1027,0.0001,2.0,1.2965273411754583,0.4224824016986099,0.5588189583968496,1539,0.0001,2.0,1539,0.0001,2.0,False,True,0.4206483646392346,0.2254419122410757,59.26318207987417,262.87561833888816,0.2254419122410758,207.5907695050045,293.312312813324,0.7077465228577833,215.88434944180693,393.8726996949065,0.5481069127386355,371.0609871192892,0.9420835396987728,263.4654896451082,0.8982421744183257,27.685740069313983,65.81890467845511,0.9617710281148542,-0.2528909219587366,0.5381917581125055,0.5381917581125055,0.00991515462613,0.0,0.00991515462613,-0.0223271421554113,1.056074231453742,0.0653333333333333,0.004,0.512,0.6386666666666667,0.3875555555555555,0.8333333333333334,0.9346666666666666,0.6777777777777778,16643.044193028665,39.99960832128336,38.95155328672733,60.157252582546406,1027,4250,1027,0,672.3261391297586,69693.30381623808,5.50548842125376e-07,0.0383695677199219,687.0538251805722,0.6689910663880937
3,38,seedpair03_ref20260905_label20260904_noise04000_rep001_seed2026085701,20260905,20260904,fiducial,0.4,105.71052377228251,1,2026085701,264.2763094307063,combined_practical_basis,1027,0.0001,2.0,1.3068061970789944,0.4263216234849452,0.5289745634098239,899,0.0001,2.0,2050,0.0001,2.0,False,False,0.4400350691249641,0.2202850647737805,57.90757261322958,262.87561833888816,0.2202850647737805,195.7614576508467,293.312312813324,0.6674164332659207,204.1466023903917,393.8726996949065,0.5183060479909462,358.57213717617697,0.9103757062978132,250.68066395534507,0.854654417848761,26.63715999488636,64.1779447231429,0.9635694448461268,5.155425288828974,0.5289958421366138,0.5091262358147771,0.009179812176169,0.0198696063218366,-0.0106897941456676,-0.0554989675374183,1.1024839064576248,0.0773333333333333,0.0053333333333333,0.5373333333333333,0.624,0.3973333333333333,0.8293333333333334,0.9226666666666666,0.6951111111111111,17469.949395032163,39.99960832128336,38.95155328672733,60.157252582546406,1027,4250,1027,0,672.3261391297586,69693.30381623808,5.50548842125376e-07,0.0383695677199219,687.0538251805722,0.6689910663880937
3,39,seedpair03_ref20260905_label20260904_noise04000_rep002_seed2026085702,20260905,20260904,fiducial,0.4,105.71052377228251,2,2026085702,264.2763094307063,combined_practical_basis,1027,0.0001,2.0,1.330714009861811,0.4314222834932849,0.5552847526386081,1027,0.0001,2.0,2050,0.0001,2.0,False,False,0.4189564892730775,0.2077257323720576,54.60603034220302,262.87561833888816,0.2077257323720575,207.5703494504496,293.312312813324,0.707676904046493,214.6328691526891,393.8726996949065,0.5449295402269403,364.0375995377804,0.9242519215466408,259.42128863833784,0.8844541374689724,26.57814377439956,64.88746269168736,0.9676452127579857,5.435795686893397,0.5449295402269403,0.5242255150872513,0.0207040251396889,0.0207040251396889,0.0,-0.0204328828979903,1.0241504091387452,0.0546666666666666,0.0026666666666666,0.544,0.6666666666666666,0.4017777777777778,0.8533333333333334,0.9453333333333334,0.6893333333333334,18485.796085762104,39.99960832128336,38.95155328672733,60.157252582546406,1027,4250,1027,0,672.3261391297586,69693.30381623808,5.50548842125376e-07,0.0383695677199219,687.0538251805722,0.6689910663880937
3,40,seedpair03_ref20260905_label20260904_noise04000_rep003_seed2026085703,20260905,20260904,fiducial,0.4,105.71052377228251,3,2026085703,264.2763094307063,combined_practical_basis,1027,0.0001,2.0,1.358269948130815,0.4436236789671447,0.5595688653534776,1283,0.0001,2.0,2050,0.0001,2.0,False,False,0.4089417948631904,0.2248300018180907,59.10232574906396,262.87561833888816,0.2248300018180907,207.44541509866747,293.312312813324,0.7072509609601499,215.700452374136,393.8726996949065,0.5476400180596863,374.1493037978118,0.9499244402763318,273.45848100844825,0.9323116318764584,27.04520714290213,71.14159670906382,0.962046932713128,5.80095705518697,0.5473121984212933,0.5393733914399488,0.0082666266197375,0.0079388069813445,0.000327819638393,-0.0687069580822004,1.0165105869928155,0.0573333333333333,0.0066666666666666,0.5413333333333333,0.6906666666666667,0.3853333333333333,0.8413333333333334,0.9426666666666668,0.6671111111111111,18415.084603040978,39.99960832128336,38.95155328672733,60.157252582546406,1027,4250,1027,0,672.3261391297586,69693.30381623808,5.50548842125376e-07,0.0383695677199219,687.0538251805722,0.6689910663880937
3,41,seedpair03_ref20260905_label20260904_noise04000_rep004_seed2026085704,20260905,20260904,fiducial,0.4,105.71052377228251,4,2026085704,264.2763094307063,combined_practical_basis,1027,0.0001,2.0,1.3589370192036268,0.4354789523137954,0.5627383690523634,1283,0.0001,2.0,2050,0.0001,2.0,False,False,0.4124558876774618,0.222284016148109,58.433048191785566,262.87561833888816,0.222284016148109,205.94746661101857,293.312312813324,0.7021439524159766,214.0765753754486,393.8726996949065,0.5435171707540842,372.17864607366056,0.9449211543779245,267.59796411091423,0.9123311651810014,27.1228501173078,71.50721571862186,0.9625718220300532,0.5440423279657466,0.531306163364954,0.5177451945584969,0.0257719761955873,0.013560968806457,0.0122110073891302,-0.0878812593075011,1.051520782323013,0.0666666666666666,0.0053333333333333,0.512,0.6786666666666666,0.3862222222222222,0.8453333333333334,0.9333333333333332,0.6835555555555556,19035.81136841496,39.99960832128336,38.95155328672733,60.157252582546406,1027,4250,1027,0,672.3261391297586,69693.30381623808,5.50548842125376e-07,0.0383695677199219,687.0538251805722,0.6689910663880937
3,42,seedpair03_ref20260905_label20260904_noise04000_rep005_seed2026085705,20260905,20260904,fiducial,0.4,105.71052377228251,5,2026085705,264.2763094307063,combined_practical_basis,1027,0.0001,2.0,1.4083415428806754,0.4411912446247074,0.5242966066736388,1539,0.0001,2.0,1027,0.0001,2.0,True,False,0.429809643730922,0.2210233489719748,58.10164952833977,262.87561833888816,0.2210233489719749,194.5606520632384,293.312312813324,0.6633224844777137,203.05085325894728,393.8726996949065,0.5155240599722457,362.1030524777527,0.9193403167019126,255.06638114507544,0.8696067979505865,24.89551084776365,62.06516759681564,0.9629604601370502,1.7363321471532212,0.5071395800337096,0.5155240599722457,0.0,-0.008384479938536,0.008384479938536,0.0633802799053981,1.0536350871756426,0.0693333333333333,0.0013333333333333,0.52,0.6653333333333333,0.4066666666666667,0.8213333333333334,0.9306666666666666,0.7035555555555556,18744.84299491969,39.99960832128336,38.95155328672733,60.157252582546406,1027,4250,1027,0,672.3261391297586,69693.30381623808,5.50548842125376e-07,0.0383695677199219,687.0538251805722,0.6689910663880937
3,43,seedpair03_ref20260905_label20260904_noise04000_rep006_seed2026085706,20260905,20260904,fiducial,0.4,105.71052377228251,6,2026085706,264.2763094307063,combined_practical_basis,1027,0.0001,2.0,1.2927657492741988,0.4230189607807226,0.5458032163531128,1795,0.0001,2.0,2050,0.0001,2.0,False,False,0.4510750148245436,0.2107091884495913,55.39030820337161,262.87561833888816,0.2107091884495912,203.5449934662154,293.312312813324,0.6939531160962882,210.9470327073272,393.8726996949065,0.5355716018671175,372.9897470162268,0.9469804515650472,265.81697704035105,0.906259183226065,26.483340226399378,67.05932704832976,0.966726673008686,0.4629948899242858,0.5185191282797745,0.5182011296538411,0.0173704722132763,0.0003179986259334,0.0170524735873429,0.0074119988467185,1.1317558341002614,0.084,0.008,0.5546666666666666,0.632,0.3991111111111111,0.86,0.916,0.688,18155.080826806206,39.99960832128336,38.95155328672733,60.157252582546406,1027,4250,1027,0,672.3261391297586,69693.30381623808,5.50548842125376e-07,0.0383695677199219,687.0538251805722,0.6689910663880937
3,44,seedpair03_ref20260905_label20260904_noise04000_rep007_seed2026085707,20260905,20260904,fiducial,0.4,105.71052377228251,7,2026085707,264.2763094307063,combined_practical_basis,1027,0.0001,2.0,1.3421104152202177,0.431900811170245,0.5170994623726658,1283,0.0001,2.0,2050,0.0001,2.0,False,False,0.4419667478622534,0.2241456247587151,58.92241970640364,262.87561833888816,0.2241456247587151,200.02705152406816,293.312312813324,0.681959272713429,208.5249934311708,393.8726996949065,0.5294223072396084,372.7927356791476,0.9464802611806112,270.4912260827292,0.9221952651366564,26.184833195896587,62.64935387385112,0.9619653490435772,2.8913963676147474,0.5137935959562941,0.501698548408284,0.0277237588313243,0.0120950475480101,0.0156287112833142,-0.0088895789557243,1.1071439511931305,0.0786666666666666,0.0026666666666666,0.5346666666666666,0.6226666666666667,0.4017777777777778,0.8106666666666666,0.9213333333333332,0.7088888888888889,18113.11694186037,39.99960832128336,38.95155328672733,60.157252582546406,1027,4250,1027,0,672.3261391297586,69693.30381623808,5.50548842125376e-07,0.0383695677199219,687.0538251805722,0.6689910663880937
3,45,seedpair03_ref20260905_label20260904_noise04000_rep008_seed2026085708,20260905,20260904,fiducial,0.4,105.71052377228251,8,2026085708,264.2763094307063,combined_practical_basis,1027,0.0001,2.0,1.3291915360390067,0.4260244637201812,0.534448377839546,1539,0.0001,2.0,1795,0.0001,2.0,False,False,0.4501188041815636,0.2146234503708219,56.41927222625548,262.87561833888816,0.2146234503708219,198.1743213924344,293.312312813324,0.6756426946132353,206.0490134358624,393.8726996949065,0.5231360629854971,364.4984951390341,0.9254220854133184,258.51248681700054,0.881355727406945,25.644827107806396,67.58562376244639,0.965074727084074,-1.587181975780433,0.5129994328400721,0.5101555888160828,0.0129804741694142,0.0028438440239892,0.0101366301454249,0.0211257115092368,1.1251339658279875,0.0786666666666666,0.0093333333333333,0.5213333333333333,0.6173333333333333,0.3942222222222222,0.86,0.9213333333333332,0.6977777777777778,18800.59456522728,39.99960832128336,38.95155328672733,60.157252582546406,1027,4250,1027,0,672.3261391297586,69693.30381623808,5.50548842125376e-07,0.0383695677199219,687.0538251805722,0.6689910663880937
3,46,seedpair03_ref20260905_label20260904_noise04000_rep009_seed2026085709,20260905,20260904,fiducial,0.4,105.71052377228251,9,2026085709,264.2763094307063,combined_practical_basis,1027,0.0001,2.0,1.3212591469255262,0.4363956760293665,0.5574911824417377,899,0.0001,2.0,2050,0.0001,2.0,False,False,0.4356373667328406,0.2316708770659828,60.900625059832784,262.87561833888816,0.2316708770659828,205.5396729345832,293.312312813324,0.7007536470703741,214.37220734678684,393.8726996949065,0.5442677482162115,355.61018391025203,0.9028556286985806,248.1202801467729,0.8459252111406822,27.90856037591443,68.16927907479986,0.95935216989692,4.021317982978922,0.5564844163294093,0.5363198122815278,0.0079479359346836,0.0201646040478814,-0.0122166681131977,-0.0122413218988251,1.0829080523332053,0.0786666666666666,0.0053333333333333,0.508,0.648,0.3768888888888889,0.8146666666666667,0.9213333333333332,0.6755555555555556,16662.762583516334,39.99960832128336,38.95155328672733,60.157252582546406,1027,4250,1027,0,672.3261391297586,69693.30381623808,5.50548842125376e-07,0.0383695677199219,687.0538251805722,0.6689910663880937
3,47,seedpair03_ref20260905_label20260904_noise04000_rep010_seed2026085710,20260905,20260904,fiducial,0.4,105.71052377228251,10,2026085710,264.2763094307063,combined_practical_basis,1027,0.0001,2.0,1.376896319627249,0.4386986231614375,0.5365059826680973,1283,0.0001,2.0,1539,0.0001,2.0,False,False,0.4364917880802715,0.2182339468523399,57.368383721344905,262.87561833888816,0.2182339468523399,197.2032898456367,293.312312813324,0.672332122556154,205.3783556676352,393.8726996949065,0.5214333357623444,379.22713438045,0.9628165005449706,277.1121398275616,0.9447681795885848,27.48382117918176,64.31588350596127,0.9642202203720838,3.125549032249689,0.513474568159269,0.5017217614886811,0.0197115742736633,0.0117528066705878,0.0079587676030754,-0.0624677440214228,1.1087779617297555,0.0706666666666666,0.008,0.5133333333333333,0.6173333333333333,0.3906666666666666,0.828,0.9293333333333332,0.7026666666666667,17826.658066091088,39.99960832128336,38.95155328672733,60.157252582546406,1027,4250,1027,0,672.3261391297586,69693.30381623808,5.50548842125376e-07,0.0383695677199219,687.0538251805722,0.6689910663880937
3,48,seedpair03_ref20260905_label20260904_noise04000_rep011_seed2026085711,20260905,20260904,fiducial,0.4,105.71052377228251,11,2026085711,264.2763094307063,combined_practical_basis,1027,0.0001,2.0,1.4609860998059914,0.4434842383058231,0.5490244680493519,1283,0.0001,2.0,1795,0.0001,2.0,False,False,0.4132901594964098,0.2075451292701918,54.55855419012613,262.87561833888816,0.2075451292701917,206.7518994210518,293.312312813324,0.7048865335313668,213.82933322986736,393.8726996949065,0.5428894498031963,368.655338235817,0.935975858497878,263.5889525359406,0.8986631008010205,26.868989451529583,67.76590147039003,0.9673495018861844,-0.0116437540595996,0.5233410010540157,0.5144413794194871,0.0284480703837092,0.0088996216345286,0.0195484487491806,0.0440552674700577,1.0239147354811342,0.048,0.004,0.5586666666666666,0.6546666666666666,0.4088888888888889,0.844,0.952,0.6875555555555556,17700.704929826847,39.99960832128336,38.95155328672733,60.157252582546406,1027,4250,1027,0,672.3261391297586,69693.30381623808,5.50548842125376e-07,0.0383695677199219,687.0538251805722,0.6689910663880937
4,37,seedpair04_ref20260915_label20260914_noise04000_rep000_seed2026086700,20260915,20260914,fiducial,0.4,106.03107408491049,0,2026086700,265.0776852122761,combined_practical_basis,1027,0.0001,2.0,1.4010855387918622,0.4411667136961469,0.576468209104325,1539,0.0001,2.0,2050,0.0001,2.0,False,False,0.4198383812833685,0.2064333370447901,55.11601658292673,266.9918404262783,0.2064333370447901,203.61368991447927,308.3150877785446,0.6604078035283507,210.9414847879837,407.8514879292497,0.517201704617971,377.6936808380885,0.92605689084456,266.4190263966213,0.8641128409128773,24.779265345847328,64.88876958915354,0.965479817451659,-2.560822860906865,0.5044961823145385,0.4948763094143217,0.0223253952036492,0.0096198729002168,0.0127055223034324,0.0107646402033343,1.0649270019802963,0.0573333333333333,0.008,0.5626666666666666,0.6533333333333333,0.4066666666666667,0.844,0.9426666666666668,0.7013333333333334,18993.25311900109,39.94656259213953,38.98897419374414,60.36190197927317,1027,4250,1027,0,726.8383765104271,83984.71662568589,5.576155061531648e-07,0.0468311802703619,687.8529707664827,0.6697692023042675
4,38,seedpair04_ref20260915_label20260914_noise04000_rep001_seed2026086701,20260915,20260914,fiducial,0.4,106.03107408491049,1,2026086701,265.0776852122761,combined_practical_basis,1027,0.0001,2.0,1.390688987337216,0.4388834529425062,0.5535385144236012,1539,0.0001,2.0,1795,0.0001,2.0,False,False,0.4012408048306066,0.2055659519859541,54.88443184970987,266.9918404262783,0.2055659519859541,202.4165674748509,308.3150877785446,0.6565250145015347,209.7254577960585,407.8514879292497,0.5142201610220428,373.98842162773786,0.9169720662944202,269.5959849801372,0.8744171001251213,25.828066528685017,63.61020543868575,0.9659991852075456,7.362065635484232,0.5050151277259327,0.4994790956965364,0.0147410653255063,0.0055360320293962,0.0092050332961101,-0.1109864873595777,1.014685212756999,0.0493333333333333,0.0026666666666666,0.5386666666666666,0.684,0.3911111111111111,0.84,0.9506666666666668,0.6777777777777778,17276.83220321273,39.94656259213953,38.98897419374414,60.36190197927317,1027,4250,1027,0,726.8383765104271,83984.71662568589,5.576155061531648e-07,0.0468311802703619,687.8529707664827,0.6697692023042675
4,39,seedpair04_ref20260915_label20260914_noise04000_rep002_seed2026086702,20260915,20260914,fiducial,0.4,106.03107408491049,2,2026086702,265.0776852122761,combined_practical_basis,1027,0.0001,2.0,1.31892334333027,0.4343540305921443,0.57496552752453,899,0.0001,2.0,2050,0.0001,2.0,False,False,0.4199764133666157,0.2043707021534822,54.56530989716899,266.9918404262783,0.2043707021534822,205.2886430785778,308.3150877785446,0.6658404055335487,212.41657190816773,407.8514879292497,0.5208184307151916,378.15745683400536,0.9271940106287038,272.26639466097265,0.883078400809678,25.513756542006803,64.63406059926474,0.9661347141487052,4.25378497028777,0.529979534172907,0.5033536475846352,0.0174647831305564,0.0266258865882718,-0.0091611034577153,0.016936683083951,1.0450124777145835,0.0573333333333333,0.004,0.544,0.656,0.4004444444444444,0.8733333333333333,0.9426666666666668,0.6684444444444444,17499.56642408148,39.94656259213953,38.98897419374414,60.36190197927317,1027,4250,1027,0,726.8383765104271,83984.71662568589,5.576155061531648e-07,0.0468311802703619,687.8529707664827,0.6697692023042675
4,40,seedpair04_ref20260915_label20260914_noise04000_rep003_seed2026086703,20260915,20260914,fiducial,0.4,106.03107408491049,3,2026086703,265.0776852122761,combined_practical_basis,1027,0.0001,2.0,1.4410731967515686,0.4522563836216445,0.5513131240045007,2050,0.0001,2.0,2050,0.0001,2.0,False,True,0.3952435034991856,0.2016151721951194,53.82960588223595,266.9918404262783,0.2016151721951194,194.7306381464676,308.3150877785446,0.6315962009823468,202.03377911222503,407.8514879292497,0.4953611426992562,375.0045411731918,0.9194634622449732,265.5198057936876,0.8611962771812327,22.867520723739474,65.406869507419,0.9668731317701104,0.7038642795444366,0.4878635148684909,0.4878635148684909,0.0074976278307653,0.0,0.0074976278307653,-0.0621696072953024,1.0303013490842203,0.0613333333333333,0.0053333333333333,0.548,0.676,0.4368888888888889,0.868,0.9386666666666666,0.728,19018.575812603896,39.94656259213953,38.98897419374414,60.36190197927317,1027,4250,1027,0,726.8383765104271,83984.71662568589,5.576155061531648e-07,0.0468311802703619,687.8529707664827,0.6697692023042675
4,41,seedpair04_ref20260915_label20260914_noise04000_rep004_seed2026086704,20260915,20260914,fiducial,0.4,106.03107408491049,4,2026086704,265.0776852122761,combined_practical_basis,1027,0.0001,2.0,1.5246266115376674,0.4573631612778968,0.5494794822011692,2050,0.0001,2.0,1795,0.0001,2.0,False,False,0.3982135960387847,0.1994379167862493,53.24829645354366,266.9918404262783,0.1994379167862493,195.2799130255849,308.3150877785446,0.633377738444801,202.4095489508449,407.8514879292497,0.4962824825735515,379.6473321186834,0.930846995425308,271.46067651774973,0.880465106244601,23.47377748330341,59.351974078758495,0.9674990011463196,-2.138963645360439,0.4774841259162293,0.4797783592731569,0.0165041233003946,-0.0022942333569275,0.0187983566573221,0.025854503785861,0.9854771280607008,0.0573333333333333,0.0013333333333333,0.56,0.704,0.4208888888888888,0.8453333333333334,0.9426666666666668,0.7311111111111112,17773.309666540255,39.94656259213953,38.98897419374414,60.36190197927317,1027,4250,1027,0,726.8383765104271,83984.71662568589,5.576155061531648e-07,0.0468311802703619,687.8529707664827,0.6697692023042675
4,42,seedpair04_ref20260915_label20260914_noise04000_rep005_seed2026086705,20260915,20260914,fiducial,0.4,106.03107408491049,5,2026086705,265.0776852122761,combined_practical_basis,1027,0.0001,2.0,1.463168226574777,0.4532160540703862,0.5572107403779245,1027,0.0001,2.0,1795,0.0001,2.0,False,False,0.4209796221323357,0.2067349343642777,55.19654060632436,266.9918404262783,0.2067349343642777,196.2119182346713,308.3150877785446,0.6364006369211669,203.8278071123637,407.8514879292497,0.4997598712885457,379.53487938837145,0.9305712756262144,269.38136207258106,0.8737209846378693,25.35578989370937,61.9225694606039,0.9653647141474776,-1.7584414268112287,0.4997598712885457,0.4934176749658959,0.0063421963226498,0.0063421963226498,0.0,-0.0628425804838949,1.0878260397148554,0.0786666666666666,0.0013333333333333,0.524,0.6493333333333333,0.4155555555555555,0.8426666666666667,0.9213333333333332,0.7173333333333334,17870.028708699174,39.94656259213953,38.98897419374414,60.36190197927317,1027,4250,1027,0,726.8383765104271,83984.71662568589,5.576155061531648e-07,0.0468311802703619,687.8529707664827,0.6697692023042675
4,43,seedpair04_ref20260915_label20260914_noise04000_rep006_seed2026086706,20260915,20260914,fiducial,0.4,106.03107408491049,6,2026086706,265.0776852122761,combined_practical_basis,1027,0.0001,2.0,1.2821765922206851,0.417504766819228,0.5676988965490425,1027,0.0001,2.0,2050,0.0001,2.0,False,False,0.438851473412135,0.2053337144785147,54.8224263301826,266.9918404262783,0.2053337144785147,203.69040383726605,308.3150877785446,0.6606566201637594,210.9390410619069,407.8514879292497,0.5171957129122908,379.71214519176704,0.9310059088411023,271.4538266939476,0.8804428892851537,23.51360189664137,68.47402729943312,0.9660357211192736,2.584755260165573,0.5171957129122908,0.4908615198014988,0.026334193110792,0.026334193110792,0.0,-0.0394586872193132,1.1088995807832942,0.0813333333333333,0.0053333333333333,0.56,0.6333333333333333,0.4231111111111111,0.848,0.9186666666666666,0.7053333333333334,16499.88769895363,39.94656259213953,38.98897419374414,60.36190197927317,1027,4250,1027,0,726.8383765104271,83984.71662568589,5.576155061531648e-07,0.0468311802703619,687.8529707664827,0.6697692023042675
4,44,seedpair04_ref20260915_label20260914_noise04000_rep007_seed2026086707,20260915,20260914,fiducial,0.4,106.03107408491049,7,2026086707,265.0776852122761,combined_practical_basis,1027,0.0001,2.0,1.316146128043831,0.426636287996317,0.5871890594621356,1795,0.0001,2.0,2050,0.0001,2.0,False,False,0.4148585601072091,0.2058633635030231,54.9638382980161,266.9918404262783,0.2058633635030232,199.72257502737423,308.3150877785446,0.6477872246421824,207.14760557635125,407.8514879292497,0.5078995950905671,380.2743279651468,0.9323843095335558,271.3248610067433,0.8800245974391934,23.72552269054652,66.85611908483642,0.9656724812659544,0.1551605095867224,0.4959435108137643,0.4947100542122802,0.0131895408782868,0.0012334566014841,0.0119560842768027,0.0191857330456973,1.03620641866392,0.056,0.0013333333333333,0.5613333333333334,0.6453333333333333,0.4048888888888889,0.8426666666666667,0.944,0.7124444444444444,16921.550651537953,39.94656259213953,38.98897419374414,60.36190197927317,1027,4250,1027,0,726.8383765104271,83984.71662568589,5.576155061531648e-07,0.0468311802703619,687.8529707664827,0.6697692023042675
4,45,seedpair04_ref20260915_label20260914_noise04000_rep008_seed2026086708,20260915,20260914,fiducial,0.4,106.03107408491049,8,2026086708,265.0776852122761,combined_practical_basis,1027,0.0001,2.0,1.390064046179487,0.4406357274807738,0.5355533049058077,899,0.0001,2.0,2050,0.0001,2.0,False,False,0.3973937417820207,0.211725680758029,56.52902917109282,266.9918404262783,0.211725680758029,196.09355154371616,308.3150877785446,0.6360167222324374,204.07893594404675,407.8514879292497,0.5003756072589062,373.4906959162088,0.9157517061234762,259.28930954499776,0.840988066504352,23.594517516870606,62.60666902791761,0.964554312439748,1.590976987555354,0.5126879841765638,0.4840417419874578,0.0163338652714483,0.0286462421891059,-0.0123123769176576,-0.0451460923088207,1.0242276291778956,0.0573333333333333,0.004,0.5426666666666666,0.6773333333333333,0.4075555555555555,0.8333333333333334,0.9426666666666668,0.7017777777777777,17601.654086003582,39.94656259213953,38.98897419374414,60.36190197927317,1027,4250,1027,0,726.8383765104271,83984.71662568589,5.576155061531648e-07,0.0468311802703619,687.8529707664827,0.6697692023042675
4,46,seedpair04_ref20260915_label20260914_noise04000_rep009_seed2026086709,20260915,20260914,fiducial,0.4,106.03107408491049,9,2026086709,265.0776852122761,combined_practical_basis,1027,0.0001,2.0,1.4003418179631515,0.4403391269680944,0.5448595657085895,1539,0.0001,2.0,2050,0.0001,2.0,False,False,0.4083048797585196,0.2046717949277222,54.64569921110239,266.9918404262783,0.2046717949277222,187.89942144367149,308.3150877785446,0.6094395924556089,195.6842993730891,407.8514879292497,0.4797930255608987,380.8194343915195,0.93372084119399,274.26429265785936,0.8895584534444091,22.36476823337665,59.658300973993086,0.9660280229673576,2.673758628850281,0.4721009836896367,0.4684764054323866,0.0113166201285121,0.0036245782572501,0.0076920418712619,-0.0403638314146488,1.0432936748862118,0.0613333333333333,0.0066666666666666,0.548,0.6706666666666666,0.4155555555555555,0.848,0.9386666666666666,0.736,19340.359963543677,39.94656259213953,38.98897419374414,60.36190197927317,1027,4250,1027,0,726.8383765104271,83984.71662568589,5.576155061531648e-07,0.0468311802703619,687.8529707664827,0.6697692023042675
4,47,seedpair04_ref20260915_label20260914_noise04000_rep010_seed2026086710,20260915,20260914,fiducial,0.4,106.03107408491049,10,2026086710,265.0776852122761,combined_practical_basis,1027,0.0001,2.0,1.3320843557198845,0.432633414131073,0.5550765656857461,1027,0.0001,2.0,2050,0.0001,2.0,False,False,0.4090699791373839,0.208591903351972,55.69233617396338,266.9918404262783,0.208591903351972,202.2654034215175,308.3150877785446,0.656034723694093,209.7925874042812,407.8514879292497,0.514384754287507,368.8219206639535,0.9043044627262296,258.6217266448243,0.8388228046451822,25.395177910350448,61.592984933728,0.9643160264585922,0.740039754114272,0.514384754287507,0.4976405251837743,0.0167442291037326,0.0167442291037326,0.0,-0.0584173004151874,1.0416401455772035,0.0626666666666666,0.0066666666666666,0.5266666666666666,0.6773333333333333,0.3951111111111111,0.8546666666666667,0.9373333333333334,0.688,16858.064390380714,39.94656259213953,38.98897419374414,60.36190197927317,1027,4250,1027,0,726.8383765104271,83984.71662568589,5.576155061531648e-07,0.0468311802703619,687.8529707664827,0.6697692023042675
4,48,seedpair04_ref20260915_label20260914_noise04000_rep011_seed2026086711,20260915,20260914,fiducial,0.4,106.03107408491049,11,2026086711,265.0776852122761,combined_practical_basis,1027,0.0001,2.0,1.3506544195636163,0.4379043252296485,0.5802152769213236,1539,0.0001,2.0,2050,0.0001,2.0,False,False,0.4163326171301448,0.2142898122118154,57.213631347034166,266.9918404262783,0.2142898122118154,195.75343037865636,308.3150877785446,0.6349135612826752,203.943141872743,407.8514879292497,0.5000426574589847,381.5018085180149,0.935393935804874,268.36310355293125,0.8704183291402531,24.288289506928077,64.59840447081602,0.9640057293339424,-0.5326383910230202,0.4914365890590564,0.4847604533384267,0.0152822041205579,0.0066761357206296,0.0086060683999282,-0.0380407868662436,1.0600330444215902,0.0613333333333333,0.004,0.5053333333333333,0.6453333333333333,0.4217777777777777,0.836,0.9386666666666666,0.7022222222222222,16841.286089077472,39.94656259213953,38.98897419374414,60.36190197927317,1027,4250,1027,0,726.8383765104271,83984.71662568589,5.576155061531648e-07,0.0468311802703619,687.8529707664827,0.6697692023042675
0,49,seedpair00_ref20260805_label20260804_noise08000_rep000_seed2026082700,20260805,20260804,fiducial,0.8,213.82946237152703,0,2026082700,267.2868279644088,combined_practical_basis,514,0.0001,2.0,1.1999806640275863,0.6675801219413716,0.7063804021249158,643,0.0001,2.0,259,0.0001,2.0,False,False,0.6762296833594011,0.3361987880024783,91.56454037191556,272.352380911143,0.3361987880024782,266.9828078544636,301.82045425606793,0.8845749321812111,282.24791362094,406.5358606510716,0.6942755632157932,423.4238980013504,1.0415413226356771,323.94541368662203,1.073305036549256,31.756533258295217,76.9305304094919,0.913338765225984,5.510054703913901,0.6912315150712968,0.6623445131869973,0.0319310500287959,0.0288870018842994,0.0030440481444964,-0.0415429636761518,1.0273994141339635,0.0506666666666666,0.004,0.5066666666666667,0.6626666666666666,0.5031111111111111,0.8186666666666667,0.9493333333333334,0.8057777777777778,18800.19567123417,120.21162168907662,61.66327513119507,106.17366282295714,514,4250,514,0,118.6890888955049,9130.750238592576,1.1840244307098512e-06,0.0108110313532034,420.1687225300028,0.8174488765175152
0,50,seedpair00_ref20260805_label20260804_noise08000_rep001_seed2026082701,20260805,20260804,fiducial,0.8,213.82946237152703,1,2026082701,267.2868279644088,combined_practical_basis,514,0.0001,1.0,1.1595262243546764,0.690554630952232,0.7435326780988859,643,0.0001,1.0,67,0.0001,1.0,False,False,0.6742109274074823,0.3475884900705449,94.66655284802208,272.352380911143,0.3475884900705449,277.98531653554534,301.82045425606793,0.921028752742183,293.662378314783,406.5358606510716,0.7223529502280056,364.2666137599113,0.8960257852198681,259.3800552967692,0.859385279026544,37.70156891918258,90.40798239907276,0.9048008678539108,16.442990655471174,0.7202439649377217,0.6881372758084582,0.0342156744195474,0.0321066891292635,0.0021089852902839,-0.1013492843718743,1.0697442420366852,0.064,0.0026666666666666,0.492,0.6546666666666666,0.4275555555555556,0.8026666666666666,0.936,0.7448888888888889,13415.118924485698,118.39575127377616,60.83816902406141,93.17538187711594,514,4250,514,0,118.6890888955049,3183.07405150597,3.3873883482110667e-06,0.0107823079535643,409.0430814172994,0.7958036603449404
0,51,seedpair00_ref20260805_label20260804_noise08000_rep002_seed2026082702,20260805,20260804,fiducial,0.8,213.82946237152703,2,2026082702,267.2868279644088,combined_practical_basis,514,0.0001,1.0,1.2477782987490806,0.7582874846519293,0.7244644058977845,259,0.0001,1.0,67,0.0001,2.0,False,False,0.6729531532029476,0.3411558108096366,92.91459733567598,272.352380911143,0.3411558108096366,268.54251888312126,301.82045425606793,0.88974261053655,284.1622896271466,406.5358606510716,0.698984559866521,357.9476466716429,0.8804823419473643,256.3340221355446,0.8492930764661426,35.15199506800942,81.64693527153088,0.9087930152480558,19.745999950832577,0.6937862980424669,0.6865570086319845,0.0124275512345364,0.0072292894104823,0.005198261824054,-0.1006604633617272,1.0107017849389544,0.0506666666666666,0.0026666666666666,0.4853333333333333,0.6746666666666666,0.4422222222222222,0.7973333333333333,0.9493333333333334,0.7395555555555555,12093.203089415754,118.39575127377616,60.83816902406141,93.17538187711594,514,4250,514,0,118.6890888955049,3183.07405150597,3.3873883482110667e-06,0.0107823079535643,409.0430814172994,0.7958036603449404
0,52,seedpair00_ref20260805_label20260804_noise08000_rep003_seed2026082703,20260805,20260804,fiducial,0.8,213.82946237152703,3,2026082703,267.2868279644088,combined_practical_basis,514,0.0001,1.0,1.055634871526386,0.6607459601473443,0.7373463016052981,1027,0.0001,2.0,67,0.0001,1.0,False,False,0.7028744456357705,0.350751459146683,95.52799500665662,272.352380911143,0.350751459146683,268.17931102984005,301.82045425606793,0.8885392200831878,284.6853362827659,406.5358606510716,0.7002711540055512,373.6260809117677,0.9190482736588144,260.78661153383246,0.8640455206278965,35.98835414441608,82.11311412693964,0.9052674361890471,10.770135021139351,0.7054905636298797,0.7423263766921308,-0.0420552226865795,-0.036835813062251,-0.0052194096243285,-0.0693454173581284,1.1033394819565323,0.0706666666666666,0.012,0.4906666666666666,0.636,0.4346666666666666,0.784,0.9293333333333332,0.7444444444444445,13675.217264432871,118.39575127377616,60.83816902406141,93.17538187711594,514,4250,514,0,118.6890888955049,3183.07405150597,3.3873883482110667e-06,0.0107823079535643,409.0430814172994,0.7958036603449404
0,53,seedpair00_ref20260805_label20260804_noise08000_rep004_seed2026082704,20260805,20260804,fiducial,0.8,213.82946237152703,4,2026082704,267.2868279644088,combined_practical_basis,514,0.0001,1.0,1.216767091080628,0.6760670193277316,0.7316083563944756,1027,0.0001,2.0,67,0.0001,1.0,False,False,0.6588991477899526,0.3229145959252972,87.94655903121438,272.352380911143,0.3229145959252972,270.735602568238,301.82045425606793,0.8970087969536445,284.66184103848167,406.5358606510716,0.7002133602250799,396.8521991406241,0.9761800558136764,290.8136764614598,0.9635320348922746,35.853167461897755,80.92996971872408,0.9219766631800465,12.15635034067932,0.6918443099413004,0.7026116958433687,-0.0023983356182888,-0.0107673859020682,0.0083690502837794,-0.0271455025909817,1.0065249388153998,0.048,0.0026666666666666,0.5213333333333333,0.68,0.4404444444444444,0.832,0.952,0.7511111111111111,13438.094094200307,118.39575127377616,60.83816902406141,93.17538187711594,514,4250,514,0,118.6890888955049,3183.07405150597,3.3873883482110667e-06,0.0107823079535643,409.0430814172994,0.7958036603449404
0,54,seedpair00_ref20260805_label20260804_noise08000_rep005_seed2026082705,20260805,20260804,fiducial,0.8,213.82946237152703,5,2026082705,267.2868279644088,combined_practical_basis,514,0.0001,2.0,1.1728012164644244,0.6752833349154702,0.7019958774656926,643,0.0001,2.0,259,0.0001,1.0,False,False,0.6519513266556451,0.3455328186345449,94.10668583805644,272.352380911143,0.3455328186345449,266.9037512837378,301.82045425606793,0.8843129997322633,283.00826978863,406.5358606510716,0.6961458930963412,432.66079320784735,1.0642623076717914,331.902344108335,1.0996681617434223,31.527154508448348,74.03098258295014,0.907493312719312,-5.115152404022433,0.7015662868248694,0.6905567227099338,0.0055891703864073,0.0110095641149355,-0.0054203937285282,-0.0322340023671436,1.0276165940558628,0.0533333333333333,0.0053333333333333,0.5,0.6706666666666666,0.4711111111111111,0.7973333333333333,0.9466666666666668,0.8075555555555556,20995.90636597041,120.21162168907662,61.66327513119507,106.17366282295714,514,4250,514,0,118.6890888955049,9130.750238592576,1.1840244307098512e-06,0.0108110313532034,420.1687225300028,0.8174488765175152
0,55,seedpair00_ref20260805_label20260804_noise08000_rep006_seed2026082706,20260805,20260804,fiducial,0.8,213.82946237152703,6,2026082706,267.2868279644088,combined_practical_basis,514,0.0001,1.0,1.252350540385733,0.7132296806117346,0.7063247895096694,387,0.0001,1.0,259,0.0001,1.0,False,False,0.6846882241432122,0.3407662494217477,92.8084993641734,272.352380911143,0.3407662494217477,268.61375902186734,301.82045425606793,0.8899786453636848,284.1949490932019,406.5358606510716,0.6990648958693597,371.53624675794026,0.9139076837229584,264.5066657952472,0.8763709088146713,35.46698585084001,81.36707337800529,0.9114773087551712,17.850722645489107,0.6930236321319122,0.6838908517814923,0.0151740440878673,0.0091327803504198,0.0060412637374475,-0.0146922454041166,1.022501242019615,0.0506666666666666,0.0,0.4906666666666666,0.6613333333333333,0.4466666666666666,0.8106666666666666,0.9493333333333334,0.7622222222222222,13177.538825712589,118.39575127377616,60.83816902406141,93.17538187711594,514,4250,514,0,118.6890888955049,3183.07405150597,3.3873883482110667e-06,0.0107823079535643,409.0430814172994,0.7958036603449404
0,56,seedpair00_ref20260805_label20260804_noise08000_rep007_seed2026082707,20260805,20260804,fiducial,0.8,213.82946237152703,7,2026082707,267.2868279644088,combined_practical_basis,514,0.0001,1.0,1.1932432502687926,0.6711840934130093,0.7125601592075572,514,0.0001,1.0,259,0.0001,1.0,False,False,0.6999078364577868,0.3283966627919347,89.43961299465718,272.352380911143,0.3283966627919347,282.2511260253059,301.82045425606793,0.9351623524687984,296.08299936873635,406.5358606510716,0.7283072122950143,392.5472896702237,0.9655908067779184,292.3616295152371,0.968660756395238,34.20261862732524,81.5877402312522,0.9169108295875816,15.22222983185372,0.7283072122950143,0.6737316251559525,0.0545755871390617,0.0545755871390617,0.0,-0.0216987817460371,1.0823786852184771,0.0706666666666666,0.0053333333333333,0.528,0.6333333333333333,0.4386666666666666,0.8293333333333334,0.9293333333333332,0.7364444444444445,13009.87081168172,118.39575127377616,60.83816902406141,93.17538187711594,514,4250,514,0,118.6890888955049,3183.07405150597,3.3873883482110667e-06,0.0107823079535643,409.0430814172994,0.7958036603449404
0,57,seedpair00_ref20260805_label20260804_noise08000_rep008_seed2026082708,20260805,20260804,fiducial,0.8,213.82946237152703,8,2026082708,267.2868279644088,combined_practical_basis,514,0.0001,1.0,1.2286802701593065,0.6863995292011524,0.7383674100523288,643,0.0001,2.0,259,0.0001,1.0,False,False,0.6637966176187498,0.3476669801459982,94.68792980694968,272.352380911143,0.3476669801459982,285.6316007979652,301.82045425606793,0.9463626363627168,300.9172900076265,406.5358606510716,0.7401986371527082,390.5274379064791,0.9606223600571056,283.78854351273765,0.9402561672376524,36.39343177118331,87.83254881388243,0.9068206089290188,9.774635398595564,0.749204473864909,0.7097482447723693,0.0304503923803388,0.0394562290925396,-0.0090058367122007,-0.0316716663011176,1.0297258298620933,0.064,0.0013333333333333,0.4826666666666667,0.6893333333333334,0.4448888888888889,0.8106666666666666,0.936,0.7493333333333333,13600.027329936454,118.39575127377616,60.83816902406141,93.17538187711594,514,4250,514,0,118.6890888955049,3183.07405150597,3.3873883482110667e-06,0.0107823079535643,409.0430814172994,0.7958036603449404
0,58,seedpair00_ref20260805_label20260804_noise08000_rep009_seed2026082709,20260805,20260804,fiducial,0.8,213.82946237152703,9,2026082709,267.2868279644088,combined_practical_basis,514,0.0001,2.0,1.072540978714362,0.6589286205710677,0.7505450215072035,514,0.0001,2.0,67,0.0001,2.0,False,False,0.6536925746715582,0.3319247943914786,90.4005080359608,272.352380911143,0.3319247943914786,274.0070641662697,301.82045425606793,0.9078478953377987,288.53444000011166,406.5358606510716,0.7097392085854877,407.2687256251605,1.0018027068335749,306.11542353769585,1.0142302127674356,35.337384347511055,77.22435724088258,0.913516453745164,5.828865851764313,0.7097392085854877,0.7192520288365328,-0.0095128202510451,-0.0095128202510451,0.0,-0.1017951376960008,1.052680537275771,0.064,0.004,0.5146666666666667,0.656,0.4782222222222222,0.848,0.936,0.8022222222222222,21036.92521611083,120.21162168907662,61.66327513119507,106.17366282295714,514,4250,514,0,118.6890888955049,9130.750238592576,1.1840244307098512e-06,0.0108110313532034,420.1687225300028,0.8174488765175152
0,59,seedpair00_ref20260805_label20260804_noise08000_rep010_seed2026082710,20260805,20260804,fiducial,0.8,213.82946237152703,10,2026082710,267.2868279644088,combined_practical_basis,514,0.0001,1.0,1.2670184608489938,0.6977789650391896,0.6931012123827203,387,0.0001,1.0,259,0.0001,1.0,False,False,0.664334735432328,0.3335335727188184,90.83866264377004,272.352380911143,0.3335335727188184,270.35839907397667,301.82045425606793,0.8957590357497822,285.211021141807,406.5358606510716,0.7015642376174107,378.6477757339413,0.9314006767509582,273.0656536751193,0.904728787676687,36.79526994594589,85.13436662272863,0.9123982597640184,11.506270452529614,0.6874559884761715,0.6705373929912777,0.031026844626133,0.0169185954848938,0.0141082491412392,0.0130267511759622,1.0257792531181391,0.0626666666666666,0.004,0.508,0.668,0.4413333333333333,0.812,0.9373333333333334,0.7573333333333333,12903.783874189216,118.39575127377616,60.83816902406141,93.17538187711594,514,4250,514,0,118.6890888955049,3183.07405150597,3.3873883482110667e-06,0.0107823079535643,409.0430814172994,0.7958036603449404
0,60,seedpair00_ref20260805_label20260804_noise08000_rep011_seed2026082711,20260805,20260804,fiducial,0.8,213.82946237152703,11,2026082711,267.2868279644088,combined_practical_basis,514,0.0001,2.0,1.0798576269653644,0.6611477822663611,0.7284892575009779,514,0.0001,2.0,259,0.0001,1.0,False,False,0.6533624928014371,0.3412772771974365,92.94767899559396,272.352380911143,0.3412772771974365,287.28684855182684,301.82045425606793,0.951846849677356,301.94867839006724,406.5358606510716,0.7427356541351435,401.21770549114433,0.986918361515734,302.63286973242003,1.00269171775768,36.08983515558698,88.19421360818073,0.9078480387793928,9.775044064194748,0.7427356541351435,0.6995565491497375,0.043179104985406,0.043179104985406,0.0,-0.0776618446646456,1.0427516078033852,0.0586666666666666,0.0053333333333333,0.4973333333333333,0.6693333333333333,0.4648888888888889,0.8133333333333334,0.9413333333333334,0.7755555555555556,23353.59575907566,120.21162168907662,61.66327513119507,106.17366282295714,514,4250,514,0,118.6890888955049,9130.750238592576,1.1840244307098512e-06,0.0108110313532034,420.1687225300028,0.8174488765175152
1,49,seedpair01_ref20260815_label20260814_noise08000_rep000_seed2026083700,20260815,20260814,fiducial,0.8,218.6169999147778,0,2026083700,273.27124989347226,combined_practical_basis,514,0.0001,2.0,1.2483347689661513,0.6883603686863957,0.799841118094312,387,0.0001,2.0,259,0.0001,1.0,False,False,0.711401207063591,0.3635752912789116,94.11870560334232,258.86991734853746,0.3635752912789117,278.4013609675101,299.24089973268013,0.9303586549038364,293.88033029280894,395.6750563036069,0.742731505590058,420.2556794479731,1.062123256830992,331.7226878805209,1.1085472880774574,35.72766729094625,88.47981597637259,0.905651682041026,-0.3396778159773858,0.7491917516082804,0.7074497660840098,0.0352817395060481,0.0417419855242706,-0.0064602460182224,0.0286092117448509,1.0524919398564918,0.064,0.004,0.54,0.668,0.4928888888888889,0.8306666666666667,0.936,0.7946666666666666,26163.70925420349,122.4522485267227,63.45185519043608,109.23139847684864,514,4250,514,0,126.71136559748966,10177.934912252536,1.1347547162068471e-06,0.0115494596429248,419.016459321338,0.815207119302214
1,50,seedpair01_ref20260815_label20260814_noise08000_rep001_seed2026083701,20260815,20260814,fiducial,0.8,218.6169999147778,1,2026083701,273.27124989347226,combined_practical_basis,514,0.0001,1.0,1.2820117589057398,0.6983777984368489,0.7401426756280947,771,0.0001,2.0,67,0.0001,1.0,False,False,0.6980349733490235,0.37902372350218,98.11783997614428,258.86991734853746,0.37902372350218,272.93716202201773,299.24089973268013,0.9120984540075896,290.03759227765187,395.6750563036069,0.7330196525077437,372.2228060054939,0.940728509607849,275.2038732082195,0.9196733249167024,37.07282973881155,85.0096783157335,0.895447682632695,4.581485603932355,0.6871515799598675,0.6983214173199362,0.0346982351878074,-0.0111698373600687,0.0458680725478761,-0.0215602367267897,1.0234640188949722,0.0466666666666666,0.0026666666666666,0.492,0.6493333333333333,0.4622222222222222,0.8026666666666666,0.9533333333333334,0.7582222222222222,12961.352027535298,121.36459933052171,62.6254915344302,95.26803985534625,514,4250,514,0,126.71136559748966,3424.0631010633533,3.365125148151645e-06,0.0115224008502464,407.7957323620497,0.7933769112102134
1,51,seedpair01_ref20260815_label20260814_noise08000_rep002_seed2026083702,20260815,20260814,fiducial,0.8,218.6169999147778,2,2026083702,273.27124989347226,combined_practical_basis,514,0.0001,1.0,1.2856899544828548,0.7097683756250999,0.7701192219085131,643,0.0001,2.0,259,0.0001,1.0,False,False,0.7114959089352374,0.3524745803007034,91.24506546990352,258.86991734853746,0.3524745803007034,285.71666766772506,299.24089973268013,0.9548048676600136,299.93278606340493,395.6750563036069,0.7580280366050226,372.6466151647101,0.94179961366777,278.5855492401069,0.9309741732797048,39.63894627227221,87.96935018136323,0.910585068911853,10.282789232472862,0.7295012036241949,0.6944033429766547,0.0636246936283678,0.0350978606475401,0.0285268329808277,-0.0718909889459371,1.0619061893107369,0.0653333333333333,0.0053333333333333,0.5093333333333333,0.652,0.432,0.816,0.9346666666666666,0.7395555555555555,13500.12748604376,121.36459933052171,62.6254915344302,95.26803985534625,514,4250,514,0,126.71136559748966,3424.0631010633533,3.365125148151645e-06,0.0115224008502464,407.7957323620497,0.7933769112102134
1,52,seedpair01_ref20260815_label20260814_noise08000_rep003_seed2026083703,20260815,20260814,fiducial,0.8,218.6169999147778,3,2026083703,273.27124989347226,combined_practical_basis,514,0.0001,1.0,1.0894085684550394,0.6487283076788701,0.7873278877088846,387,0.0001,1.0,259,0.0001,2.0,False,False,0.7115347592408394,0.3663725521369099,94.8428322904546,258.86991734853746,0.3663725521369099,295.9729292767,299.24089973268013,0.9890791316999128,310.7975831654837,395.6750563036069,0.7854869247229079,357.9391697604406,0.9046290992015148,254.84404961798649,0.8516350868001181,43.79188143725973,97.50896905060932,0.903348646701696,6.67485083291123,0.759339333856383,0.7130329980612171,0.0724539266616908,0.0463063357951658,0.0261475908665249,-0.0279209376857493,1.0432599829821074,0.0706666666666666,0.0026666666666666,0.5,0.6653333333333333,0.4164444444444444,0.816,0.9293333333333332,0.7071111111111111,12312.541629672764,121.36459933052171,62.6254915344302,95.26803985534625,514,4250,514,0,126.71136559748966,3424.0631010633533,3.365125148151645e-06,0.0115224008502464,407.7957323620497,0.7933769112102134
1,53,seedpair01_ref20260815_label20260814_noise08000_rep004_seed2026083704,20260815,20260814,fiducial,0.8,218.6169999147778,4,2026083704,273.27124989347226,combined_practical_basis,514,0.0001,1.0,1.1337738921553178,0.6790099684790097,0.746535639509298,514,0.0001,1.0,2050,0.0001,2.0,False,False,0.7045690231020444,0.3661995888896222,94.79805730892488,258.86991734853746,0.3661995888896222,270.45347656808275,299.24089973268013,0.9037985008389096,286.58638253990483,395.6750563036069,0.7242973191618204,376.7915397704032,0.9522751908861444,285.88068201092085,0.9553529690169548,36.60594858752886,85.30577035065791,0.9023203402156592,9.37499256657971,0.7242973191618204,0.6659641518433227,0.0583331673184976,0.0583331673184976,0.0,0.0004332345002143,1.013509105097074,0.0533333333333333,0.0013333333333333,0.4613333333333333,0.6746666666666666,0.4622222222222222,0.812,0.9466666666666668,0.7511111111111111,13699.905309931277,121.36459933052171,62.6254915344302,95.26803985534625,514,4250,514,0,126.71136559748966,3424.0631010633533,3.365125148151645e-06,0.0115224008502464,407.7957323620497,0.7933769112102134
1,54,seedpair01_ref20260815_label20260814_noise08000_rep005_seed2026083705,20260815,20260814,fiducial,0.8,218.6169999147778,5,2026083705,273.27124989347226,combined_practical_basis,514,0.0001,2.0,1.1473251330711265,0.6710644344493009,0.7798788773244737,387,0.0001,2.0,67,0.0001,1.0,False,False,0.7134070918512468,0.3579468816573256,92.6616796697986,258.86991734853746,0.3579468816573256,288.3189069951936,299.24089973268013,0.9635010028801428,302.8431590941612,395.6750563036069,0.7653834990846263,431.0159625529394,1.089318003968931,343.9016119008366,1.1492466845543274,37.216238911347,88.02291160921767,0.9116810752562876,6.021742564400872,0.7431372153117849,0.6850472573391778,0.0803362417454485,0.058089957972607,0.0222462837728414,0.0677438406658389,1.059201500117015,0.068,0.012,0.552,0.6626666666666666,0.4613333333333333,0.8373333333333334,0.932,0.7884444444444444,24783.5028269914,122.4522485267227,63.45185519043608,109.23139847684864,514,4250,514,0,126.71136559748966,10177.934912252536,1.1347547162068471e-06,0.0115494596429248,419.016459321338,0.815207119302214
1,55,seedpair01_ref20260815_label20260814_noise08000_rep006_seed2026083706,20260815,20260814,fiducial,0.8,218.6169999147778,6,2026083706,273.27124989347226,combined_practical_basis,514,0.0001,1.0,1.061284155782998,0.6554365067380057,0.7433910796538693,514,0.0001,1.0,259,0.0001,1.0,False,False,0.710879738404346,0.3607747124442276,93.39371999187958,258.86991734853746,0.3607747124442276,276.4144023425352,299.24089973268013,0.9237186580760302,291.76584576729084,395.6750563036069,0.7373875131097849,377.6866443153284,0.9545374121979632,286.2210515418296,0.956490412231478,37.24338934879452,87.37688776522475,0.9049340351191436,7.625564333609538,0.7373875131097849,0.6878969157451141,0.0494905973646707,0.0494905973646707,0.0,-0.012182496905621,1.068082160850646,0.072,0.0026666666666666,0.4746666666666667,0.6573333333333333,0.4493333333333333,0.7986666666666666,0.928,0.7506666666666667,13375.51999572293,121.36459933052171,62.6254915344302,95.26803985534625,514,4250,514,0,126.71136559748966,3424.0631010633533,3.365125148151645e-06,0.0115224008502464,407.7957323620497,0.7933769112102134
1,56,seedpair01_ref20260815_label20260814_noise08000_rep007_seed2026083707,20260815,20260814,fiducial,0.8,218.6169999147778,7,2026083707,273.27124989347226,combined_practical_basis,514,0.0001,1.0,1.2186273095922104,0.704127062210591,0.760157187364283,387,0.0001,1.0,259,0.0001,1.0,False,False,0.6993550348525578,0.359922378376141,93.17307634212068,258.86991734853746,0.3599223783761411,284.4982724412953,299.24089973268013,0.9507332476791948,299.3668137538564,395.6750563036069,0.756597639867771,366.0313188607861,0.9250806009361512,264.64319696677643,0.8843817713527438,40.65596439416146,90.668100798814,0.9058859611469164,1.8854339265429712,0.750091732769904,0.6997914363981438,0.0568062034696271,0.0503002963717602,0.0065059070978669,-0.0252377609928668,1.0558871910778829,0.0706666666666666,0.0013333333333333,0.532,0.6573333333333333,0.4297777777777777,0.824,0.9293333333333332,0.7342222222222222,13104.062831090354,121.36459933052171,62.6254915344302,95.26803985534625,514,4250,514,0,126.71136559748966,3424.0631010633533,3.365125148151645e-06,0.0115224008502464,407.7957323620497,0.7933769112102134
1,57,seedpair01_ref20260815_label20260814_noise08000_rep008_seed2026083708,20260815,20260814,fiducial,0.8,218.6169999147778,8,2026083708,273.27124989347226,combined_practical_basis,514,0.0001,1.0,1.256812791219024,0.6878712193170018,0.7559443549218439,387,0.0001,1.0,259,0.0001,1.0,False,False,0.7114262543079036,0.36115802541976,93.49294819017426,258.86991734853746,0.36115802541976,274.0606403204593,299.24089973268013,0.915852881625757,289.5689312308052,395.6750563036069,0.7318351930898949,361.43700040536,0.9134692587950866,264.1205476384239,0.882635187483963,38.14035158033346,87.44766292860011,0.9073940448180416,13.899261861755912,0.7063650117104421,0.6810604456765262,0.0507747474133686,0.0253045660339158,0.0254701813794527,-0.063813418212765,1.0373654302908215,0.0533333333333333,0.0066666666666666,0.4986666666666666,0.652,0.4431111111111111,0.82,0.9466666666666668,0.7515555555555555,13181.437518142782,121.36459933052171,62.6254915344302,95.26803985534625,514,4250,514,0,126.71136559748966,3424.0631010633533,3.365125148151645e-06,0.0115224008502464,407.7957323620497,0.7933769112102134
1,58,seedpair01_ref20260815_label20260814_noise08000_rep009_seed2026083709,20260815,20260814,fiducial,0.8,218.6169999147778,9,2026083709,273.27124989347226,combined_practical_basis,514,0.0001,1.0,1.1087061537060494,0.6820511336872445,0.7550318548846451,514,0.0001,1.0,67,0.0001,2.0,False,False,0.7262491639847776,0.3601584151076148,93.23417915128849,258.86991734853746,0.3601584151076147,281.9399996886971,299.24089973268013,0.9421840394831108,296.9558478738499,395.6750563036069,0.7505043422448939,371.8570895175754,0.9398042246874524,278.5452814838273,0.9308396069275932,39.07838905846492,88.12951336659117,0.9035542289019912,-1.289852322858934,0.7505043422448939,0.6889229472882276,0.0615813949566663,0.0615813949566663,0.0,0.0495786214412714,1.0703326268935331,0.0626666666666666,0.0053333333333333,0.524,0.6333333333333333,0.4391111111111111,0.816,0.9373333333333334,0.7324444444444445,13328.508741706002,121.36459933052171,62.6254915344302,95.26803985534625,514,4250,514,0,126.71136559748966,3424.0631010633533,3.365125148151645e-06,0.0115224008502464,407.7957323620497,0.7933769112102134
1,59,seedpair01_ref20260815_label20260814_noise08000_rep010_seed2026083710,20260815,20260814,fiducial,0.8,218.6169999147778,10,2026083710,273.27124989347226,combined_practical_basis,514,0.0001,1.0,1.1117837366784893,0.6881883653537879,0.7413718101146973,387,0.0001,1.0,259,0.0001,1.0,False,False,0.6993750286017364,0.3547576504817744,91.8360836589783,258.86991734853746,0.3547576504817745,272.89564761166616,299.24089973268013,0.9119597216003932,287.93384786650137,395.6750563036069,0.7277028038016269,376.0870054699763,0.9504946027767784,284.7688281430578,0.951637387795082,36.53541201169394,83.18651637843224,0.9076811439720048,6.728096488256141,0.7308954101533799,0.7074833956403803,0.0202194081612465,0.0234120145129995,-0.003192606351753,0.0098476213836949,1.0128352645054624,0.048,0.0,0.5013333333333333,0.6586666666666666,0.4591111111111111,0.816,0.952,0.7613333333333333,14000.578732427844,121.36459933052171,62.6254915344302,95.26803985534625,514,4250,514,0,126.71136559748966,3424.0631010633533,3.365125148151645e-06,0.0115224008502464,407.7957323620497,0.7933769112102134
1,60,seedpair01_ref20260815_label20260814_noise08000_rep011_seed2026083711,20260815,20260814,fiducial,0.8,218.6169999147778,11,2026083711,273.27124989347226,combined_practical_basis,514,0.0001,2.0,1.2547267348216182,0.6967998528886167,0.7451081077580076,259,0.0001,2.0,259,0.0001,1.0,False,False,0.7248616878135246,0.3721436164089108,96.33678722156056,258.86991734853746,0.3721436164089108,269.597120615859,299.24089973268013,0.90093673978623,286.29247984628284,395.6750563036069,0.7235545311367989,431.7800319960408,1.0912490568137556,345.11643712559936,1.153306374342214,34.222445603682395,75.41362215056219,0.9016377315431938,-1.3782718157897371,0.6893483917344629,0.6871828492631297,0.0363716818736692,0.0021655424713332,0.0342061394023359,0.0473107559973069,1.0498816659966623,0.064,0.0053333333333333,0.4813333333333333,0.6533333333333333,0.5071111111111111,0.812,0.936,0.8124444444444444,21422.54423584133,122.4522485267227,63.45185519043608,109.23139847684864,514,4250,514,0,126.71136559748966,10177.934912252536,1.1347547162068471e-06,0.0115494596429248,419.016459321338,0.815207119302214
2,49,seedpair02_ref20260825_label20260824_noise08000_rep000_seed2026084700,20260825,20260824,fiducial,0.8,211.67447238988723,0,2026084700,264.593090487359,combined_practical_basis,514,0.0001,1.0,1.0967183771071451,0.6566891543704569,0.7167919041448423,259,0.0001,1.0,259,0.0001,2.0,False,False,0.6912409184222433,0.33126499480386,89.49496510155926,270.1612500727663,0.33126499480386,293.5181560172727,324.2475651491802,0.9052285585621298,306.8586917301013,422.04689851490633,0.7270724955209292,371.8144948171302,0.8809790952746405,264.39194184950856,0.8154014717978431,38.28689112678183,81.32036387683215,0.9132234882937664,-2.45314447384086,0.7037480854618123,0.6965431521630048,0.0305293433579244,0.0072049332988075,0.0233244100591168,0.0771914062724217,1.0632520767873557,0.0586666666666666,0.0053333333333333,0.5186666666666667,0.6413333333333333,0.4204444444444444,0.8293333333333334,0.9413333333333334,0.7222222222222222,13103.746499036017,117.01666857905516,60.83146748383521,91.8398252683378,514,4250,514,0,126.4349526981983,3508.062005740269,3.3885501403031853e-06,0.0118872440017434,407.90938025320736,0.7935980160568237
2,50,seedpair02_ref20260825_label20260824_noise08000_rep001_seed2026084701,20260825,20260824,fiducial,0.8,211.67447238988723,1,2026084701,264.593090487359,combined_practical_basis,514,0.0001,2.0,1.245395907490775,0.6828045761821908,0.7476225717359539,387,0.0001,2.0,259,0.0001,2.0,False,False,0.684562425508012,0.3235238042874712,87.40359539460019,270.1612500727663,0.3235238042874711,268.4795034838061,324.2475651491802,0.8280077704216029,282.3484235458276,422.04689851490633,0.6689977453675218,415.8428697679812,0.9853001437310502,316.0888163554186,0.9748379026685738,33.5091425760062,84.11817528195441,0.9226643652532428,6.500667983980303,0.6754261052177734,0.6500190085951644,0.0189787367723573,0.0254070966226089,-0.0064283598502515,0.0134590556533782,1.0365555862878932,0.0666666666666666,0.004,0.5613333333333334,0.6706666666666666,0.4755555555555555,0.844,0.9333333333333332,0.7955555555555556,24018.548914845,118.52253127722652,61.90151119920005,104.67848610595225,514,4250,514,0,126.4349526981983,10148.78460696212,1.1740640479003558e-06,0.0119153231369187,419.0072079494647,0.8151891205242504
2,51,seedpair02_ref20260825_label20260824_noise08000_rep002_seed2026084702,20260825,20260824,fiducial,0.8,211.67447238988723,2,2026084702,264.593090487359,combined_practical_basis,514,0.0001,2.0,1.1965185440112238,0.6858080057310959,0.6866405107183398,514,0.0001,2.0,2050,0.0001,2.0,False,False,0.703015948669325,0.3386000523874252,91.47661342769096,270.1612500727663,0.3386000523874252,271.6567358460684,324.2475651491802,0.8378065559908962,286.64499460960377,422.04689851490633,0.6791780620074376,410.4026815118333,0.9724101348830032,309.6003161788145,0.9548269577178574,35.05729074257718,80.84563628524945,0.9116636350186268,-3.250339287383704,0.6791780620074376,0.6411100288776791,0.0380680331297584,0.0380680331297584,0.0,0.0098342494110124,1.090593577811841,0.0666666666666666,0.0053333333333333,0.524,0.628,0.4644444444444444,0.832,0.9333333333333332,0.7884444444444444,20496.910969362245,118.52253127722652,61.90151119920005,104.67848610595225,514,4250,514,0,126.4349526981983,10148.78460696212,1.1740640479003558e-06,0.0119153231369187,419.0072079494647,0.8151891205242504
2,52,seedpair02_ref20260825_label20260824_noise08000_rep003_seed2026084703,20260825,20260824,fiducial,0.8,211.67447238988723,3,2026084703,264.593090487359,combined_practical_basis,514,0.0001,2.0,1.130843386829932,0.6641724096365058,0.6781242675151762,387,0.0001,2.0,514,0.0001,2.0,True,False,0.6663650416227109,0.3140657285998266,84.84838984354332,270.1612500727663,0.3140657285998267,259.68245003790247,324.2475651491802,0.8008771011693717,273.19265018797563,422.04689851490633,0.6473040108795556,413.94823158500463,0.9808109786888632,315.00901149689275,0.9715077161858192,32.25796654670508,82.83139778049886,0.9256989936922032,4.765931867202441,0.680674395580384,0.6473040108795556,0.0,0.0333703847008284,-0.0333703847008284,0.0061401661774197,1.0325038036193948,0.0626666666666666,0.0013333333333333,0.56,0.6826666666666666,0.488,0.8346666666666667,0.9373333333333334,0.8093333333333333,23699.49935063243,118.52253127722652,61.90151119920005,104.67848610595225,514,4250,514,0,126.4349526981983,10148.78460696212,1.1740640479003558e-06,0.0119153231369187,419.0072079494647,0.8151891205242504
2,53,seedpair02_ref20260825_label20260824_noise08000_rep004_seed2026084704,20260825,20260824,fiducial,0.8,211.67447238988723,4,2026084704,264.593090487359,combined_practical_basis,514,0.0001,2.0,1.174927940080692,0.6570944786146088,0.7203937933282805,643,0.0001,2.0,259,0.0001,2.0,False,False,0.6748069004920707,0.3528814799691547,95.33490175599466,270.1612500727663,0.3528814799691547,275.22914996257055,324.2475651491802,0.8488241070860247,291.2727733275877,422.04689851490633,0.690143143694492,435.1643004507788,1.031080436752479,338.96960538354534,1.0454037032709615,33.60207106371911,77.06652553610172,0.908542800784962,4.31996272551729,0.6759036736072257,0.6418746793389786,0.0482684643555134,0.0340289942682471,0.0142394700872663,-0.0627211695217379,1.050705204850342,0.0653333333333333,0.0013333333333333,0.4946666666666666,0.6493333333333333,0.48,0.8266666666666667,0.9346666666666666,0.7746666666666666,23542.139003721524,118.52253127722652,61.90151119920005,104.67848610595225,514,4250,514,0,126.4349526981983,10148.78460696212,1.1740640479003558e-06,0.0119153231369187,419.0072079494647,0.8151891205242504
2,54,seedpair02_ref20260825_label20260824_noise08000_rep005_seed2026084705,20260825,20260824,fiducial,0.8,211.67447238988723,5,2026084705,264.593090487359,combined_practical_basis,514,0.0001,2.0,1.2482317379414785,0.6986594355732862,0.7458474142298208,514,0.0001,2.0,259,0.0001,2.0,False,False,0.6422062398059725,0.3162617141919531,85.441660056254,270.1612500727663,0.3162617141919531,275.24454190190914,324.2475651491802,0.8488715768005052,288.2010324755279,422.04689851490633,0.6828649457907315,405.74497276208695,0.96137413683128,309.85606451253784,0.9556157017554746,33.088509826684394,74.10648380794039,0.9229040707275384,7.016320147662212,0.6828649457907315,0.6677404056560122,0.0151245401347193,0.0151245401347193,0.0,-0.0460533296971249,0.9943929863929936,0.04,0.008,0.5373333333333333,0.6866666666666666,0.5008888888888889,0.852,0.96,0.7862222222222223,23195.761372369645,118.52253127722652,61.90151119920005,104.67848610595225,514,4250,514,0,126.4349526981983,10148.78460696212,1.1740640479003558e-06,0.0119153231369187,419.0072079494647,0.8151891205242504
2,55,seedpair02_ref20260825_label20260824_noise08000_rep006_seed2026084706,20260825,20260824,fiducial,0.8,211.67447238988723,6,2026084706,264.593090487359,combined_practical_basis,514,0.0001,2.0,1.2660273831996822,0.6863113103285505,0.7311174900865932,514,0.0001,2.0,259,0.0001,1.0,False,False,0.6755568382059066,0.3301326567491606,89.18905123719671,270.1612500727663,0.3301326567491606,254.32581617981293,324.2475651491802,0.78435690353697,269.51123842266634,422.04689851490633,0.6385812557112002,429.276469356044,1.017129780757961,340.9411317242355,1.051484015207253,30.741144350232545,71.69916180978687,0.9155149367202622,6.907555213135407,0.6385812557112002,0.6388255110750424,-0.0002442553638422,-0.0002442553638422,0.0,-0.066816960504774,1.0568148316753694,0.0653333333333333,0.0026666666666666,0.512,0.6506666666666666,0.5044444444444445,0.8373333333333334,0.9346666666666666,0.828,20609.87367018153,118.52253127722652,61.90151119920005,104.67848610595225,514,4250,514,0,126.4349526981983,10148.78460696212,1.1740640479003558e-06,0.0119153231369187,419.0072079494647,0.8151891205242504
2,56,seedpair02_ref20260825_label20260824_noise08000_rep007_seed2026084707,20260825,20260824,fiducial,0.8,211.67447238988723,7,2026084707,264.593090487359,combined_practical_basis,514,0.0001,2.0,1.128681271876837,0.666081554145927,0.7074817535810898,643,0.0001,2.0,259,0.0001,2.0,False,False,0.6544305680788328,0.3275360355831594,88.48754481702441,270.1612500727663,0.3275360355831594,263.8395305660483,324.2475651491802,0.81369780045892,278.2828479749653,422.04689851490633,0.6593647505862115,405.5932668618429,0.9610146841240624,304.5932976757052,0.9393849959538402,32.9945756388354,75.08804592079892,0.9183183631226568,3.318982153340578,0.6639693654594064,0.6777022991257214,-0.0183375485395099,-0.013732933666315,-0.0046046148731949,0.0007661957032003,1.0007707820628655,0.0546666666666666,0.0026666666666666,0.5426666666666666,0.6946666666666667,0.5004444444444445,0.8453333333333334,0.9453333333333334,0.7995555555555556,21396.22227473899,118.52253127722652,61.90151119920005,104.67848610595225,514,4250,514,0,126.4349526981983,10148.78460696212,1.1740640479003558e-06,0.0119153231369187,419.0072079494647,0.8151891205242504
2,57,seedpair02_ref20260825_label20260824_noise08000_rep008_seed2026084708,20260825,20260824,fiducial,0.8,211.67447238988723,8,2026084708,264.593090487359,combined_practical_basis,514,0.0001,2.0,1.1335586950501633,0.6735616813918538,0.7222686434933867,643,0.0001,2.0,259,0.0001,1.0,False,False,0.6650177761610007,0.3166966970950014,85.5591755811018,270.1612500727663,0.3166966970950014,278.2704204430243,324.2475651491802,0.8582035776120549,291.12677551138324,422.04689851490633,0.6897972157497111,412.238054262745,0.9767588761185628,315.74480682995426,0.9737769555329922,35.58529316831376,80.59679048149005,0.923403077239662,5.972888696501354,0.6646608623083372,0.6578961841615171,0.031901031588194,0.0067646781468201,0.0251363534413738,-0.0236625548873515,1.0222124442477278,0.0533333333333333,0.0026666666666666,0.5586666666666666,0.68,0.4835555555555555,0.8426666666666667,0.9466666666666668,0.7915555555555556,20787.31637314679,118.52253127722652,61.90151119920005,104.67848610595225,514,4250,514,0,126.4349526981983,10148.78460696212,1.1740640479003558e-06,0.0119153231369187,419.0072079494647,0.8151891205242504
2,58,seedpair02_ref20260825_label20260824_noise08000_rep009_seed2026084709,20260825,20260824,fiducial,0.8,211.67447238988723,9,2026084709,264.593090487359,combined_practical_basis,514,0.0001,2.0,1.0733158718870743,0.6338507655378618,0.6823256559322848,643,0.0001,2.0,259,0.0001,2.0,False,False,0.6946153310031177,0.3156536093219247,85.27737368439179,270.1612500727663,0.3156536093219247,248.08762397202528,324.2475651491802,0.7651179241943877,262.3350903531444,422.04689851490633,0.6215780551314226,414.2319226638671,0.9814831577283508,316.35491100459,0.9756585553974508,29.7444382966724,71.63192979624696,0.9238146711706876,2.766262772518962,0.6224671297669817,0.6170899022682871,0.0044881528631355,0.0053772274986946,-0.000889074635559,0.0023328726477818,1.0623243750947662,0.068,0.004,0.548,0.6426666666666667,0.5164444444444445,0.8493333333333334,0.932,0.8257777777777778,22028.581912433,118.52253127722652,61.90151119920005,104.67848610595225,514,4250,514,0,126.4349526981983,10148.78460696212,1.1740640479003558e-06,0.0119153231369187,419.0072079494647,0.8151891205242504
2,59,seedpair02_ref20260825_label20260824_noise08000_rep010_seed2026084710,20260825,20260824,fiducial,0.8,211.67447238988723,10,2026084710,264.593090487359,combined_practical_basis,514,0.0001,1.0,1.221579316864015,0.6870178986678116,0.7327950765110393,514,0.0001,1.0,259,0.0001,2.0,False,False,0.679587439682697,0.3522106828047662,95.1536783555182,270.1612500727663,0.3522106828047662,286.0180810823157,324.2475651491802,0.8820978530732347,301.4308630691216,422.04689851490633,0.7142117715585471,383.0002919725165,0.907482778146726,273.4723771880756,0.843406108731321,38.09932813800052,85.95068106819832,0.9045096371025438,-0.3536459261841834,0.7142117715585471,0.6739154467592294,0.0402963247993176,0.0402963247993176,0.0,-0.0007019835847251,1.047279637187786,0.0613333333333333,0.0066666666666666,0.484,0.656,0.4306666666666666,0.8093333333333333,0.9386666666666666,0.7257777777777777,12914.87987823552,117.01666857905516,60.83146748383521,91.8398252683378,514,4250,514,0,126.4349526981983,3508.062005740269,3.3885501403031853e-06,0.0118872440017434,407.90938025320736,0.7935980160568237
2,60,seedpair02_ref20260825_label20260824_noise08000_rep011_seed2026084711,20260825,20260824,fiducial,0.8,211.67447238988723,11,2026084711,264.593090487359,combined_practical_basis,514,0.0001,2.0,1.3436313772328747,0.6895741613103296,0.697479713390389,771,0.0001,2.0,259,0.0001,2.0,False,False,0.6852608210455797,0.3423361199422154,92.48595410864938,270.1612500727663,0.3423361199422154,271.14048263451707,324.2475651491802,0.8362143984327852,286.4800394978088,422.04689851490633,0.6787872165531161,410.7594726185664,0.9732555174885588,312.6415542871312,0.964206328406169,33.87446225037059,78.01724847912703,0.9093735288046824,0.8949747444797642,0.6831940034162962,0.6569127343666065,0.0218744821865096,0.0262812690496897,-0.00440678686318,0.0175589155121824,1.0463591726170096,0.0573333333333333,0.004,0.5293333333333333,0.632,0.4764444444444444,0.8506666666666667,0.9426666666666668,0.7911111111111111,24637.99329582995,118.52253127722652,61.90151119920005,104.67848610595225,514,4250,514,0,126.4349526981983,10148.78460696212,1.1740640479003558e-06,0.0119153231369187,419.0072079494647,0.8151891205242504
3,49,seedpair03_ref20260905_label20260904_noise08000_rep000_seed2026085700,20260905,20260904,fiducial,0.8,211.42104754456503,0,2026085700,264.2763094307063,combined_practical_basis,514,0.0001,2.0,1.144090264001048,0.6694296782670369,0.774749847473993,514,0.0001,2.0,259,0.0001,2.0,False,False,0.6793007925336927,0.3458445744568141,90.91410635948463,262.87561833888816,0.3458445744568141,271.92373109574373,293.312312813324,0.9270791549375126,286.71918364171944,393.8726996949065,0.7279488623197594,402.04849484217146,1.0207574557810124,303.93823310832505,1.0362273243597648,36.54365058741893,82.0094773052761,0.9116862580020004,2.240349836296759,0.7279488623197594,0.6963418726313262,0.0316069896884332,0.0316069896884332,0.0,-0.0348320314329464,1.0344095664505468,0.06,0.0053333333333333,0.4973333333333333,0.6466666666666666,0.4902222222222222,0.832,0.94,0.8097777777777778,19589.365784342623,119.47170225219811,61.85701472181988,105.1593670565543,514,4250,514,0,116.13064187986728,8586.894458246059,1.139575094525444e-06,0.0097854110639357,420.0558559784616,0.8172292917868902
3,50,seedpair03_ref20260905_label20260904_noise08000_rep001_seed2026085701,20260905,20260904,fiducial,0.8,211.42104754456503,1,2026085701,264.2763094307063,combined_practical_basis,514,0.0001,2.0,1.1903932551832412,0.6796243178109349,0.7087209378744254,514,0.0001,2.0,259,0.0001,2.0,False,False,0.6924500825882816,0.3363567079553826,88.41997758620403,262.87561833888816,0.3363567079553826,259.72400247597574,293.312312813324,0.8854861904187254,274.3622603392921,393.8726996949065,0.696575976328933,381.59578564712814,0.968830248815701,283.1645700670853,0.965402943201034,35.89238888014641,85.08798891548125,0.9166552909507087,11.2759546726893,0.696575976328933,0.6579595123681442,0.0386164639607887,0.0386164639607887,0.0,-0.0611235743040346,1.0578407448525176,0.0666666666666666,0.0026666666666666,0.5106666666666667,0.6546666666666666,0.4986666666666666,0.8306666666666667,0.9333333333333332,0.804,18562.660966906133,119.47170225219811,61.85701472181988,105.1593670565543,514,4250,514,0,116.13064187986728,8586.894458246059,1.139575094525444e-06,0.0097854110639357,420.0558559784616,0.8172292917868902
3,51,seedpair03_ref20260905_label20260904_noise08000_rep002_seed2026085702,20260905,20260904,fiducial,0.8,211.42104754456503,2,2026085702,264.2763094307063,combined_practical_basis,514,0.0001,2.0,1.2182123761409116,0.695072441586582,0.7482801861421545,771,0.0001,2.0,259,0.0001,2.0,False,False,0.687788092804605,0.3150001921518405,82.80587028878365,262.87561833888816,0.3150001921518405,269.7927671824499,293.312312813324,0.9198139846047212,282.2143677742975,393.8726996949065,0.7165116241691809,393.0066141281284,0.9978011028247225,299.4174726517017,1.0208145364912222,34.02844489481919,84.1099367137583,0.926398601475465,10.75836971180098,0.7288720250862414,0.688534585686951,0.0279770384822298,0.0403374393992903,-0.0123604009170604,-0.0204773881430906,1.0142294251614363,0.0506666666666666,0.004,0.5626666666666666,0.6666666666666666,0.5035555555555555,0.8693333333333333,0.9493333333333334,0.8057777777777778,21786.76073543832,119.47170225219811,61.85701472181988,105.1593670565543,514,4250,514,0,116.13064187986728,8586.894458246059,1.139575094525444e-06,0.0097854110639357,420.0558559784616,0.8172292917868902
3,52,seedpair03_ref20260905_label20260904_noise08000_rep003_seed2026085703,20260905,20260904,fiducial,0.8,211.42104754456503,3,2026085703,264.2763094307063,combined_practical_basis,514,0.0001,1.0,1.2039711141497549,0.7071150622558461,0.7198703039163288,259,0.0001,1.0,259,0.0001,2.0,False,False,0.6596712809772477,0.3332082956158553,87.59233674566501,262.87561833888816,0.3332082956158553,261.54564227456336,293.312312813324,0.8916967711513079,275.8233863351327,393.8726996949065,0.7002856165171775,358.8304334048394,0.9110314923648916,255.8369378583665,0.8722338840960682,37.02731214465038,87.07451552280689,0.9164692239410572,10.835148900579735,0.7169986264739155,0.7101360622481869,-0.0098504457310094,0.0068625642257286,-0.016713009956738,-0.0665835504136721,0.9872501791612316,0.0506666666666666,0.0026666666666666,0.5186666666666667,0.6933333333333334,0.4511111111111111,0.8413333333333334,0.9493333333333334,0.7568888888888889,13058.752238654844,117.4228617691968,61.27674918104415,92.62034942183745,514,4250,514,0,116.13064187986728,2925.873612262202,3.333954399426732e-06,0.0097547292017681,408.9152078011884,0.7955548789906389
3,53,seedpair03_ref20260905_label20260904_noise08000_rep004_seed2026085704,20260905,20260904,fiducial,0.8,211.42104754456503,4,2026085704,264.2763094307063,combined_practical_basis,514,0.0001,1.0,1.224874541542059,0.6919825712946924,0.7375041990617466,514,0.0001,1.0,67,0.0001,1.0,False,False,0.6658119630906063,0.3428579864219118,90.1290051830862,262.87561833888816,0.3428579864219118,268.359702673575,293.312312813324,0.91492818729492,283.0903876756368,393.8726996949065,0.7187357435407897,363.9134605551874,0.9239367461544667,260.2871667934853,0.8874062063638726,38.12748428899634,86.57684520025737,0.910557935282164,6.012665323647343,0.7187357435407897,0.7205236077549944,-0.0017878642142046,-0.0017878642142046,0.0,-0.1121225326150942,1.0416312464732114,0.0586666666666666,0.0066666666666666,0.528,0.6666666666666666,0.4444444444444444,0.8466666666666667,0.9413333333333334,0.7506666666666667,13394.414356487674,117.4228617691968,61.27674918104415,92.62034942183745,514,4250,514,0,116.13064187986728,2925.873612262202,3.333954399426732e-06,0.0097547292017681,408.9152078011884,0.7955548789906389
3,54,seedpair03_ref20260905_label20260904_noise08000_rep005_seed2026085705,20260905,20260904,fiducial,0.8,211.42104754456503,5,2026085705,264.2763094307063,combined_practical_basis,514,0.0001,1.0,1.2295544036911117,0.6892980448959085,0.7094482913641648,643,0.0001,1.0,387,0.0001,2.0,False,False,0.7022515326032425,0.3469616735058899,91.20776446275624,262.87561833888816,0.3469616735058899,269.5362783043135,293.312312813324,0.9189395280376704,284.54992816803514,393.8726996949065,0.7224413583080201,363.13394845850615,0.9219576496156994,259.40057464441304,0.8843835165198342,37.6959727193005,86.59541992534812,0.9081292013753524,5.470476725238759,0.7136315322968083,0.6945851759464325,0.0278561823615876,0.0190463563503757,0.0088098260112118,0.0570006109487648,1.045010855576933,0.0706666666666666,0.0013333333333333,0.4986666666666666,0.6693333333333333,0.436,0.8026666666666666,0.9293333333333332,0.7448888888888889,12642.990782535246,117.4228617691968,61.27674918104415,92.62034942183745,514,4250,514,0,116.13064187986728,2925.873612262202,3.333954399426732e-06,0.0097547292017681,408.9152078011884,0.7955548789906389
3,55,seedpair03_ref20260905_label20260904_noise08000_rep006_seed2026085706,20260905,20260904,fiducial,0.8,211.42104754456503,6,2026085706,264.2763094307063,combined_practical_basis,514,0.0001,1.0,1.163108740349838,0.6743190096100309,0.7095654003846515,1027,0.0001,2.0,67,0.0001,1.0,False,False,0.7121380270054998,0.3194828057372494,83.98424010682234,262.87561833888816,0.3194828057372494,264.09504234249107,293.312312813324,0.9003885306055053,277.1273064427296,393.8726996949065,0.7035961280317021,374.5260762805319,0.9508810246829484,266.42623687395843,0.9083363542379588,37.58333851683194,84.15261918240834,0.924950487482438,3.101456750453531,0.7023418092342304,0.7229037584691963,-0.0193076304374941,-0.0205619492349659,0.0012543187974717,-0.0024934774849149,1.1051452217665578,0.0706666666666666,0.0066666666666666,0.5373333333333333,0.6226666666666667,0.448,0.8533333333333334,0.9293333333333332,0.7626666666666667,12878.72244768476,117.4228617691968,61.27674918104415,92.62034942183745,514,4250,514,0,116.13064187986728,2925.873612262202,3.333954399426732e-06,0.0097547292017681,408.9152078011884,0.7955548789906389
3,56,seedpair03_ref20260905_label20260904_noise08000_rep007_seed2026085707,20260905,20260904,fiducial,0.8,211.42104754456503,7,2026085707,264.2763094307063,combined_practical_basis,514,0.0001,1.0,1.184353356921822,0.6789958574743938,0.7042863958531576,514,0.0001,1.0,259,0.0001,1.0,False,False,0.699571404878276,0.3494055245781022,91.8501933244922,262.87561833888816,0.3494055245781022,259.0206526309455,293.312312813324,0.8830882350165672,274.82386450799265,393.8726996949065,0.6977479391713897,369.3894144674583,0.937839598310792,264.4552847727879,0.901616717812655,36.3634984117073,80.53139201613907,0.9087567814300098,6.455963626799145,0.6977479391713897,0.6896787656651862,0.0080691735062035,0.0080691735062035,0.0,-0.0114826859237622,1.080657518537275,0.0693333333333333,0.004,0.488,0.6493333333333333,0.4466666666666666,0.8173333333333334,0.9306666666666666,0.756,12503.387331923486,117.4228617691968,61.27674918104415,92.62034942183745,514,4250,514,0,116.13064187986728,2925.873612262202,3.333954399426732e-06,0.0097547292017681,408.9152078011884,0.7955548789906389
3,57,seedpair03_ref20260905_label20260904_noise08000_rep008_seed2026085708,20260905,20260904,fiducial,0.8,211.42104754456503,8,2026085708,264.2763094307063,combined_practical_basis,514,0.0001,2.0,1.216182007786394,0.6796651570989217,0.7148587546977232,1283,0.0001,2.0,131,0.0001,2.0,False,False,0.7042420611864654,0.320830471408377,84.33850855343408,262.87561833888816,0.320830471408377,259.633132742504,293.312312813324,0.885176385035514,272.98781592353964,393.8726996949065,0.6930864112567228,400.52256231894114,1.0168832788593514,305.2592805382259,1.0407312178964183,34.9652688950396,87.39028108816329,0.921463808643734,-2.4653342080749217,0.6847615989515149,0.6754606963796252,0.0176257148770975,0.0093009025718896,0.0083248123052078,0.017789487849386,1.0839748765957795,0.08,0.008,0.5466666666666666,0.6573333333333333,0.4942222222222222,0.8666666666666667,0.92,0.8053333333333333,21393.049874838634,119.47170225219811,61.85701472181988,105.1593670565543,514,4250,514,0,116.13064187986728,8586.894458246059,1.139575094525444e-06,0.0097854110639357,420.0558559784616,0.8172292917868902
3,58,seedpair03_ref20260905_label20260904_noise08000_rep009_seed2026085709,20260905,20260904,fiducial,0.8,211.42104754456503,9,2026085709,264.2763094307063,combined_practical_basis,514,0.0001,2.0,1.2041420114482375,0.7078095981068134,0.7654658564713911,259,0.0001,1.0,35,0.0001,1.0,False,False,0.694610822415608,0.3520328999782022,92.54086625740187,262.87561833888816,0.3520328999782022,279.96098586042456,293.312312813324,0.9544808507190192,294.8592300261452,393.8726996949065,0.7486155558751416,392.0910943857039,0.9954766976472788,296.2125019063544,1.0098877168340226,38.622237041623066,80.64054480342807,0.9071811149035248,7.146515516019921,0.7349610656428794,0.743463950257282,0.0051516056178596,-0.0085028846144025,0.0136544902322621,-0.0084396828199219,1.050614358061384,0.0506666666666666,0.004,0.508,0.6506666666666666,0.4835555555555555,0.824,0.9493333333333334,0.7746666666666666,18667.961123331428,119.47170225219811,61.85701472181988,105.1593670565543,514,4250,514,0,116.13064187986728,8586.894458246059,1.139575094525444e-06,0.0097854110639357,420.0558559784616,0.8172292917868902
3,59,seedpair03_ref20260905_label20260904_noise08000_rep010_seed2026085710,20260905,20260904,fiducial,0.8,211.42104754456503,10,2026085710,264.2763094307063,combined_practical_basis,514,0.0001,2.0,1.2092583120002542,0.6882014844601186,0.7054828385342735,514,0.0001,2.0,35,0.0001,1.0,False,False,0.6904545541016625,0.3391719432750658,89.16003431163521,262.87561833888816,0.3391719432750658,257.94642751201604,293.312312813324,0.8794258414790237,272.9209980647581,393.8726996949065,0.692916767971384,420.17750175850654,1.0667850350734531,328.97180757270667,1.1215751715887832,33.41296301438574,77.25452467460165,0.9162793694951672,7.63133963181927,0.692916767971384,0.7282439914942304,-0.0353272235228463,-0.0353272235228463,0.0,-0.0700709623775839,1.0821323262666098,0.072,0.0026666666666666,0.528,0.6213333333333333,0.4964444444444444,0.8053333333333333,0.928,0.8088888888888889,20172.01118586539,119.47170225219811,61.85701472181988,105.1593670565543,514,4250,514,0,116.13064187986728,8586.894458246059,1.139575094525444e-06,0.0097854110639357,420.0558559784616,0.8172292917868902
3,60,seedpair03_ref20260905_label20260904_noise08000_rep011_seed2026085711,20260905,20260904,fiducial,0.8,211.42104754456503,11,2026085711,264.2763094307063,combined_practical_basis,514,0.0001,1.0,1.3329277732058675,0.7001868642891905,0.7389579039394666,387,0.0001,1.0,259,0.0001,2.0,False,False,0.6598391128043993,0.3214912023257157,84.51219860188513,262.87561833888816,0.3214912023257157,277.95457083850164,293.312312813324,0.947640309308813,290.518596930627,393.8726996949065,0.7375951599480302,362.10867364498006,0.9193545882349022,259.0695011978133,0.8832547761562802,37.74292889917754,90.57066706854468,0.9208159915029848,4.927873414938141,0.7097840905395754,0.6971925573924023,0.0404026025556278,0.012591533147173,0.0278110694084547,0.0224294976311588,0.9881600217837904,0.0453333333333333,0.0026666666666666,0.5706666666666667,0.68,0.424,0.8413333333333334,0.9546666666666668,0.7431111111111111,12420.349199487106,117.4228617691968,61.27674918104415,92.62034942183745,514,4250,514,0,116.13064187986728,2925.873612262202,3.333954399426732e-06,0.0097547292017681,408.9152078011884,0.7955548789906389
4,49,seedpair04_ref20260915_label20260914_noise08000_rep000_seed2026086700,20260915,20260914,fiducial,0.8,212.06214816982092,0,2026086700,265.0776852122761,combined_practical_basis,514,0.0001,2.0,1.266547914348581,0.6979619215368846,0.7603102568925103,643,0.0001,2.0,67,0.0001,2.0,False,False,0.6858437482569839,0.3463534471909925,92.47354430350887,266.9918404262783,0.3463534471909925,262.38642147894234,308.3150877785446,0.8510333482849477,278.2049434725742,407.8514879292497,0.6821231543988743,413.4792308031948,1.0137985100962077,309.9726430598108,1.0053761731000876,33.398800491795484,75.7339351167751,0.9063957978719543,-2.828493149447795,0.687248241575484,0.6780614694848897,0.0040616849139846,0.0091867720905943,-0.0051250871766097,-0.0001474918947165,1.0613562122920055,0.0546666666666666,0.0053333333333333,0.5093333333333333,0.6453333333333333,0.4995555555555555,0.812,0.9453333333333334,0.8,23239.345909833813,118.63389830320524,61.84808905993779,105.59343830196286,514,4250,514,0,120.92960339020162,9391.624751608682,1.160944535920986e-06,0.0109031554388003,419.7313249979267,0.8165979085562777
4,50,seedpair04_ref20260915_label20260914_noise08000_rep001_seed2026086701,20260915,20260914,fiducial,0.8,212.06214816982092,1,2026086701,265.0776852122761,combined_practical_basis,514,0.0001,2.0,1.2589308758849198,0.6948344736230294,0.7520854284157668,387,0.0001,2.0,67,0.0001,2.0,False,False,0.6579309063526303,0.3325016603754256,88.77523024842822,266.9918404262783,0.3325016603754256,270.76338406188086,308.3150877785446,0.878203483367521,284.94534853951035,407.8514879292497,0.6986497707443452,413.3181973828089,1.0134036766209067,324.7444520561182,1.0532875779643145,34.22557634076142,79.85828771743583,0.911334911804644,13.637301573045638,0.6852960757705029,0.6661582680915833,0.0324915026527619,0.0191378076789195,0.0133536949738423,-0.1099120762405297,1.0072572964298523,0.052,0.004,0.5226666666666666,0.6826666666666666,0.4577777777777778,0.84,0.948,0.7915555555555556,20887.75094177072,118.63389830320524,61.84808905993779,105.59343830196286,514,4250,514,0,120.92960339020162,9391.624751608682,1.160944535920986e-06,0.0109031554388003,419.7313249979267,0.8165979085562777
4,51,seedpair04_ref20260915_label20260914_noise08000_rep002_seed2026086702,20260915,20260914,fiducial,0.8,212.06214816982092,2,2026086702,265.0776852122761,combined_practical_basis,514,0.0001,1.0,1.1922001146631394,0.6896382343107804,0.7361363109591735,899,0.0001,2.0,67,0.0001,2.0,False,False,0.6819006471937026,0.3311257431014388,88.40787156317216,266.9918404262783,0.3311257431014388,272.16346427324504,308.3150877785446,0.8827445527697743,286.1623718093353,407.8514879292497,0.7016337570870309,370.0167082063783,0.9072339298920624,266.83166598266104,0.8654512106599204,35.32897426770656,86.3377036108132,0.9117132770371232,12.451982221253878,0.6992573158286733,0.6544640424278565,0.0471697146591744,0.0447932734008168,0.0023764412583575,-0.0008539165274931,1.020417963194414,0.0533333333333333,0.004,0.5026666666666667,0.6706666666666666,0.4271111111111111,0.8226666666666667,0.9466666666666668,0.7422222222222222,12861.04965192216,117.19412305221172,60.93660637658603,92.69096003175612,514,4250,514,0,120.92960339020162,3239.784669689554,3.356767880966113e-06,0.0108752051204603,408.5933400997261,0.7949286772368213
4,52,seedpair04_ref20260915_label20260914_noise08000_rep003_seed2026086703,20260915,20260914,fiducial,0.8,212.06214816982092,3,2026086703,265.0776852122761,combined_practical_basis,514,0.0001,2.0,1.2520391820301424,0.7042519187477109,0.6826326034388598,387,0.0001,2.0,387,0.0001,2.0,False,True,0.6326350368323097,0.317206212777441,84.69147054409862,266.9918404262783,0.317206212777441,243.6832156340188,308.3150877785446,0.790370712603759,257.9809193809837,407.8514879292497,0.6325364183193464,410.7165263998079,1.007024710109811,313.033871277059,1.0153050683718203,30.752957291517504,72.717759063145,0.918592309236084,1.3207234952690947,0.6287725577233685,0.6287725577233685,0.0037638605959778,0.0,0.0037638605959778,-0.0636246288081273,1.0133018088673007,0.0506666666666666,0.0026666666666666,0.552,0.68,0.5426666666666666,0.8573333333333333,0.9493333333333334,0.8382222222222222,21833.909757703677,118.63389830320524,61.84808905993779,105.59343830196286,514,4250,514,0,120.92960339020162,9391.624751608682,1.160944535920986e-06,0.0109031554388003,419.7313249979267,0.8165979085562777
4,53,seedpair04_ref20260915_label20260914_noise08000_rep004_seed2026086704,20260915,20260914,fiducial,0.8,212.06214816982092,4,2026086704,265.0776852122761,combined_practical_basis,514,0.0001,1.0,1.2953645415493793,0.7009163767219203,0.7427568268700785,514,0.0001,1.0,35,0.0001,1.0,False,False,0.6633734409180638,0.3224714308453943,86.09724080630717,266.9918404262783,0.3224714308453943,256.31343239195064,308.3150877785446,0.8313360018762834,270.38733420595406,407.8514879292497,0.6629553702961073,370.4513726651721,0.9082996718880048,265.29236172485804,0.8604585770885506,31.334640212051927,79.27423297671898,0.9135475464602784,3.424385128934717,0.6629553702961073,0.6780375404816602,-0.0150821701855529,-0.0150821701855529,0.0,-0.0081425870383972,0.97943906176298,0.04,0.0026666666666666,0.5373333333333333,0.7,0.4875555555555556,0.8346666666666667,0.96,0.7777777777777778,13073.758617758373,117.19412305221172,60.93660637658603,92.69096003175612,514,4250,514,0,120.92960339020162,3239.784669689554,3.356767880966113e-06,0.0108752051204603,408.5933400997261,0.7949286772368213
4,54,seedpair04_ref20260915_label20260914_noise08000_rep005_seed2026086705,20260915,20260914,fiducial,0.8,212.06214816982092,5,2026086705,265.0776852122761,combined_practical_basis,514,0.0001,2.0,1.265234302186346,0.7039661285709402,0.7981726688679744,514,0.0001,2.0,67,0.0001,2.0,False,False,0.6699635888576565,0.3350950898421367,89.46765475476117,266.9918404262783,0.3350950898421367,275.26527049687354,308.3150877785446,0.892805060174642,289.43985625520565,407.8514879292497,0.7096697322958277,426.4898930028632,1.0456989998203627,330.0171555660183,1.0703892499839702,35.56572210035176,82.74718248485375,0.9107558360977064,-1.0860216958171014,0.7096697322958277,0.6698932392187409,0.0397764930770868,0.0397764930770868,0.0,-0.0757393832053149,1.0733838882472158,0.0746666666666666,0.004,0.54,0.6546666666666666,0.4813333333333333,0.8226666666666667,0.9253333333333332,0.7808888888888889,19642.952165944807,118.63389830320524,61.84808905993779,105.59343830196286,514,4250,514,0,120.92960339020162,9391.624751608682,1.160944535920986e-06,0.0109031554388003,419.7313249979267,0.8165979085562777
4,55,seedpair04_ref20260915_label20260914_noise08000_rep006_seed2026086706,20260915,20260914,fiducial,0.8,212.06214816982092,6,2026086706,265.0776852122761,combined_practical_basis,514,0.0001,2.0,1.1719433409487636,0.6645947450393366,0.7494375844008531,514,0.0001,2.0,2050,0.0001,2.0,False,False,0.7028846906195356,0.3242452791770244,86.57084383700617,266.9918404262783,0.3242452791770244,255.40689147103245,308.3150877785446,0.8283956951678121,269.6797938547623,407.8514879292497,0.6612205713015417,407.325870337736,0.9987112524851084,308.901641525496,1.0019024490535888,30.54343442990312,83.30817564016922,0.916862292774434,6.469497677068655,0.6612205713015417,0.6555803481415833,0.0056402231599583,0.0056402231599583,0.0,-0.0469488112178796,1.0834330838827446,0.0746666666666666,0.0013333333333333,0.5506666666666666,0.6373333333333333,0.5053333333333333,0.84,0.9253333333333332,0.8222222222222222,19045.342886307382,118.63389830320524,61.84808905993779,105.59343830196286,514,4250,514,0,120.92960339020162,9391.624751608682,1.160944535920986e-06,0.0109031554388003,419.7313249979267,0.8165979085562777
4,56,seedpair04_ref20260915_label20260914_noise08000_rep007_seed2026086707,20260915,20260914,fiducial,0.8,212.06214816982092,7,2026086707,265.0776852122761,combined_practical_basis,514,0.0001,2.0,1.1583442111806668,0.672871311085556,0.7602654713125936,1795,0.0001,2.0,35,0.0001,2.0,False,False,0.6749907467314779,0.3291920781917145,87.89159881015718,266.9918404262783,0.3291920781917145,255.3920728849343,308.3150877785446,0.8283476320444505,270.09265823763,407.8514879292497,0.6622328622826631,415.9744665663663,1.019916510978932,318.78979937246845,1.0339740480084698,32.11536002457171,78.94222424081356,0.913363558037612,2.1643846820298385,0.6678066710895613,0.6820094306630516,-0.0197765683803885,-0.0142027595734903,-0.0055738088068981,0.0103807679413315,1.0116279771511685,0.048,0.0026666666666666,0.5533333333333333,0.6493333333333333,0.5013333333333333,0.8346666666666667,0.952,0.8213333333333334,20025.470971651317,118.63389830320524,61.84808905993779,105.59343830196286,514,4250,514,0,120.92960339020162,9391.624751608682,1.160944535920986e-06,0.0109031554388003,419.7313249979267,0.8165979085562777
4,57,seedpair04_ref20260915_label20260914_noise08000_rep008_seed2026086708,20260915,20260914,fiducial,0.8,212.06214816982092,8,2026086708,265.0776852122761,combined_practical_basis,514,0.0001,1.0,1.281034204752986,0.7008311483218896,0.7451347960133978,899,0.0001,2.0,2050,0.0001,2.0,False,False,0.6445101726365067,0.3556340925078321,94.95140087699542,266.9918404262783,0.3556340925078321,267.46690442946715,308.3150877785446,0.8675115653813942,283.82091799863093,407.8514879292497,0.6958928100021191,366.3738240707432,0.8983020410956509,252.45081935845585,0.8188078669046039,37.34040701408911,81.5954644468825,0.9012068951500632,8.782790832353742,0.6681687694550288,0.6517255201368723,0.0441672898652467,0.0164432493181564,0.0277240405470903,-0.0716267567446775,1.0103926647753978,0.0546666666666666,0.004,0.4693333333333333,0.6933333333333334,0.4404444444444444,0.8093333333333333,0.9453333333333334,0.7395555555555555,12440.469589175658,117.19412305221172,60.93660637658603,92.69096003175612,514,4250,514,0,120.92960339020162,3239.784669689554,3.356767880966113e-06,0.0108752051204603,408.5933400997261,0.7949286772368213
4,58,seedpair04_ref20260915_label20260914_noise08000_rep009_seed2026086709,20260915,20260914,fiducial,0.8,212.06214816982092,9,2026086709,265.0776852122761,combined_practical_basis,514,0.0001,2.0,1.2855970066205031,0.7019928087704717,0.6909517345859997,259,0.0001,1.0,259,0.0001,2.0,False,False,0.6587475171505534,0.3187109642982219,85.09322692201614,266.9918404262783,0.3187109642982219,227.51396882932767,308.3150877785446,0.7379268088000468,242.90628497524312,407.8514879292497,0.5955753311297967,404.0218455866834,0.9906102038219594,306.9362377696414,0.995527789383134,27.31414275091076,74.55355220503206,0.9179094794921004,5.644216484456754,0.6269932961023487,0.610222601057707,-0.0146472699279103,0.0167706950446416,-0.031417964972552,-0.0437849476240699,1.028629744135117,0.0613333333333333,0.0053333333333333,0.576,0.668,0.5515555555555556,0.852,0.9386666666666666,0.8604444444444445,22883.83751357528,118.63389830320524,61.84808905993779,105.59343830196286,514,4250,514,0,120.92960339020162,9391.624751608682,1.160944535920986e-06,0.0109031554388003,419.7313249979267,0.8165979085562777
4,59,seedpair04_ref20260915_label20260914_noise08000_rep010_seed2026086710,20260915,20260914,fiducial,0.8,212.06214816982092,10,2026086710,265.0776852122761,combined_practical_basis,514,0.0001,2.0,1.2161339495652514,0.6889105716268018,0.741806673633629,643,0.0001,2.0,2050,0.0001,2.0,False,False,0.660053353633844,0.331334004461252,88.4634756469184,266.9918404262783,0.331334004461252,269.42334790609345,308.3150877785446,0.8738571629670419,283.5749053080346,407.8514879292497,0.6952896181593103,401.5033375342411,0.9844351422444492,304.7348705347347,0.98838779746523,35.12603493760241,81.28984796989107,0.9099756599889444,3.9925717007472015,0.7207865601075671,0.673314654862907,0.0219749632964033,0.0474719052446601,-0.0254969419482568,-0.0715849126225526,1.0212868226708232,0.056,0.008,0.5333333333333333,0.6893333333333334,0.4924444444444444,0.8373333333333334,0.944,0.8071111111111111,18508.96331778485,118.63389830320524,61.84808905993779,105.59343830196286,514,4250,514,0,120.92960339020162,9391.624751608682,1.160944535920986e-06,0.0109031554388003,419.7313249979267,0.8165979085562777
4,60,seedpair04_ref20260915_label20260914_noise08000_rep011_seed2026086711,20260915,20260914,fiducial,0.8,212.06214816982092,11,2026086711,265.0776852122761,combined_practical_basis,514,0.0001,2.0,1.174765489323212,0.6854426604573582,0.7368632274458026,514,0.0001,2.0,643,0.0001,2.0,False,False,0.6708368628680467,0.3416345829976284,91.21364606780097,266.9918404262783,0.3416345829976284,259.6336429763424,308.3150877785446,0.8421048896667396,275.1900394166709,407.8514879292497,0.674730992925563,418.3236944289448,1.0256765190507573,312.92503783174226,1.014952074147305,32.18159120248217,77.60075934280977,0.912976908256498,-0.5505914971880032,0.674730992925563,0.6620662264040782,0.0126647665214848,0.0126647665214848,0.0,-0.0411855860803042,1.0385984895297102,0.0506666666666666,0.0013333333333333,0.5146666666666667,0.6533333333333333,0.516,0.8266666666666667,0.9493333333333334,0.8173333333333334,19840.29316650119,118.63389830320524,61.84808905993779,105.59343830196286,514,4250,514,0,120.92960339020162,9391.624751608682,1.160944535920986e-06,0.0109031554388003,419.7313249979267,0.8165979085562777
