replicate,reference_seed,label_seed,scale,n_basis,selected_regularization,validation_normalized_rmse,validation_median_direction_error_deg,median_reference_bandwidth,n_train,n_validation,n_test,selected_coefficient_frobenius_norm,fixed_coefficient_frobenius_norm,selected_rmse_3d,selected_normalized_rmse,selected_rmse_x,selected_rmse_y,selected_rmse_z,selected_corr_x,selected_corr_y,selected_corr_z,selected_median_direction_error_deg,selected_p90_direction_error_deg,selected_median_abs_relative_speed_error,selected_calibration_slope_x,selected_calibration_intercept_x,selected_calibration_slope_y,selected_calibration_intercept_y,selected_calibration_slope_z,selected_calibration_intercept_z,selected_vector_gain_through_origin,selected_mean_component_calibration_slope,fixed_rmse_3d,fixed_normalized_rmse,fixed_rmse_x,fixed_rmse_y,fixed_rmse_z,fixed_corr_x,fixed_corr_y,fixed_corr_z,fixed_median_direction_error_deg,fixed_p90_direction_error_deg,fixed_median_abs_relative_speed_error,fixed_calibration_slope_x,fixed_calibration_intercept_x,fixed_calibration_slope_y,fixed_calibration_intercept_y,fixed_calibration_slope_z,fixed_calibration_intercept_z,fixed_vector_gain_through_origin,fixed_mean_component_calibration_slope
1,20260805,20260804,coarse,256,0.0001,0.1381608668475116,5.833078381772015,28.510020549124885,3500,750,750,377.1832235384504,376.65873591295104,52.38984176209606,0.1411592608411583,27.39185673714873,30.414927686515256,32.700365107641126,0.99301009570211,0.9895581559203926,0.9837416653780652,6.18217115595517,15.060974054822378,0.0637841648495208,0.9824559026172556,0.1639142788578791,0.9829053123881946,1.470789692901178,0.9685696397183098,2.3554706863953,0.9805016963500232,0.9779769515745866,52.37413375645036,0.1411169371693995,27.38470411073248,30.390674881416203,32.70374210634381,0.9930194857826964,0.9895707323992524,0.98373950501133,6.150794897253727,15.20016376836019,0.0640830397990379,0.9811611878329544,0.1624532789276967,0.9816054237865932,1.55697057873698,0.9665949192237656,2.438893740357884,0.9791016837617836,0.9764538436144378
2,20260815,20260814,coarse,256,0.01,0.1417495809194866,5.901108670483628,28.392797694651627,3500,750,750,377.86429411255006,377.86429411255006,53.28534075935234,0.1460129500131917,27.688205043072,31.78864646981262,32.59099257387487,0.992204791965173,0.989136057089834,0.9825352349114488,6.104685091925414,17.784771419911593,0.0630988163346341,0.9918581227825224,0.2978281822151793,0.982994613234927,1.7368305861926243,0.9650868030124392,-0.1874134258392459,0.9827458175577612,0.9799798463432962,53.28534075935234,0.1460129500131917,27.688205043072,31.78864646981262,32.59099257387487,0.992204791965173,0.989136057089834,0.9825352349114488,6.104685091925414,17.784771419911593,0.0630988163346341,0.9918581227825224,0.2978281822151793,0.982994613234927,1.7368305861926243,0.9650868030124392,-0.1874134258392459,0.9827458175577612,0.9799798463432962
3,20260825,20260824,coarse,256,0.01,0.1420853852255628,5.98512356123366,28.368331647028786,3500,750,750,371.9189869071288,371.9189869071288,52.420601144656565,0.1356901174793567,29.63648407117764,29.428573048674814,31.67897290924713,0.9923884154361932,0.9905710032570104,0.986299950812398,5.635790611523548,14.516116690444116,0.0631173207186617,0.9810332981738974,-1.314409602497495,0.9849196921192112,0.2908229606821919,0.9770662220764088,-1.6338857324744822,0.981043375354662,0.9810064041231724,52.420601144656565,0.1356901174793567,29.63648407117764,29.428573048674814,31.67897290924713,0.9923884154361932,0.9905710032570104,0.986299950812398,5.635790611523548,14.516116690444116,0.0631173207186617,0.9810332981738974,-1.314409602497495,0.9849196921192112,0.2908229606821919,0.9770662220764088,-1.6338857324744822,0.981043375354662,0.9810064041231724
4,20260905,20260904,coarse,256,0.01,0.1435472617393217,6.076656670203793,28.44194282336456,3500,750,750,368.2342124656036,368.2342124656036,51.17398189286354,0.1419754483968351,28.43798277006418,30.55023539159282,29.60980709594255,0.9919949337121288,0.9895890039869611,0.9850154275787794,5.592692827418497,16.977226530770025,0.0653814497037209,0.9823634575740792,0.8427637087797564,0.9747954686096526,1.370107806422567,0.9774798952833446,1.4258896787869515,0.9792682141750224,0.9782129404890254,51.17398189286354,0.1419754483968351,28.43798277006418,30.55023539159282,29.60980709594255,0.9919949337121288,0.9895890039869611,0.9850154275787794,5.592692827418497,16.977226530770025,0.0653814497037209,0.9823634575740792,0.8427637087797564,0.9747954686096526,1.370107806422567,0.9774798952833446,1.4258896787869515,0.9792682141750224,0.9782129404890254
5,20260915,20260914,coarse,256,0.01,0.1378402028648669,5.72927411887315,28.57621465890755,3500,750,750,372.8587490817951,372.8587490817951,52.91617378240245,0.1407421013361355,29.18201689285573,32.17319984471897,30.222781963053556,0.9922435432408124,0.988923620904921,0.9853681563045436,5.823213569000176,14.462181703207262,0.0644157605326054,0.9861980985021024,-0.295642080645063,0.9839739395914012,1.3976425252177904,0.9832155214402424,-0.6714250607273975,0.9854432132959584,0.984462519844582,52.91617378240245,0.1407421013361355,29.18201689285573,32.17319984471897,30.222781963053556,0.9922435432408124,0.988923620904921,0.9853681563045436,5.823213569000176,14.462181703207262,0.0644157605326054,0.9861980985021024,-0.295642080645063,0.9839739395914012,1.3976425252177904,0.9832155214402424,-0.6714250607273975,0.9854432132959584,0.984462519844582
1,20260805,20260804,coarse,384,0.01,0.0984047043379353,4.071622003613614,28.510020549124885,3500,750,750,378.4427979040863,378.4427979040863,37.860568551775856,0.102011567358108,19.610248297388548,22.45171333403155,23.340552288773264,0.996425052075268,0.9943199650320156,0.991737480821677,4.231988720542181,11.402467708342297,0.0440713526792686,0.9897112100753934,-0.0477411489261446,0.9879229554836536,0.9464214215615244,0.985469486889612,0.4777441745655757,0.9886263890388108,0.9877012174828864,37.860568551775856,0.102011567358108,19.610248297388548,22.45171333403155,23.340552288773264,0.996425052075268,0.9943199650320156,0.991737480821677,4.231988720542181,11.402467708342297,0.0440713526792686,0.9897112100753934,-0.0477411489261446,0.9879229554836536,0.9464214215615244,0.985469486889612,0.4777441745655757,0.9886263890388108,0.9877012174828864
2,20260815,20260814,coarse,384,0.01,0.1036111000009845,4.24286106433877,28.392797694651627,3500,750,750,379.2644385126342,379.2644385126342,39.289794253144656,0.107662232849775,20.817118019142253,23.824083935110146,23.296964490773668,0.9956039274568124,0.9939079691235012,0.9910976750153246,4.436273036156533,12.37958799638621,0.0417754925939289,0.9973455653861476,-0.1223406226054169,0.9901374175419156,0.945467401369214,0.9829429908904634,0.0711597090780529,0.9915658111293828,0.9901419912728424,39.289794253144656,0.107662232849775,20.817118019142253,23.824083935110146,23.296964490773668,0.9956039274568124,0.9939079691235012,0.9910976750153246,4.436273036156533,12.37958799638621,0.0417754925939289,0.9973455653861476,-0.1223406226054169,0.9901374175419156,0.945467401369214,0.9829429908904634,0.0711597090780529,0.9915658111293828,0.9901419912728424
3,20260825,20260824,coarse,384,0.01,0.1024985292571659,4.251567820596431,28.368331647028786,3500,750,750,373.6602894379412,373.6602894379412,37.4992165391013,0.0970662866595752,21.793017795687053,21.62232369760598,21.534408148802765,0.995901067628952,0.9949149296496914,0.9937249723591332,3.681991372764595,10.992515949687528,0.0421259151120321,0.9980928737689934,-0.5115478802071232,0.991612890449307,0.3113148991008216,0.9857313859371616,-1.7723146582206013,0.9922375918697092,0.991812383385154,37.4992165391013,0.0970662866595752,21.793017795687053,21.62232369760598,21.534408148802765,0.995901067628952,0.9949149296496914,0.9937249723591332,3.681991372764595,10.992515949687528,0.0421259151120321,0.9980928737689934,-0.5115478802071232,0.991612890449307,0.3113148991008216,0.9857313859371616,-1.7723146582206013,0.9922375918697092,0.991812383385154
4,20260905,20260904,coarse,384,0.01,0.1020811928289416,4.277772689260347,28.44194282336456,3500,750,750,369.96913845175976,369.96913845175976,36.64715544261724,0.1016726886199114,20.45898047140157,21.489768738732646,21.5089274409941,0.9958654956394642,0.9948626512632976,0.9921294407635072,4.349196103175071,11.90937056434278,0.0408086672198458,0.9910253859992412,0.7227492858994644,0.9869547621477032,1.2305593315915857,0.986191304077474,1.6264524092525363,0.9892459111976254,0.9880571507414728,36.64715544261724,0.1016726886199114,20.45898047140157,21.489768738732646,21.5089274409941,0.9958654956394642,0.9948626512632976,0.9921294407635072,4.349196103175071,11.90937056434278,0.0408086672198458,0.9910253859992412,0.7227492858994644,0.9869547621477032,1.2305593315915857,0.986191304077474,1.6264524092525363,0.9892459111976254,0.9880571507414728
5,20260915,20260914,coarse,384,0.01,0.100876748896157,4.3078575733344255,28.57621465890755,3500,750,750,374.5252321463647,374.5252321463647,37.59144257857229,0.0999826374922895,21.15534580283793,22.90736743587741,20.995723761236437,0.9959357937796496,0.9943911690058626,0.9929948632374018,3.985327948363561,10.051784318563827,0.0442120914822602,0.99393810305705,0.4622435963613256,0.988095934162601,0.953142031752094,0.995752302367875,-1.2106021788250168,0.9924080786939528,0.9925954465291754,37.59144257857229,0.0999826374922895,21.15534580283793,22.90736743587741,20.995723761236437,0.9959357937796496,0.9943911690058626,0.9929948632374018,3.985327948363561,10.051784318563827,0.0442120914822602,0.99393810305705,0.4622435963613256,0.988095934162601,0.953142031752094,0.995752302367875,-1.2106021788250168,0.9924080786939528,0.9925954465291754
1,20260805,20260804,coarse,512,0.01,0.0825149439215546,3.2951123811308136,28.510020549124885,3500,750,750,379.0153591020632,379.0153591020632,30.570762618958543,0.0823699043459384,16.79152883590838,18.39237502173938,17.729541097198982,0.997377816970454,0.9961955723270248,0.995245217970094,3.3456723515270426,9.33493138382722,0.0334464670488936,0.9931231381968104,-0.0179996826308209,0.9919755195342118,-0.001308686588942,0.987464104719126,0.1853990511422623,0.9913490713172276,0.9908542541500496,30.570762618958543,0.0823699043459384,16.79152883590838,18.39237502173938,17.729541097198982,0.997377816970454,0.9961955723270248,0.995245217970094,3.3456723515270426,9.33493138382722,0.0334464670488936,0.9931231381968104,-0.0179996826308209,0.9919755195342118,-0.001308686588942,0.987464104719126,0.1853990511422623,0.9913490713172276,0.9908542541500496
2,20260815,20260814,coarse,512,0.01,0.0874534063222291,3.3652760957480634,28.392797694651627,3500,750,750,379.947534213009,379.947534213009,32.30226198698921,0.0885149367087693,17.85370040455782,19.53239790434317,18.524765678593344,0.9967582999544422,0.9959086394774124,0.9943778187315234,3.4303040255995545,9.85793899683157,0.0346001874114341,0.9963203053697872,0.0703796741734374,0.99060046252396,0.3628976686927956,0.9907714878102885,0.4047528304033321,0.993073930684764,0.9925640852346788,32.30226198698921,0.0885149367087693,17.85370040455782,19.53239790434317,18.524765678593344,0.9967582999544422,0.9959086394774124,0.9943778187315234,3.4303040255995545,9.85793899683157,0.0346001874114341,0.9963203053697872,0.0703796741734374,0.99060046252396,0.3628976686927956,0.9907714878102885,0.4047528304033321,0.993073930684764,0.9925640852346788
3,20260825,20260824,coarse,512,0.01,0.0835058130349784,3.272869282130048,28.368331647028786,3500,750,750,374.3543427677627,374.3543427677627,30.317265066183584,0.0784758886517,18.34863825415625,16.697723560082327,17.42555775929198,0.9970903878189982,0.9969691520876026,0.9958929159246296,3.0699247287624347,8.949522299721272,0.0340611099160681,0.997464993462016,-0.7253379304193066,0.9930452552130878,0.6448226191609905,0.9872191780761236,-1.133995701820325,0.9932599325786028,0.9925764755837424,30.317265066183584,0.0784758886517,18.34863825415625,16.697723560082327,17.42555775929198,0.9970903878189982,0.9969691520876026,0.9958929159246296,3.0699247287624347,8.949522299721272,0.0340611099160681,0.997464993462016,-0.7253379304193066,0.9930452552130878,0.6448226191609905,0.9872191780761236,-1.133995701820325,0.9932599325786028,0.9925764755837424
4,20260905,20260904,coarse,512,0.01,0.0842777800388983,3.318545872161905,28.44194282336456,3500,750,750,370.77469806291776,370.77469806291776,29.669784682490253,0.0823148957404376,17.429565870146995,17.210838347388524,16.74196523899155,0.9969968621270654,0.9967041355987852,0.9952315047948158,3.325242797432741,10.075352452741525,0.0354719733106274,0.9952896957737098,0.0778468380994112,0.993345120852466,0.3942061153627207,0.988464344086054,0.9865785752549598,0.9933657574205604,0.9923663869040767,29.669784682490253,0.0823148957404376,17.429565870146995,17.210838347388524,16.74196523899155,0.9969968621270654,0.9967041355987852,0.9952315047948158,3.325242797432741,10.075352452741525,0.0354719733106274,0.9952896957737098,0.0778468380994112,0.993345120852466,0.3942061153627207,0.988464344086054,0.9865785752549598,0.9933657574205604,0.9923663869040767
5,20260915,20260914,coarse,512,0.01,0.0841498434665304,3.374781236544006,28.57621465890755,3500,750,750,374.9517386982436,374.9517386982436,31.584336109019347,0.0840054281242922,17.97810361609914,19.082639297219664,17.612806569894385,0.9970635792601552,0.9961159124749238,0.9950477065561169,3.255709281166616,8.35048751043866,0.0359683159835426,0.9954320751060192,-0.0367750754377169,0.9903758880688563,0.2609512624649852,0.9953636790417956,-0.7361735838325245,0.993523768003228,0.9937238807388904,31.584336109019347,0.0840054281242922,17.97810361609914,19.082639297219664,17.612806569894385,0.9970635792601552,0.9961159124749238,0.9950477065561169,3.255709281166616,8.35048751043866,0.0359683159835426,0.9954320751060192,-0.0367750754377169,0.9903758880688563,0.2609512624649852,0.9953636790417956,-0.7361735838325245,0.993523768003228,0.9937238807388904
1,20260805,20260804,coarse,640,0.01,0.0726422715390611,2.901407421921813,28.510020549124885,3500,750,750,379.3282289885462,379.3282289885462,26.554641053674715,0.0715488609425612,14.05851556667368,16.018064916861075,15.840729082662984,0.9981624847460436,0.997114799835908,0.9962033151224854,2.849258581490804,7.760394366269483,0.0292789891582903,0.9963417398591912,0.2882241010883239,0.992258651622751,0.4681943202133425,0.990749604383671,0.2585294022639708,0.9937872085970556,0.9931166652885376,26.554641053674715,0.0715488609425612,14.05851556667368,16.018064916861075,15.840729082662984,0.9981624847460436,0.997114799835908,0.9962033151224854,2.849258581490804,7.760394366269483,0.0292789891582903,0.9963417398591912,0.2882241010883239,0.992258651622751,0.4681943202133425,0.990749604383671,0.2585294022639708,0.9937872085970556,0.9931166652885376
2,20260815,20260814,coarse,640,0.01,0.0762815783988152,3.15862858637505,28.392797694651627,3500,750,750,380.159250252136,380.159250252136,28.855706542376076,0.0790706557737043,16.41160289029525,16.664202135758902,16.900161472883816,0.9972637051096184,0.9970333264919504,0.9953252775142524,3.1786102201605857,8.317228388587205,0.0317986065166439,0.9962693372954076,0.6207587620632267,0.9905719285670114,-0.0058195567687562,0.9934240684371712,0.3907577698755133,0.993483111885668,0.9934217780998632,28.855706542376076,0.0790706557737043,16.41160289029525,16.664202135758902,16.900161472883816,0.9972637051096184,0.9970333264919504,0.9953252775142524,3.1786102201605857,8.317228388587205,0.0317986065166439,0.9962693372954076,0.6207587620632267,0.9905719285670114,-0.0058195567687562,0.9934240684371712,0.3907577698755133,0.993483111885668,0.9934217780998632
3,20260825,20260824,coarse,640,0.01,0.0740013429114496,2.924855244174985,28.368331647028786,3500,750,750,374.7833728642266,374.7833728642266,26.41442587610861,0.0683734347186952,15.193574040309382,15.39758231809161,15.15888059863476,0.9980023147091892,0.997424523007514,0.9968803648876556,2.600599571199018,7.213222986850245,0.0309429665065013,0.99712028630589,-0.5501293813317305,0.9951652958996308,0.7744184116218662,0.9912743337466916,-0.8749700065615187,0.9950780034828276,0.9945199719840708,26.41442587610861,0.0683734347186952,15.193574040309382,15.39758231809161,15.15888059863476,0.9980023147091892,0.997424523007514,0.9968803648876556,2.600599571199018,7.213222986850245,0.0309429665065013,0.99712028630589,-0.5501293813317305,0.9951652958996308,0.7744184116218662,0.9912743337466916,-0.8749700065615187,0.9950780034828276,0.9945199719840708
4,20260905,20260904,coarse,640,0.01,0.0730523230932851,2.908177142918146,28.44194282336456,3500,750,750,371.0694865237697,371.0694865237697,26.31960322654388,0.0730202601302062,15.252660459032908,15.216589721867344,15.117316566127553,0.9977024892195404,0.9974256649511828,0.9961075396663576,2.871013905695584,9.126036571335309,0.0318620717024577,0.9961614804763486,0.4030734712881614,0.9956609421585184,0.5310938359614568,0.991615883210153,0.5237268712549152,0.9952501398325628,0.9944794352816734,26.31960322654388,0.0730202601302062,15.252660459032908,15.216589721867344,15.117316566127553,0.9977024892195404,0.9974256649511828,0.9961075396663576,2.871013905695584,9.126036571335309,0.0318620717024577,0.9961614804763486,0.4030734712881614,0.9956609421585184,0.5310938359614568,0.991615883210153,0.5237268712549152,0.9952501398325628,0.9944794352816734
5,20260915,20260914,coarse,640,0.01,0.0743843514241349,2.9942269299351123,28.57621465890755,3500,750,750,375.25275074134015,375.25275074134015,27.736196403059036,0.0737704615774104,15.624002736945894,16.507067096302627,15.89666207928996,0.9977842143411956,0.997095145350908,0.9959539720322796,2.78718767950314,7.757764180664764,0.03048616909461,0.9938198504066474,-0.3169890197651313,0.9927582326976552,0.099006485612108,0.9951295573931088,-0.2259302468200061,0.9937794481090216,0.9939025468324706,27.736196403059036,0.0737704615774104,15.624002736945894,16.507067096302627,15.89666207928996,0.9977842143411956,0.997095145350908,0.9959539720322796,2.78718767950314,7.757764180664764,0.03048616909461,0.9938198504066474,-0.3169890197651313,0.9927582326976552,0.099006485612108,0.9951295573931088,-0.2259302468200061,0.9937794481090216,0.9939025468324706
1,20260805,20260804,coarse,768,0.01,0.0676242569471938,2.6177074632105204,28.510020549124885,3500,750,750,379.5508574698897,379.5508574698897,24.33968766759589,0.0655808875290069,13.03864284793804,14.522633002028218,14.543291206891055,0.9984191240415512,0.99763032824119,0.9968002494826316,2.637284524588855,6.6521770044047,0.0249129340333377,0.996998015528334,0.1302846159210812,0.9928120804438292,0.4785406843705289,0.9926537732408568,0.1025935196971268,0.9946853152684412,0.9941546230710068,24.33968766759589,0.0655808875290069,13.03864284793804,14.522633002028218,14.543291206891055,0.9984191240415512,0.99763032824119,0.9968002494826316,2.637284524588855,6.6521770044047,0.0249129340333377,0.996998015528334,0.1302846159210812,0.9928120804438292,0.4785406843705289,0.9926537732408568,0.1025935196971268,0.9946853152684412,0.9941546230710068
2,20260815,20260814,coarse,768,0.01,0.0713118911148577,2.7951229672760767,28.392797694651627,3500,750,750,380.2486245864987,380.2486245864987,26.47091191845668,0.0725358209907823,15.717013832983,14.827031801720688,15.29195154057441,0.9974858001889836,0.997663377476598,0.9961732925135725,2.8115821985823968,7.383598481876209,0.0291029167666225,0.9946074463281842,0.0976629635374703,0.9902254462934243,-0.1124599777528487,0.9940891943785604,0.0316308689266691,0.9927350979831988,0.9929740290000564,26.47091191845668,0.0725358209907823,15.717013832983,14.827031801720688,15.29195154057441,0.9974858001889836,0.997663377476598,0.9961732925135725,2.8115821985823968,7.383598481876209,0.0291029167666225,0.9946074463281842,0.0976629635374703,0.9902254462934243,-0.1124599777528487,0.9940891943785604,0.0316308689266691,0.9927350979831988,0.9929740290000564
3,20260825,20260824,coarse,768,0.01,0.0695148790298714,2.746601794547691,28.368331647028786,3500,750,750,374.83126846465234,374.83126846465234,24.30592534544269,0.0629156055739696,14.09542600674853,14.04661719390426,13.956701544219666,0.9982794658046552,0.997862676348038,0.9973553020261524,2.4429426246039214,6.622923243455718,0.0275155804414999,0.9970896538299204,-0.3775600478793415,0.9945255409833252,1.2057155492545064,0.9923310898056552,-0.7872395242565418,0.9953803287541272,0.9946487615396338,24.30592534544269,0.0629156055739696,14.09542600674853,14.04661719390426,13.956701544219666,0.9982794658046552,0.997862676348038,0.9973553020261524,2.4429426246039214,6.622923243455718,0.0275155804414999,0.9970896538299204,-0.3775600478793415,0.9945255409833252,1.2057155492545064,0.9923310898056552,-0.7872395242565418,0.9953803287541272,0.9946487615396338
4,20260905,20260904,coarse,768,0.01,0.0693250364707316,2.664532599634972,28.44194282336456,3500,750,750,371.2361485985875,371.2361485985875,24.026642110111084,0.0666587426046869,14.064802701912402,13.738856495789006,13.80958646128686,0.9980488885041264,0.9979027780466286,0.9967561364328322,2.6605005298553976,7.530129892329959,0.0288229992772621,0.9987123036215012,0.2400395980944818,0.9964457008203368,0.5972412002077903,0.9911224837821542,0.5610343205250423,0.996483000217729,0.9954268294079974,24.026642110111084,0.0666587426046869,14.064802701912402,13.738856495789006,13.80958646128686,0.9980488885041264,0.9979027780466286,0.9967561364328322,2.6605005298553976,7.530129892329959,0.0288229992772621,0.9987123036215012,0.2400395980944818,0.9964457008203368,0.5972412002077903,0.9911224837821542,0.5610343205250423,0.996483000217729,0.9954268294079974
5,20260915,20260914,coarse,768,0.01,0.0694712686352081,2.8199953647690146,28.57621465890755,3500,750,750,375.30127952100605,375.30127952100605,25.627414063327976,0.0681616951731209,14.259806916733174,15.505167700168446,14.594931752509234,0.9981548963613088,0.9974427291876646,0.9965885665495428,2.58625725451283,6.731892691964651,0.0314303816937812,0.994473023321394,-0.2403712351629749,0.9913133956949182,0.2822742531770075,0.99495615748117,-0.2657590192242018,0.993535996818222,0.993580858832494,25.627414063327976,0.0681616951731209,14.259806916733174,15.505167700168446,14.594931752509234,0.9981548963613088,0.9974427291876646,0.9965885665495428,2.58625725451283,6.731892691964651,0.0314303816937812,0.994473023321394,-0.2403712351629749,0.9913133956949182,0.2822742531770075,0.99495615748117,-0.2657590192242018,0.993535996818222,0.993580858832494
1,20260805,20260804,coarse,896,0.01,0.0628668743984572,2.4265173691724704,28.510020549124885,3500,750,750,379.6380740446271,379.6380740446271,23.018683206214845,0.0620215713130275,12.863665754509285,13.498406076523684,13.497366902385467,0.998461716232831,0.9979514165983046,0.997249184690859,2.4565492800429363,6.742883906343293,0.0249895763006065,0.9965567499101204,0.2337892059727959,0.9950562962661113,0.5872717176007143,0.9920826040340835,-0.1389240226163401,0.9951859341197228,0.9945652167367718,23.018683206214845,0.0620215713130275,12.863665754509285,13.498406076523684,13.497366902385467,0.998461716232831,0.9979514165983046,0.997249184690859,2.4565492800429363,6.742883906343293,0.0249895763006065,0.9965567499101204,0.2337892059727959,0.9950562962661113,0.5872717176007143,0.9920826040340835,-0.1389240226163401,0.9951859341197228,0.9945652167367718
2,20260815,20260814,coarse,896,0.01,0.0677644463661351,2.606805863559183,28.392797694651627,3500,750,750,380.3517667582275,380.3517667582275,25.111483926311344,0.0688107046898452,14.990018906327906,14.101014436988898,14.38914000269492,0.9977133789560004,0.997887226124076,0.9966130639186628,2.561928584759997,7.376911626728891,0.0281471620398467,0.9953719114201582,0.1551660279019708,0.9899456832350378,0.360781413599085,0.995484480010585,0.2357155856793298,0.9935612596737738,0.9936006915552604,25.111483926311344,0.0688107046898452,14.990018906327906,14.101014436988898,14.38914000269492,0.9977133789560004,0.997887226124076,0.9966130639186628,2.561928584759997,7.376911626728891,0.0281471620398467,0.9953719114201582,0.1551660279019708,0.9899456832350378,0.360781413599085,0.995484480010585,0.2357155856793298,0.9935612596737738,0.9936006915552604
3,20260825,20260824,coarse,896,0.01,0.0655995704814418,2.4715432859852333,28.368331647028786,3500,750,750,375.0231504729145,375.0231504729145,23.441831380135092,0.0606789083765788,14.097400495880668,12.689416120935324,13.7753938681686,0.998277686631862,0.9982510012184572,0.9974127796519716,2.364237384686734,6.082123543582822,0.0266149255346232,0.996989860987738,-0.0467360796900995,0.9955123366840818,0.4259777238049906,0.9930836532387788,-0.4259011946223481,0.9955652214783596,0.9951952836368664,23.441831380135092,0.0606789083765788,14.097400495880668,12.689416120935324,13.7753938681686,0.998277686631862,0.9982510012184572,0.9974127796519716,2.364237384686734,6.082123543582822,0.0266149255346232,0.996989860987738,-0.0467360796900995,0.9955123366840818,0.4259777238049906,0.9930836532387788,-0.4259011946223481,0.9955652214783596,0.9951952836368664
4,20260905,20260904,coarse,896,0.01,0.067247200911727,2.582940010329498,28.44194282336456,3500,750,750,371.2947645259836,371.2947645259836,22.721526378575973,0.0630378715225345,13.50225076056712,13.118192090910425,12.7228150044345,0.9982044856533878,0.9980873062630916,0.9972470143312252,2.507767874401013,7.375541332830809,0.0265970223013055,0.9998617137094982,0.1645040877165815,0.9964167348924616,0.4790639105785814,0.9918168523979576,0.245249164531657,0.9969648614368484,0.9960317669999724,22.721526378575973,0.0630378715225345,13.50225076056712,13.118192090910425,12.7228150044345,0.9982044856533878,0.9980873062630916,0.9972470143312252,2.507767874401013,7.375541332830809,0.0265970223013055,0.9998617137094982,0.1645040877165815,0.9964167348924616,0.4790639105785814,0.9918168523979576,0.245249164531657,0.9969648614368484,0.9960317669999724
5,20260915,20260914,coarse,896,0.01,0.0663563790345094,2.604945237831089,28.57621465890755,3500,750,750,375.3313680662323,375.3313680662323,24.067079649163723,0.064011645603407,13.568642754165914,14.094560451965544,14.016405470551309,0.998332524703922,0.9978875633245547,0.9968505723830716,2.4856685831541308,6.299762710012606,0.029296205255395,0.9949075546215504,-0.6916793462773398,0.9929151740622488,0.0484392258124586,0.994114333102016,0.0757513454622227,0.9941172944868594,0.9939790205952718,24.067079649163723,0.064011645603407,13.568642754165914,14.094560451965544,14.016405470551309,0.998332524703922,0.9978875633245547,0.9968505723830716,2.4856685831541308,6.299762710012606,0.029296205255395,0.9949075546215504,-0.6916793462773398,0.9929151740622488,0.0484392258124586,0.994114333102016,0.0757513454622227,0.9941172944868594,0.9939790205952718
1,20260805,20260804,coarse,1024,0.01,0.06057221185818573,2.305900842732278,28.510020549124885,3500,750,750,379.71990867677977,379.71990867677977,21.86973538460221,0.0589258447410638,11.887543738778946,13.041114038574232,12.91901599519257,0.998685977648177,0.9980880635715295,0.9974822015487811,2.242182361755578,6.44431261091764,0.023918928858888647,0.9975294209204448,-0.00035030574190114683,0.9975428306187327,0.1563989513589661,0.9925743108041792,-0.27650109362584985,0.9963277079737418,0.9958821874477856,21.86973538460221,0.0589258447410638,11.887543738778946,13.041114038574232,12.91901599519257,0.998685977648177,0.9980880635715295,0.9974822015487811,2.242182361755578,6.44431261091764,0.023918928858888647,0.9975294209204448,-0.00035030574190114683,0.9975428306187327,0.1563989513589661,0.9925743108041792,-0.27650109362584985,0.9963277079737418,0.9958821874477856
2,20260815,20260814,coarse,1024,0.01,0.06552450798964007,2.4615519270007846,28.392797694651627,3500,750,750,380.2567135556807,380.2567135556807,23.806579214388705,0.06523499355130855,13.874330013898566,13.594247947426265,13.764178264622068,0.998042881087676,0.9980532804118504,0.9969072677285277,2.4397943939199194,7.347289223488927,0.02582770996131057,0.9951171677982601,0.33613141395440316,0.9885720727856661,0.09518365759096525,0.9978717295205963,0.051258336929095094,0.9933155569544369,0.9938536567015075,23.806579214388705,0.06523499355130855,13.874330013898566,13.594247947426265,13.764178264622068,0.998042881087676,0.9980532804118504,0.9969072677285277,2.4397943939199194,7.347289223488927,0.02582770996131057,0.9951171677982601,0.33613141395440316,0.9885720727856661,0.09518365759096525,0.9978717295205963,0.051258336929095094,0.9933155569544369,0.9938536567015075
3,20260825,20260824,coarse,1024,0.01,0.06260639304757051,2.3816157391446873,28.368331647028782,3500,750,750,375.1452569874781,375.1452569874781,22.65256830355037,0.05863591006588864,13.13333333276918,12.720311145791038,13.373409837122805,0.9985059156460944,0.9982429182066405,0.9975631658870505,2.1885459131680305,5.903652228738634,0.025026913026432215,0.9981175928024528,-0.06338998262909135,0.9954985915490461,0.5849583353269878,0.9967816797942848,-0.6418273182965848,0.9969761565937961,0.9967992880485945,22.65256830355037,0.05863591006588864,13.13333333276918,12.720311145791038,13.373409837122805,0.9985059156460944,0.9982429182066405,0.9975631658870505,2.1885459131680305,5.903652228738634,0.025026913026432215,0.9981175928024528,-0.06338998262909135,0.9954985915490461,0.5849583353269878,0.9967816797942848,-0.6418273182965848,0.9969761565937961,0.9967992880485945
4,20260905,20260904,coarse,1024,0.01,0.06396881105424541,2.443113820211636,28.441942823364556,3500,750,750,371.3218028594438,371.3218028594438,21.60131057340008,0.05992998084531431,12.5074759222409,12.422667602505367,12.484269869748642,0.9984577299639663,0.9982861247022582,0.9973477700623068,2.400209215216683,6.612828408307769,0.026029064222814945,0.9995541808763705,0.09535040285826923,0.9982563243064612,0.31084285623370533,0.9928037223682742,0.1493098294276045,0.9976715874326352,0.996871409183702,21.60131057340008,0.05992998084531431,12.5074759222409,12.422667602505367,12.484269869748642,0.9984577299639663,0.9982861247022582,0.9973477700623068,2.400209215216683,6.612828408307769,0.026029064222814945,0.9995541808763705,0.09535040285826923,0.9982563243064612,0.31084285623370533,0.9928037223682742,0.1493098294276045,0.9976715874326352,0.996871409183702
5,20260915,20260914,coarse,1024,0.01,0.06501408232717686,2.4514848700089615,28.57621465890755,3500,750,750,375.2409213620149,375.2409213620149,22.934225097199548,0.06099857192942447,13.067932247678106,13.579822240855538,13.068904142500916,0.9984573087911219,0.9980450897025555,0.997262493366184,2.3672285637083825,5.937630168961521,0.027897537889829037,0.994701950624887,-0.9089096254657711,0.9924039864351195,-0.10159636367562541,0.994754965978823,0.06741189071613007,0.9939284367697224,0.9939536343462766,22.934225097199548,0.06099857192942447,13.067932247678106,13.579822240855538,13.068904142500916,0.9984573087911219,0.9980450897025555,0.997262493366184,2.3672285637083825,5.937630168961521,0.027897537889829037,0.994701950624887,-0.9089096254657711,0.9924039864351195,-0.10159636367562541,0.994754965978823,0.06741189071613007,0.9939284367697224,0.9939536343462766
1,20260805,20260804,coarse,1280,0.01,0.05819216229147353,2.172461708781447,28.510020549124885,3500,750,750,379.72405010295677,379.72405010295677,20.875228220798153,0.05624624328738305,11.381903759388367,12.06697644080897,12.673417047481317,0.998796607754034,0.9983683599734827,0.9975796594449153,2.275697920736872,6.10208302393108,0.021300769845065938,0.9970550326146985,0.33037183668994646,0.9998344794476764,-0.30011459653523787,0.9915888629017588,-0.15429909725590107,0.9965125019415759,0.9961594583213781,20.875228220798153,0.05624624328738305,11.381903759388367,12.06697644080897,12.673417047481317,0.998796607754034,0.9983683599734827,0.9975796594449153,2.275697920736872,6.10208302393108,0.021300769845065938,0.9970550326146985,0.33037183668994646,0.9998344794476764,-0.30011459653523787,0.9915888629017588,-0.15429909725590107,0.9965125019415759,0.9961594583213781
2,20260815,20260814,coarse,1280,0.01,0.06534364481617554,2.366053162706277,28.392797694651627,3500,750,750,380.3830766727088,380.3830766727088,22.539753658587937,0.061763627244579886,13.23365609501587,12.732134825936479,13.069184524018828,0.998222120644759,0.9982681233391567,0.9972146474577872,2.3121370727696604,6.964238709587935,0.0252150971719953,0.9942355564217391,0.38268487230446846,0.9938296925899179,0.05093664740738291,0.9988517335377453,-0.051295839882186556,0.9952061871744874,0.9956389941831341,22.539753658587937,0.061763627244579886,13.23365609501587,12.732134825936479,13.069184524018828,0.998222120644759,0.9982681233391567,0.9972146474577872,2.3121370727696604,6.964238709587935,0.0252150971719953,0.9942355564217391,0.38268487230446846,0.9938296925899179,0.05093664740738291,0.9988517335377453,-0.051295839882186556,0.9952061871744874,0.9956389941831341
3,20260825,20260824,coarse,1280,0.01,0.05909330971265092,2.1566509904099984,28.368331647028782,3500,750,750,375.01896378669807,375.01896378669807,21.85291595660276,0.05656601924947963,12.560806541477683,12.282367824885656,12.996904071667556,0.9986352227984285,0.9983622588246175,0.9977010214324121,2.0811320312010144,6.379383494000505,0.020797949868198988,0.9990239231575948,0.3148956303835533,0.9979933039451799,0.36907354921565627,0.9938296952413161,-0.5982508369101183,0.9973465836269314,0.9969489741146971,21.85291595660276,0.05656601924947963,12.560806541477683,12.282367824885656,12.996904071667556,0.9986352227984285,0.9983622588246175,0.9977010214324121,2.0811320312010144,6.379383494000505,0.020797949868198988,0.9990239231575948,0.3148956303835533,0.9979933039451799,0.36907354921565627,0.9938296952413161,-0.5982508369101183,0.9973465836269314,0.9969489741146971
4,20260905,20260904,coarse,1280,0.01,0.06090260536665081,2.1740329385286237,28.441942823364556,3500,750,750,371.3971377489729,371.3971377489729,20.869850998395066,0.057900642941476545,12.196735475054494,12.180280532300904,11.765674251873978,0.9985322537475693,0.9983533811650559,0.9976438987705202,2.1765287739815435,6.371867444271878,0.024490043062691758,0.9991140194157412,0.08838779319968637,0.998899054878988,0.24963308680624152,0.994562099523125,-0.04091439246181494,0.998080647679455,0.9975250579392848,20.869850998395066,0.057900642941476545,12.196735475054494,12.180280532300904,11.765674251873978,0.9985322537475693,0.9983533811650559,0.9976438987705202,2.1765287739815435,6.371867444271878,0.024490043062691758,0.9991140194157412,0.08838779319968637,0.998899054878988,0.24963308680624152,0.994562099523125,-0.04091439246181494,0.998080647679455,0.9975250579392848
5,20260915,20260914,coarse,1280,0.01,0.062035915363997995,2.526475919320892,28.57621465890755,3500,750,750,375.46295662354447,375.46295662354447,21.787724022590933,0.05794920235315674,12.244690015210027,13.219235479235973,12.248440629750009,0.9986422512859915,0.9981397318023046,0.9975981814441482,2.3187074240819383,6.0537008782446415,0.023033410653726417,0.996465695355367,-0.6896109007425117,0.9946699621957434,-0.06710814569885315,0.9966524794895015,0.3706043166318729,0.9959511751298871,0.9959293790135373,21.787724022590933,0.05794920235315674,12.244690015210027,13.219235479235973,12.248440629750009,0.9986422512859915,0.9981397318023046,0.9975981814441482,2.3187074240819383,6.0537008782446415,0.023033410653726417,0.996465695355367,-0.6896109007425117,0.9946699621957434,-0.06710814569885315,0.9966524794895015,0.3706043166318729,0.9959511751298871,0.9959293790135373
1,20260805,20260804,coarse,1536,0.01,0.060838134437414204,2.0256308072285654,28.510020549124885,3500,750,750,379.6926491178418,379.6926491178418,20.291104479181662,0.054672379484152184,11.039900668453997,11.883148910775427,12.19181225987637,0.9988677401522889,0.9984164566895113,0.9977582024553581,2.0202154502500136,5.708956787144458,0.023097068375771128,0.9963549184184197,0.00541680010032608,0.9998029848634888,-0.038089862841758304,0.9920350363533613,0.13858213304835587,0.996545086359377,0.9960643132117566,20.291104479181662,0.054672379484152184,11.039900668453997,11.883148910775427,12.19181225987637,0.9988677401522889,0.9984164566895113,0.9977582024553581,2.0202154502500136,5.708956787144458,0.023097068375771128,0.9963549184184197,0.00541680010032608,0.9998029848634888,-0.038089862841758304,0.9920350363533613,0.13858213304835587,0.996545086359377,0.9960643132117566
2,20260815,20260814,coarse,1536,0.01,0.06298915201198883,2.343595021697893,28.392797694651627,3500,750,750,380.4955728793933,380.4955728793933,21.513594399066257,0.05895173679720923,12.672319236999165,12.323048945956286,12.263341053672182,0.9983684641954661,0.9983732011847011,0.997548616439034,2.158363357080824,6.505842439659571,0.022946145514587846,0.99459872085852,-0.05615952444173278,0.9965073481828997,0.42344951399540776,0.9993164140917111,0.20684611282301546,0.9967759346912154,0.9968074943777102,21.513594399066257,0.05895173679720923,12.672319236999165,12.323048945956286,12.263341053672182,0.9983684641954661,0.9983732011847011,0.997548616439034,2.158363357080824,6.505842439659571,0.022946145514587846,0.99459872085852,-0.05615952444173278,0.9965073481828997,0.42344951399540776,0.9993164140917111,0.20684611282301546,0.9967759346912154,0.9968074943777102
3,20260825,20260824,coarse,1536,0.01,0.05887111263150152,2.1316060074517393,28.368331647028782,3500,750,750,375.00961753529447,375.00961753529447,22.052266893967957,0.057082036836459564,12.559383721093209,12.518048873127148,13.109645613788874,0.9986346633423895,0.9982983190728515,0.9976802117051018,2.036486310545092,5.534896141585923,0.021601150878286,0.9982383319544504,0.35155337673388076,0.9978492256564079,0.08966723541078636,0.9924388941725453,-1.0642815841947453,0.9963384181325678,0.9961754839278013,22.052266893967957,0.057082036836459564,12.559383721093209,12.518048873127148,13.109645613788874,0.9986346633423895,0.9982983190728515,0.9976802117051018,2.036486310545092,5.534896141585923,0.021601150878286,0.9982383319544504,0.35155337673388076,0.9978492256564079,0.08966723541078636,0.9924388941725453,-1.0642815841947453,0.9963384181325678,0.9961754839278013
4,20260905,20260904,coarse,1536,0.01,0.06323815691288977,2.1771178302386334,28.441942823364556,3500,750,750,371.30343598966,371.30343598966,20.44459504302493,0.05672082650519646,11.516965552272046,11.712579024947058,12.171953973188883,0.9986909246770995,0.9984757787516164,0.9974821010318198,2.1838085126750952,6.346972564269228,0.021583079873245568,0.9990948417910304,0.024959343056128347,0.9956714997400432,0.24025622744153452,0.9940383514398486,-0.3465648267127577,0.9966709034441632,0.9962682309903074,20.44459504302493,0.05672082650519646,11.516965552272046,11.712579024947058,12.171953973188883,0.9986909246770995,0.9984757787516164,0.9974821010318198,2.1838085126750952,6.346972564269228,0.021583079873245568,0.9990948417910304,0.024959343056128347,0.9956714997400432,0.24025622744153452,0.9940383514398486,-0.3465648267127577,0.9966709034441632,0.9962682309903074
5,20260915,20260914,coarse,1536,0.01,0.06168925457171042,2.3662440903513176,28.57621465890755,3500,750,750,375.2835018064066,375.2835018064066,21.614230271578258,0.05748775789599282,11.830263116707071,13.43711202711476,12.110484928071957,0.9987314033491185,0.998081216768184,0.997650420231126,2.168371650541585,6.052938482100955,0.023643256845734997,0.9976414163125937,-0.5459956407005109,0.9951370564390071,-0.40756626661401185,0.9956549818211272,0.3090559337904857,0.9961322808309174,0.996144484857576,21.614230271578258,0.05748775789599282,11.830263116707071,13.43711202711476,12.110484928071957,0.9987314033491185,0.998081216768184,0.997650420231126,2.168371650541585,6.052938482100955,0.023643256845734997,0.9976414163125937,-0.5459956407005109,0.9951370564390071,-0.40756626661401185,0.9956549818211272,0.3090559337904857,0.9961322808309174,0.996144484857576
1,20260805,20260804,coarse,1792,0.01,0.06218986180090269,2.033511070950492,28.510020549124885,3500,750,750,379.6598376546863,379.6598376546863,20.285119684559003,0.054656254045387605,11.212683227910775,11.441014893623395,12.444476431385098,0.9988383499249158,0.9985305667010931,0.9976668684508231,2.001123477390075,5.719240587832534,0.021517232381190327,0.9940723135948573,-0.2980374403467405,0.9992006575003723,0.1967392537893602,0.9917574572900548,-0.16802913582968415,0.9954220902010774,0.9950101427950949,20.285119684559003,0.054656254045387605,11.212683227910775,11.441014893623395,12.444476431385098,0.9988383499249158,0.9985305667010931,0.9976668684508231,2.001123477390075,5.719240587832534,0.021517232381190327,0.9940723135948573,-0.2980374403467405,0.9992006575003723,0.1967392537893602,0.9917574572900548,-0.16802913582968415,0.9954220902010774,0.9950101427950949
2,20260815,20260814,coarse,1792,0.01,0.06408068819030177,2.374311821927301,28.392797694651627,3500,750,750,380.5651734912837,380.5651734912837,21.41842567906552,0.058690954650407474,12.377258565847034,12.255370638961125,12.464281746876123,0.99844454167398,0.9983911369734518,0.9974694880914987,2.1520650533871453,6.345887921591389,0.022660383878423517,0.9949879135023509,0.34779249579217497,0.9976559767004861,0.2572412706371665,0.9995743628217244,0.25799952982158914,0.9973493000173151,0.9974060843415206,21.41842567906552,0.058690954650407474,12.377258565847034,12.255370638961125,12.464281746876123,0.99844454167398,0.9983911369734518,0.9974694880914987,2.1520650533871453,6.345887921591389,0.022660383878423517,0.9949879135023509,0.34779249579217497,0.9976559767004861,0.2572412706371665,0.9995743628217244,0.25799952982158914,0.9973493000173151,0.9974060843415206
3,20260825,20260824,coarse,1792,0.01,0.061697719839957,2.20903370705151,28.368331647028782,3500,750,750,374.7243130272408,374.7243130272408,21.668244438194108,0.05608799916804614,12.67626226706847,11.914071790564012,12.918207512620052,0.9986085966185928,0.9984591964471302,0.9977520661523656,2.0798432737206216,5.659884672849551,0.02081953180010583,0.9966483571399714,0.3226343276992296,0.9961324575623313,0.01972329316174637,0.9889454200953072,-0.48661974230849125,0.9943445271605102,0.9939087449325367,21.668244438194108,0.05608799916804614,12.67626226706847,11.914071790564012,12.918207512620052,0.9986085966185928,0.9984591964471302,0.9977520661523656,2.0798432737206216,5.659884672849551,0.02081953180010583,0.9966483571399714,0.3226343276992296,0.9961324575623313,0.01972329316174637,0.9889454200953072,-0.48661974230849125,0.9943445271605102,0.9939087449325367
4,20260905,20260904,coarse,1792,0.01,0.06475936109999945,2.2766339671835754,28.441942823364556,3500,750,750,371.2147069348888,371.2147069348888,20.75990123500618,0.0575956018565177,11.907371148602676,12.127065996985102,11.921505019140968,0.9986033492254136,0.9983676261072125,0.997596678898429,2.023237391310293,6.400905985856794,0.022192993097258647,1.000137386909599,-0.04442667091038288,0.9947489128341549,0.09196685633278179,0.9911943098956221,-0.4638369093857655,0.995979605679889,0.9953602032131253,20.75990123500618,0.0575956018565177,11.907371148602676,12.127065996985102,11.921505019140968,0.9986033492254136,0.9983676261072125,0.997596678898429,2.023237391310293,6.400905985856794,0.022192993097258647,1.000137386909599,-0.04442667091038288,0.9947489128341549,0.09196685633278179,0.9911943098956221,-0.4638369093857655,0.995979605679889,0.9953602032131253
5,20260915,20260914,coarse,1792,0.01,0.06185919339512192,2.214399397724173,28.57621465890755,3500,750,750,375.3646083118708,375.3646083118708,21.48338177752491,0.0571397377975355,12.07064069464766,13.22020923570712,11.876926941921022,0.9986795218677479,0.9981379298188227,0.9977416248181687,2.017542854833243,5.745044743963724,0.022088678781992534,0.9980886609162585,-0.5440235617269202,0.9964553609277119,-0.19551843012429515,0.9958141110170008,0.45317420875257497,0.9969973153347073,0.9967860442869904,21.48338177752491,0.0571397377975355,12.07064069464766,13.22020923570712,11.876926941921022,0.9986795218677479,0.9981379298188227,0.9977416248181687,2.017542854833243,5.745044743963724,0.022088678781992534,0.9980886609162585,-0.5440235617269202,0.9964553609277119,-0.19551843012429515,0.9958141110170008,0.45317420875257497,0.9969973153347073,0.9967860442869904
1,20260805,20260804,coarse,2048,0.01,0.06416972859820763,2.1466561698769064,28.510020549124885,3500,750,750,379.59620511254235,379.59620511254235,20.948660201469217,0.05644409851589662,11.91949484982979,11.76555145599641,12.583473514805123,0.9986848641851344,0.9984461038535536,0.9976082104227125,2.0508687745970833,6.1252746376541936,0.021893346778777287,0.9947126681852503,-0.5127092902133314,0.9989671143572447,0.3150923154566101,0.9931233420916682,-0.04484354288143422,0.9960173620815784,0.9956010415447211,20.948660201469217,0.05644409851589662,11.91949484982979,11.76555145599641,12.583473514805123,0.9986848641851344,0.9984461038535536,0.9976082104227125,2.0508687745970833,6.1252746376541936,0.021893346778777287,0.9947126681852503,-0.5127092902133314,0.9989671143572447,0.3150923154566101,0.9931233420916682,-0.04484354288143422,0.9960173620815784,0.9956010415447211
2,20260815,20260814,coarse,2048,0.01,0.06733235836277576,2.4561662185392166,28.392797694651627,3500,750,750,380.4806172226852,380.4806172226852,22.67476075906216,0.06213357486492064,12.869815456489913,12.754115594396497,13.632503841971593,0.9983219458133347,0.9982570851256743,0.996979459248376,2.1514597646351206,6.811685856963556,0.02245920078828485,0.9928693645470553,-0.017358006306475104,0.9970522899957517,0.2734066279802505,1.0004177505966694,-0.16604426138395212,0.9964167215662321,0.9967798017131587,22.67476075906216,0.06213357486492064,12.869815456489913,12.754115594396497,13.632503841971593,0.9983219458133347,0.9982570851256743,0.996979459248376,2.1514597646351206,6.811685856963556,0.02245920078828485,0.9928693645470553,-0.017358006306475104,0.9970522899957517,0.2734066279802505,1.0004177505966694,-0.16604426138395212,0.9964167215662321,0.9967798017131587
3,20260825,20260824,coarse,2048,0.01,0.06425937607533105,2.189319267898221,28.368331647028782,3500,750,750,374.6293490618762,374.6293490618762,22.381015999178512,0.05793300007864285,12.23388670911659,13.05726427260318,13.444320096582995,0.9987033156863155,0.9981491972176051,0.9975843754906605,1.9633416666055554,5.756464314995239,0.020633808834639174,0.99684622663455,0.07254632690006857,0.9962077505658724,-0.08300478213722329,0.9872755033711706,-0.8019728030203979,0.9938618307264675,0.9934431601905311,22.381015999178512,0.05793300007864285,12.23388670911659,13.05726427260318,13.444320096582995,0.9987033156863155,0.9981491972176051,0.9975843754906605,1.9633416666055554,5.756464314995239,0.020633808834639174,0.99684622663455,0.07254632690006857,0.9962077505658724,-0.08300478213722329,0.9872755033711706,-0.8019728030203979,0.9938618307264675,0.9934431601905311
4,20260905,20260904,coarse,2048,0.01,0.06966300698293512,2.4914541382046256,28.441942823364556,3500,750,750,371.10068693891435,371.10068693891435,21.48322544277354,0.05960236925931733,12.670105164604704,12.183259635223873,12.351744621858657,0.9984182606323386,0.9983514725489948,0.9974120041383094,2.2137692127721076,6.965409868737535,0.02148465925788174,0.9998388341642837,-0.09983197229223251,0.995149435169916,0.5073621887870345,0.9910875565958416,-0.16716280564906327,0.9962586433125009,0.9953586086433471,21.48322544277354,0.05960236925931733,12.670105164604704,12.183259635223873,12.351744621858657,0.9984182606323386,0.9983514725489948,0.9974120041383094,2.2137692127721076,6.965409868737535,0.02148465925788174,0.9998388341642837,-0.09983197229223251,0.995149435169916,0.5073621887870345,0.9910875565958416,-0.16716280564906327,0.9962586433125009,0.9953586086433471
5,20260915,20260914,coarse,2048,0.01,0.0648066340858959,2.2749699166661506,28.57621465890755,3500,750,750,375.3018520011826,375.3018520011826,21.24862205570599,0.0565153431333682,11.436062637475972,13.367425827102021,11.917732056682889,0.998814614607097,0.9980942412797732,0.9977322182810521,2.000692058952933,5.923179797881291,0.0212454010630196,0.9970850088516252,-0.5292695924649742,0.9970012518561996,0.05851221226556902,0.9943549639897603,0.8221942391612522,0.9966934916018496,0.9961470748991951,21.24862205570599,0.0565153431333682,11.436062637475972,13.367425827102021,11.917732056682889,0.998814614607097,0.9980942412797732,0.9977322182810521,2.000692058952933,5.923179797881291,0.0212454010630196,0.9970850088516252,-0.5292695924649742,0.9970012518561996,0.05851221226556902,0.9943549639897603,0.8221942391612522,0.9966934916018496,0.9961470748991951
1,20260805,20260804,fiducial,256,0.01,0.225021754767846,9.599199689211648,22.06847534394663,3500,750,750,404.31660406351375,404.31660406351375,92.76635963748224,0.2281873965286012,50.898226213621214,53.22096660058126,56.4136221386072,0.9793798247134654,0.972710149240772,0.9622394315986876,10.561241204501291,25.634503096783355,0.0984427201840593,0.9522035025818342,0.8187610037673931,0.9405044268051131,5.605515147457993,0.9223983155495816,3.0427789493013577,0.94325541746769,0.9383687483121764,92.76635963748224,0.2281873965286012,50.898226213621214,53.22096660058126,56.4136221386072,0.9793798247134654,0.972710149240772,0.9622394315986876,10.561241204501291,25.634503096783355,0.0984427201840593,0.9522035025818342,0.8187610037673931,0.9405044268051131,5.605515147457993,0.9223983155495816,3.0427789493013577,0.94325541746769,0.9383687483121764
2,20260815,20260814,fiducial,256,0.01,0.2253946661713697,9.812252521001591,22.05623425234724,3500,750,750,406.8225839730902,406.8225839730902,96.5403039005878,0.24398885490146,52.944319336339895,58.0200118474093,56.1302730481155,0.9755086464271356,0.9686939707510788,0.957896488489967,10.82628814723514,29.6474716029766,0.0965733914569486,0.9641352967495836,1.2494431840400837,0.9654034635300652,2.0581662670991108,0.92142950945298,0.6451176410684596,0.9547849062310314,0.9503227565775428,96.5403039005878,0.24398885490146,52.944319336339895,58.0200118474093,56.1302730481155,0.9755086464271356,0.9686939707510788,0.957896488489967,10.82628814723514,29.6474716029766,0.0965733914569486,0.9641352967495836,1.2494431840400837,0.9654034635300652,2.0581662670991108,0.92142950945298,0.6451176410684596,0.9547849062310314,0.9503227565775428
3,20260825,20260824,fiducial,256,0.01,0.2259826125683363,9.407573231083497,21.946568136468407,3500,750,750,398.43662334379206,398.43662334379206,94.45202024446743,0.2237950819608533,53.16326020808166,55.02353114474805,55.38287562660527,0.9789582123225848,0.972277746236454,0.966656384155206,9.188386156606676,25.79541885447408,0.0997340860773103,0.9521654648546316,-2.281787008165161,0.951442899937461,3.5246471715912264,0.9439004130793516,-1.6936276073310523,0.9508121357154824,0.9491695926238148,94.45202024446743,0.2237950819608533,53.16326020808166,55.02353114474805,55.38287562660527,0.9789582123225848,0.972277746236454,0.966656384155206,9.188386156606676,25.79541885447408,0.0997340860773103,0.9521654648546316,-2.281787008165161,0.951442899937461,3.5246471715912264,0.9439004130793516,-1.6936276073310523,0.9508121357154824,0.9491695926238148
4,20260905,20260904,fiducial,256,0.01,0.2296031236273413,9.991692295184473,22.109387550496216,3500,750,750,394.2535346532391,394.2535346532391,90.91871678847086,0.2308327458564567,50.03303778118977,54.7790423783858,52.55630037355385,0.9785597354135523,0.9714680256346708,0.9632705887382852,9.647006474532066,29.352986150940392,0.1071765026253231,0.9629270841510787,1.0097203127373948,0.9375744058086052,4.132611243779586,0.9404792583936952,1.2520765956973037,0.949732821025421,0.9469935827844598,90.91871678847086,0.2308327458564567,50.03303778118977,54.7790423783858,52.55630037355385,0.9785597354135523,0.9714680256346708,0.9632705887382852,9.647006474532066,29.352986150940392,0.1071765026253231,0.9629270841510787,1.0097203127373948,0.9375744058086052,4.132611243779586,0.9404792583936952,1.2520765956973037,0.949732821025421,0.9469935827844598
5,20260915,20260914,fiducial,256,0.01,0.2281365825373438,10.294716351673088,21.978229667859928,3500,750,750,400.0134704821715,400.0134704821715,92.2871369020552,0.2262763276177242,51.80233434026141,55.68270543726035,52.27686017413208,0.9789729060270802,0.9714796371244288,0.9648766151153224,10.120507975161528,23.469440711338382,0.0968904600522571,0.9620874653348924,-0.069114595937485,0.9514633546194636,4.18345378796225,0.9575587232217954,0.6799319085470259,0.9592155081006446,0.9570365143920504,92.2871369020552,0.2262763276177242,51.80233434026141,55.68270543726035,52.27686017413208,0.9789729060270802,0.9714796371244288,0.9648766151153224,10.120507975161528,23.469440711338382,0.0968904600522571,0.9620874653348924,-0.069114595937485,0.9514633546194636,4.18345378796225,0.9575587232217954,0.6799319085470259,0.9592155081006446,0.9570365143920504
1,20260805,20260804,fiducial,384,0.01,0.1658814131203944,6.821283089916964,22.06847534394663,3500,750,750,409.7122247863309,409.7122247863309,69.64337302766398,0.171309298314125,37.71498172198042,40.75621868476805,42.03225188947649,0.9887187399114964,0.9841312028678776,0.979238211957192,7.313494221829764,18.728683560981946,0.0757782299076798,0.9750682721786976,0.3620258197017248,0.9598671777990472,4.4857102201242185,0.9630907821449984,-0.0720736883832167,0.9685414219333588,0.9660087440409144,69.64337302766398,0.171309298314125,37.71498172198042,40.75621868476805,42.03225188947649,0.9887187399114964,0.9841312028678776,0.979238211957192,7.313494221829764,18.728683560981946,0.0757782299076798,0.9750682721786976,0.3620258197017248,0.9598671777990472,4.4857102201242185,0.9630907821449984,-0.0720736883832167,0.9685414219333588,0.9660087440409144
2,20260815,20260814,fiducial,384,0.01,0.1699603287737772,7.133472945487138,22.05623425234724,3500,750,750,411.1128168046488,411.1128168046488,70.93094148242449,0.1792656381856889,39.18494419751983,42.966719294917255,40.61526364376041,0.9866325127512244,0.9829419744188772,0.9781489825081998,7.739566172828221,20.03796798602541,0.0742667483954601,0.9807550674351112,0.0618896013486791,0.9853079328567906,-0.1154233515021729,0.9585508132915406,0.4962092110612275,0.9768842416380134,0.9748712711944808,70.93094148242449,0.1792656381856889,39.18494419751983,42.966719294917255,40.61526364376041,0.9866325127512244,0.9829419744188772,0.9781489825081998,7.739566172828221,20.03796798602541,0.0742667483954601,0.9807550674351112,0.0618896013486791,0.9853079328567906,-0.1154233515021729,0.9585508132915406,0.4962092110612275,0.9768842416380134,0.9748712711944808
3,20260825,20260824,fiducial,384,0.01,0.1675592667763227,6.527298826575214,21.946568136468407,3500,750,750,403.2113791918893,403.2113791918893,68.11140931445087,0.1613835086909073,38.78598400612962,40.49047956180681,38.66953049019123,0.9888660840881964,0.9850739717923064,0.9838669900060092,6.524331780186564,17.874943965879563,0.0656604287949875,0.9863225858133016,-1.0576723552307694,0.9689658371889456,2.604588710379005,0.9644811642788244,-1.3198005211886397,0.97519037499172,0.9732565290936904,68.11140931445087,0.1613835086909073,38.78598400612962,40.49047956180681,38.66953049019123,0.9888660840881964,0.9850739717923064,0.9838669900060092,6.524331780186564,17.874943965879563,0.0656604287949875,0.9863225858133016,-1.0576723552307694,0.9689658371889456,2.604588710379005,0.9644811642788244,-1.3198005211886397,0.97519037499172,0.9732565290936904
4,20260905,20260904,fiducial,384,0.01,0.1628692858016008,6.657614867069562,22.109387550496216,3500,750,750,399.4081592620748,399.4081592620748,66.48552527724172,0.1687995266712858,38.06149463885824,38.60784224283935,38.48483096752465,0.9876471551064336,0.9859608799005292,0.980461094368828,7.103342396494488,19.495295401283503,0.0778828423776088,0.9806647954728096,0.3934663650457768,0.965699582332708,3.523666399637605,0.9651762686334064,2.3696876792222312,0.9730590687876826,0.9705135488129748,66.48552527724172,0.1687995266712858,38.06149463885824,38.60784224283935,38.48483096752465,0.9876471551064336,0.9859608799005292,0.980461094368828,7.103342396494488,19.495295401283503,0.0778828423776088,0.9806647954728096,0.3934663650457768,0.965699582332708,3.523666399637605,0.9651762686334064,2.3696876792222312,0.9730590687876826,0.9705135488129748
5,20260915,20260914,fiducial,384,0.01,0.172690871197163,7.061189425105765,21.978229667859928,3500,750,750,404.6485222912564,404.6485222912564,66.1417723002752,0.1621712173617198,35.7592400608851,41.028581388424655,37.58545333693417,0.9900517123631832,0.9846039559558488,0.9819777922755302,6.889022527328691,17.75912756874264,0.0637318318917735,0.9806310729293228,1.2128314362125678,0.9672425225537794,2.926805300281572,0.9821198437493788,-0.4460731692192787,0.9772309401402391,0.9766644797441604,66.1417723002752,0.1621712173617198,35.7592400608851,41.028581388424655,37.58545333693417,0.9900517123631832,0.9846039559558488,0.9819777922755302,6.889022527328691,17.75912756874264,0.0637318318917735,0.9806310729293228,1.2128314362125678,0.9672425225537794,2.926805300281572,0.9821198437493788,-0.4460731692192787,0.9772309401402391,0.9766644797441604
1,20260805,20260804,fiducial,512,0.01,0.129864798048859,5.170864737433758,22.06847534394663,3500,750,750,411.9985735927434,411.9985735927434,54.72059682092889,0.1346021399767618,30.76362919802429,31.91767770247284,32.081220130883274,0.9925062560874788,0.99028699471613,0.9879756154069476,5.6033087310708165,15.604862380478076,0.056089818047983,0.9847003664024516,0.2905530685298299,0.9735034518193536,2.161682466396357,0.9751262949793292,-0.8885906331364382,0.979026461253362,0.977776704400378,54.72059682092889,0.1346021399767618,30.76362919802429,31.91767770247284,32.081220130883274,0.9925062560874788,0.99028699471613,0.9879756154069476,5.6033087310708165,15.604862380478076,0.056089818047983,0.9847003664024516,0.2905530685298299,0.9735034518193536,2.161682466396357,0.9751262949793292,-0.8885906331364382,0.979026461253362,0.977776704400378
2,20260815,20260814,fiducial,512,0.01,0.1369764581695592,5.459766740551334,22.05623425234724,3500,750,750,413.3403592682306,413.3403592682306,53.74035207294144,0.1358194084180674,29.69612991684636,32.775820141887124,30.527216101573188,0.9923310090787923,0.990065107437512,0.987708513818152,5.785098470628137,15.78138902625423,0.0528245003615745,0.986708819164214,-0.2441834036881909,0.9883500794927812,-1.2427962345550156,0.9788693402395404,1.159850777393018,0.9850896312961958,0.9846427462988452,53.74035207294144,0.1358194084180674,29.69612991684636,32.775820141887124,30.527216101573188,0.9923310090787923,0.990065107437512,0.987708513818152,5.785098470628137,15.78138902625423,0.0528245003615745,0.986708819164214,-0.2441834036881909,0.9883500794927812,-1.2427962345550156,0.9788693402395404,1.159850777393018,0.9850896312961958,0.9846427462988452
3,20260825,20260824,fiducial,512,0.01,0.1318957474048776,5.51951915012368,21.946568136468407,3500,750,750,405.7261039415165,405.7261039415165,54.299400009679445,0.1286572658174898,30.82629533927981,30.31066468481468,32.85464903832335,0.9929948560254392,0.99167596988779,0.9883644003042794,4.715135115799169,14.3720582483174,0.0549216387690787,0.9889042840396725,-2.2131748748572715,0.9804961791793042,2.5862403808039574,0.9697306439858144,-0.2495815790720428,0.981833484926758,0.9797103690682636,54.299400009679445,0.1286572658174898,30.82629533927981,30.31066468481468,32.85464903832335,0.9929948560254392,0.99167596988779,0.9883644003042794,4.715135115799169,14.3720582483174,0.0549216387690787,0.9889042840396725,-2.2131748748572715,0.9804961791793042,2.5862403808039574,0.9697306439858144,-0.2495815790720428,0.981833484926758,0.9797103690682636
4,20260905,20260904,fiducial,512,0.01,0.1308295583040632,5.1367281783407766,22.109387550496216,3500,750,750,401.773505786219,401.773505786219,52.560853864671074,0.1334462985258553,32.04418579554565,29.24689526940601,29.672085076452827,0.9912577113713767,0.991954907916914,0.988449509097342,5.590211960244056,15.622786763235116,0.0559611202114477,0.9870089296664968,-0.1305169163175481,0.9796024009102774,1.5342520500722117,0.9716675810510824,2.117281119752373,0.9814329891954836,0.979426303875952,52.560853864671074,0.1334462985258553,32.04418579554565,29.24689526940601,29.672085076452827,0.9912577113713767,0.991954907916914,0.988449509097342,5.590211960244056,15.622786763235116,0.0559611202114477,0.9870089296664968,-0.1305169163175481,0.9796024009102774,1.5342520500722117,0.9716675810510824,2.117281119752373,0.9814329891954836,0.979426303875952
5,20260915,20260914,fiducial,512,0.01,0.1373452804361,5.565336543729432,21.978229667859928,3500,750,750,407.0318260467944,407.0318260467944,52.165824013275056,0.1279039688640888,29.83496322013468,31.466612389169423,29.000008092877607,0.9930755109834616,0.9909759931367442,0.98929688558839,5.280580662853859,14.17713288260571,0.0538352356227751,0.9890895308108004,0.0561386817856153,0.97904328300788,1.554618902145947,0.9919569228194982,0.2955444738955286,0.9868345535003304,0.986696578879393,52.165824013275056,0.1279039688640888,29.83496322013468,31.466612389169423,29.000008092877607,0.9930755109834616,0.9909759931367442,0.98929688558839,5.280580662853859,14.17713288260571,0.0538352356227751,0.9890895308108004,0.0561386817856153,0.97904328300788,1.554618902145947,0.9919569228194982,0.2955444738955286,0.9868345535003304,0.986696578879393
1,20260805,20260804,fiducial,640,0.01,0.105177623568361,4.296007640533773,22.06847534394663,3500,750,750,413.3928700596545,413.3928700596545,43.88840537007303,0.1079570331133525,23.33607885325072,26.551094785568317,26.01266836313581,0.9957014382936116,0.9933292583433792,0.9921188244694724,4.351780725456617,11.762981018603462,0.0460479301575282,0.9950362908840156,0.2115036458626744,0.9762401406745618,2.325643726840553,0.982497686734332,-0.9979549793582264,0.9859608888240764,0.9845913727643032,43.88840537007303,0.1079570331133525,23.33607885325072,26.551094785568317,26.01266836313581,0.9957014382936116,0.9933292583433792,0.9921188244694724,4.351780725456617,11.762981018603462,0.0460479301575282,0.9950362908840156,0.2115036458626744,0.9762401406745618,2.325643726840553,0.982497686734332,-0.9979549793582264,0.9859608888240764,0.9845913727643032
2,20260815,20260814,fiducial,640,0.01,0.1100836669780373,4.45862160738454,22.05623425234724,3500,750,750,414.5762442235494,414.5762442235494,42.15266854113373,0.1065335503706592,23.910884164388627,25.08687202332093,23.99512316495563,0.9950388317091104,0.9941930729361724,0.9924494049031444,4.388846151276743,12.466382284238811,0.0440212429569367,0.9896022522891584,0.7486655938692395,0.9898645761382316,-1.4434633450177898,0.9895157357771708,1.6437831750600012,0.989457793712729,0.9896608547348535,42.15266854113373,0.1065335503706592,23.910884164388627,25.08687202332093,23.99512316495563,0.9950388317091104,0.9941930729361724,0.9924494049031444,4.388846151276743,12.466382284238811,0.0440212429569367,0.9896022522891584,0.7486655938692395,0.9898645761382316,-1.4434633450177898,0.9895157357771708,1.6437831750600012,0.989457793712729,0.9896608547348535
3,20260825,20260824,fiducial,640,0.01,0.1111641816871049,4.205908128675063,21.946568136468407,3500,750,750,407.1803769977565,407.1803769977565,44.0025333688778,0.1042598192848079,24.36117283195688,25.772510664473774,26.048683175552583,0.9956284664487676,0.9939820146326565,0.9926921555012236,3.888661124506952,12.030090890550577,0.041917807397358,0.9910687983535298,-1.755759450448651,0.9887006554961498,1.437219513027685,0.9798167543004052,0.0443982045245832,0.9878092770433672,0.9865287360500284,44.0025333688778,0.1042598192848079,24.36117283195688,25.772510664473774,26.048683175552583,0.9956284664487676,0.9939820146326565,0.9926921555012236,3.888661124506952,12.030090890550577,0.041917807397358,0.9910687983535298,-1.755759450448651,0.9887006554961498,1.437219513027685,0.9798167543004052,0.0443982045245832,0.9878092770433672,0.9865287360500284
4,20260905,20260904,fiducial,640,0.01,0.1051687092346343,4.028143087675387,22.109387550496216,3500,750,750,403.0536420915112,403.0536420915112,43.04088111967222,0.109276121835841,25.590023363885606,24.578422596170533,24.363277580768933,0.9944383233378988,0.994322651837762,0.992241502573602,4.431938904681285,12.549991657873212,0.0461159175841328,0.9902190048304964,0.9722878906994374,0.989772293147452,1.3112871500180745,0.9786726692663386,1.884125054897368,0.9879354417087548,0.9862213224147623,43.04088111967222,0.109276121835841,25.590023363885606,24.578422596170533,24.363277580768933,0.9944383233378988,0.994322651837762,0.992241502573602,4.431938904681285,12.549991657873212,0.0461159175841328,0.9902190048304964,0.9722878906994374,0.989772293147452,1.3112871500180745,0.9786726692663386,1.884125054897368,0.9879354417087548,0.9862213224147623
5,20260915,20260914,fiducial,640,0.01,0.1074061864719149,4.537086718653111,21.978229667859928,3500,750,750,408.8527542770968,408.8527542770968,41.7949230242977,0.1024758380470783,23.34857204228456,25.28580716520732,23.712606988628814,0.9957657382432652,0.9941846829639728,0.9928615705745608,4.169754547687138,11.058091311307376,0.0444299826626383,0.989205194715799,-0.6371140116475438,0.9860375311412972,0.6004961279674035,0.9969732242187672,0.3780314482454372,0.9903074082595384,0.9907386500252878,41.7949230242977,0.1024758380470783,23.34857204228456,25.28580716520732,23.712606988628814,0.9957657382432652,0.9941846829639728,0.9928615705745608,4.169754547687138,11.058091311307376,0.0444299826626383,0.989205194715799,-0.6371140116475438,0.9860375311412972,0.6004961279674035,0.9969732242187672,0.3780314482454372,0.9903074082595384,0.9907386500252878
1,20260805,20260804,fiducial,768,0.01,0.0909690594827115,3.782465679398929,22.06847534394663,3500,750,750,414.2262541149093,414.2262541149093,37.55675142670646,0.092382382618249,20.132432677615878,22.587990648074104,22.248087798532264,0.9968062471724576,0.9952073053764612,0.994238598889253,3.680851828230705,9.565022733761712,0.0384364461007217,0.9976841810517998,0.2922583932018352,0.9793370699216272,2.592384455637159,0.986016399689767,-0.7333270917542016,0.989166546411407,0.9876792168877312,37.55675142670646,0.092382382618249,20.132432677615878,22.587990648074104,22.248087798532264,0.9968062471724576,0.9952073053764612,0.994238598889253,3.680851828230705,9.565022733761712,0.0384364461007217,0.9976841810517998,0.2922583932018352,0.9793370699216272,2.592384455637159,0.986016399689767,-0.7333270917542016,0.989166546411407,0.9876792168877312
2,20260815,20260814,fiducial,768,0.01,0.0954537795306035,3.97682796678491,22.05623425234724,3500,750,750,415.4617829397863,415.4617829397863,37.34017989330796,0.0943708209512614,21.670035175773545,21.17804695813303,21.82175375593012,0.9959318315013912,0.9958532512957216,0.9937480182699964,3.8376265148149127,11.078482561287236,0.0364065375068869,0.98789869419152,0.3554904240454442,0.9929314968086306,-0.9310762986980166,0.9897469132602148,1.3325700195381105,0.9901986168684,0.9901923680867885,37.34017989330796,0.0943708209512614,21.670035175773545,21.17804695813303,21.82175375593012,0.9959318315013912,0.9958532512957216,0.9937480182699964,3.8376265148149127,11.078482561287236,0.0364065375068869,0.98789869419152,0.3554904240454442,0.9929314968086306,-0.9310762986980166,0.9897469132602148,1.3325700195381105,0.9901986168684,0.9901923680867885
3,20260825,20260824,fiducial,768,0.01,0.0980340316037302,3.6209573314494343,21.946568136468407,3500,750,750,407.5370786607805,407.5370786607805,38.61545677717536,0.0914956534760828,21.65758738461849,22.357341563805026,22.852826717648504,0.9965555212116128,0.9954814240067362,0.994432658096752,3.4475758337804865,10.106242205829329,0.0372225311262233,0.9903967821026604,-1.7597325150850804,0.9944998995295884,0.9734572755625804,0.977795508901211,0.1009115819548256,0.9888264566424544,0.9875640635111532,38.61545677717536,0.0914956534760828,21.65758738461849,22.357341563805026,22.852826717648504,0.9965555212116128,0.9954814240067362,0.994432658096752,3.4475758337804865,10.106242205829329,0.0372225311262233,0.9903967821026604,-1.7597325150850804,0.9944998995295884,0.9734572755625804,0.977795508901211,0.1009115819548256,0.9888264566424544,0.9875640635111532
4,20260905,20260904,fiducial,768,0.01,0.0924143737737502,3.577997955345171,22.109387550496216,3500,750,750,403.8017565069059,403.8017565069059,36.3574033200504,0.0923074976971311,20.997858335419195,21.560530719827,20.398388087833663,0.9962621537129028,0.995655341026064,0.9945628843017762,3.720685279813172,10.39071186971946,0.0364647935973622,0.9939000556221688,1.0038853515519666,0.993038044813432,2.007844206820721,0.9844823544006132,1.3765817120450805,0.9921756920231524,0.9904734849454044,36.3574033200504,0.0923074976971311,20.997858335419195,21.560530719827,20.398388087833663,0.9962621537129028,0.995655341026064,0.9945628843017762,3.720685279813172,10.39071186971946,0.0364647935973622,0.9939000556221688,1.0038853515519666,0.993038044813432,2.007844206820721,0.9844823544006132,1.3765817120450805,0.9921756920231524,0.9904734849454044
5,20260915,20260914,fiducial,768,0.01,0.0937610875947135,3.994827524938025,21.978229667859928,3500,750,750,409.5197139532208,409.5197139532208,35.503858058349174,0.0870509465065579,19.682222943984357,20.845904847448114,20.942356316848446,0.9969936654779804,0.9960564150858368,0.994430991923497,3.348926201368612,8.976775751455563,0.0360135119077447,0.9923428981524376,-0.6992474891307516,0.98921085543225,0.1749602204805285,0.998239709501738,0.3181541988279477,0.9928047777227216,0.9932644876954754,35.503858058349174,0.0870509465065579,19.682222943984357,20.845904847448114,20.942356316848446,0.9969936654779804,0.9960564150858368,0.994430991923497,3.348926201368612,8.976775751455563,0.0360135119077447,0.9923428981524376,-0.6992474891307516,0.98921085543225,0.1749602204805285,0.998239709501738,0.3181541988279477,0.9928047777227216,0.9932644876954754
1,20260805,20260804,fiducial,896,0.01,0.0828865380906452,3.3758448545300404,22.06847534394663,3500,750,750,414.753085344558,414.753085344558,33.92710705579424,0.0834541558067217,18.26840113793924,20.56958995308244,19.85462369829037,0.9973698764942668,0.99602219797853,0.995414124683806,3.2777672324754503,9.077789489072916,0.0346300668174549,0.9982422038882984,-0.1139459584719881,0.9826710798873384,2.362326354930232,0.987352193781558,-0.4789622296782596,0.9908495991008116,0.9894218258523982,33.92710705579424,0.0834541558067217,18.26840113793924,20.56958995308244,19.85462369829037,0.9973698764942668,0.99602219797853,0.995414124683806,3.2777672324754503,9.077789489072916,0.0346300668174549,0.9982422038882984,-0.1139459584719881,0.9826710798873384,2.362326354930232,0.987352193781558,-0.4789622296782596,0.9908495991008116,0.9894218258523982
2,20260815,20260814,fiducial,896,0.01,0.0866570682933956,3.543059849793332,22.05623425234724,3500,750,750,415.89036288706615,415.89036288706615,34.76954485844567,0.0878739872643539,20.07171318817743,20.253189649042124,19.896127472323403,0.9965153692786014,0.9961917375325609,0.994822138497266,3.378712666975477,10.403335109281862,0.0355494424707153,0.9888597223880176,0.6156301567897717,0.9931399700954492,0.1075178297003844,0.9913394500821554,1.7764286632372688,0.9916190622074372,0.991113047521874,34.76954485844567,0.0878739872643539,20.07171318817743,20.253189649042124,19.896127472323403,0.9965153692786014,0.9961917375325609,0.994822138497266,3.378712666975477,10.403335109281862,0.0355494424707153,0.9888597223880176,0.6156301567897717,0.9931399700954492,0.1075178297003844,0.9913394500821554,1.7764286632372688,0.9916190622074372,0.991113047521874
3,20260825,20260824,fiducial,896,0.01,0.0882680778269458,3.0470648095145085,21.946568136468407,3500,750,750,408.2768180903744,408.2768180903744,34.23158261209928,0.0811084804379631,19.14951623519194,19.554366786090835,20.56025329810229,0.9973076569501664,0.9965456124556848,0.99548836178877,3.007178508017838,8.795373231660449,0.0336965245539581,0.9909346581953417,-1.3559735779276858,0.9967444279244078,0.073204599922775,0.9816547859469836,0.0984523815889488,0.99045703394944,0.9897779573555776,34.23158261209928,0.0811084804379631,19.14951623519194,19.554366786090835,20.56025329810229,0.9973076569501664,0.9965456124556848,0.99548836178877,3.007178508017838,8.795373231660449,0.0336965245539581,0.9909346581953417,-1.3559735779276858,0.9967444279244078,0.073204599922775,0.9816547859469836,0.0984523815889488,0.99045703394944,0.9897779573555776
4,20260905,20260904,fiducial,896,0.01,0.0847599283538838,3.1801847979052638,22.109387550496216,3500,750,750,404.16976014123935,404.16976014123935,32.72569896978134,0.083086994846636,18.74925156787153,19.12702029788178,18.804096182210724,0.997031472177111,0.9965732255988456,0.9953746757936656,3.233409435418797,9.62947701572032,0.032905243228384,0.9962850144511084,1.3539189784603902,0.9964095395108976,0.969176362052373,0.9861999676252724,0.7532848931850396,0.994203084329828,0.9929648405290928,32.72569896978134,0.083086994846636,18.74925156787153,19.12702029788178,18.804096182210724,0.997031472177111,0.9965732255988456,0.9953746757936656,3.233409435418797,9.62947701572032,0.032905243228384,0.9962850144511084,1.3539189784603902,0.9964095395108976,0.969176362052373,0.9861999676252724,0.7532848931850396,0.994203084329828,0.9929648405290928
5,20260915,20260914,fiducial,896,0.01,0.0838835467224024,3.4503824844695323,21.978229667859928,3500,750,750,409.83645594197935,409.83645594197935,32.31803239938562,0.0792397069910698,17.779129733733622,18.93485225143404,19.230942106282043,0.9975531957618816,0.9967486524216842,0.9952994943054656,3.009106510762315,8.369344667778748,0.0313391478585715,0.9936019263431382,-1.1155285172565923,0.9904816342455058,0.1254178164993078,0.9946712294440332,1.460203315512178,0.99309324776338,0.9929182633442256,32.31803239938562,0.0792397069910698,17.779129733733622,18.93485225143404,19.230942106282043,0.9975531957618816,0.9967486524216842,0.9952994943054656,3.009106510762315,8.369344667778748,0.0313391478585715,0.9936019263431382,-1.1155285172565923,0.9904816342455058,0.1254178164993078,0.9946712294440332,1.460203315512178,0.99309324776338,0.9929182633442256
1,20260805,20260804,fiducial,1024,0.01,0.07957079142998255,3.1149559381283436,22.06847534394663,3500,750,750,415.0675568389435,415.0675568389435,30.859406972519725,0.0759082038251141,16.71921816226897,18.620960438969977,18.05631676362511,0.9977996158147425,0.9967193400308968,0.99620838550857,3.085645518017661,8.300824188811937,0.02994485905075398,0.9993968214509176,-0.11688475808402773,0.9873195577992359,1.6412922450814733,0.9894122849017437,-0.47291817734822317,0.9931500966097776,0.9920428880506323,30.859406972519725,0.0759082038251141,16.71921816226897,18.620960438969977,18.05631676362511,0.9977996158147425,0.9967193400308968,0.99620838550857,3.085645518017661,8.300824188811937,0.02994485905075398,0.9993968214509176,-0.11688475808402773,0.9873195577992359,1.6412922450814733,0.9894122849017437,-0.47291817734822317,0.9931500966097776,0.9920428880506323
2,20260815,20260814,fiducial,1024,0.01,0.07938610278800459,3.246531146411164,22.056234252347238,3500,750,750,415.934081446307,415.934081446307,32.49419856788223,0.08212344460488048,18.922438862071882,18.47583628480932,18.880087967407206,0.9969106782367745,0.9968351396796645,0.9953326646112896,3.237666235745505,9.127663055638278,0.03210973857675989,0.9887656754522615,0.7396320754583718,0.9911875691994131,0.21900974311384402,0.9943652224271641,1.1899333834308763,0.991508869832407,0.9914394890262795,32.49419856788223,0.08212344460488048,18.922438862071882,18.47583628480932,18.880087967407206,0.9969106782367745,0.9968351396796645,0.9953326646112896,3.237666235745505,9.127663055638278,0.03210973857675989,0.9887656754522615,0.7396320754583718,0.9911875691994131,0.21900974311384402,0.9943652224271641,1.1899333834308763,0.991508869832407,0.9914394890262795
3,20260825,20260824,fiducial,1024,0.01,0.08279474761053265,2.873136560248338,21.946568136468407,3500,750,750,408.8980265261504,408.8980265261504,32.437922598074444,0.07685857356662643,17.278087882878534,20.121300191138616,18.67671759727281,0.9978005418445542,0.9963475613700573,0.9962476495120344,2.8673311874720087,8.3440969055465,0.03005848967527259,0.9936093832122257,-0.9581652170784167,0.9969949060354675,0.8857116704910339,0.9881112803871382,0.4069814268060412,0.9937761493791467,0.9929051898782771,32.437922598074444,0.07685857356662643,17.278087882878534,20.121300191138616,18.67671759727281,0.9978005418445542,0.9963475613700573,0.9962476495120344,2.8673311874720087,8.3440969055465,0.03005848967527259,0.9936093832122257,-0.9581652170784167,0.9969949060354675,0.8857116704910339,0.9881112803871382,0.4069814268060412,0.9937761493791467,0.9929051898782771
4,20260905,20260904,fiducial,1024,0.01,0.07957246527576851,3.0502304733451555,22.109387550496216,3500,750,750,404.2054365661221,404.2054365661221,30.784915758434042,0.07815955709111096,17.80462283213127,17.76760210652188,17.748767828887434,0.9973207885968258,0.997047291939782,0.9958814449997955,3.0448405126878066,8.442148657793966,0.031163962101464857,0.9959481672955259,1.2210767257737505,0.9984703840669918,0.6704450309534238,0.9874102518549749,0.7880437263413924,0.9950368549694065,0.9939429344058309,30.784915758434042,0.07815955709111096,17.80462283213127,17.76760210652188,17.748767828887434,0.9973207885968258,0.997047291939782,0.9958814449997955,3.0448405126878066,8.442148657793966,0.031163962101464857,0.9959481672955259,1.2210767257737505,0.9984703840669918,0.6704450309534238,0.9874102518549749,0.7880437263413924,0.9950368549694065,0.9939429344058309
5,20260915,20260914,fiducial,1024,0.01,0.07765424712813691,3.178413533414576,21.978229667859928,3500,750,750,410.03811108224363,410.03811108224363,30.094009493214752,0.07378668555558926,16.733362492236054,18.017935919412178,17.34929313502668,0.9978402372377346,0.9970694343354237,0.9961669620859197,2.8858101084793866,7.896629451753355,0.029649906039139782,0.9928375493268337,-1.3406891452223313,0.9907075146784876,-0.51449816550506,0.9957773258339297,1.004521399804542,0.9928016643430589,0.9931074632797504,30.094009493214752,0.07378668555558926,16.733362492236054,18.017935919412178,17.34929313502668,0.9978402372377346,0.9970694343354237,0.9961669620859197,2.8858101084793866,7.896629451753355,0.029649906039139782,0.9928375493268337,-1.3406891452223313,0.9907075146784876,-0.51449816550506,0.9957773258339297,1.004521399804542,0.9928016643430589,0.9931074632797504
1,20260805,20260804,fiducial,1280,0.01,0.07235107323175262,2.7633618105696574,22.06847534394663,3500,750,750,415.34353170839773,415.34353170839773,28.251529492989494,0.06949332697918545,15.56756149110579,16.124346467649865,17.19899412480518,0.9980910167925936,0.9975557396498204,0.9965588495972039,2.7384929514994134,7.364200805158369,0.028638475145495723,0.9990885560371854,0.2660974934067091,0.9890621872013415,2.0165577264781263,0.9920921126078394,-0.6222595659787586,0.9944953223586498,0.9934142852821221,28.251529492989494,0.06949332697918545,15.56756149110579,16.124346467649865,17.19899412480518,0.9980910167925936,0.9975557396498204,0.9965588495972039,2.7384929514994134,7.364200805158369,0.028638475145495723,0.9990885560371854,0.2660974934067091,0.9890621872013415,2.0165577264781263,0.9920921126078394,-0.6222595659787586,0.9944953223586498,0.9934142852821221
2,20260815,20260814,fiducial,1280,0.01,0.07594878805879766,2.9831825020430784,22.056234252347238,3500,750,750,416.25164516043503,416.25164516043503,30.054072166329664,0.07595644882721331,17.05209541451246,17.199754310419124,17.794430235737632,0.9974940126597603,0.9972542560372087,0.9958584458246779,2.823168210760957,7.677503492171713,0.031152339518154666,0.9899409747362802,0.6434538237820764,0.9953819135292071,0.22483388656328884,0.9955565720164378,1.1676889524163627,0.99382312887446,0.9936264867606418,30.054072166329664,0.07595644882721331,17.05209541451246,17.199754310419124,17.794430235737632,0.9974940126597603,0.9972542560372087,0.9958584458246779,2.823168210760957,7.677503492171713,0.031152339518154666,0.9899409747362802,0.6434538237820764,0.9953819135292071,0.22483388656328884,0.9955565720164378,1.1676889524163627,0.99382312887446,0.9936264867606418
3,20260825,20260824,fiducial,1280,0.01,0.08146829429483514,2.7065341984899955,21.946568136468407,3500,750,750,409.1774891979938,409.1774891979938,30.114978640229012,0.07135457871198023,15.716677008450713,18.85703993364927,17.444484723093513,0.9981775105155829,0.9968173099050581,0.9967439829250746,2.641452365132388,7.4568188563588995,0.028055446022891718,0.9938673299521397,-0.43720230855142983,1.0012668462842613,0.7455688821236919,0.986417203651435,0.6733541375099605,0.9949201315132424,0.993850459962612,30.114978640229012,0.07135457871198023,15.716677008450713,18.85703993364927,17.444484723093513,0.9981775105155829,0.9968173099050581,0.9967439829250746,2.641452365132388,7.4568188563588995,0.028055446022891718,0.9938673299521397,-0.43720230855142983,1.0012668462842613,0.7455688821236919,0.986417203651435,0.6733541375099605,0.9949201315132424,0.993850459962612
4,20260905,20260904,fiducial,1280,0.01,0.07362778307671344,2.7003155506849605,22.109387550496216,3500,750,750,404.57875966398416,404.57875966398416,28.888969090099984,0.07334595444791517,16.369787549128322,16.39656233039552,17.25558849853027,0.997740769904011,0.9974796577801687,0.9961143690983995,2.984263509305725,8.114831347042857,0.029241794621297553,0.9946631749225877,1.3506969789295926,0.9976864160245511,0.4383887484517359,0.9862560095813792,0.4205675622049654,0.9937987972747722,0.992868533509506,28.888969090099984,0.07334595444791517,16.369787549128322,16.39656233039552,17.25558849853027,0.997740769904011,0.9974796577801687,0.9961143690983995,2.984263509305725,8.114831347042857,0.029241794621297553,0.9946631749225877,1.3506969789295926,0.9976864160245511,0.4383887484517359,0.9862560095813792,0.4205675622049654,0.9937987972747722,0.992868533509506
5,20260915,20260914,fiducial,1280,0.01,0.07505802290763718,3.1863710254705877,21.978229667859928,3500,750,750,410.337994719431,410.337994719431,27.863876582282852,0.06831868316517316,15.038368165498147,16.679604305662288,16.493450255121104,0.998250794410563,0.997482472487319,0.9965273728150362,2.4996314924096747,6.8707717066237715,0.027236418208843094,0.9950036622547206,-0.9681795608481387,0.9925220760205686,-0.33117481637307833,0.9938841952653547,0.7935758935831636,0.9938839460162203,0.9938033111802146,27.863876582282852,0.06831868316517316,15.038368165498147,16.679604305662288,16.493450255121104,0.998250794410563,0.997482472487319,0.9965273728150362,2.4996314924096747,6.8707717066237715,0.027236418208843094,0.9950036622547206,-0.9681795608481387,0.9925220760205686,-0.33117481637307833,0.9938841952653547,0.7935758935831636,0.9938839460162203,0.9938033111802146
1,20260805,20260804,fiducial,1536,0.01,0.07140048205575888,2.8660545279279033,22.06847534394663,3500,750,750,415.6134952624432,415.6134952624432,27.819816280533413,0.06843139553784916,15.514223262605752,16.038584239352264,16.613695255356514,0.9981014672009834,0.9975717477403678,0.9967822798812623,2.600736015650136,6.919366953890704,0.026872678942094438,0.9981942892463603,0.1408113435665172,0.9917858015472387,1.9183819974964536,0.9923886935056755,-0.031591080473525324,0.9952537722863879,0.9941229280997582,27.819816280533413,0.06843139553784916,15.514223262605752,16.038584239352264,16.613695255356514,0.9981014672009834,0.9975717477403678,0.9967822798812623,2.600736015650136,6.919366953890704,0.026872678942094438,0.9981942892463603,0.1408113435665172,0.9917858015472387,1.9183819974964536,0.9923886935056755,-0.031591080473525324,0.9952537722863879,0.9941229280997582
2,20260815,20260814,fiducial,1536,0.01,0.08069353363481303,2.9194476317064333,22.056234252347238,3500,750,750,416.3716950365574,416.3716950365574,29.39218088111277,0.07428363353428007,16.3356568623427,16.3146577096357,18.19006749963485,0.99770129827393,0.9975412772427579,0.9956815048306424,2.928305936330173,7.28841580375183,0.028759014596921012,0.989823336206896,0.24961745663022983,0.9994195420316393,0.5423016768444029,0.9959406315565269,1.4068786892615606,0.9956151957311181,0.9950611699316875,29.39218088111277,0.07428363353428007,16.3356568623427,16.3146577096357,18.19006749963485,0.99770129827393,0.9975412772427579,0.9956815048306424,2.928305936330173,7.28841580375183,0.028759014596921012,0.989823336206896,0.24961745663022983,0.9994195420316393,0.5423016768444029,0.9959406315565269,1.4068786892615606,0.9956151957311181,0.9950611699316875
3,20260825,20260824,fiducial,1536,0.01,0.07803064511039207,2.475103606322021,21.946568136468407,3500,750,750,409.24138925593877,409.24138925593877,29.349709489314485,0.0695413462167117,15.421076430953057,18.90803053855935,16.312027157001904,0.9982525818507894,0.996799826896349,0.9971705158773505,2.468962662670955,7.187803600474413,0.02536810683243961,0.9923183724668357,-0.5794304266716903,1.0014082519359937,0.637718894724415,0.9856001529278254,0.40941027125574436,0.9940402471585904,0.9931089257768849,29.349709489314485,0.0695413462167117,15.421076430953057,18.90803053855935,16.312027157001904,0.9982525818507894,0.996799826896349,0.9971705158773505,2.468962662670955,7.187803600474413,0.02536810683243961,0.9923183724668357,-0.5794304266716903,1.0014082519359937,0.637718894724415,0.9856001529278254,0.40941027125574436,0.9940402471585904,0.9931089257768849
4,20260905,20260904,fiducial,1536,0.01,0.07536789514085046,2.6575427351434344,22.109387550496216,3500,750,750,404.5476300693624,404.5476300693624,28.621571292938313,0.07266706048707758,15.873591107404756,16.643479337229277,17.03578716064784,0.9978707826466471,0.9974045649185869,0.9962220746482249,2.940362735002028,8.087021931248604,0.027115171423803354,0.9958991941484445,1.1045609888255452,0.9971771241566407,0.771095486925212,0.9852649073585507,0.6527699552980977,0.9940266679412819,0.9927804085545452,28.621571292938313,0.07266706048707758,15.873591107404756,16.643479337229277,17.03578716064784,0.9978707826466471,0.9974045649185869,0.9962220746482249,2.940362735002028,8.087021931248604,0.027115171423803354,0.9958991941484445,1.1045609888255452,0.9971771241566407,0.771095486925212,0.9852649073585507,0.6527699552980977,0.9940266679412819,0.9927804085545452
5,20260915,20260914,fiducial,1536,0.01,0.07804359519998398,2.9974638372577593,21.978229667859928,3500,750,750,410.3189250684823,410.3189250684823,27.578282631376947,0.06761844310388043,15.244278205378437,16.062251553936676,16.43708398442953,0.9982018338354665,0.9976672889575171,0.996560977499281,2.474193972598501,6.848270992693539,0.026177122022094393,0.9959324650364128,-0.9851691518830101,0.992955471878454,-0.4255510136378007,0.9938425361221781,1.2310319701861623,0.9944077717952744,0.9942434910123482,27.578282631376947,0.06761844310388043,15.244278205378437,16.062251553936676,16.43708398442953,0.9982018338354665,0.9976672889575171,0.996560977499281,2.474193972598501,6.848270992693539,0.026177122022094393,0.9959324650364128,-0.9851691518830101,0.992955471878454,-0.4255510136378007,0.9938425361221781,1.2310319701861623,0.9944077717952744,0.9942434910123482
1,20260805,20260804,fiducial,1792,0.01,0.07679766591379225,2.753529827440226,22.06847534394663,3500,750,750,415.6275291343101,415.6275291343101,28.380218532740518,0.06980987725729604,15.767948058956515,16.376783813990606,16.988512880354556,0.9980409601387246,0.9974800391696511,0.9966369672779165,2.553497861252972,7.141960656277642,0.026988067200813072,0.9962685384264834,0.7435835726971531,0.9908068280085462,2.3374960259551614,0.9956370720906106,0.3596914603219652,0.9952963176080933,0.9942374795085468,28.380218532740518,0.06980987725729604,15.767948058956515,16.376783813990606,16.988512880354556,0.9980409601387246,0.9974800391696511,0.9966369672779165,2.553497861252972,7.141960656277642,0.026988067200813072,0.9962685384264834,0.7435835726971531,0.9908068280085462,2.3374960259551614,0.9956370720906106,0.3596914603219652,0.9952963176080933,0.9942374795085468
2,20260815,20260814,fiducial,1792,0.01,0.08390313532239266,2.990052958267415,22.056234252347238,3500,750,750,416.38688564776214,416.38688564776214,30.37357121813558,0.0767639272030065,17.04513151282571,17.63905146482397,17.913156719989995,0.9974879711569649,0.997144342144237,0.9958218203000573,2.7491612949585464,7.650372630921747,0.03034814717240588,0.9908105338291653,0.052699704412215276,1.0018416318064163,0.5367113149226128,0.9965596313606037,1.5801125353035275,0.9970981953179416,0.9964039323320617,30.37357121813558,0.0767639272030065,17.04513151282571,17.63905146482397,17.913156719989995,0.9974879711569649,0.997144342144237,0.9958218203000573,2.7491612949585464,7.650372630921747,0.03034814717240588,0.9908105338291653,0.052699704412215276,1.0018416318064163,0.5367113149226128,0.9965596313606037,1.5801125353035275,0.9970981953179416,0.9964039323320617
3,20260825,20260824,fiducial,1792,0.01,0.08229547779701409,2.6859202193686507,21.946568136468407,3500,750,750,409.0093281831022,409.0093281831022,31.0325799144811,0.07352874769054855,19.70566562509264,17.286676536459684,16.609592792856553,0.9971412069624332,0.9973068874711409,0.9970406450676688,2.525065488996867,6.916354260646858,0.028071451618622366,0.9905272802744176,-0.9908880542566783,0.9991753891209324,0.31506004398289633,0.9886406858953661,0.552429748474772,0.9932799457181528,0.9927811184302388,31.0325799144811,0.07352874769054855,19.70566562509264,17.286676536459684,16.609592792856553,0.9971412069624332,0.9973068874711409,0.9970406450676688,2.525065488996867,6.916354260646858,0.028071451618622366,0.9905272802744176,-0.9908880542566783,0.9991753891209324,0.31506004398289633,0.9886406858953661,0.552429748474772,0.9932799457181528,0.9927811184302388
4,20260905,20260904,fiducial,1792,0.01,0.07977835698384612,2.6511478876268737,22.109387550496216,3500,750,750,404.48810964469516,404.48810964469516,28.631898289938864,0.07269327961068922,16.652741676422714,16.360199136270598,16.577565519861768,0.9976567347718429,0.9974922764131827,0.9964317843004618,2.7251763197934133,7.948238955848389,0.027502843434384843,0.9984890500298303,0.94011446878336,0.9946924719258334,1.1174692771991985,0.9851692064686974,-0.13917592163293335,0.9940772667186568,0.9927835761414538,28.631898289938864,0.07269327961068922,16.652741676422714,16.360199136270598,16.577565519861768,0.9976567347718429,0.9974922764131827,0.9964317843004618,2.7251763197934133,7.948238955848389,0.027502843434384843,0.9984890500298303,0.94011446878336,0.9946924719258334,1.1174692771991985,0.9851692064686974,-0.13917592163293335,0.9940772667186568,0.9927835761414538
5,20260915,20260914,fiducial,1792,0.01,0.08231568697594452,3.0543458266133965,21.978229667859928,3500,750,750,410.37144116547654,410.37144116547654,27.946528213902663,0.06852133445875909,15.451063080526087,16.284404325955002,16.646058531702906,0.9981510290055737,0.9975964182629408,0.9964725657346771,2.3676238599779698,6.600608428233321,0.027175694252128263,0.9956574883629892,-0.8698833045132837,0.9919945232433256,0.2709194101698813,0.9947073084472312,1.1721096694087088,0.9944687872922109,0.9941197733511821,27.946528213902663,0.06852133445875909,15.451063080526087,16.284404325955002,16.646058531702906,0.9981510290055737,0.9975964182629408,0.9964725657346771,2.3676238599779698,6.600608428233321,0.027175694252128263,0.9956574883629892,-0.8698833045132837,0.9919945232433256,0.2709194101698813,0.9947073084472312,1.1721096694087088,0.9944687872922109,0.9941197733511821
1,20260805,20260804,fiducial,2048,0.01,0.08395468672930856,3.108513342949097,22.06847534394663,3500,750,750,415.56328013916817,415.56328013916817,29.59104716930341,0.0727882827406985,16.19718171029339,17.158178495235234,17.857163491028583,0.9979334357367717,0.9972377499010167,0.9962816781419516,2.662609506111493,8.11296241800148,0.027760086717517063,0.9958372449108147,0.8210083888965121,0.9891755754355999,2.525791223642173,0.9944667382184067,0.14619814159702926,0.9942917162431816,0.9931598528549405,29.59104716930341,0.0727882827406985,16.19718171029339,17.158178495235234,17.857163491028583,0.9979334357367717,0.9972377499010167,0.9962816781419516,2.662609506111493,8.11296241800148,0.027760086717517063,0.9958372449108147,0.8210083888965121,0.9891755754355999,2.525791223642173,0.9944667382184067,0.14619814159702926,0.9942917162431816,0.9931598528549405
2,20260815,20260814,fiducial,2048,0.01,0.0868283043230218,3.0417920993745327,22.056234252347238,3500,750,750,416.26394323232955,416.26394323232955,31.755199567022405,0.08025575294960267,18.655079188101332,18.30583417129202,18.035441644724035,0.9969955215848333,0.9969164165139653,0.9957643081118738,2.8167174132051516,8.315601488972954,0.028001712149128506,0.9884593990120056,0.15205075232564091,1.0010104068578067,0.37300393349431715,0.9954714550031981,1.7469362641489212,0.9956102868079586,0.9949804202910034,31.755199567022405,0.08025575294960267,18.655079188101332,18.30583417129202,18.035441644724035,0.9969955215848333,0.9969164165139653,0.9957643081118738,2.8167174132051516,8.315601488972954,0.028001712149128506,0.9884593990120056,0.15205075232564091,1.0010104068578067,0.37300393349431715,0.9954714550031981,1.7469362641489212,0.9956102868079586,0.9949804202910034
3,20260825,20260824,fiducial,2048,0.01,0.08833282169550558,2.8169597246458737,21.946568136468407,3500,750,750,408.75108991852994,408.75108991852994,32.10863679204063,0.0760783621560166,20.35526417443225,17.420660110850786,17.69599893576151,0.9969514775236089,0.9972682777033378,0.9966484748060337,2.5977575248140923,7.404778120310138,0.027540167909782018,0.9905007903125324,-1.2465583387549124,0.9997115382893411,0.3682783056497243,0.9862942048075359,0.38251626700390773,0.9927949248506507,0.992168844469803,32.10863679204063,0.0760783621560166,20.35526417443225,17.420660110850786,17.69599893576151,0.9969514775236089,0.9972682777033378,0.9966484748060337,2.5977575248140923,7.404778120310138,0.027540167909782018,0.9905007903125324,-1.2465583387549124,0.9997115382893411,0.3682783056497243,0.9862942048075359,0.38251626700390773,0.9927949248506507,0.992168844469803
4,20260905,20260904,fiducial,2048,0.01,0.08864991300432226,2.8186311477189836,22.109387550496216,3500,750,750,404.3421977460965,404.3421977460965,29.9547305772197,0.0760518070950909,17.58875073634552,16.832929810603396,17.452054477333775,0.9973778869510814,0.9973458621282142,0.996042896287711,2.8884222763122316,8.572230365692143,0.029806236615269245,0.99708651179917,0.6477202124952193,0.9928500645176161,1.193318604468324,0.9839262726376254,0.034661202056586404,0.9926391717233958,0.9912876163181371,29.9547305772197,0.0760518070950909,17.58875073634552,16.832929810603396,17.452054477333775,0.9973778869510814,0.9973458621282142,0.996042896287711,2.8884222763122316,8.572230365692143,0.029806236615269245,0.99708651179917,0.6477202124952193,0.9928500645176161,1.193318604468324,0.9839262726376254,0.034661202056586404,0.9926391717233958,0.9912876163181371
5,20260915,20260914,fiducial,2048,0.01,0.08915839685779257,3.217143522947328,21.978229667859928,3500,750,750,410.2678599316494,410.2678599316494,29.143152785166365,0.07145530578577133,15.895805496016298,16.82351964641727,17.709204064524744,0.9980400399191602,0.9974308940636571,0.9960013946201356,2.4921774275582154,7.0707813079861825,0.027038019203556057,0.9963146818119588,-0.6128250299875937,0.9923602251751813,0.4599828935703414,0.9921417294640535,1.1637424060544141,0.9943072905031365,0.9936055454837313,29.143152785166365,0.07145530578577133,15.895805496016298,16.82351964641727,17.709204064524744,0.9980400399191602,0.9974308940636571,0.9960013946201356,2.4921774275582154,7.0707813079861825,0.027038019203556057,0.9963146818119588,-0.6128250299875937,0.9923602251751813,0.4599828935703414,0.9921417294640535,1.1637424060544141,0.9943072905031365,0.9936055454837313
1,20260805,20260804,fine,256,0.01,0.3627537326146716,15.797492853238342,16.838535167146546,3500,750,750,428.18595632205165,428.18595632205165,164.41570112108374,0.3668172626060281,89.92069611240106,96.8244874456548,97.835626520634,0.9456386572483584,0.9214596565798508,0.9104330241125764,15.59071351610115,41.58991421832866,0.1551025166357902,0.8822627812045941,-0.0715214044075582,0.8632019570109928,8.754885119595087,0.8276350052036987,4.238426063048841,0.8643194951823464,0.8576999144730952,164.41570112108374,0.3668172626060281,89.92069611240106,96.8244874456548,97.835626520634,0.9456386572483584,0.9214596565798508,0.9104330241125764,15.59071351610115,41.58991421832866,0.1551025166357902,0.8822627812045941,-0.0715214044075582,0.8632019570109928,8.754885119595087,0.8276350052036987,4.238426063048841,0.8643194951823464,0.8576999144730952
2,20260815,20260814,fine,256,0.01,0.3518335388525518,15.517106121660534,16.905232797367496,3500,750,750,430.82506879011663,430.82506879011663,164.86513073043218,0.3831548120970717,89.22006884052311,101.10771387605315,94.85526259313704,0.939443690401983,0.9176675791806684,0.9010899069160996,17.01516193451129,45.16068481783289,0.1517380646366221,0.9076407812032432,2.298358791427651,0.8954676522202759,6.7021000685853735,0.828578619737392,3.157772408680394,0.8852678467109846,0.8772290177203037,164.86513073043218,0.3831548120970717,89.22006884052311,101.10771387605315,94.85526259313704,0.939443690401983,0.9176675791806684,0.9010899069160996,17.01516193451129,45.16068481783289,0.1517380646366221,0.9076407812032432,2.298358791427651,0.8954676522202759,6.7021000685853735,0.828578619737392,3.157772408680394,0.8852678467109846,0.8772290177203037
3,20260825,20260824,fine,256,0.01,0.3604431248770753,15.160974411604538,16.740591978946846,3500,750,750,420.5494290327897,420.5494290327897,164.9039752705849,0.3552092274265785,91.10316617023037,98.06123494284934,96.3199271972544,0.946068785199798,0.9275329388445356,0.9184320539603196,14.576959363225551,41.04152258973751,0.1561448868273647,0.8954066432120158,-1.3712802417586485,0.8548155505330811,12.777670580492751,0.8588517251602613,1.57814656887858,0.8759955291686518,0.869691306301786,164.9039752705849,0.3552092274265785,91.10316617023037,98.06123494284934,96.3199271972544,0.946068785199798,0.9275329388445356,0.9184320539603196,14.576959363225551,41.04152258973751,0.1561448868273647,0.8954066432120158,-1.3712802417586485,0.8548155505330811,12.777670580492751,0.8588517251602613,1.57814656887858,0.8759955291686518,0.869691306301786
4,20260905,20260904,fine,256,0.01,0.3655732264108908,15.970489745779124,16.86315903700449,3500,750,750,415.1510642299499,415.1510642299499,153.06832193059716,0.3525396492966703,83.36084782325925,94.1459140146408,87.27787292999415,0.9485694428277645,0.9301026202019242,0.9202816817820604,15.432608396154787,44.67571451899252,0.1489178839052734,0.9145317240091996,-2.145810207493348,0.8488199638937929,9.360105392183115,0.8595283202224288,3.44541477841592,0.8792912784110137,0.874293336041807,153.06832193059716,0.3525396492966703,83.36084782325925,94.1459140146408,87.27787292999415,0.9485694428277645,0.9301026202019242,0.9202816817820604,15.432608396154787,44.67571451899252,0.1489178839052734,0.9145317240091996,-2.145810207493348,0.8488199638937929,9.360105392183115,0.8595283202224288,3.44541477841592,0.8792912784110137,0.874293336041807
5,20260915,20260914,fine,256,0.01,0.3636725164482613,15.7179000898131,16.839903603211532,3500,750,750,421.1989470650795,421.1989470650795,159.5965694710966,0.3568486026701756,87.9457153128757,100.267198033946,87.65332363048546,0.948958436447694,0.9209120665336484,0.9193401864686148,16.121199178418028,38.46775844306315,0.1590231663100378,0.9133435243883912,0.1936162114368507,0.8621658552893907,11.270792905804512,0.8789474530277882,4.526250312288344,0.8911395051704446,0.88481894423519,159.5965694710966,0.3568486026701756,87.9457153128757,100.267198033946,87.65332363048546,0.948958436447694,0.9209120665336484,0.9193401864686148,16.121199178418028,38.46775844306315,0.1590231663100378,0.9133435243883912,0.1936162114368507,0.8621658552893907,11.270792905804512,0.8789474530277882,4.526250312288344,0.8911395051704446,0.88481894423519
1,20260805,20260804,fine,384,0.01,0.2981234587329775,12.231791440497425,16.838535167146546,3500,750,750,439.289698531944,439.289698531944,136.71306140043214,0.3050116905104119,74.34482059214862,81.96786072673646,80.27813286619151,0.9631390407767598,0.944333004432066,0.9407570645965628,12.698015737656988,33.61897425079388,0.1374180418629089,0.9234748259476406,-1.3972400878297,0.9012258291107637,6.466345313648645,0.8930315704015497,0.0443083897387417,0.9098147742965133,0.9059107418199844,136.71306140043214,0.3050116905104119,74.34482059214862,81.96786072673646,80.27813286619151,0.9631390407767598,0.944333004432066,0.9407570645965628,12.698015737656988,33.61897425079388,0.1374180418629089,0.9234748259476406,-1.3972400878297,0.9012258291107637,6.466345313648645,0.8930315704015497,0.0443083897387417,0.9098147742965133,0.9059107418199844
2,20260815,20260814,fine,384,0.01,0.2993303908698368,12.366042322567274,16.905232797367496,3500,750,750,439.7760584791597,439.7760584791597,134.47116000069613,0.3125177034966036,72.9698125053407,83.61477842450942,75.93726465898298,0.9598365026996613,0.944229573415114,0.9377351617346584,12.517712077554195,33.97790973190078,0.1272112688286023,0.940018513984438,0.7585436329973398,0.9315082480387956,2.6485347741075884,0.8884176494926133,1.5971640164285148,0.924461516875158,0.9199814705052822,134.47116000069613,0.3125177034966036,72.9698125053407,83.61477842450942,75.93726465898298,0.9598365026996613,0.944229573415114,0.9377351617346584,12.517712077554195,33.97790973190078,0.1272112688286023,0.940018513984438,0.7585436329973398,0.9315082480387956,2.6485347741075884,0.8884176494926133,1.5971640164285148,0.924461516875158,0.9199814705052822
3,20260825,20260824,fine,384,0.01,0.2950033029378602,11.70252078386279,16.740591978946846,3500,750,750,430.4639253918081,430.4639253918081,134.36972487174688,0.2894373291056067,73.72910050766299,80.2494459041691,78.60832737384588,0.9651858923044214,0.9522320002279904,0.9462996000601268,11.287625185036983,31.30368390116044,0.120600557151265,0.9500139593215084,0.588159164805508,0.8908445229860055,10.748464580617425,0.8942995495982117,1.97038389552818,0.9180525274741812,0.9117193439685752,134.36972487174688,0.2894373291056067,73.72910050766299,80.2494459041691,78.60832737384588,0.9651858923044214,0.9522320002279904,0.9462996000601268,11.287625185036983,31.30368390116044,0.120600557151265,0.9500139593215084,0.588159164805508,0.8908445229860055,10.748464580617425,0.8942995495982117,1.97038389552818,0.9180525274741812,0.9117193439685752
4,20260905,20260904,fine,384,0.01,0.2945284255309335,11.786784102510383,16.86315903700449,3500,750,750,425.59993867753377,425.59993867753377,123.7313781652252,0.2849722014012806,69.33096656394521,72.1959322463843,72.73526232200277,0.9649005639968732,0.9596754755099282,0.9453728546370588,12.05610336446166,36.63817617757335,0.1240960338270364,0.9499335474031438,-3.82517653459929,0.9019028157748072,8.0922141381132,0.9006233321954783,5.459152547463514,0.922702901595426,0.9174865651244763,123.7313781652252,0.2849722014012806,69.33096656394521,72.1959322463843,72.73526232200277,0.9649005639968732,0.9596754755099282,0.9453728546370588,12.05610336446166,36.63817617757335,0.1240960338270364,0.9499335474031438,-3.82517653459929,0.9019028157748072,8.0922141381132,0.9006233321954783,5.459152547463514,0.922702901595426,0.9174865651244763
5,20260915,20260914,fine,384,0.01,0.3070273502199188,13.142483891440072,16.839903603211532,3500,750,750,430.3862887164059,430.3862887164059,130.58694983751715,0.2919847884632486,68.88692662662862,84.02928325142949,72.433572078524,0.9690662759048514,0.9450687657081466,0.9454716044747358,12.311352615557624,30.94439152392869,0.1239528727329717,0.9454809086101568,2.8828265913277,0.8972659422800005,8.38133825645707,0.916928813330336,2.99854667485992,0.9241703148354992,0.9198918880734976,130.58694983751715,0.2919847884632486,68.88692662662862,84.02928325142949,72.433572078524,0.9690662759048514,0.9450687657081466,0.9454716044747358,12.311352615557624,30.94439152392869,0.1239528727329717,0.9454809086101568,2.8828265913277,0.8972659422800005,8.38133825645707,0.916928813330336,2.99854667485992,0.9241703148354992,0.9198918880734976
1,20260805,20260804,fine,512,0.01,0.2498640119564953,9.88765357779764,16.838535167146546,3500,750,750,445.4348114302495,445.4348114302495,114.77846231917016,0.2560748217291039,64.94075521653322,67.47053723514894,66.36656032566289,0.9719974381341056,0.962720854292486,0.9599657207646638,10.3698183959791,27.526184252602096,0.1054702266335158,0.9439086400736242,-1.4151930865287388,0.9368919862122292,1.8870105698333504,0.9217846869404884,-1.6744372618597438,0.9357577101978124,0.9341951044087806,114.77846231917016,0.2560748217291039,64.94075521653322,67.47053723514894,66.36656032566289,0.9719974381341056,0.962720854292486,0.9599657207646638,10.3698183959791,27.526184252602096,0.1054702266335158,0.9439086400736242,-1.4151930865287388,0.9368919862122292,1.8870105698333504,0.9217846869404884,-1.6744372618597438,0.9357577101978124,0.9341951044087806
2,20260815,20260814,fine,512,0.01,0.2604233960709461,10.100886280379491,16.905232797367496,3500,750,750,445.0332758144288,445.0332758144288,110.11586415468908,0.2559147774436485,59.64992464592369,67.49439013785437,63.3395400061342,0.9732634161953596,0.9637393128795526,0.9570955767058136,10.0649389885178,29.078932142993438,0.1006138789026311,0.9568618420904836,0.5817182658794664,0.9483585274929328,-0.3047381256700703,0.9264118626930704,1.4480323219551607,0.9457875631383796,0.9438774107588288,110.11586415468908,0.2559147774436485,59.64992464592369,67.49439013785437,63.3395400061342,0.9732634161953596,0.9637393128795526,0.9570955767058136,10.0649389885178,29.078932142993438,0.1006138789026311,0.9568618420904836,0.5817182658794664,0.9483585274929328,-0.3047381256700703,0.9264118626930704,1.4480323219551607,0.9457875631383796,0.9438774107588288
3,20260825,20260824,fine,512,0.01,0.2518072927785812,10.171160842774835,16.740591978946846,3500,750,750,436.4454104799801,436.4454104799801,115.1779055593432,0.2480974444867948,63.05372680985405,64.97459746465738,71.19325212919424,0.9746079304836868,0.969157458910772,0.9561446594394029,9.598792906175078,27.967952014672257,0.0980595005285842,0.96176351374137,-0.8365527074123511,0.9205845259957882,10.605635710090098,0.9100164675406496,3.17448350149494,0.9373576743999684,0.9307881690926026,115.1779055593432,0.2480974444867948,63.05372680985405,64.97459746465738,71.19325212919424,0.9746079304836868,0.969157458910772,0.9561446594394029,9.598792906175078,27.967952014672257,0.0980595005285842,0.96176351374137,-0.8365527074123511,0.9205845259957882,10.605635710090098,0.9100164675406496,3.17448350149494,0.9373576743999684,0.9307881690926026
4,20260905,20260904,fine,512,0.01,0.2578324042161005,10.297340446002767,16.86315903700449,3500,750,750,431.089630187384,431.089630187384,107.6956508832812,0.2480394801112619,62.82025864915881,60.9699904607828,62.72661783994435,0.9713486985437374,0.971322695967776,0.9596753649896944,10.29898934982343,30.64906851346665,0.1091946188009785,0.962427815375372,-4.168034285905648,0.930368078388553,4.093628082338071,0.9198087210810256,5.06148036073489,0.941584033386038,0.9375348716149836,107.6956508832812,0.2480394801112619,62.82025864915881,60.9699904607828,62.72661783994435,0.9713486985437374,0.971322695967776,0.9596753649896944,10.29898934982343,30.64906851346665,0.1091946188009785,0.962427815375372,-4.168034285905648,0.930368078388553,4.093628082338071,0.9198087210810256,5.06148036073489,0.941584033386038,0.9375348716149836
5,20260915,20260914,fine,512,0.01,0.2684305313675372,10.991718552297376,16.839903603211532,3500,750,750,436.5165544178631,436.5165544178631,111.0653683264456,0.2483356730265949,60.593401659554445,69.6804373016825,61.71379403552507,0.976114827303116,0.962561878034136,0.960793800330993,10.540410502261356,27.521760725912408,0.1007627703440168,0.9628143963598248,0.8121741695083742,0.9289758744264448,6.098563793676917,0.943483775351861,3.660228604875352,0.9484030163891408,0.9450913487127104,111.0653683264456,0.2483356730265949,60.593401659554445,69.6804373016825,61.71379403552507,0.976114827303116,0.962561878034136,0.960793800330993,10.540410502261356,27.521760725912408,0.1007627703440168,0.9628143963598248,0.8121741695083742,0.9289758744264448,6.098563793676917,0.943483775351861,3.660228604875352,0.9484030163891408,0.9450913487127104
1,20260805,20260804,fine,640,0.01,0.2117086401204597,8.5231685137699,16.838535167146546,3500,750,750,449.634753906087,449.634753906087,97.105739098,0.2166463492013525,53.9411223719806,58.40866857617624,55.75219563549285,0.9808090095672232,0.9721485074444622,0.9719496664563312,8.562142476067919,23.661397309723103,0.086185951184717,0.966368974900274,-2.519978201982037,0.9513336197499648,1.9446715893786573,0.941369012708232,-1.9990776399942192,0.9546712182039442,0.9530238691194902,97.105739098,0.2166463492013525,53.9411223719806,58.40866857617624,55.75219563549285,0.9808090095672232,0.9721485074444622,0.9719496664563312,8.562142476067919,23.661397309723103,0.086185951184717,0.966368974900274,-2.519978201982037,0.9513336197499648,1.9446715893786573,0.941369012708232,-1.9990776399942192,0.9546712182039442,0.9530238691194902
2,20260815,20260814,fine,640,0.01,0.2238344527520323,9.224519846696284,16.905232797367496,3500,750,750,448.9675795864363,448.9675795864363,92.90206129618498,0.2159090383858823,52.58763714021321,55.24834838656504,53.037283241566186,0.9793108175302512,0.975762707206992,0.970158308126948,8.66334244477871,22.98494171809012,0.0876282675199583,0.9653983914649724,2.3748564717281866,0.9590497661393852,-0.7985428542312007,0.9531227890608528,3.4824882201805707,0.9601856613478996,0.95919031555507,92.90206129618498,0.2159090383858823,52.58763714021321,55.24834838656504,53.037283241566186,0.9793108175302512,0.975762707206992,0.970158308126948,8.66334244477871,22.98494171809012,0.0876282675199583,0.9653983914649724,2.3748564717281866,0.9590497661393852,-0.7985428542312007,0.9531227890608528,3.4824882201805707,0.9601856613478996,0.95919031555507
3,20260825,20260824,fine,640,0.01,0.2219780232311532,8.600809631625049,16.740591978946846,3500,750,750,440.7787926021989,440.7787926021989,99.8128503709465,0.2150005505284677,53.52619269983302,59.01713137514505,60.12096139020217,0.9817693807252138,0.9744387382013462,0.9689400840657229,8.40545653005466,23.95455841996761,0.0812123223166947,0.9742421061224018,-0.7178434759240941,0.9423054914398984,7.200619202435604,0.9327133951629932,3.021176359708882,0.954633320135388,0.9497536642417646,99.8128503709465,0.2150005505284677,53.52619269983302,59.01713137514505,60.12096139020217,0.9817693807252138,0.9744387382013462,0.9689400840657229,8.40545653005466,23.95455841996761,0.0812123223166947,0.9742421061224018,-0.7178434759240941,0.9423054914398984,7.200619202435604,0.9327133951629932,3.021176359708882,0.954633320135388,0.9497536642417646
4,20260905,20260904,fine,640,0.01,0.2165867442048215,8.656961031461712,16.86315903700449,3500,750,750,435.4104892852688,435.4104892852688,92.464410735909,0.2129596151713262,52.45715422536623,53.78424150108463,53.899625132908206,0.979993947342477,0.9776846919154022,0.970465854301886,8.768195161451292,27.321675957968857,0.0852145396959489,0.9725522746953162,-1.551946651896337,0.9570299837646812,2.4095136731594597,0.9399715789135484,5.341186484416863,0.959803036824377,0.956517945791182,92.464410735909,0.2129596151713262,52.45715422536623,53.78424150108463,53.899625132908206,0.979993947342477,0.9776846919154022,0.970465854301886,8.768195161451292,27.321675957968857,0.0852145396959489,0.9725522746953162,-1.551946651896337,0.9570299837646812,2.4095136731594597,0.9399715789135484,5.341186484416863,0.959803036824377,0.956517945791182
5,20260915,20260914,fine,640,0.01,0.2271839996956615,9.50776709025374,16.839903603211532,3500,750,750,441.973904559772,441.973904559772,95.40775204435865,0.2133261580356075,50.022499981400856,60.42417408250547,54.30753016125516,0.9837440481550748,0.9719822918951546,0.969737116389818,8.977348925563092,23.59446924409144,0.0867236548400292,0.971052601048319,0.061010029644045,0.947187515493784,3.907866300869884,0.9568203297976332,2.920636425843103,0.9606792627432726,0.9583534821132454,95.40775204435865,0.2133261580356075,50.022499981400856,60.42417408250547,54.30753016125516,0.9837440481550748,0.9719822918951546,0.969737116389818,8.977348925563092,23.59446924409144,0.0867236548400292,0.971052601048319,0.061010029644045,0.947187515493784,3.907866300869884,0.9568203297976332,2.920636425843103,0.9606792627432726,0.9583534821132454
1,20260805,20260804,fine,768,0.01,0.1925495455919697,7.707528935616095,16.838535167146546,3500,750,750,452.5270102225453,452.5270102225453,87.4145002459466,0.1950248514810502,49.25130091974674,51.147077397253405,50.98608324514169,0.9840385781209106,0.978693224148733,0.9765435379525782,7.274811715421061,20.44605806129508,0.0750918830566612,0.9744993231228406,-2.3079899894590765,0.9630185495234838,2.5444010993229824,0.9508339081075972,-0.9879955440805688,0.9647517751050246,0.962783926917974,87.4145002459466,0.1950248514810502,49.25130091974674,51.147077397253405,50.98608324514169,0.9840385781209106,0.978693224148733,0.9765435379525782,7.274811715421061,20.44605806129508,0.0750918830566612,0.9744993231228406,-2.3079899894590765,0.9630185495234838,2.5444010993229824,0.9508339081075972,-0.9879955440805688,0.9647517751050246,0.962783926917974
2,20260815,20260814,fine,768,0.01,0.1962618187360524,7.75634375647321,16.905232797367496,3500,750,750,452.0105783484402,452.0105783484402,86.13044836340316,0.2001714711431374,48.56248459290288,50.46201903344696,50.137050775977634,0.9823798144057284,0.9797960514627866,0.9733557545453808,8.301883575875515,22.55437258312812,0.0808779150095783,0.9717721312294731,1.9173830283638105,0.9687728902415884,-0.2033560659294835,0.9581163946402128,2.684055131241536,0.9674914988943716,0.9662204720370914,86.13044836340316,0.2001714711431374,48.56248459290288,50.46201903344696,50.137050775977634,0.9823798144057284,0.9797960514627866,0.9733557545453808,8.301883575875515,22.55437258312812,0.0808779150095783,0.9717721312294731,1.9173830283638105,0.9687728902415884,-0.2033560659294835,0.9581163946402128,2.684055131241536,0.9674914988943716,0.9662204720370914
3,20260825,20260824,fine,768,0.01,0.2021509682313091,7.686797742241983,16.740591978946846,3500,750,750,442.48614655047794,442.48614655047794,92.34879013957304,0.19892269028343,49.39724040161028,53.48842230381021,56.8084532477138,0.9844684698646426,0.9790065181133372,0.9724575691558438,7.356471076632235,21.4531755755984,0.0725766841891719,0.976309209876393,0.1603835399850286,0.9594537466423396,4.6611708900549615,0.9288390891916456,2.108042539174818,0.9592013572530632,0.954867348570126,92.34879013957304,0.19892269028343,49.39724040161028,53.48842230381021,56.8084532477138,0.9844684698646426,0.9790065181133372,0.9724575691558438,7.356471076632235,21.4531755755984,0.0725766841891719,0.976309209876393,0.1603835399850286,0.9594537466423396,4.6611708900549615,0.9288390891916456,2.108042539174818,0.9592013572530632,0.954867348570126
4,20260905,20260904,fine,768,0.01,0.1960937364620501,7.8518108828775155,16.86315903700449,3500,750,750,438.0091138519471,438.0091138519471,83.5598089585851,0.1924509615968286,45.65454941618802,49.99052330235026,48.97807030454812,0.9849344773921233,0.980779905543936,0.9756422391524684,7.844090265581892,22.60920018816292,0.0796202882333685,0.9848287280372792,-0.9974567408498344,0.9628360918134888,3.989840670530469,0.9528976180944346,4.077577866026097,0.9701338362170828,0.9668541459817342,83.5598089585851,0.1924509615968286,45.65454941618802,49.99052330235026,48.97807030454812,0.9849344773921233,0.980779905543936,0.9756422391524684,7.844090265581892,22.60920018816292,0.0796202882333685,0.9848287280372792,-0.9974567408498344,0.9628360918134888,3.989840670530469,0.9528976180944346,4.077577866026097,0.9701338362170828,0.9668541459817342
5,20260915,20260914,fine,768,0.01,0.2070026420292368,8.166052950792679,16.839903603211532,3500,750,750,444.6316558123881,444.6316558123881,83.59022093499351,0.1869028490800099,43.298039803747024,51.26396038213288,49.84587396217746,0.9878518363314216,0.9799140798033809,0.9746116828571654,7.844694887724553,19.728141208962047,0.0700541783004383,0.980452247303302,0.101979150140842,0.95993130821522,2.5853372200759424,0.965971160078856,3.1651571008052475,0.9707170261103168,0.968784905199126,83.59022093499351,0.1869028490800099,43.298039803747024,51.26396038213288,49.84587396217746,0.9878518363314216,0.9799140798033809,0.9746116828571654,7.844694887724553,19.728141208962047,0.0700541783004383,0.980452247303302,0.101979150140842,0.95993130821522,2.5853372200759424,0.965971160078856,3.1651571008052475,0.9707170261103168,0.968784905199126
1,20260805,20260804,fine,896,0.01,0.1771632310254722,6.939625575157406,16.838535167146546,3500,750,750,454.3323860088566,454.3323860088566,80.48154989673074,0.1795571932735778,45.69446549611175,47.36918286744647,46.31906962877199,0.9863310794440708,0.981758211434523,0.98068809534942,6.780036173533925,18.65837699574115,0.073008408314092,0.9784539155120948,-3.596050035183112,0.969316492246098,1.7958203319239914,0.9585261793675532,-1.09826272092144,0.9702503672044251,0.9687655290419154,80.48154989673074,0.1795571932735778,45.69446549611175,47.36918286744647,46.31906962877199,0.9863310794440708,0.981758211434523,0.98068809534942,6.780036173533925,18.65837699574115,0.073008408314092,0.9784539155120948,-3.596050035183112,0.969316492246098,1.7958203319239914,0.9585261793675532,-1.09826272092144,0.9702503672044251,0.9687655290419154
2,20260815,20260814,fine,896,0.01,0.1813267225159388,7.17419099612961,16.905232797367496,3500,750,750,454.2601050841174,454.2601050841174,80.5208326571493,0.1871344435901077,47.212258958290974,46.21017695243193,46.035058834336695,0.9833738564543631,0.9830472823977864,0.977578175311966,7.502832621566021,20.751090601026807,0.0752782677137715,0.9764289968872844,1.728209597245668,0.9740079056355592,1.0651209346435735,0.9635561462601356,2.8638717674012426,0.973102438459992,0.971331016260993,80.5208326571493,0.1871344435901077,47.212258958290974,46.21017695243193,46.035058834336695,0.9833738564543631,0.9830472823977864,0.977578175311966,7.502832621566021,20.751090601026807,0.0752782677137715,0.9764289968872844,1.728209597245668,0.9740079056355592,1.0651209346435735,0.9635561462601356,2.8638717674012426,0.973102438459992,0.971331016260993
3,20260825,20260824,fine,896,0.01,0.1842590229608743,6.920594201789918,16.740591978946846,3500,750,750,444.9724982198816,444.9724982198816,83.86789252051528,0.180654524908967,43.88160909483042,48.34231455388232,52.64264813489821,0.9877705732512496,0.9828855596696502,0.9763536331869088,6.759530022013768,19.031439797652503,0.065437537837084,0.9825610374127492,0.876119669617152,0.9702774276310648,1.9578997639128204,0.9400913515342334,2.065732594720835,0.9674522189528572,0.9643099388593492,83.86789252051528,0.180654524908967,43.88160909483042,48.34231455388232,52.64264813489821,0.9877705732512496,0.9828855596696502,0.9763536331869088,6.759530022013768,19.031439797652503,0.065437537837084,0.9825610374127492,0.876119669617152,0.9702774276310648,1.9578997639128204,0.9400913515342334,2.065732594720835,0.9674522189528572,0.9643099388593492
4,20260905,20260904,fine,896,0.01,0.1804478526678935,7.181693558493841,16.86315903700449,3500,750,750,439.74530692298686,439.74530692298686,75.27185865489021,0.1733625502482178,41.394318059911136,44.98429960168535,43.917831538709855,0.9876472300103748,0.9844494770274584,0.9804419005743548,7.265915271070765,19.61389694561171,0.0685772564802849,0.989935588279072,-0.8263305464073021,0.972170237521498,2.114243079793603,0.9672889650580988,2.3594650518657296,0.9784369580237674,0.9764649302862228,75.27185865489021,0.1733625502482178,41.394318059911136,44.98429960168535,43.917831538709855,0.9876472300103748,0.9844494770274584,0.9804419005743548,7.265915271070765,19.61389694561171,0.0685772564802849,0.989935588279072,-0.8263305464073021,0.972170237521498,2.114243079793603,0.9672889650580988,2.3594650518657296,0.9784369580237674,0.9764649302862228
5,20260915,20260914,fine,896,0.01,0.1884159678216161,7.425625163573613,16.839903603211532,3500,750,750,445.9333865894112,445.9333865894112,75.47481063126257,0.1687572658974967,39.00238490441679,45.74662961963876,45.63449232802158,0.9901628188560012,0.9840585124259538,0.978784060527202,6.924688502914778,17.858610790760622,0.0640660186919155,0.986054299822944,-1.0709043274213812,0.9618218889379646,2.994735648459283,0.9656671036167211,4.528751321516021,0.973943262549527,0.97118109745921,75.47481063126257,0.1687572658974967,39.00238490441679,45.74662961963876,45.63449232802158,0.9901628188560012,0.9840585124259538,0.978784060527202,6.924688502914778,17.858610790760622,0.0640660186919155,0.986054299822944,-1.0709043274213812,0.9618218889379646,2.994735648459283,0.9656671036167211,4.528751321516021,0.973943262549527,0.97118109745921
1,20260805,20260804,fine,1024,0.01,0.1668502686293418,6.43449306848267,16.838535167146546,3500,750,750,455.6666664775604,455.6666664775604,73.05626687386895,0.16299112340343025,41.05751334617151,43.457271061885294,41.98766865674655,0.9889491733901,0.9846989659810849,0.9841561973850178,6.069301410232905,17.415811621922476,0.06252747933538957,0.9795125799775111,-2.780581719394219,0.9784507328251418,0.9206873533818651,0.9647526798687207,-0.9075411499640751,0.975193010286896,0.9742386642237912,73.05626687386895,0.16299112340343025,41.05751334617151,43.457271061885294,41.98766865674655,0.9889491733901,0.9846989659810849,0.9841561973850178,6.069301410232905,17.415811621922476,0.06252747933538957,0.9795125799775111,-2.780581719394219,0.9784507328251418,0.9206873533818651,0.9647526798687207,-0.9075411499640751,0.975193010286896,0.9742386642237912
2,20260815,20260814,fine,1024,0.01,0.1707593528744166,6.659545217068253,16.905232797367496,3500,750,750,455.10578498115433,455.10578498115433,77.28316355911029,0.17960993862416685,45.09021316529275,43.02133738599275,45.70256640423198,0.9848291977357941,0.9853075240406393,0.9779669303546394,6.787590602931619,19.36369107550574,0.07223638230124335,0.977452561685058,1.4717128484609723,0.9754107077758627,1.0272251555438459,0.9707028819004742,1.9420645864666284,0.9756861351747214,0.9745220504537982,77.28316355911029,0.17960993862416685,45.09021316529275,43.02133738599275,45.70256640423198,0.9848291977357941,0.9853075240406393,0.9779669303546394,6.787590602931619,19.36369107550574,0.07223638230124335,0.977452561685058,1.4717128484609723,0.9754107077758627,1.0272251555438459,0.9707028819004742,1.9420645864666284,0.9756861351747214,0.9745220504537982
3,20260825,20260824,fine,1024,0.01,0.17838594336723346,6.260804278562446,16.740591978946846,3500,750,750,446.4401907992773,446.4401907992773,78.50739089317173,0.16910780725984267,41.54504327491832,46.46712105309528,47.730770632532376,0.9890657920792252,0.9841987709458262,0.9805961695609846,6.062088821181517,17.379739611810038,0.06251281909962077,0.9859897803944833,1.6236155506990482,0.9725307616248349,2.919606379869748,0.9507646317869497,3.1103842947432554,0.9731103634291615,0.9697617246020892,78.50739089317173,0.16910780725984267,41.54504327491832,46.46712105309528,47.730770632532376,0.9890657920792252,0.9841987709458262,0.9805961695609846,6.062088821181517,17.379739611810038,0.06251281909962077,0.9859897803944833,1.6236155506990482,0.9725307616248349,2.919606379869748,0.9507646317869497,3.1103842947432554,0.9731103634291615,0.9697617246020892
4,20260905,20260904,fine,1024,0.01,0.1736641622480282,6.679238360617763,16.86315903700449,3500,750,750,440.6783995417267,440.6783995417267,71.26513226330539,0.1641344493642382,39.8414029112561,42.4277617720615,41.125013332308576,0.9885423481869351,0.9861821397610834,0.9828991055127417,6.862647867605831,19.073226907078503,0.06332449561945756,0.9876671872716555,-2.1066206453744627,0.9767594609758805,1.0349560083018972,0.9762629291178714,1.5675218752501685,0.9813192585332293,0.9802298591218025,71.26513226330539,0.1641344493642382,39.8414029112561,42.4277617720615,41.125013332308576,0.9885423481869351,0.9861821397610834,0.9828991055127417,6.862647867605831,19.073226907078503,0.06332449561945756,0.9876671872716555,-2.1066206453744627,0.9767594609758805,1.0349560083018972,0.9762629291178714,1.5675218752501685,0.9813192585332293,0.9802298591218025
5,20260915,20260914,fine,1024,0.01,0.1772473624652299,6.88326816480965,16.839903603211532,3500,750,750,447.1875742110244,447.1875742110244,70.4915291785524,0.15761493978732383,36.552161606534575,42.94673618850131,42.291524193102205,0.9913493237307481,0.985973148889294,0.9817409314998794,6.2880458656543325,16.969201656256043,0.06119499578522521,0.9840151537019638,-0.696503016913617,0.9649565804889797,2.226006048850934,0.9715162802362182,3.069257427332481,0.9752532911410148,0.9734960048090538,70.4915291785524,0.15761493978732383,36.552161606534575,42.94673618850131,42.291524193102205,0.9913493237307481,0.985973148889294,0.9817409314998794,6.2880458656543325,16.969201656256043,0.06119499578522521,0.9840151537019638,-0.696503016913617,0.9649565804889797,2.226006048850934,0.9715162802362182,3.069257427332481,0.9752532911410148,0.9734960048090538
1,20260805,20260804,fine,1280,0.01,0.14968663769889137,5.820795540265836,16.838535167146546,3500,750,750,457.6780254804991,457.6780254804991,64.26059062923694,0.14336765763449677,36.68452984140489,37.43956156173685,37.17456130740978,0.9911752291663677,0.9886747317453871,0.9876153948322319,5.5632461180258925,14.984736495397053,0.05428471602202378,0.9813144111811384,-2.0803230551376357,0.9860329360654355,1.7870669135687791,0.9798033608267109,-1.4001111973585516,0.9829485734943353,0.9823835693577617,64.26059062923694,0.14336765763449677,36.68452984140489,37.43956156173685,37.17456130740978,0.9911752291663677,0.9886747317453871,0.9876153948322319,5.5632461180258925,14.984736495397053,0.05428471602202378,0.9813144111811384,-2.0803230551376357,0.9860329360654355,1.7870669135687791,0.9798033608267109,-1.4001111973585516,0.9829485734943353,0.9823835693577617
2,20260815,20260814,fine,1280,0.01,0.16476199380648474,6.13977237323439,16.905232797367496,3500,750,750,456.45741601545524,456.45741601545524,71.36745058785164,0.1658615257130768,39.384205031435805,38.70290065535959,45.2137465635468,0.9884740813471367,0.9881166332580854,0.9784698967980788,5.766936779068654,17.037305579946008,0.06400723525104363,0.9860654625807095,1.6609391010443186,0.9780484009176622,1.1404622655030323,0.9717572150731552,2.8758984385111006,0.9803210263460069,0.9786236928571755,71.36745058785164,0.1658615257130768,39.384205031435805,38.70290065535959,45.2137465635468,0.9884740813471367,0.9881166332580854,0.9784698967980788,5.766936779068654,17.037305579946008,0.06400723525104363,0.9860654625807095,1.6609391010443186,0.9780484009176622,1.1404622655030323,0.9717572150731552,2.8758984385111006,0.9803210263460069,0.9786236928571755
3,20260825,20260824,fine,1280,0.01,0.1784137720653417,5.694838102410137,16.740591978946846,3500,750,750,448.3313137790397,448.3313137790397,72.6039410840078,0.15639155925900536,39.80953941870768,43.889753230422315,41.955004392480646,0.9900242117439286,0.9859498676687091,0.9850626262234451,5.304383137437552,16.07317251079406,0.05591234130429237,0.9904464507548796,2.7766461528602484,0.9787155412623353,3.469970323880702,0.9585289309986229,1.1330696274533736,0.978979224072556,0.9758969743386126,72.6039410840078,0.15639155925900536,39.80953941870768,43.889753230422315,41.955004392480646,0.9900242117439286,0.9859498676687091,0.9850626262234451,5.304383137437552,16.07317251079406,0.05591234130429237,0.9904464507548796,2.7766461528602484,0.9787155412623353,3.469970323880702,0.9585289309986229,1.1330696274533736,0.978979224072556,0.9758969743386126
4,20260905,20260904,fine,1280,0.01,0.15586057390964586,5.9241079382768635,16.86315903700449,3500,750,750,442.38763499176343,442.38763499176343,66.52356732438908,0.15321390343024108,35.605649392953914,40.00100442863811,39.46571151732406,0.9908004105575821,0.9877549848556364,0.984229267280229,5.9130037742112265,17.410417170118617,0.05788440502242604,0.9850893421230931,-0.7191927713386583,0.9784171140611686,-0.846936857656992,0.9754151435212545,0.42355699550536485,0.9799253033258686,0.979640533235172,66.52356732438908,0.15321390343024108,35.605649392953914,40.00100442863811,39.46571151732406,0.9908004105575821,0.9877549848556364,0.984229267280229,5.9130037742112265,17.410417170118617,0.05788440502242604,0.9850893421230931,-0.7191927713386583,0.9784171140611686,-0.846936857656992,0.9754151435212545,0.42355699550536485,0.9799253033258686,0.979640533235172
5,20260915,20260914,fine,1280,0.01,0.16665482400502532,6.2320799406309,16.839903603211532,3500,750,750,448.77219384004445,448.77219384004445,63.85261926831915,0.14277072519943468,32.84169725718974,39.90579810253868,37.49809577153801,0.993032375348137,0.987909446753534,0.985626041273341,5.02206817798894,15.417377955867272,0.056263306623366205,0.9907146659451521,-0.03859778905010458,0.9685783374426941,1.6514769984981257,0.9703600657626856,2.221237325618471,0.9785159042175604,0.9765510230501772,63.85261926831915,0.14277072519943468,32.84169725718974,39.90579810253868,37.49809577153801,0.993032375348137,0.987909446753534,0.985626041273341,5.02206817798894,15.417377955867272,0.056263306623366205,0.9907146659451521,-0.03859778905010458,0.9685783374426941,1.6514769984981257,0.9703600657626856,2.221237325618471,0.9785159042175604,0.9765510230501772
1,20260805,20260804,fine,1536,0.01,0.14875471502051527,5.756302564842594,16.838535167146546,3500,750,750,458.8189655776229,458.8189655776229,61.70018232129366,0.13765529585718808,35.253277425413195,35.83204517368136,35.77965159024035,0.9918893612241012,0.9896896243870387,0.9885263132566117,4.979095467052254,13.452822617300237,0.05035766601939062,0.9800618775094447,-2.9035790763086067,0.9930964132350517,0.9193173196171074,0.9731385269233913,-0.9677277209225892,0.9827042450821303,0.9820989392226293,61.70018232129366,0.13765529585718808,35.253277425413195,35.83204517368136,35.77965159024035,0.9918893612241012,0.9896896243870387,0.9885263132566117,4.979095467052254,13.452822617300237,0.05035766601939062,0.9800618775094447,-2.9035790763086067,0.9930964132350517,0.9193173196171074,0.9731385269233913,-0.9677277209225892,0.9827042450821303,0.9820989392226293
2,20260815,20260814,fine,1536,0.01,0.16622928743234516,5.844801843365019,16.905232797367496,3500,750,750,457.1818778388472,457.1818778388472,65.71410767941093,0.15272287395447257,37.44497540138752,35.26287888367078,40.89923151021625,0.9895942549651467,0.9901435296159519,0.9823334236234254,5.3214102586812775,16.749536929801103,0.05864932348273621,0.9890180076013733,1.4288849542387614,0.9813669072861418,1.194707594942571,0.9723157653499147,1.6035255723172952,0.9825135695647599,0.9809002267458099,65.71410767941093,0.15272287395447257,37.44497540138752,35.26287888367078,40.89923151021625,0.9895942549651467,0.9901435296159519,0.9823334236234254,5.3214102586812775,16.749536929801103,0.05864932348273621,0.9890180076013733,1.4288849542387614,0.9813669072861418,1.194707594942571,0.9723157653499147,1.6035255723172952,0.9825135695647599,0.9809002267458099
3,20260825,20260824,fine,1536,0.01,0.16209126163735613,5.475790211410053,16.740591978946846,3500,750,750,449.7788964314894,449.7788964314894,71.968164349398,0.15502207279061683,39.14571509248368,42.063022003468234,43.33280339022392,0.9903762405655319,0.9871017149067541,0.9839969782293396,5.273466040413195,14.247080351480493,0.05200173271822375,0.9914120490112607,3.1561352811692984,0.9821092319004865,2.5711059002583028,0.9660798149892178,-0.05127901857596129,0.9820961369330419,0.9798670319669883,71.968164349398,0.15502207279061683,39.14571509248368,42.063022003468234,43.33280339022392,0.9903762405655319,0.9871017149067541,0.9839969782293396,5.273466040413195,14.247080351480493,0.05200173271822375,0.9914120490112607,3.1561352811692984,0.9821092319004865,2.5711059002583028,0.9660798149892178,-0.05127901857596129,0.9820961369330419,0.9798670319669883
4,20260905,20260904,fine,1536,0.01,0.15267169896453828,5.642135841631254,16.86315903700449,3500,750,750,443.694252091617,443.694252091617,63.42735939793661,0.14608286519336777,34.10976113270163,37.47483402888733,38.14696488807998,0.9915922944799749,0.9892401759821429,0.9853085776571754,5.397816689458133,15.27515505554987,0.05251349854818375,0.9907600831048574,-1.3067992047791481,0.9787692951825506,-0.02084362601046763,0.9806680914226258,-0.29161580148566557,0.9837176087162239,0.9833991565700112,63.42735939793661,0.14608286519336777,34.10976113270163,37.47483402888733,38.14696488807998,0.9915922944799749,0.9892401759821429,0.9853085776571754,5.397816689458133,15.27515505554987,0.05251349854818375,0.9907600831048574,-1.3067992047791481,0.9787692951825506,-0.02084362601046763,0.9806680914226258,-0.29161580148566557,0.9837176087162239,0.9833991565700112
5,20260915,20260914,fine,1536,0.01,0.16477529013074863,5.718732594321995,16.839903603211532,3500,750,750,450.1526024294836,450.1526024294836,62.85454155431269,0.14053908175760024,32.30319918603112,40.01497870944527,36.138597029119175,0.9932803928327932,0.9878115544919068,0.9867061490173251,5.026775239185773,14.973501113165582,0.05326032769424005,0.9926937258496487,1.192499959405879,0.9735414635656633,1.987110198416417,0.9745236840818439,3.179715240688978,0.9821630286874111,0.9802529578323854,62.85454155431269,0.14053908175760024,32.30319918603112,40.01497870944527,36.138597029119175,0.9932803928327932,0.9878115544919068,0.9867061490173251,5.026775239185773,14.973501113165582,0.05326032769424005,0.9926937258496487,1.192499959405879,0.9735414635656633,1.987110198416417,0.9745236840818439,3.179715240688978,0.9821630286874111,0.9802529578323854
1,20260805,20260804,fine,1792,0.01,0.14527442088078132,5.488003150079576,16.838535167146546,3500,750,750,460.17270568821,460.17270568821,60.98499291288377,0.1360596829123846,36.50142661269915,33.768798639553836,35.30557256671373,0.9912463492650675,0.9908188828698271,0.9887976749399064,4.719769210530936,13.907879661810307,0.050208729898366763,0.9806284476510981,-1.228886265136196,0.9917116859060372,1.440998768858833,0.9796073943098889,0.28208540861496445,0.9846628963471504,0.9839825092890081,60.98499291288377,0.1360596829123846,36.50142661269915,33.768798639553836,35.30557256671373,0.9912463492650675,0.9908188828698271,0.9887976749399064,4.719769210530936,13.907879661810307,0.050208729898366763,0.9806284476510981,-1.228886265136196,0.9917116859060372,1.440998768858833,0.9796073943098889,0.28208540861496445,0.9846628963471504,0.9839825092890081
2,20260815,20260814,fine,1792,0.01,0.1715522069770165,5.473418454837491,16.905232797367496,3500,750,750,457.75415849626893,457.75415849626893,65.23468799991835,0.15160867863374117,40.405268072698576,34.4821341911662,37.867680837918535,0.9878866264714992,0.990587694471735,0.9848730590847966,5.212559743281096,15.163941822741155,0.056511111023708815,0.9872292877624655,1.6857112701252617,0.9798686260419346,0.3043705997699533,0.9763359631266945,1.5389191369530124,0.9820190470940623,0.9811446256436982,65.23468799991835,0.15160867863374117,40.405268072698576,34.4821341911662,37.867680837918535,0.9878866264714992,0.990587694471735,0.9848730590847966,5.212559743281096,15.163941822741155,0.056511111023708815,0.9872292877624655,1.6857112701252617,0.9798686260419346,0.3043705997699533,0.9763359631266945,1.5389191369530124,0.9820190470940623,0.9811446256436982
3,20260825,20260824,fine,1792,0.01,0.16010691679625116,5.33431370499931,16.740591978946846,3500,750,750,450.30845113864245,450.30845113864245,75.1021607707568,0.16177281634159474,47.35401980399362,40.27882213820062,42.13725012383674,0.9860491863951281,0.9881697500397262,0.9848652260060465,5.025898389510243,14.146244588046326,0.048446865393763416,0.9944025902121718,3.637932741539503,0.9792459869545606,3.4906536528009724,0.9668690205383307,0.584722425230197,0.9829047449774808,0.9801725325683543,75.1021607707568,0.16177281634159474,47.35401980399362,40.27882213820062,42.13725012383674,0.9860491863951281,0.9881697500397262,0.9848652260060465,5.025898389510243,14.146244588046326,0.048446865393763416,0.9944025902121718,3.637932741539503,0.9792459869545606,3.4906536528009724,0.9668690205383307,0.584722425230197,0.9829047449774808,0.9801725325683543
4,20260905,20260904,fine,1792,0.01,0.15464629245903724,5.226903586972821,16.86315903700449,3500,750,750,444.1696869741756,444.1696869741756,63.21011724000091,0.14558252342960407,34.92340345205007,37.22308011374714,37.28695642802667,0.9912113562446101,0.9894022109457672,0.9860250419791395,5.417681943813997,16.256916229375282,0.05300153088950877,0.9926704626106418,-1.5161625642420482,0.9833859532853649,-0.5982558563208755,0.9834297547430338,-1.662014498084602,0.986471322169895,0.9864953902130136,63.21011724000091,0.14558252342960407,34.92340345205007,37.22308011374714,37.28695642802667,0.9912113562446101,0.9894022109457672,0.9860250419791395,5.417681943813997,16.256916229375282,0.05300153088950877,0.9926704626106418,-1.5161625642420482,0.9833859532853649,-0.5982558563208755,0.9834297547430338,-1.662014498084602,0.986471322169895,0.9864953902130136
5,20260915,20260914,fine,1792,0.01,0.1657967818128357,6.200468999244328,16.839903603211532,3500,750,750,451.6140666920813,451.6140666920813,60.75437408747764,0.13584323003348675,31.85070169327938,37.37302132416745,35.775467145939956,0.9934784498380147,0.9893811880005249,0.9869806921508064,5.001503137994449,14.385778799145479,0.05312337460693475,0.995710080179577,0.4811160839430215,0.9754407582185867,1.5560423152564766,0.9812868323929903,2.6787779053808887,0.985582928353867,0.984145890263718,60.75437408747764,0.13584323003348675,31.85070169327938,37.37302132416745,35.775467145939956,0.9934784498380147,0.9893811880005249,0.9869806921508064,5.001503137994449,14.385778799145479,0.05312337460693475,0.995710080179577,0.4811160839430215,0.9754407582185867,1.5560423152564766,0.9812868323929903,2.6787779053808887,0.985582928353867,0.984145890263718
1,20260805,20260804,fine,2048,0.01,0.15497966087398946,5.579283897753744,16.838535167146546,3500,750,750,460.71718437176116,460.71718437176116,62.87987628049938,0.1402872349352572,37.1746343145072,36.1164096669104,35.602392579789836,0.9909208585428855,0.989483334592066,0.9886109488987032,4.904464360574935,14.318113594588139,0.05069432385609643,0.9777057245856822,-0.8806766534944515,0.9887063151217896,1.9334466268336712,0.9802206059071598,0.10227809750497485,0.9828730655930568,0.9822108818715439,62.87987628049938,0.1402872349352572,37.1746343145072,36.1164096669104,35.602392579789836,0.9909208585428855,0.989483334592066,0.9886109488987032,4.904464360574935,14.318113594588139,0.05069432385609643,0.9777057245856822,-0.8806766534944515,0.9887063151217896,1.9334466268336712,0.9802206059071598,0.10227809750497485,0.9828730655930568,0.9822108818715439
2,20260815,20260814,fine,2048,0.01,0.18187269324827668,5.794699327481484,16.905232797367496,3500,750,750,458.2505341025161,458.2505341025161,70.93827077038813,0.16486409034522476,47.03420974767351,36.73502360250817,38.34787365979924,0.9838313193932053,0.9893169770508071,0.9844615482225603,5.412005252469669,16.86990380398178,0.0557138889077569,0.9924119251075596,3.37510635736855,0.983087132449612,0.13286117153158727,0.97146622955932,1.138850623623405,0.9835956532256531,0.9823217623721638,70.93827077038813,0.16486409034522476,47.03420974767351,36.73502360250817,38.34787365979924,0.9838313193932053,0.9893169770508071,0.9844615482225603,5.412005252469669,16.86990380398178,0.0557138889077569,0.9924119251075596,3.37510635736855,0.983087132449612,0.13286117153158727,0.97146622955932,1.138850623623405,0.9835956532256531,0.9823217623721638
3,20260825,20260824,fine,2048,0.01,0.1650241071197595,5.359184026697925,16.740591978946846,3500,750,750,450.4778590630977,450.4778590630977,73.06528849702144,0.15738531855366716,42.903933130389944,41.07385394777441,42.55264300807759,0.9884647842638268,0.9876784462688241,0.984649806480649,4.908933678294035,13.680175895490432,0.049152363214160895,0.9935699694994068,2.4814022955865287,0.9789830608608447,2.5837226199355996,0.957536800777295,0.16644572602498897,0.9794024927991212,0.9766966103791822,73.06528849702144,0.15738531855366716,42.903933130389944,41.07385394777441,42.55264300807759,0.9884647842638268,0.9876784462688241,0.984649806480649,4.908933678294035,13.680175895490432,0.049152363214160895,0.9935699694994068,2.4814022955865287,0.9789830608608447,2.5837226199355996,0.957536800777295,0.16644572602498897,0.9794024927991212,0.9766966103791822
4,20260905,20260904,fine,2048,0.01,0.15734646401071165,5.521767316407875,16.86315903700449,3500,750,750,444.2595636609487,444.2595636609487,63.65823579056765,0.14661460867537923,35.131635426372625,38.61463909038387,36.428681339781505,0.9910647903949393,0.9885791019124489,0.986639503147543,5.339736034688448,16.45193072631351,0.05017004430928486,0.9879261166664187,-1.375045051719475,0.9788826828296526,-0.3425521579460309,0.9817540709530175,-1.5778140315508224,0.9827175795507581,0.9828542901496963,63.65823579056765,0.14661460867537923,35.131635426372625,38.61463909038387,36.428681339781505,0.9910647903949393,0.9885791019124489,0.986639503147543,5.339736034688448,16.45193072631351,0.05017004430928486,0.9879261166664187,-1.375045051719475,0.9788826828296526,-0.3425521579460309,0.9817540709530175,-1.5778140315508224,0.9827175795507581,0.9828542901496963
5,20260915,20260914,fine,2048,0.01,0.17311710199599295,6.103745935395516,16.839903603211532,3500,750,750,451.95879034164994,451.95879034164994,62.30752401293734,0.13931598250225427,32.726699344080316,40.07953360705247,34.71054140324071,0.9931060496105419,0.9877779086916035,0.9877239166973497,4.794275181017484,14.463212827803211,0.051637823191844845,0.994430018800668,-0.6613332120872784,0.9789925692445476,1.0375338729294867,0.9771924543091302,2.645666776378441,0.9852974058310544,0.9835383474514486,62.30752401293734,0.13931598250225427,32.726699344080316,40.07953360705247,34.71054140324071,0.9931060496105419,0.9877779086916035,0.9877239166973497,4.794275181017484,14.463212827803211,0.051637823191844845,0.994430018800668,-0.6613332120872784,0.9789925692445476,1.0375338729294867,0.9771924543091302,2.645666776378441,0.9852974058310544,0.9835383474514486
