replicate,label_seed,model,n_basis,selected_regularization,parent_validation_nrmse,parent_n,parent_rmse_3d,parent_normalized_rmse,parent_rmse_x,parent_rmse_y,parent_rmse_z,parent_corr_x,parent_corr_y,parent_corr_z,parent_median_direction_error_deg,parent_p90_direction_error_deg,parent_median_abs_relative_speed_error,parent_mean_residual_x,parent_mean_residual_y,parent_mean_residual_z,parent_mean_residual_magnitude,parent_calibration_slope_x,parent_calibration_intercept_x,parent_calibration_slope_origin_x,parent_calibration_slope_y,parent_calibration_intercept_y,parent_calibration_slope_origin_y,parent_calibration_slope_z,parent_calibration_intercept_z,parent_calibration_slope_origin_z,parent_vector_gain_through_origin,unweighted_n,unweighted_rmse_3d,unweighted_normalized_rmse,unweighted_rmse_x,unweighted_rmse_y,unweighted_rmse_z,unweighted_corr_x,unweighted_corr_y,unweighted_corr_z,unweighted_median_direction_error_deg,unweighted_p90_direction_error_deg,unweighted_median_abs_relative_speed_error,unweighted_mean_residual_x,unweighted_mean_residual_y,unweighted_mean_residual_z,unweighted_mean_residual_magnitude,unweighted_calibration_slope_x,unweighted_calibration_intercept_x,unweighted_calibration_slope_origin_x,unweighted_calibration_slope_y,unweighted_calibration_intercept_y,unweighted_calibration_slope_origin_y,unweighted_calibration_slope_z,unweighted_calibration_intercept_z,unweighted_calibration_slope_origin_z,unweighted_vector_gain_through_origin,query_primary_n,query_primary_rmse_3d,query_primary_normalized_rmse,query_primary_rmse_x,query_primary_rmse_y,query_primary_rmse_z,query_primary_corr_x,query_primary_corr_y,query_primary_corr_z,query_primary_median_direction_error_deg,query_primary_p90_direction_error_deg,query_primary_median_abs_relative_speed_error,query_primary_mean_residual_x,query_primary_mean_residual_y,query_primary_mean_residual_z,query_primary_mean_residual_magnitude,query_primary_calibration_slope_x,query_primary_calibration_intercept_x,query_primary_calibration_slope_origin_x,query_primary_calibration_slope_y,query_primary_calibration_intercept_y,query_primary_calibration_slope_origin_y,query_primary_calibration_slope_z,query_primary_calibration_intercept_z,query_primary_calibration_slope_origin_z,query_primary_vector_gain_through_origin,unweighted_validation_nrmse
1,20261202,naive,512,0.0001,0.0815656599553562,1489.0,38.75528423654564,0.0911954655332003,22.32696492778924,20.675669298871277,23.999904008400204,0.990090798516287,0.9964323785213396,0.9914293667025804,2.010085802011633,8.290549803635038,0.0185489067412824,0.2451318177545386,0.3515611869395659,-0.4947920707078992,0.6546022223254452,0.9795764146059768,1.3313505578103744,0.982095958834176,0.998679098915038,0.6133005088067307,0.999906874556652,0.979243170030425,2.426599347008363,0.985625142531604,0.992903380217132,1489.0,27.5037721947818,0.0603943152838461,15.55549368903878,14.88000467632214,17.119274571819854,0.990872267985714,0.9974989676955373,0.9942546576477018,1.0026856765896452,4.6628527993829385,0.0091299114764387,0.1389224338534214,0.3736474651944661,-0.2189151714795706,0.4547919559292334,0.9817848519921132,1.462492370074628,0.9874999488927256,0.998531876214138,0.8219676328874925,1.0003582616434723,0.9872675650795596,1.826022590369547,0.9929771110243688,0.997377283014353,266.0,25.900875100217,0.0616163541660008,12.40680494051762,14.212198916923487,17.74654682102372,0.9950447750526792,0.9975510106952592,0.994854918348657,1.8404057260346536,5.346977465841244,0.0180982105309236,2.6406955984803155,3.3908208329145064,0.8813676834228248,4.387225564994631,0.9810927068177874,4.085252258334279,0.99625907049296,0.995665387081182,4.4590199535780926,1.0066907185290723,0.9913275784900072,2.2757710380703884,0.9978092123713708,1.0026382286738649,0.0551115307229279
1,20261202,naive,768,0.003,0.0634633015834331,1489.0,29.829851180897084,0.0701929354620175,16.36606278376297,17.48158178308281,17.786689090265902,0.994687615962585,0.9974395626815048,0.995298236905682,1.5097977562267122,5.779509659885976,0.015281117964481,-0.0340705612042505,0.4093852660148592,-0.1746070407479541,0.446368365646119,0.9903590920324348,0.4786765742026162,0.991264974253035,0.9955474648773692,1.2916644441114895,0.9981332676263426,0.9886810008448028,1.418469890440463,0.9924115861372214,0.9953690541629314,1489.0,21.235022125486275,0.0466290446351714,11.454813505382518,12.513218250125076,12.772344391361136,0.9950617217645938,0.9982275156285708,0.9968062225308324,0.7919720406540649,3.578720773268944,0.0077889725650607,0.0878432306064011,0.3102871460005828,0.0526648543944222,0.3267539334498394,0.9915852687559116,0.6992840649731704,0.9943179163061836,0.9966176327629712,1.3431588026735994,0.999602088072808,0.9921312204481488,1.3164580365935876,0.9962474771056434,0.9982974661451838,266.0,21.41548576002699,0.0509459294375623,10.706986086261152,12.510439083465457,13.692055843642652,0.9962674506159012,0.9981322565006068,0.9969372519654056,1.5318347632116505,4.46607667092575,0.016232475937699,1.8325961850291417,3.344001184693754,0.020136500496854,3.813287057024275,0.9827312419935944,3.1519653377234818,0.9944328088933932,0.9969402525637412,4.09802918721158,1.0070730015853917,0.99705383425845,0.4938384981028889,0.9984603379390397,1.0028491795529346,0.0430328071525672
1,20261202,naive,1024,0.01,0.0520517885529092,1489.0,25.34231683107191,0.0596332713493589,14.097577422544664,15.37263684139959,14.393518323336826,0.9961045297032696,0.9980230204244196,0.9969223358871532,1.3010738654152192,4.773392352476887,0.0127707176695524,-0.793587748023127,0.6150462041725082,-0.1486963879316092,1.0149748582419846,1.0001062084342578,-0.7992363934209337,0.998593675592928,0.9970031326823552,1.2088817520242117,0.9994232114975756,0.9937497414032234,0.7309876413683867,0.9956722437856896,0.9981826512205744,1489.0,18.04661300227681,0.0396277582488066,9.924153379599076,10.957644264850954,10.349949406500388,0.9963286418137132,0.9986417008123412,0.9979035707466922,0.6659755790175107,3.1918695728423248,0.0062782409908529,-0.3410896295599416,0.3567476496085401,0.0876752284696776,0.5012962862237921,1.00033046786327,-0.3651024637418061,0.9989037281402928,0.9974218153974364,1.144046489458276,0.9999638496031968,0.9951206816556584,0.8713354157610524,0.9978451438917036,0.9993440518474694,266.0,19.24004917085441,0.0457707193017854,9.412360876581404,11.333378487725197,12.37503482337981,0.9971446140665904,0.9985336607636288,0.997499433617934,1.2897720890954176,4.104458727761575,0.0138558658533632,1.77355801604178,3.628299647031853,0.1901750101859665,4.043047476770061,0.9846651796720056,2.945170293853621,0.995599026822025,0.991581104694371,5.703007753813353,1.0056823088581306,0.992129767037133,1.4555977335435557,0.9962754615861644,1.0015025519687557,0.035564922284765
1,20261202,naive,1280,0.003,0.0433927017350995,1489.0,21.15005463362813,0.0497684152332321,11.129182706889166,13.321312196031627,12.083407824698844,0.9975696605499528,0.998517297992622,0.9978337351381974,1.0513397590592757,4.089074372524294,0.0106921978911817,-0.3228514035383996,0.5312433697243006,-0.286614296225281,0.6845438637833646,1.0015812007995524,-0.4069468210240856,1.0008110651594082,0.9989592732917476,0.737465550906677,1.000435616824699,0.9944154262437324,0.4993788379420323,0.9957287959251946,0.9990993298793664,1489.0,15.18843054593914,0.0333516019752477,7.882529661556073,9.569659729024238,8.773583147961691,0.9976868739660296,0.9989640800797744,0.9984938956483972,0.5872403468225456,2.6416746957849275,0.005638302685049,-0.1399767472954639,0.2599239406796005,0.0015146229942858,0.2952223548524831,1.00201728214601,-0.2865588118594644,1.0008974736526384,0.9986220511399598,0.680707439969467,1.0001345610007586,0.9963722789935492,0.5841575912795918,0.998198803278632,0.999723525374098,266.0,17.755010408596085,0.0422379168782571,9.82367768367153,10.607374415770924,10.306277668505626,0.9968469613204456,0.9987099780889064,0.9982680671673244,1.3099282080396295,3.7051484483086297,0.0113943243937513,1.7042229997036489,3.2714720535125,0.4704035787413889,3.718626756818289,0.9864580804883252,2.738853913249727,0.9966259849100833,0.9913889163107472,5.393542050786579,1.004724938442772,0.9948249943819186,1.302471667897123,0.9985345698844332,1.001803919827742,0.0302507123076306
1,20261202,naive,1536,0.01,0.036869865180543,1489.0,17.992020487762197,0.042337211985072,9.68977224667407,11.050265379150082,10.378475325884668,0.9981526425665672,0.9989793334632712,0.998406352947087,0.8796771738620407,3.33474558169273,0.0092483771515604,-0.0125980923106937,0.4474111497043788,0.3669971382990045,0.5788111508336043,1.0011530168722824,-0.0739207499200844,1.0010131238908937,0.999026466321954,0.6403188909482651,1.0003083304748166,0.9941878246418752,1.18502374613729,0.9973044450145032,0.9995279019051078,1489.0,12.961794818172676,0.0284622311932094,6.8627759629179765,7.95529462805499,7.591028808537266,0.9982420316627348,0.999284131499128,0.9988763528471476,0.474333258209154,2.221164317053921,0.0047904169190117,0.0711253797728119,0.2211159125829024,0.3092274109405135,0.3867462451300203,1.0013859602931594,-0.0295828536177822,1.0012703570404644,0.9988759969842864,0.5643521065229606,1.0001299690667964,0.995821307160336,0.9803611600146382,0.9988866674221044,0.9999242808554716,266.0,16.25926347631387,0.038679640473865,8.647988631616958,10.149009471954525,9.304490752201083,0.9976084745352022,0.9988779450440008,0.9985872050318676,1.1944672537554295,3.59322470546677,0.0104094354851053,1.9672422248500083,3.765649456119238,0.0249440687605529,4.248620953223559,0.9894864711203676,2.770497773662669,0.9997718523256292,0.9915708926978788,5.842874153396195,1.006017929226122,0.999506288408025,0.1043259460465435,0.9998034196111596,1.0033049982280846,0.0257054837949649
1,20261202,naive,1792,0.01,0.0344983966551996,1489.0,16.294751655501024,0.0383433509067137,8.555086564108613,10.206521911780754,9.389160551369908,0.9985555590272196,0.9991301652734172,0.998696918505676,0.764836024458879,2.9645603013400805,0.0078683843144592,-0.1187440312475122,0.3107027909670447,0.3156316218784552,0.4585408269731774,1.0000105978772094,-0.1193076743399146,0.9997848113925756,1.0002383779023605,0.2634677093835194,1.0007658179277443,0.9945627495558412,1.0808899395898948,0.9974054973212556,0.9996174425114258,1489.0,11.69400301445601,0.0256783433190047,6.054612941691469,7.32719977982968,6.812012332260727,0.9986274045023448,0.9993933531570992,0.9990961338447436,0.4307303393569494,1.7891688743594614,0.0040544813191957,-0.0246243880073736,0.2224246732360632,0.2189756245745797,0.3130965025463147,1.000398891088832,-0.0536090689320758,1.000189398697646,0.9998450253275052,0.2697492052884627,1.0004443993154843,0.9957599261675566,0.899967685179746,0.9985739148194372,0.9999582655377676,266.0,15.508846360807407,0.0368944511093216,8.486396045282216,9.314046239564798,9.041788553875628,0.9977665196997498,0.9990577899907124,0.99866693983997,1.1355298875110873,3.307986225951244,0.0107840265185241,2.27266004885378,3.624529113718952,-0.1246771350076346,4.279922824286212,0.987026218344898,3.26388404441758,0.9991432797357196,0.9954564053868696,4.74422857969131,1.0071869410427328,0.9999228017558665,-0.1122647435586259,0.9996030600273008,1.003827150984449,0.0238589946896281
1,20261202,loss_weighted,512,0.03,0.0809933280510223,1489.0,38.324909601936106,0.0901827464697213,22.093014591175464,20.437918729848167,23.72738671372817,0.9903056462247136,0.9965029822664344,0.9916321196384436,2.0989441353446288,8.166741365077398,0.0191830375633518,0.246476787624348,0.1968934665455078,-0.5344380124486612,0.6205979641893778,0.9768960421439872,1.475249870728824,0.9796879118548918,0.9965193633257096,0.8865889275958807,0.998294239220636,0.9780105368851062,2.5604386579388745,0.984744507668568,0.9913838742081238,1489.0,28.192761041816794,0.0619072353793223,15.855827023063522,15.23553585191893,17.64377997710706,0.9905172891110984,0.9973715939454808,0.9938981288831876,1.339455126125542,4.754864899981174,0.0120671851298595,0.0705507359921691,0.0657725303300366,-0.2918156503063958,0.3073431402501071,0.9786454274047752,1.6222411354143844,0.984984787168122,0.9966985561146112,1.073932666811686,0.9990847996797758,0.9857449554725352,1.99766621496164,0.9919911909226716,0.9960637087340986,266.0,26.00823219362969,0.0618717491155673,12.544144083636684,14.678573878398057,17.42446727860364,0.9949541412716896,0.9973532471553752,0.995030514521972,2.002849923907217,5.184709283373212,0.0171752353601426,2.467937637438636,3.0997687801512943,0.4684466656238707,3.989827684402042,0.9760706443296856,4.296190352749932,0.99202010869254,0.9953109799941692,4.255306112044906,1.0058326104838202,0.9902092312863462,2.042664515063791,0.996026953415512,1.0010911045468398,0.0574087529290788
1,20261202,loss_weighted,768,0.03,0.0631466180129212,1489.0,29.591055837876983,0.0696310236375303,16.355591293299952,17.377827711543507,17.496751786397233,0.994694622025914,0.9974694347433124,0.995460653729712,1.614384697081483,5.623791009394585,0.0160149839853259,-0.0805866728641512,0.3088323158253234,-0.2172365794585969,0.3860872214878619,0.9883775298173136,0.5375489127646347,0.9893948263156592,0.9941252517998131,1.472925999722662,0.9970739248212628,0.9861555601668984,1.7312800182490378,0.9907088381861676,0.9939928892800066,1489.0,21.75893539287558,0.0477794825761206,11.92267096800374,12.770600678930538,12.969693316318358,0.9946478844511902,0.9981533849025682,0.9967162177217336,1.0253791270896404,3.58003713059351,0.0101378132334368,0.0964070151687439,0.0423976852961855,0.016740869921675,0.106640203572364,0.9894185391745016,0.8652892347295307,0.9927998982329996,0.9951026684677922,1.5378931706982255,0.99851981722944,0.988812873713013,1.813488870895867,0.9944832296458408,0.9970072188029594,266.0,21.28958951685641,0.0506464311589384,10.600861951091602,12.234936554752991,13.826593043527009,0.9963425072506686,0.9982269264803102,0.9968737806628746,1.7230590780813049,4.255515858483805,0.0165317891106679,1.6131004220848606,3.421555568230706,-0.0300438585914998,3.782861101290923,0.9807180316188552,3.0862830491083884,0.9921757551980556,0.9955191191896744,4.525800175773014,1.0067095707965974,0.9958785649658112,0.6326249047998544,0.9976803468448096,1.0021321165021415,0.0447726112683852
1,20261202,loss_weighted,1024,0.03,0.0516949879700022,1489.0,25.134673519068453,0.0591446636955631,13.959943412417353,15.216932943848866,14.328877995665728,0.9961757157024104,0.9980611805402946,0.9969515693271734,1.383089857500265,4.526970655301267,0.0146949758281199,-0.7993990825615906,0.4546614968910825,-0.1697909146742295,0.9351924532744392,0.999499680255179,-0.7727898133094016,0.9980371968376356,0.9965700350981208,1.134316239904564,0.9988408400774804,0.9921810177352316,0.9306809645603096,0.9946287148923736,0.9974676602054146,1489.0,18.56094665419881,0.0407571607364102,10.337447573865932,11.123745161941615,10.672779016252884,0.9960131955451926,0.9985989058509048,0.9977751037151338,0.8902481155008093,3.26914699432846,0.0083143920553451,-0.393720689768637,0.1330974475511757,0.1590927644445097,0.4450184488255803,0.9995394808150496,-0.3602579175754385,0.9981316725076111,0.9969957039897164,1.0505176978736015,0.9993299202530922,0.9925912804653731,1.348996379736974,0.99680927691849,0.9985981887055884,266.0,19.69522677696268,0.0468535547070711,9.944258289675718,11.307617492775307,12.694544950540184,0.9967656405458732,0.998534320001779,0.9973726966773602,1.4173818026384537,4.059010410337235,0.0159309058995001,1.5884313126205207,3.526914271839145,0.2623983059751857,3.87699512339062,0.9847240896963464,2.7555427416236995,0.9949539508405852,0.9911483079570804,5.708278521362473,1.005262544571876,0.990741912568426,1.7509685002781907,0.9957288539464244,1.0010160211392982,0.0373303152296889
1,20261202,loss_weighted,1280,0.03,0.0434551629938924,1489.0,20.99098792110177,0.0493941136847997,11.059434012033249,13.140710588656138,12.067817468892336,0.9975850107096664,0.9985544246010832,0.9978461777971472,1.0664005525041862,4.071113137906271,0.011453911056974,-0.3094947180356797,0.3774380596884385,-0.2025199201016566,0.5284513103695926,0.9985369074698504,-0.2316808330579149,0.998098457880228,0.9975139958141562,0.870045005938664,0.9992557521800168,0.9916477528701456,0.9730055873851596,0.9942067640681996,0.997579563625697,1489.0,15.800101078251284,0.0346947422076739,8.342384493416573,9.816164063563328,9.148264213727542,0.9973938541005192,0.9989093799499542,0.998367774654001,0.7654724805981331,2.688662185071544,0.0073846015411768,-0.1478765068921464,-0.0824495248110992,0.1134006707010281,0.2037770780721967,0.9992408081627452,-0.0927112405336458,0.998878513128414,0.9969648615465632,0.8443890657218844,0.998841066672678,0.9934817571664004,1.1602861246319094,0.9971097007486148,0.9984156093645856,266.0,17.96254128810563,0.0427316181961765,9.86153604033228,10.921031032549042,10.302139468975748,0.9968123629952136,0.9986253433989032,0.9982740615777608,1.4056631741366898,3.72737864904394,0.0128153330092696,1.6076467489850734,3.10376747293213,0.3840009178137838,3.5164409991404098,0.9861685649566284,2.6643972533902627,0.9960600514952156,0.9889979459635602,5.8150555780815125,1.0033761985400724,0.9927442710839008,1.5506200367489384,0.997160599088424,1.000538290669711,0.0323612582018121
1,20261202,loss_weighted,1536,0.03,0.0367834348430658,1489.0,17.789503209031185,0.0418606664538957,9.541462338511046,10.898813667381004,10.326799190001486,0.9982027956939076,0.9990060766338184,0.9984268094999162,0.8960049834147061,3.328568414366292,0.0096118054363289,0.0090855810903493,0.3526462366136606,0.4082077125968583,0.5395140893480785,0.9996942717175928,0.0253455953488312,0.9997422375580668,0.9984323217458584,0.6632849724102527,0.99976016204744,0.9929787065512468,1.3964099791530202,0.9966512741295384,0.9988361565905404,1489.0,13.456347040876206,0.029548196516466,7.051744004184753,8.293183760799998,7.910074923383801,0.9981370611701303,0.9992213902228252,0.998784479700223,0.6152746665421739,2.2314611695792803,0.0067753473229838,0.0821656462537345,0.0382457996107833,0.3919181487217232,0.4022608232349066,0.9997176211934654,0.1026841783454415,1.000118888264263,0.9982347957772998,0.5772852598759073,0.9995175049072236,0.9942050856849112,1.3226308665681188,0.998340643339302,0.9992799458078382,266.0,16.63032227029106,0.0395623631609419,8.752458707323921,10.277938163560682,9.712161062109264,0.9975434290102216,0.9988470823131254,0.998459355859349,1.2784296543725124,3.447238783077783,0.0111335611683115,1.9757362991266547,3.758650417149908,-0.1812164225946252,4.250156029353024,0.9901735976556072,2.7264939465698745,1.0002956161105203,0.9909437117457546,5.990434276710488,1.0057556040685371,0.99847041847007,0.0647187656435903,0.9986547442819108,1.0028510484083075,0.0273835185627652
1,20261202,loss_weighted,1792,0.03,0.0350726122216396,1489.0,16.28416131964496,0.038318430676413,8.526339847445493,10.305008213578514,9.288823628865163,0.9985620943584076,0.9991115598000466,0.9987301230079506,0.7903601712459308,2.9148976802816344,0.008261343173199,-0.1187439342989908,0.2684490069856009,0.3136720363379578,0.4295988101295899,0.9985535444248927,-0.0418148779150229,0.9984744109211842,0.99921096221391,0.4247985000777987,1.0000613728095322,0.9931309724726188,1.2804438457116305,0.9964985483448824,0.9987586987288158,1489.0,12.099822667266018,0.0265694647217932,6.252703695687782,7.669539451229094,6.963301636383238,0.9985323684219838,0.9993341148377346,0.9990631114795392,0.5506257470264276,1.84000670311496,0.0054210560314666,-0.0587116237136331,0.0148879210335706,0.2392520867933523,0.2468000526474151,0.998793598973302,0.0289492687080041,0.9989067263162228,0.9984787597753314,0.4794282269617724,0.9995440337509728,0.9935394762310868,1.2768673661116168,0.9975319421133224,0.9989885504531624,266.0,15.623411027090848,0.0371669923661446,8.534452745888727,9.26551238461912,9.24144840920978,0.9977448961183129,0.9990769364500912,0.9986055319840658,1.2462147458061852,3.332261072856195,0.010624448288216,2.2581544753729705,3.6860270126721617,-0.2562217575360453,4.330324048132044,0.9860522529970468,3.3237914562407127,0.9983917186696838,0.9948957208966652,4.9438986039584165,1.0071199588056403,0.9985206324343756,-0.0183602682291734,0.9984683404706256,1.003339307583464,0.0257642972761409
2,20261212,naive,512,0.03,0.0832814613283247,1489.0,37.95115058709762,0.0904286017435713,20.873288423802915,23.3099363525512,21.476557650175383,0.9899659456875776,0.9954038509912524,0.9930901313373534,2.0313302117464263,8.38957121333405,0.0186021381094943,0.298274300891252,0.9437141978673786,0.0954345240713375,0.9943197645694054,0.9821816653621036,1.420011319626326,0.9856501220225012,0.98599975331823,3.607440960390989,0.9932096502143052,0.9816801786561976,2.795429155962552,0.9891491104915736,0.9908317664754012,1489.0,26.85431632530376,0.0592897342487392,14.531917001103368,16.456363514068176,15.464986048017147,0.990907340308424,0.9969501261521242,0.9952378567956696,1.0334815372279396,4.629847361061256,0.0087447041228094,0.0703852971575482,0.5176675623104827,-0.1192308416897021,0.535863591536567,0.9831140066268692,1.3803000795355018,0.9891696258275924,0.9897608417796168,3.570264676513659,0.9977532629764996,0.9869267401528754,2.1130058691237537,0.9935723256239478,0.9959069892069204,266.0,26.21909240854637,0.0623733706874854,11.99340149310898,14.350077965031554,18.37591874575257,0.9953761001928684,0.997496429614335,0.9944842790190882,1.9126770595469484,5.561099596311581,0.0167399153683814,2.378568990260279,3.339513178689528,0.9555704980551316,4.209875733180514,0.9787175460611984,4.004592889030391,0.9935844644998676,0.9938056246249964,4.866022339383704,1.005837306403297,0.987087165100388,3.031772661578003,0.9957219706564592,1.0011785117966876,0.0565851534502424
2,20261212,naive,768,0.1,0.0670112719486992,1489.0,30.436537331242004,0.0725230584633696,16.65405471440245,19.84617909619573,15.973554443751745,0.9937231578706992,0.9966967993336492,0.996299915106685,1.5613326002104526,6.348913414708625,0.0144637088833642,0.3030723072142361,0.5748680497576375,0.691928994436981,0.9492585692923092,0.9734986458180284,1.9714409082451,0.9783139999312496,0.9847730669278256,3.471987654680106,0.991712244391724,0.977521175530434,4.004881902658752,0.988221568304076,0.9886584355157212,1489.0,21.533423928468604,0.0475421145233681,11.563032331377157,13.938515431700074,11.649138034504094,0.9943429426606162,0.9978253495144448,0.9973665704899504,0.7704329009936707,3.7740164807051233,0.0071055468508496,0.0284746619170534,0.1196676206091051,0.1588597604183144,0.2009168217788134,0.9753590952094968,1.9399692789650655,0.9838700816165016,0.9892511302940976,3.3242248643740027,0.99669276492808,0.983027794465087,3.0568347644749,0.9926418031127242,0.9945155199591218,266.0,21.14171029380932,0.0502946369224191,9.720103543595052,12.539495353027604,13.97328012817867,0.9969621671788615,0.998094221450092,0.99683303868551,1.4168170695285902,4.179287460987637,0.0136318948656056,1.1051434489948029,2.9147027160324708,-0.0781353610075323,3.118162776434702,0.977876932421347,2.7953919842641,0.9882547325587854,0.9927021091793184,4.713156396523175,1.0043558160428,0.986190712848185,2.142203711256741,0.992291933016378,0.9986262868774024,0.0452733939568618
2,20261212,naive,1024,0.03,0.0560955609026391,1489.0,24.28225464352024,0.0578588606834332,13.04614832303255,16.26824903251654,12.440658259200736,0.9961091457112956,0.997755302267536,0.9976968121364328,1.2663242339159475,5.159226011125595,0.0129619148853989,-0.5830269688921464,-0.2676689061580646,0.1576934860858186,0.6606317622801048,0.9876183460386864,0.1964487724621477,0.9880981830962194,0.9949409625396,0.694877953350101,0.9963297582133248,0.9902623187717132,1.5928432372779469,0.994518136715907,0.9945578472740672,1489.0,17.33234458278332,0.0382668503555424,9.189171758423011,11.50720572011472,9.140760780454665,0.9963835712913603,0.9985042372792368,0.9983419086092716,0.6582132071672587,3.0525555950777017,0.0065649235998254,-0.2448809530411513,-0.0694227044180916,-0.0423246431570119,0.2580262941435091,0.9890047081713832,0.6080682922062408,0.9916724107095696,0.9970740355586922,0.8028941811650157,0.9988714004752516,0.9934337022190292,1.0788594480503375,0.9968268081152593,0.9977098321254814,266.0,19.107990150100484,0.0454565602101676,9.195152747851388,11.101521131424953,12.54275416679062,0.99724874870767,0.9985816045436192,0.9974393954483832,1.2961170538540383,3.882946880602273,0.0136258412988979,1.370627107180032,3.4117600524245115,0.1836485686027426,3.6813655236890352,0.983914521872706,2.599591207529315,0.9935654181128925,0.9915591000812604,5.491890859875156,1.005138298567954,0.989879780069596,1.810837538196296,0.9950372347277636,1.0005632572640737,0.0380734390314788
2,20261212,naive,1280,0.03,0.049028289934827,1489.0,19.94382272956691,0.0475214051473193,10.479995176058845,13.491821587913371,10.290603306807991,0.9975040709759776,0.9984565435444857,0.9984264917201534,1.078583139425367,4.294971122956969,0.0098758863637994,-0.5280226213347726,-0.2166614944660743,0.4221223402222955,0.7098854569155962,0.9889290179654036,0.1689409633284668,0.9893416656685394,0.9966726551887832,0.4164085951719585,0.9975048969553966,0.9927491546370144,1.4907595932464517,0.996732221695302,0.9960683636661304,1489.0,14.34050555161526,0.0316613818370302,7.434655066971461,9.617094529936306,7.608383291694293,0.9976416363670636,0.9989555156895212,0.99885321609038,0.5697353029876832,2.647089360689653,0.0052302034556622,-0.2967366924961596,-0.0229564806445558,0.0695776527646712,0.305648023781253,0.9908228144812012,0.415174695010819,0.992644258884514,0.9982560859628448,0.4969560788313174,0.9993685755562636,0.9944602479713216,1.015480816307985,0.9976540226113364,0.9983352612359884,266.0,17.272086567421255,0.0410890751376634,9.33871233880988,10.362405984590234,10.18498740578418,0.997167913702175,0.9987536851415528,0.998317139187063,1.285724552535172,3.646695591620421,0.0125845620326773,1.512774610666728,2.9960272143236604,0.4418339594846977,3.385244945258731,0.9841631069710488,2.722746290689571,0.9942712123776564,0.9914999920177716,5.090724300845892,1.004087269785304,0.9921105605876984,1.710344809669493,0.9969818014470462,1.0006739000568483,0.0333994286704716
2,20261212,naive,1536,0.03,0.0440823667735749,1489.0,17.262104790703205,0.0411315065610945,8.541338404087737,11.534079347124086,9.591184164967322,0.9983678715819844,0.9988727908583632,0.9986267878479288,0.8635448640703043,3.7076195914153023,0.0096327471927215,-0.43690630289394,-0.2413618391000617,0.1521604172307517,0.5218193628585008,0.9881178682655564,0.3111224718976402,0.98887780221463,0.996853229536494,0.357351661432375,0.9975674390448012,0.9948692080574356,0.9083419564661596,0.9972961499606448,0.9962108993396342,1489.0,12.493657653020172,0.0275838577705409,6.090440519606211,8.370848682668003,6.994777205878942,0.9984333001861124,0.9992089809720602,0.999028594238494,0.4917010607275754,2.118096785097298,0.0048955627743462,-0.2629563171474763,-0.0883279843335601,-0.0946182832547705,0.2930878316653112,0.990305107848458,0.489115667144091,0.992450944300434,0.9978468100175696,0.5536018877542688,0.9990861073423388,0.9959863481735924,0.5907058865467718,0.9978441690697266,0.9981855497628842,266.0,15.849179912914536,0.0377040806141189,8.428830096278736,9.913853133096932,9.048029795230764,0.9977653180464026,0.9989073650640352,0.9986615172407776,1.1952292170075038,3.54504872799747,0.0107214796254857,1.9507838042457908,3.4114246094795004,-0.0448105052226925,3.9300614878711952,0.9857321616483556,3.0408764322046977,0.9970213146665052,0.9913999488790604,5.53077579887119,1.0050752939058516,0.9974355114957256,0.3675231629685243,0.9984822558937484,1.0020308650864176,0.030170192063225
2,20261212,naive,1792,0.03,0.0390024191545113,1489.0,15.861224180877706,0.037793539917225,7.621357384141111,10.40850283145422,9.228023241565182,0.99870438764448,0.9990829826291248,0.998731164560918,0.7826086502200401,3.742215732769112,0.0072915687732888,-0.345503368612178,-0.0286086062161452,0.1800423473458829,0.390648533735644,0.989166807694773,0.336490380343676,0.989988704171746,0.9964085486578524,0.6547111433449118,0.9977170662169912,0.9943806095721722,1.0082340477397622,0.997074446888926,0.9963848993510572,1489.0,11.355830234602148,0.0250717295732809,5.401620996678965,7.420215539774097,6.687134832544963,0.9987734094397888,0.9993791651462728,0.999113378025924,0.4082774329494024,1.9018504286505808,0.0038908542408608,-0.2145826572088172,0.0515682363094986,-0.0509386866819191,0.2264944802235758,0.990787612223529,0.5000595117617763,0.992981461246524,0.9974657628267776,0.8070995910534862,0.9992725420053544,0.9956791296085878,0.6868425265094231,0.9978393085185396,0.9983510169767772,266.0,15.282590590282537,0.0363562045970003,8.13996743258018,9.241281797458353,9.049708066379337,0.9979775496828216,0.9990597791520786,0.9986617511808789,1.169823972617462,3.047626973672921,0.0103529754163588,2.0602214210201644,3.376992928149357,-0.2109881757688358,3.9614529595484753,0.983113576576907,3.3503794135926626,0.9955517491604224,0.9935531537253012,4.965719684300922,1.0058313462354738,0.9976129801570304,0.1728110287338324,0.9981051640367692,1.002165678135725,0.0269880135195534
2,20261212,loss_weighted,512,0.1,0.0825693921218478,1489.0,37.68449740324344,0.0897932303729177,20.795607243937614,23.118151414554987,21.28885011137663,0.9900389117666468,0.9954892031246052,0.9932242517977706,2.065327056284238,8.172694433403699,0.0193808680780393,0.2887395670580447,0.522884000306677,0.0190517144541697,0.5976129041321174,0.9791704071428028,1.600047602737412,0.9830786124422708,0.9837516014010248,3.614350542292584,0.9909753079127396,0.9796430899767,3.0192746289312997,0.9877101004919434,0.9887971674090268,1489.0,27.496089646811598,0.0607066599011818,14.880326292057854,16.725267763659115,15.964844300565447,0.9904648669098056,0.996861369182118,0.9949415493288508,1.3118051296282258,4.66778449182664,0.0113997821505757,-0.0748707541524287,-0.2753099264688459,-0.0954038307652143,0.3008372921768716,0.9792255144755112,1.5366900870430982,0.9859672441433028,0.9869621021674484,3.611674573848177,0.9950472238700931,0.9829863110824358,2.80965438977492,0.9918229161597168,0.9934113317703004,266.0,26.217888688798208,0.0623705071231451,12.026235770087764,14.681199037921257,18.088939584989905,0.9953956994599108,0.9973306574283974,0.9946569814064906,1.9262289857233703,5.615902295208157,0.0163376919981622,2.2136321055190904,2.767162031369689,0.538629494495474,3.584337391873058,0.9738443405412942,4.211979076702207,0.9894811733315244,0.9919561482965512,4.749446373085476,1.0036995854200452,0.9843080846512292,3.061668691559305,0.9930280372267516,0.9986341617593106,0.0583125288218306
2,20261212,loss_weighted,768,0.1,0.0668673721554329,1489.0,29.32018663243951,0.0698630591962462,16.155085576007295,18.981431216803166,15.439942459566872,0.9940215088078128,0.9969519879163652,0.9964830863986448,1.5804683843297882,6.406526221141303,0.0166062796331262,0.1211815878361348,-0.1933693769166906,0.5254056790531614,0.5728244240087442,0.9814765079463682,1.2873111490472908,0.9846208370564294,0.9894987064528246,1.8046366081600809,0.9931054858908188,0.983049718568382,3.0235560712182235,0.9911281684007444,0.9912446494093172,1489.0,21.468473336314304,0.0473987147323819,11.606356670939611,13.632030082410228,11.84717637461501,0.9942333712949571,0.9979137446643191,0.997253015157454,0.9857445452071532,3.836881385952177,0.0100955815206033,-0.1657765127402549,-0.6416466356396003,0.0994528018157246,0.6701366405390289,0.9817294449178994,1.2515443197063831,0.9872201899561238,0.9916132645425084,1.858688245811834,0.9957741379455216,0.9846848366956256,2.714490685243618,0.9932221437248282,0.9943615057598872,266.0,21.323221503703728,0.0507264392824042,10.27706553619335,12.25347936252811,14.103685432286746,0.9965698918874052,0.9981798236852576,0.996750316960174,1.5752823133175204,4.327147606066181,0.014481805339374,1.3290542471971452,2.8780858070483077,-0.1923180294406949,3.175964314845749,0.9792038358707488,2.9179245895996075,0.9900365342463052,0.9938302713928874,4.398521148400022,1.0047060140552972,0.990341435291239,1.3606432761714018,0.994216689616806,0.9996462739378246,0.0467979458184417
2,20261212,loss_weighted,1024,0.1,0.0556916863179518,1489.0,24.181616038254724,0.0576190627269866,12.900698172137997,16.233939639871533,12.44113116488938,0.9962235491468464,0.9977704987739784,0.9977199889761992,1.3223690749010577,5.125716632156815,0.0140069425531433,-0.7007162162569609,-0.3428058011839607,0.1108984664318711,0.7879197312593397,0.9841600695612178,0.2964721691031755,0.9848842193305444,0.992240065291288,1.1336214524834247,0.9945057416755516,0.9868925614091262,2.0426866192227635,0.9923502876718244,0.9924227547766632,1489.0,17.902769879592643,0.039526251780881,9.451440504914592,11.790000708660656,9.600798145648652,0.9961972636041329,0.998442695224031,0.9981958756764596,0.8557847141817919,3.173671693143459,0.0086380074011166,-0.4336624602942008,-0.7266352083840688,-0.0623988156727859,0.8485018961258394,0.9852756625449636,0.7085639321290387,0.9883842571295444,0.9931474639719838,1.3163092655526043,0.9960941637348512,0.9885361101678511,1.895040723607224,0.9944961764809266,0.9950067482619288,266.0,19.358318452270456,0.0460520735765924,9.43717960324078,11.048753655525056,12.790980302354182,0.9970808322640748,0.9985868405872416,0.997358106405882,1.4371909696168728,3.9340372107225225,0.0156197952089656,1.0515868666788857,3.135936351945683,0.1933258310979765,3.313201868071977,0.9825337271258856,2.386046567492386,0.9913918459641192,0.9895483974173456,5.711574107245156,1.0036707826672786,0.9864742439543874,2.36807709087185,0.993218775126069,0.9989013860908122,0.0392660900251943
2,20261212,loss_weighted,1280,0.1,0.0489694037955669,1489.0,20.07763977691513,0.0478402594717325,10.49758398722065,13.566481416136432,10.433740049878498,0.9975226001012492,0.9984445090245004,0.9984076013023344,1.140425301681652,4.284770894023248,0.011689739647118,-0.5378615166006747,-0.2951855324372086,0.4487889270040479,0.7601585430695763,0.9855555012920963,0.3714787358416416,0.9864628587741938,0.9937998245533524,0.884477486721039,0.9955675572913726,0.9886327080431868,2.1241124297039846,0.994307990821967,0.993840772244738,1489.0,15.154202917601026,0.0334578863543594,7.791244561850454,10.032177860185737,8.264489193341737,0.9974322122153544,0.9988736902901688,0.9986802117724156,0.7680639041432047,2.7985509356998506,0.0074702813446512,-0.4363405443701258,-0.6562310654685997,0.1352256380826743,0.7995737959326442,0.9872146774089392,0.5554686248879079,0.989651615955956,0.9944258480421548,1.0055891559217685,0.9966769674445948,0.9884981183995044,2.099152206688529,0.9951001329088744,0.9956541523427443,266.0,17.50885365721374,0.0416523273367903,9.342371943409134,10.577011337930896,10.363728769994433,0.9971711856740472,0.9987023612823578,0.9982833158786912,1.3764152590452778,3.5740758340917886,0.0136048172293016,1.3463909770795548,2.674251647098133,0.3181447265673897,3.010914579029261,0.982232874085214,2.7038364780999444,0.992270777439016,0.987623647433626,5.724214625575115,1.0017772875121338,0.9878597375407332,2.270128112061059,0.9943252997787724,0.9982892611090785,0.0350556279587548
2,20261212,loss_weighted,1536,0.1,0.0443815215806435,1489.0,17.71525595157388,0.0422112584321733,8.72790843510358,11.922239948031798,9.773131657753108,0.9983329964817654,0.9988036002658374,0.9985932282201284,0.9393509085784048,3.714128437785244,0.0107922582969023,-0.5001364572147411,-0.3736759240445992,0.1167314996947835,0.6351349581521166,0.984444685196971,0.4791342101754807,0.9856149971652902,0.9936729449092232,0.8301275771615053,0.9953320529327884,0.9905396453506377,1.511008566578198,0.9945768143707754,0.9936736052200594,1489.0,13.566935476524035,0.0299534715100889,6.516203796218126,9.087033950537824,7.68287968746694,0.998237998825686,0.9990838848204556,0.9988548141950638,0.6743349895901211,2.2991844893419326,0.0073529236558585,-0.43052747501952,-0.7731697682906784,-0.1277568755155536,0.8941293064131393,0.9863251612758728,0.6302850573288623,0.9890903326698888,0.9937797990661036,1.0812568370894835,0.9962003087053128,0.99006292278266,1.5689820268028996,0.9949975064078436,0.995269183417174,266.0,16.251494568339037,0.0386611587900065,8.498504402228866,10.11694256625128,9.46223925618153,0.997727595717202,0.9988568850688044,0.9985445032220274,1.3070903034491008,3.419179038919542,0.011722649732731,1.8628847396025003,3.19048604058392,-0.2677112844839161,3.7042151746415546,0.9843500451452596,3.058573952963684,0.9957048996229538,0.9886508744706488,5.987304611885321,1.0034550284131647,0.9932780599102023,0.8130821017869891,0.9955938027556434,1.000040817008311,0.032062755153085
2,20261212,loss_weighted,1792,0.03,0.0394540973507345,1489.0,15.581649299933009,0.037127379203377,7.530957959596278,9.956647480518289,9.324035503234908,0.9987127573874716,0.9991600772119869,0.9986997691309788,0.7933586694585979,3.5072817181811926,0.007808395691408,-0.3093856387811451,-0.2621705604306056,0.1854557015065287,0.4459222953181347,0.9926235720767328,0.1549906587636158,0.9930021453847464,0.9981641532860536,0.0871228581059142,0.9983382786095536,0.99723293176469,0.5932691425442727,0.998818050377424,0.9977076828462792,1489.0,11.672465413294807,0.025770805854765,5.640066573885423,7.406644359266602,7.041144594598803,0.9986442124469848,0.9993811163365556,0.9990139881720984,0.5435697340935559,1.912859679769199,0.0053790328985083,-0.1840933442874347,-0.1910913188362554,-0.0357818341984951,0.2677435175762805,0.9934849372094546,0.3213064192251664,0.9948945649783892,0.9982464531392946,0.3316930713836541,0.9989889837287004,0.996883631610293,0.4963327267656154,0.9984446407896852,0.9984920268355384,266.0,15.713005906289233,0.0373801322614875,8.431297352636115,9.348638089565782,9.402911540200265,0.9978314658114243,0.9990446834488678,0.9985572974207366,1.2106931183577412,3.1321876490854343,0.0100385480729693,2.2203711226234346,3.534026173772445,-0.3295388269139321,4.186643614822328,0.9832411293719427,3.5007838154443363,0.9962376733148218,0.9943361517636072,4.929795027646605,1.0065255173003889,0.9986481961369328,-0.1121877861100983,0.9983286735912278,1.0027085177611357,0.0286126166150523
3,20261222,naive,512,0.03,0.0854040277787513,1489.0,34.30137332053928,0.0809856856066127,20.07034874829868,19.2677341763059,20.06289441999543,0.9909324791817604,0.9966497832673176,0.9940372080524584,2.131066428440465,7.00718841748772,0.0188656844811856,-0.1038766077483324,-0.0958443980313637,-1.0596310459121012,1.0690156461586842,0.9746139697576004,1.2488630955650706,0.9772668920358776,0.9929316839691512,1.3972090225748277,0.995879629800514,0.9856716913626228,0.9894237939624873,0.9882826284470172,0.9909820058608116,1489.0,24.667841473270222,0.0541394500531485,14.10139440943506,14.015964784799786,14.6015687448711,0.9916662707972348,0.9975858476471382,0.9958658424837962,0.9767992625813844,4.511770544757772,0.009599474232996,-0.0300161384670611,-0.3548353023896217,-0.5529159428140661,0.6576664049564761,0.9779225591306544,1.5618637748031858,0.9844863649511272,0.9953623388707766,1.089078532945507,0.997825769094292,0.9912388537302356,0.8866741573937702,0.9939981630119032,0.9957498435464964,266.0,26.479166882515056,0.0629920695088799,12.48972319002975,14.350554227127947,18.41778181005453,0.9950285976643868,0.9974901561701816,0.9944729804203316,1.9187665901309856,5.427983139914858,0.017146715330081,2.631016840805021,3.2760080576058903,1.291322008364918,4.395678666529887,0.9762408850674452,4.446262808448125,0.9927474884505652,0.9947482905430628,4.57021160679173,1.0060485534430847,0.986363303223844,3.4839109766332967,0.9962858459788252,1.0013803353134687,0.058308120417651
3,20261222,naive,768,0.01,0.0678945646699731,1489.0,26.19785335726536,0.0618532411438236,16.137871473620976,15.34649313316893,13.79789017724335,0.9941370803506444,0.9978877159182048,0.9971891198787924,1.4136056301601152,5.247223446191909,0.0138030497652211,-0.5913650089903246,-0.977112618027298,-0.7353340334283294,1.3583732119282472,0.9885580628177256,0.018338932960745,0.988597019660941,0.9983163522491428,-0.6214726010073832,0.99700511854406,0.9978957786943676,-0.4344147163202478,0.996749425130032,0.9957521634861484,1489.0,18.96217486778965,0.0416170065089067,11.306140953450068,11.168944723942571,10.34359348635029,0.9946445185508132,0.9984759700532938,0.9979317678904832,0.8057595350433567,3.376419130614996,0.0074061252954604,-0.2800162130524297,-0.6801686742782868,-0.4547167933476284,0.8647576927637335,0.9901751772559256,0.4283964182072424,0.9919755333104427,0.9996314347296322,-0.5654176223408172,0.9983524940310076,0.998405573205518,-0.1927281267774105,0.997805807773515,0.9976864310651132,266.0,22.03500461044792,0.0524197210663142,10.933782091706078,12.710626713494628,14.298035036456769,0.9960749877687936,0.9980503765995468,0.9966586734310258,1.5774122793139476,4.544352545882062,0.0151500039893234,1.7119632673740637,3.1142035931029546,0.0175164212921203,3.5537851754359484,0.9835060457372012,2.972135796991793,0.9945400014243232,0.9982895553937332,3.5357165306079708,1.0070319353475292,0.9963196736610638,0.6092611130483476,0.9980549130181302,1.0027089722737534,0.0463240102281483
3,20261222,naive,1024,0.01,0.0574592848323044,1489.0,21.584596808671623,0.0509613231737828,12.72337157542134,13.444584554257528,11.101971955922853,0.9963632938877758,0.9983842288519046,0.9981855706028552,1.2070732731969096,4.481689563808854,0.0137847723422109,-0.2957801562994216,-1.2251796002642408,-0.8564335421332635,1.52382064753536,0.9891305562636415,0.2834174557220734,0.9897326114328656,0.997818422922714,-0.7643610540444286,0.996205711476882,0.9987197205780728,-0.6733440503946042,0.996942869280924,0.9955232607530424,1489.0,15.686094344200532,0.0344268679607432,9.020851932334624,9.718867977996458,8.37982048831176,0.9965968236337572,0.9988487717009212,0.9986446217455172,0.6664877034580003,2.918288774329522,0.0062439530892376,-0.1644795896821415,-0.7638548623569926,-0.4693808787159777,0.9115076497060292,0.9903953641848228,0.5280566023040478,0.9926145468406076,0.9998867920485232,-0.7286081026536522,0.9982387242858428,0.999325622594292,-0.3585703743403599,0.9982097599588492,0.997766549840961,266.0,19.48334839568432,0.0463495109892256,9.33867211735008,11.36863374057893,12.77279275118848,0.9971504504181188,0.9985087015648064,0.997337153551532,1.3992484083433057,4.160690453793444,0.01394787838019,1.4829182810624926,3.462905349697828,0.1377939013841312,3.769581840010087,0.9856489789830916,2.579366238255133,0.9952247906948484,0.9914562461379028,5.568382939873743,1.005224578233305,0.9912237861109114,1.5488856101933663,0.995635174287245,1.000996221003697,0.039485070363961
3,20261222,naive,1280,0.03,0.0493574443043856,1489.0,18.716060510187717,0.0441886969978778,10.581339136460148,12.033908946882423,9.670119883350363,0.997536198637614,0.9986968275809988,0.9986191418056588,0.9423160503937712,3.830082601716098,0.0098562183878042,0.2538391437244938,-0.465010878808977,-0.6072780345766219,0.805888354287817,0.9846751379459792,1.0704516329687053,0.9869490661251412,0.9964501757142628,0.2848250466419131,0.9970511228849076,0.9964559332234576,-0.1004500924167928,0.996190860892448,0.9953786652533576,1489.0,13.64074095824194,0.0299378530787506,7.523597507829039,8.791540533296825,7.223164782936015,0.9976674475872264,0.9990525985472252,0.9989914303629968,0.5620204371822628,2.448782660095976,0.0053435447508873,0.0774386174266718,-0.4322731533960245,-0.3870399560083214,0.5853688975020972,0.9867963416827688,1.0294800510906867,0.9911227799166414,0.9977688247282772,0.2623927038391116,0.99836234126314,0.9975231488707802,0.0199445019065933,0.9975852156951828,0.9975663801342132,266.0,17.36932300026801,0.0413203937499088,9.402433823523308,10.13913048027185,10.511215571280356,0.9971383359381096,0.9988368139103886,0.9982038539239766,1.237515973031558,3.822088988429553,0.0126500475809618,1.5384584093170874,3.1648959750840056,0.1883652585458909,3.5240462938117685,0.983319123881506,2.812912158827814,0.9937619670866136,0.990069922282289,5.612011896353465,1.0039461309314903,0.9919207497809428,1.487395015749172,0.996157006314564,1.0002714683482992,0.0339522260237931
3,20261222,naive,1536,0.01,0.0427160276108359,1489.0,16.1799823781972,0.0382010059409659,8.784647878103218,10.627867292367274,8.465827084953858,0.9982734407078442,0.9989864369659628,0.9989391550107544,0.8130763648577051,3.1891456966994887,0.0085382834193151,0.2651122215352971,-0.528262904835532,0.0421707468658748,0.5925576415201145,0.9925872047369207,0.6601161811600207,0.993989469668497,1.0000116600243287,-0.5307258732614457,0.9988918911848788,0.9997337146443056,0.0802515357909783,0.9999454860936632,0.9985246627788704,1489.0,11.80783721602628,0.0259151095115261,6.311152462183552,7.761035028146839,6.273811410229628,0.9983382692127178,0.9992634163976668,0.9992374242337816,0.4799587509088849,2.031313540804061,0.0045757034600562,0.1538198781854776,-0.338529486956911,0.0106293284988321,0.3719889125883198,0.9938333118090688,0.5984650307028829,0.9963483891898548,1.0005660572963166,-0.5147687461372925,0.9994016813133232,0.9994495035706498,0.101084297003041,0.9997640755434828,0.9992415129804084,266.0,16.151224633076822,0.0384226236895741,8.780049826556338,9.728112187940209,9.44121895997253,0.9975797232581416,0.9989728967211924,0.9985454860676358,1.1982161510735734,3.555852123397842,0.0108573943848495,2.1289411030943994,3.57177717076486,-0.1222771851124522,4.159919961734944,0.985866541537719,3.208766827046503,0.9977789820849424,0.9909027645905024,5.813651831062003,1.0052775462751329,0.99941635192475,-0.0284347867552128,0.9993353666788009,1.00250574718648,0.0294145903833767
3,20261222,naive,1792,0.01,0.037986488961099,1489.0,14.172951891645427,0.0334623985835328,7.312773154820205,9.459267185394436,7.610399360372394,0.9987978986064696,0.9991944602604408,0.9991449765737735,0.7236409143777676,2.7370977428717524,0.0071942693206856,-0.0358968395955789,-0.322555532597889,0.157828682380191,0.3608885529970794,0.996530536258119,0.1489796971466646,0.9968470093439,0.9984600989110106,0.0027206121410472,0.9984658390809422,1.0008271577050722,0.0395389706066566,1.0009314949620347,0.998984329607052,1489.0,10.32626397853732,0.0226634443677383,5.220962061046277,6.909275999088212,5.62451669745733,0.9988598155264784,0.9994140264330146,0.9993875960182004,0.3936368826236898,1.7812829841316349,0.0039546035288269,-0.0356962134026889,-0.162993743274885,0.0194561350636162,0.1679872649627439,0.9971831351309668,0.1674120467415605,0.9978866921149668,0.9994604341153324,0.0049975403135249,0.9994717382513328,1.0000611606196994,0.0094065114263912,1.000090433463698,0.9994980989296068,266.0,15.583606783676007,0.0370723008798505,8.260845270145907,9.375191181063702,9.3119829321926,0.997925680103228,0.9990284893173552,0.998585984774484,1.1833311648441038,3.237628951149003,0.0098414221039435,2.254622203995787,3.457600298920286,-0.0714362399479862,4.1283682304540585,0.9840594563706566,3.472513006214044,0.9969510458708072,0.995187450659408,4.643579547829177,1.0066691224510715,0.999893737122754,-0.0543506644445415,0.999738940747264,1.003323166394959,0.0261971835493594
3,20261222,loss_weighted,512,0.03,0.0848518542718226,1489.0,33.90620081018547,0.0800526816599536,19.982164218489235,18.975472943253287,19.755378839845413,0.99099119552102,0.9967534070431372,0.9942160042071114,2.2102296959200274,6.832541476118368,0.0203692254969374,-0.0395619827525105,-0.5426487108757946,-1.0363120517429834,1.170459500573268,0.9785215734605168,1.104954117922894,0.9808687942298084,0.9939262333399458,0.7403242133935066,0.9954882298941252,0.9887182525052196,0.577061856613426,0.9902410299142684,0.9918588474884183,1489.0,25.45764650515544,0.0558728652010368,14.59985376765824,14.283416157792624,15.196054040696133,0.9910480823501092,0.9975003291851772,0.99551994866591,1.3186111614663787,4.557025600610581,0.0128696616982343,-0.0261593831850406,-0.8528152957796598,-0.4673694916100384,0.9728373367280864,0.9810818570776848,1.3379213493886797,0.9867045343445024,0.995757037603248,0.4682109579221674,0.9968161026658998,0.9922369778384514,0.8082135779281714,0.9947521196281952,0.9954554921943852,266.0,26.88086460920391,0.0639476800548391,13.135328983590073,14.780035296834251,18.209738363182044,0.9945279502704488,0.9973102585706516,0.9945808729283449,2.020830168632604,5.2816152767731,0.0175771012378278,2.765506859962951,3.033497021670374,0.8927718284803512,4.200853950176478,0.9727330126010096,4.848761605196458,0.9907338794333084,0.99597094711223,4.026395541660151,1.005926575445198,0.9882250414451732,2.786019486100315,0.9961599162604174,1.0010367807423428,0.0601211672778138
3,20261222,loss_weighted,768,0.03,0.0671881690515092,1489.0,26.00894158053802,0.0614072196503266,15.887275123592454,15.3161570465994,13.764986909220942,0.9943190771867938,0.997898610145456,0.9972048044026264,1.5420715762140298,5.18019937672906,0.0154152644824447,-0.6109082363446429,-1.1901308652272105,-0.92112741274313,1.624221678253016,0.9883101172487716,0.0120079255629335,0.98833562532356,0.9975652852020503,-0.6758415717923754,0.996139339397209,0.997179077955267,-0.5177145525824471,0.9958129089458732,0.994949526993718,1489.0,19.75376597132274,0.0433543416161833,11.669031675401444,11.555664358690954,10.977777144647522,0.9942969658752926,0.9983734596014664,0.9976716400045028,1.0158822670334475,3.4517393404289494,0.0103736494693584,-0.3776234539080155,-1.041122436483544,-0.650471936367687,1.284386678805405,0.9897723286633918,0.3598363203760044,0.9912845576888708,0.998508004713248,-0.5765967678828474,0.9972037774589086,0.9970871687928924,-0.1718492949674441,0.9965523777981424,0.9965489119669952,266.0,22.06143172526745,0.0524825893076383,10.898101009217855,12.491220702378426,14.557045357008224,0.9960988102794096,0.9981316531659162,0.9965364232408788,1.691303078864122,4.458560456479206,0.0175950068371558,1.5455379027202187,3.2608595614755567,-0.0406432916787551,3.608814814529814,0.9819106165013152,2.9276045557227093,0.9927792514304312,0.9972710278895416,3.933373039219248,1.006996649644338,0.9961600924390592,0.5767598152092717,0.9978027647013972,1.002403440483478,0.0474000005155244
3,20261222,loss_weighted,1024,0.03,0.0570176993741441,1489.0,21.521548550524177,0.0508124659730912,12.65677222537735,13.416217762745331,11.090007655095745,0.9964049246135732,0.9983930704537128,0.9981879092420332,1.2489704332188325,4.5809616161890085,0.0142470415533607,-0.3107310589073502,-1.329718782816517,-0.8496238158155025,1.6082805914222855,0.988401383469617,0.3073218203471271,0.9890542179609996,0.997249267721514,-0.748676534614674,0.995669648757138,0.9980085145243628,-0.5648265619547317,0.9965180241744668,0.9950008936560772,1489.0,16.424173550738665,0.0360467584720771,9.49545148329366,10.064343687011204,8.848664537822485,0.9962286253477264,0.9987696893738076,0.9984859357060776,0.8476504303248539,3.1220720911945388,0.0087004943259672,-0.2104246449473125,-1.0509308032728395,-0.4449208612889002,1.1604691539541043,0.9897198051166738,0.5308223064596831,0.9919506107739828,0.9989220426407106,-0.7153138831034767,0.9973040456041048,0.9980512718910404,-0.1247150791600688,0.9976631614757084,0.9969529491379956,266.0,19.907572903761064,0.0473587111585023,9.952615996848548,11.328784131816896,12.996751279936452,0.9967191434372836,0.9985151991018,0.9972476299273544,1.496345458090952,4.135065220110092,0.0155874798977833,1.2425198923941736,3.358775743929714,0.2597412876729106,3.5906400150290496,0.9855209916616252,2.34874634806458,0.9942406346708932,0.9907942162947962,5.627400473078325,1.0047084745963135,0.9899911619839932,1.86902161261591,0.9953143309700984,1.0004879877763773,0.0406715250602331
3,20261222,loss_weighted,1280,0.03,0.0485873930693697,1489.0,18.457809461594717,0.0435789651940375,10.257438451031517,11.894571157558238,9.695094817567252,0.9976591686132792,0.998728296917294,0.998612576428846,1.0314232750235448,3.708255272432453,0.0104591230475945,0.3111325963820573,-0.6460398206564457,-0.5582650143238396,0.9087523142326788,0.9883233341604912,0.9333444716773583,0.9903060097243804,0.9976833193714144,-0.156683102328401,0.9973527365517424,0.9991035201626188,-0.4300617213794169,0.9979686534818496,0.9965534492550174,1489.0,14.306656812421142,0.0313993639355478,7.852742539574218,9.2265089449538,7.608311011272166,0.997430539243298,0.9989590234713096,0.9988809329524776,0.7500507948087521,2.624620176361342,0.0071366044856491,0.0605722646927107,-0.6429164370260114,-0.4051647394018354,0.7623444171126212,0.989970434093086,0.7837477722401047,0.9932641708915212,0.998241935817208,-0.0955514773603454,0.9980258041149382,0.9983017006145186,-0.1261082201692147,0.9979092547768836,0.9976026382988692,266.0,18.00626404554298,0.0428356315508199,9.89608259763717,10.630291162092265,10.6437777084877,0.9968155163092012,0.9987103527939774,0.998154575403596,1.4069143370949209,3.731515601542744,0.0133826526922964,1.6999676198768954,3.1318273330193493,0.1207748058209279,3.5655040185362417,0.9842915406205428,2.900126701029152,0.9950581649243796,0.9889068728734616,5.865559009620512,1.003409999767149,0.9925538151763484,1.318016554905881,0.996307664142508,1.0001681656396388,0.035029865761607
3,20261222,loss_weighted,1536,0.03,0.0421818786422157,1489.0,16.01732345193025,0.0378169675370027,8.742142108368562,10.438185987417796,8.436461059764271,0.9982932718868156,0.9990214466334828,0.9989450210227988,0.8450576909341232,3.139963533124261,0.0093221618656356,0.2273663718838627,-0.5399218832634861,0.0472518067434262,0.5877447067655638,0.991833437786516,0.6625361420398761,0.9932408433681392,0.9994153167527196,-0.4164181634929775,0.998536723665115,0.9985549702305724,0.2539018250913614,0.9992249780623746,0.9980041113883122,1489.0,12.353801600550868,0.0271133583148839,6.559682058894722,8.080484916543934,6.65527976763516,0.9982057736510124,0.999202004016211,0.9991415952208684,0.6159010861774463,2.115594106534324,0.0063755352409448,0.0970328181714446,-0.5540985400634957,-0.0418775422618522,0.5640871284196114,0.9929167261364876,0.6077678010096861,0.9954708988461184,0.9994112385651692,-0.3707904548506349,0.9985725328286786,0.9975512483846792,0.3604897364867554,0.9986730840303212,0.9983417733272256,266.0,16.59650902447204,0.039481923835173,8.927307552847479,9.878612479036642,9.9075883617193,0.997487589810022,0.9989344642411764,0.9983978210355756,1.306667407935659,3.608187502539125,0.0110037337518949,2.1510664374306847,3.536249410259075,-0.3234522159558017,4.151718685774014,0.9864284875367086,3.187958314242664,0.9982636771694804,0.990447790258849,5.8902455425536,1.0050119568452762,0.9983709159929024,-0.0615184294254333,0.9981957050732528,1.0020482857111068,0.0302919361063268
3,20261222,loss_weighted,1792,0.03,0.037919166196674,1489.0,14.120483895103645,0.0333385214246612,7.313839513706564,9.379407775695084,7.610685039919627,0.9987998687256598,0.9992084798287836,0.999142748871332,0.7473717736664292,2.680921557724632,0.0078649584326768,-0.1022640229371186,-0.3239055011279078,0.1768205840670303,0.3829337057481495,0.9952876971226506,0.1488394042376413,0.9956038721884284,0.997471121004134,0.2102742693574555,0.9979147748496072,0.9996755924724652,0.2232132764084724,1.0002646179483636,0.9983015061471404,1489.0,10.82524814189594,0.0237585838925621,5.506754783963683,7.1908621449704535,5.9290092507050005,0.9987329019279976,0.9993665920213736,0.9993187943907916,0.5235800640304444,1.8617728024071285,0.0054513688575507,-0.0515891561957073,-0.3695296809698944,0.0837294864945223,0.3823927994397036,0.9957272370316128,0.2564957157689775,0.9968051723158876,0.998087690518084,0.2258588222956064,0.9985985696073868,0.9981576600656464,0.38645406716563,0.9993602961023196,0.998644089123564,266.0,15.669550889552273,0.0372767558430771,8.253942903404866,9.305890102835011,9.529305379803835,0.9979273340532588,0.9990476858225956,0.998516125739753,1.1693184230983824,3.202607921305982,0.0106896400651622,2.167547157015725,3.4819420676177586,-0.1317632726369152,4.103601198965267,0.9831802807472418,3.4526088117587506,0.995997976584852,0.9950951603331696,4.690664857225613,1.0066932548248495,0.998175881415479,0.1615293297349467,0.9986359338368032,1.002873378232063,0.0269948431072481
4,20270102,naive,512,0.0001,0.0911495221732794,1489.0,33.89028539022125,0.0819586421848082,18.9557054689822,18.36476395275356,21.25954183333891,0.9909085220596336,0.9970452055459652,0.9929873819200408,2.071748590576179,7.6177464187430335,0.0213118397428077,0.7129670686871541,-0.5315429611474158,-1.1897223349243686,1.4853616377150745,0.9895193771940676,1.373823535326089,0.9931691394479067,0.989524008382202,1.452028032807391,0.9924880728072464,0.9929596562304802,-0.1367161023414951,0.9925844291585314,0.992613322851194,1489.0,24.543207564333024,0.0546154640768241,13.410879969226633,13.582725662596827,15.42812041603135,0.9915430730606356,0.997870640112378,0.9952123314924918,1.1210913870948072,4.615240196782724,0.0095118403987691,0.41216754060919,-0.3377062372070892,-0.3845171162776444,0.6571004465763775,0.99056624025786,1.1463469798125487,0.9959116348775258,0.993656630203684,1.555341619605315,0.997163546828665,0.9971035963999016,0.1011155866017361,0.997424091162708,0.9971283301893838,266.0,26.372448845107893,0.0627381948284555,12.582909475576894,14.482368387278294,18.095232883619705,0.9949587053562564,0.9974743922212704,0.9946607497875628,1.967505814064855,5.248140438396468,0.0175691043109767,2.879904314277068,3.642690535580466,1.231149520800432,4.804037087696796,0.9790502733393862,4.480507154570475,0.9956840077230584,0.9959830654782952,4.632602669422937,1.0074375959420545,0.9900574459559632,2.829772315690548,0.9981169334048748,1.0030908372502465,0.059618738594406
4,20270102,naive,768,0.0001,0.0702487564767973,1489.0,26.43914304726337,0.0639391565970366,16.499102180126563,14.794348348414331,14.41995732549746,0.9931197249343484,0.9980784563806032,0.99680538419111,1.5314419655392797,5.575250351209877,0.0154081458753056,0.6559416308701678,0.0803225992907488,-1.1538514074403643,1.3296932779846438,0.9927314673680616,1.114259507749935,0.995691659989454,0.9935528976572204,1.301045722099417,0.9962087577736226,1.0008198110263178,-1.2764684483851738,0.9973164525329196,0.9964900168793214,1489.0,19.12742667519755,0.0425638450770169,11.509603867175471,10.920337347643768,10.683337598775712,0.9937753351763048,0.998623264455939,0.9977164519012384,0.7954898726928273,3.4738836917954394,0.0079154006440528,0.3543722402227915,-0.1672065686029374,-0.6027366520130878,0.7189083341459012,0.9935378812117616,0.8572846397003389,0.9975353835223844,0.9957670302341444,1.0960359350673343,0.9982383243818824,1.0007311818673243,-0.725332075700976,0.9984321779316254,0.9982310085607112,266.0,21.763524661301425,0.0517738894243,10.822425245117705,12.69311912113735,13.978942895424234,0.996167645645398,0.9980621900292296,0.9968078902351376,1.5818525389172169,4.487264407630391,0.0141478520547524,1.827560042259636,3.1835584328591824,0.0984794797430724,3.672154437305615,0.9841301657624426,3.040048499370414,0.9954162451073724,0.9985179543556724,3.5487859361458334,1.0072926496005827,0.9969776519316532,0.5844305235846718,0.9986421711735282,1.0031457028877913,0.0458536497286306
4,20270102,naive,1024,0.0001,0.0581247045545615,1489.0,21.640305841722363,0.0523338786566635,13.297158922720245,12.470358934857469,11.660984072668374,0.9955244908986198,0.9986367696578508,0.9979023127390536,1.2576820742705648,4.45016985873068,0.0120162746080383,0.532691428845239,0.4955805726291975,-1.0486412448119644,1.2763262602694705,0.9928626521071344,0.9827374420442112,0.995473437211028,0.9952992213222904,1.3856469810696694,0.9981277802959886,0.9985507398524364,-0.8318791067718507,0.9962675884452266,0.99716645705329,1489.0,15.763215345363347,0.0350775390369531,9.451350651943608,9.179351008969077,8.653926503757809,0.99579526126647,0.9990281951649992,0.9984954132632164,0.6916613803830619,2.83532730852653,0.0063543889703838,0.2633593280408861,0.0783357767752009,-0.5037869560214304,0.5738431202397218,0.99319102222181,0.7932659213166744,0.9968900064407622,0.9962233737831092,1.205391962277531,0.9989412391439052,0.99905854095095,-0.3459348864324738,0.9979620698419958,0.998515221598928,266.0,19.692662437568327,0.0468474543246048,9.550947910373727,11.741619513868708,12.59820301014712,0.9970399905880568,0.9984109567405224,0.9974070861687108,1.4843549104708764,3.959019204333771,0.0157196321319256,1.700277517637738,3.695021802775628,0.1329952137223845,4.069621295261349,0.9851595907767986,2.8341157551757163,0.9956811516309272,0.9930141516504278,5.416577384291514,1.006407130734776,0.9922178631466811,1.3842533222092186,0.9961603613521376,1.0018841748962783,0.0382823065847898
4,20270102,naive,1280,0.003,0.0505834450050055,1489.0,18.565139695022467,0.0448970442076702,11.00729807432306,11.16961953799874,9.936971388459344,0.9969321811603324,0.998907916016085,0.998469720190102,1.0749101367023073,3.841318476051161,0.0103560714537245,0.2919249642384062,0.5508207914159181,-0.556306039273427,0.8355238705948148,0.9950579004917436,0.6035494238989116,0.996661317414682,0.9957808178516426,1.3496995642353795,0.9985359963829504,0.9993551874676468,-0.4598630760256412,0.9980930605304452,0.9981345993406612,1489.0,13.703476769780703,0.0304940477435876,7.904722449324215,8.351924648597038,7.452918437982968,0.9970591596976226,0.9991958407287374,0.9988816615078748,0.6033518541415039,2.592582184539096,0.0057142710570961,0.1176446062619319,0.1295898073646343,-0.2405556419291079,0.2974908207310828,0.9955471138837048,0.4641890934078958,0.997711618982166,0.9966405490622248,1.1321486368238425,0.9991932685589452,0.9995576422066672,-0.1663866239066749,0.9990302651389436,0.9990281176313532,266.0,17.79808404212456,0.0423403860129268,9.643663051683223,10.785476242659612,10.365570931461225,0.9969756310317048,0.9986526519377796,0.9982453715950452,1.3654248644886664,3.846846803463821,0.0145260541898092,1.6741354504376524,3.24153911393241,0.3287260522469545,3.663108809603076,0.9851234072662484,2.810738183698973,0.9955581796607088,0.992329087741491,5.131918227982851,1.0050182212318175,0.9953169880187552,1.081688487130748,0.9983977499363568,1.0018012668514251,0.0333646841367372
4,20270102,naive,1536,0.003,0.0457007592388662,1489.0,16.544177733090216,0.0400096466422633,9.753873238610788,10.005518977231938,8.85784193274197,0.9975982889849072,0.9991315248005228,0.9987830801284724,0.9140754283870178,3.6912069533511183,0.0094024081705925,0.5845185026155614,0.934545412942592,-0.5057129894784231,1.212758276194882,0.9952017862148732,0.8870702370813959,0.9975584174593916,0.9954851556963767,1.789406177404686,0.9991379193294212,0.998991682114846,-0.3549014592107085,0.998017629804334,0.9985616139213142,1489.0,12.124841024297377,0.0269811440767853,6.915901784950502,7.426297941151716,6.6356741371656245,0.9977519451309608,0.999367301915462,0.9991127978990864,0.5110186126229949,2.3449191677302355,0.0048998366539226,0.2635116594846756,0.3428576642010609,-0.2250641691224185,0.4874870796324141,0.9962512724634276,0.5552552225767897,0.998840417226376,0.9962678600605004,1.4566378379340676,0.9995522236922816,0.999120859199602,-0.077660843462155,0.998874706312186,0.9993159215307832,266.0,16.24193665487911,0.0386384211883403,8.606939057330964,10.089407222425722,9.376831461883068,0.997667802684556,0.9988761713726548,0.9985671565263546,1.2438201271450424,3.6143609455015913,0.0119545028596323,2.034238351352475,3.60787344895045,-0.1472511886750551,4.144461292655665,0.9861317177788252,3.093804057044238,0.997617362850836,0.9919540223849582,5.590681689094339,1.0057774901612029,1.000111587448301,-0.1651928802854172,0.9996411008519316,1.0028665925221305,0.0301150208066322
4,20270102,naive,1792,0.01,0.0406863426928728,1489.0,14.48068108600171,0.035019385232512,8.415342727895124,8.601802696639602,8.054881864722432,0.9982135202529252,0.9993544447915228,0.9989921822115856,0.789087135854451,2.7716479968988668,0.0075858419103739,0.4233800713515668,0.5132708802960096,-0.3286023257313225,0.7420762560906612,0.994139674255832,0.7929033560223928,0.9962461374698764,0.9964860960540568,1.1786091315098304,0.998892023018832,0.9967043057845764,0.1643262390005588,0.9971553108413946,0.9979712285251228,1489.0,10.625716411978166,0.0236451747990864,5.950215751062635,6.402049092747368,6.042726966994361,0.9983366263720732,0.99952880550946,0.999264166050635,0.4263287969126617,1.8778010733316564,0.0041143887965859,0.1780452091507014,0.0692607881320287,-0.1788916509839589,0.2617238545986081,0.9950340978777192,0.5645150085657775,0.997666420850299,0.9969642178025055,0.9752273590946174,0.9991631180284332,0.9976641441720888,0.2127554175414445,0.998338491217608,0.9988234127334064,266.0,15.335618670384347,0.0364823546576316,8.146030901877507,9.13577404254518,9.239102401892485,0.9979662253211408,0.999091020844782,0.9986068698165108,1.1647951698494254,3.425787825069539,0.010376319966262,2.094202125596269,3.499254925666894,-0.1641530338210162,4.081349506740216,0.9841201000513566,3.307459624041797,0.9963989343379868,0.9947311003852256,4.797694726584865,1.0065938359408155,0.9992706211450788,-0.0468791765783009,0.9991371043482842,1.0030241185038695,0.0267716667073974
4,20270102,loss_weighted,512,0.0001,0.0906965547841961,1489.0,33.728892180320074,0.0815683365798525,18.968395256822717,18.333228514930045,21.017394731792,0.9908947321537048,0.9970540472122552,0.993156629165604,2.217283413323944,7.045612730284943,0.0222067235330733,0.6260650980400377,-0.620966302454009,-1.091711309834391,1.403349649869058,0.98967758627061,1.27694567934752,0.993069978394377,0.9900619773934392,1.2607432386409414,0.9926355669511736,0.994858988660576,-0.3227833768505377,0.9939730867127076,0.9931221550216732,1489.0,26.114981776756625,0.0581130989238785,14.270297815004682,14.350547993424737,16.504927923496556,0.9904346193076708,0.9976207288341236,0.9945345913904416,1.4688917659666345,4.948424577866967,0.0139512176241335,0.4490000271498578,-0.3349258678749349,-0.0657820747713099,0.5640067754145952,0.9905231119591528,1.1865359128840112,0.9960559068253352,0.9941943748431238,1.3976431945599188,0.9973457199193504,0.998495675253746,0.1864442698261257,0.9990866267978432,0.9976951484990648,266.0,26.700961486234245,0.0635197032201731,12.942772582143157,15.128692620408408,17.791813897787037,0.9946690760493508,0.9972101073452716,0.9948255327438572,2.103116819880414,5.426765353845984,0.0173223090362791,2.789635480576468,3.4037686452519007,0.7904186485176575,4.471293855788897,0.9752510678656624,4.680505548247737,0.9926272896604292,0.997362936355748,4.05363268586666,1.0073859109992724,0.9909475085486684,2.2459319020086923,0.9973441574504132,1.0024587825191364,0.0625597733140353
4,20270102,loss_weighted,768,0.0001,0.0696463106999509,1489.0,26.302406854835503,0.0636084803415884,16.33878271701231,14.679822874239292,14.469401717573485,0.9932530165751836,0.998107111054724,0.9967840574814832,1.6534874634234011,5.452635677758772,0.0168157628641479,0.6552939773039306,0.0575272848182015,-1.148910749839948,1.323901618809778,0.9928711546326286,1.1048038631124015,0.995806226957275,0.994039758777311,1.1860659509062828,0.9964609075508926,1.0009342437711808,-1.2886432041078706,0.9973974707943144,0.9966685265063412,1489.0,20.2405140643056,0.0450407741481193,11.97382632980642,11.437602614078834,11.639894288755556,0.9932683451097584,0.998488728713968,0.9972904064524823,1.1074307326636177,3.577199370448098,0.0115817011648765,0.4533493404017033,-0.1598273266193135,-0.5842578123098103,0.7565894461476328,0.9933284095162794,0.9725638099045426,0.9978634564508432,0.9961493873044526,0.98930859715324,0.9983800372934072,1.000939808193914,-0.7418330871724379,0.998588502848162,0.9983919509814814,266.0,21.94018603191004,0.0521941543588535,10.921294196466622,12.459992544389705,14.382130648231437,0.9960870187590344,0.9981539559608243,0.9966256509405776,1.682495021107762,4.49924138780605,0.0170644679005944,1.6774698655878275,3.38661066019542,0.0661009675794499,3.779868549515901,0.9827943121607428,2.992020325880574,0.9939020885026412,0.9983211813789789,3.800329856883764,1.0077178417930766,0.997923090559216,0.4000387827780969,0.9990624428424372,1.0033434514024946,0.0478550970707983
4,20270102,loss_weighted,1024,0.01,0.058009628186501,1489.0,21.44120420298789,0.0518523807943836,13.119551795014717,12.336975094046846,11.636221203682044,0.99564503927795,0.9986681427793468,0.9979086321849916,1.3386661711875674,4.385233757035048,0.0125375636168742,0.5895374768578483,0.5964636886192619,-0.9960810790956922,1.3021140059893574,0.992913706783342,1.0363642335728471,0.9956669592671302,0.9947933031027985,1.582322910008628,0.9980233420142518,0.998172225702772,-0.7227055466297259,0.9961887089004458,0.9971115250333972,1489.0,16.701847625889183,0.0371662569628409,10.206129661396728,9.45106212023246,9.2446771848824,0.9951006744833152,0.998971241758322,0.998280139917608,0.949034596720222,3.027387407663983,0.0085131421245642,0.3839770760050767,0.0588803887028174,-0.4321317371393,0.5810706784154853,0.992983578312874,0.9300279274443142,0.997320281219626,0.995385200703586,1.4360720389151993,0.998623193466372,0.998488820654256,-0.1787560990948691,0.9979222374448314,0.9983318990211956,266.0,20.2048666078417,0.0480659519019551,10.235451029640942,11.744889160790397,12.865836757135035,0.9965514284977612,0.9984080941217848,0.9972982569443996,1.6272958728836155,4.176554062608111,0.0166901247865747,1.5430752759604962,3.67860809992968,0.2444419437424822,3.996622414490693,0.9854287824349014,2.656346708999166,0.9952903815941307,0.993092504667507,5.380854777625814,1.0063971563653953,0.9912876505920616,1.6452651425794895,0.995973537754512,1.0017733488104403,0.0402809173005161
4,20270102,loss_weighted,1280,0.01,0.0501656818735247,1489.0,18.47845995702128,0.0446874220829311,10.8147389812038,11.185708858277245,9.968692014980064,0.997039124053016,0.99890505116254,0.9984585028716,1.14129442571081,3.8020259274735966,0.0116528471688626,0.2993089643337887,0.5405497945093686,-0.5380678638934577,0.8193271401763489,0.9954118737117108,0.5886136157382538,0.9969756114855785,0.9955889707424644,1.3757537549505798,0.9983973344038642,0.9988447283448056,-0.3652768336439465,0.9978422000808228,0.9980230536118389,1489.0,14.858901872054147,0.0330651900036719,8.724363876530601,9.093891694567706,7.872329619667528,0.9964207873265306,0.999045791834014,0.9987514413751796,0.813947151551106,2.763143263108093,0.0079946397882218,0.1439477471565412,0.134464760751443,-0.2605182391630822,0.3266059992284576,0.9961016750241678,0.4473336847699869,0.998187583666031,0.9966158701437214,1.1443885043306636,0.9991961875612498,0.998918698006886,-0.0792190550552334,0.9986676062305042,0.9989743697103076,266.0,18.251138133254745,0.0434181697259258,9.8546670256202,11.163026070017963,10.553503206679702,0.9968317559901704,0.9985506463356846,0.9981828733169,1.4856752174784886,3.77920385213135,0.0156300587106803,1.700109951600776,3.1920447161662504,0.3061125270955567,3.6294942067430966,0.9856471224975968,2.796699748159824,0.9960297776651752,0.9906224604717864,5.502996043455028,1.0042291175325688,0.9940163767902704,1.2681949474414864,0.9976283286087982,1.0011652825579866,0.0350137804142941
4,20270102,loss_weighted,1536,0.01,0.0454825850001687,1489.0,16.369700224885936,0.0395876985972835,9.6855974007202,9.851811129483965,8.78055271112067,0.9976302509512476,0.9991555686266916,0.9988041773307264,0.940467813561816,3.611361365582248,0.0104897915176032,0.5237502193635929,0.7981960765922205,-0.5347783533750822,1.0942664923176575,0.9951777687635004,0.827816376048979,0.9973769834986712,0.9958050502797404,1.5924865733571494,0.9990558365543843,0.9985027745803164,-0.3108421721144339,0.9976496461186132,0.998374619330817,1489.0,12.884471450983758,0.0286715330844814,7.284520156465288,7.971802038369554,7.028210506402988,0.9975050982489844,0.9992680884232044,0.9990046431192872,0.6735068635439507,2.363698006641436,0.0073261563765007,0.2344254366920532,0.2446352077058854,-0.2771310663761405,0.4377251399775188,0.996307083962552,0.5218254870969616,0.998740346491484,0.996764463501424,1.2102143290468916,0.9994932021250336,0.9981890291980896,0.0265098507037464,0.9982730545061442,0.999111366653614,266.0,16.735806332960365,0.0398133023025405,8.77128671169106,10.21788380314535,9.937132062174076,0.9975655351320182,0.9988454676015166,0.9983919146235626,1.3125624219492291,3.701067600497992,0.0121966744102303,2.084999117806368,3.645950994894237,-0.3876937764591955,4.217877006590969,0.9873644846974988,3.0503788580478925,0.9986889151568006,0.9920167263771592,5.613306794281471,1.005896136778987,0.9996719763477562,-0.3349521885917568,0.9987179974905273,1.002763394800381,0.0317297787422921
4,20270102,loss_weighted,1792,0.01,0.0403715092889818,1489.0,14.401906030473665,0.0348288794130782,8.34514732091089,8.57165583730086,8.018736166613387,0.998239454634036,0.9993564255762786,0.9990000891175184,0.8296104714484926,2.655499334628198,0.0080179707286355,0.3363075123167922,0.3539147529369581,-0.2927847486017709,0.5692813928110945,0.9955634525850634,0.6160543463552699,0.997200090655256,0.9972181124168016,0.880649759969657,0.9990158067901004,0.9977777296325016,0.0395945533282144,0.997886399701762,0.9984038062241828,1489.0,11.395816068459409,0.0253588607553282,6.297725407318134,6.945485182160009,6.477925141939585,0.9981337652167472,0.9994437859988072,0.9991535883892352,0.5618001122261738,1.9965866188365,0.0056834230774501,0.1010780698141621,-0.0436292057477273,-0.138431450530339,0.1768715643835036,0.9962880733654184,0.3899576140713492,0.9981064384580672,0.9974609417230345,0.7141003581700147,0.9990710641465612,0.9979574462246932,0.2040384009244178,0.9986041639178348,0.9988690381470368,266.0,15.706096650792608,0.0373636956302132,8.323206628289968,9.145033841398558,9.683700711324354,0.9978719494764308,0.9991007637157316,0.9984700869759104,1.2120008137839342,3.617265544329954,0.0098583524275533,2.135057603975513,3.660131970689299,-0.2473379690278389,4.24455098756964,0.9840156499084876,3.356295311330385,0.996475785066376,0.9957204143851838,4.714770453102545,1.0073781121500178,0.9991464913108372,-0.1101057809915175,0.9988328985334136,1.0033782449560826,0.02786205719883
5,20270112,naive,512,0.03,0.0926002525880129,1489.0,37.69676325257465,0.089536166350184,21.108891001127585,18.9184289175164,24.850628316323448,0.9891018248420976,0.996809363953896,0.9910231053765524,1.975565693578512,7.298403965400709,0.0208443706009057,-0.7567300314742447,-0.8585218332546203,0.3800499555701532,1.205876464418624,0.9770568049453174,0.7651440357667099,0.9790928896981872,0.9930225984632728,0.505871316123347,0.9940716459112126,0.9760185284150796,4.061577170925915,0.9867618248908612,0.9895719226088036,1489.0,27.10878858194544,0.0596492539506013,14.86871279853268,13.933209455104755,17.879414766024794,0.9901121383595844,0.9977458099424916,0.9938459137294696,1.045940312168426,4.462513539500344,0.0099675012617853,-0.5887929347956875,-0.3797390043076883,-0.02994462649732,0.7012670761656912,0.9800823653764807,0.9661848673631964,0.98443944026037,0.9965265447361694,0.6693669759620207,0.9980320085982548,0.9855905137258604,2.4194781612939664,0.9930767281166388,0.9955746431601744,266.0,26.472877732817587,0.062977108065544,12.284790263979074,14.472706659022991,18.45096056005285,0.99516885627528,0.9974469292868542,0.9944560368733824,1.8709959528397264,5.400344993408046,0.0179993253829015,2.59408205781257,3.300676577742307,1.3254260156640356,4.402326852531602,0.9785297617997354,4.234453066076256,0.9942500285310112,0.9951831127334946,4.487724842208706,1.006279419623214,0.9857569841583226,3.6155025585360647,0.9960543134983753,1.0016115794605247,0.0612486050614856
5,20270112,naive,768,0.03,0.0697259200060844,1489.0,29.38301248141033,0.0697896070221733,17.25558806655956,15.982461991369478,17.611559035314038,0.9927694120563324,0.9977530206786828,0.9955375091358848,1.5316923157703384,5.557070798159078,0.0147817845166092,-1.2694538855617232,-1.889375323174283,0.3926983241938651,2.3098623883712968,0.9898071591529288,-0.5933396774185269,0.9882282539873756,0.9934851605306206,-0.6154336853697089,0.9922089088111904,0.9817305665457056,3.1973392417849595,0.9901878632958536,0.990987411113114,1489.0,21.17596194260522,0.0465948645305374,12.13648192798975,11.734712172692737,12.783727970756418,0.9934375964294369,0.9984131511738016,0.9968748589611068,0.7770208734178987,3.648342608481927,0.0076087162578547,-0.5917390666087765,-1.055717551367896,0.0723534195146436,1.2124065689910766,0.991151610020424,0.0990583228984292,0.9915983201121674,0.9974232312049032,-0.2774425060957242,0.9967992391620732,0.987904094889224,2.1284978963978176,0.9944899743725228,0.995749064140732,266.0,21.20557465608619,0.0504465657336817,10.271542763149508,12.260430177747878,13.923133900677858,0.9965334391343068,0.998170596408746,0.9968278309514426,1.5461120815396503,4.387510516377491,0.0137946864306093,1.4536017748466787,2.8255389228924987,0.0882632445018448,3.1787448348283496,0.9835194422512136,2.712750782834476,0.9935904396660348,0.9966448701143094,3.652359416608931,1.00567566018795,0.9931806324840352,1.1847215900607466,0.9965548434523896,1.0013541254573004,0.0464812802827711
5,20270112,naive,1024,0.01,0.0574350097041344,1489.0,24.30117953929472,0.057719397263832,14.348309727336767,13.846774242406118,13.890290783467709,0.9949775185084184,0.998309991074412,0.9972126063882644,1.34756065919079,4.991186993491075,0.0130951580569457,0.0848915064069665,-1.5484868159323826,0.5014705659816712,1.6298744477788558,0.993008031078361,0.5486846335383859,0.9944681070434856,0.997207369499135,-1.0024030189675557,0.9951286425673276,0.9896579247740198,2.089139248984594,0.9951839166206592,0.9950538526196688,1489.0,17.588194111582503,0.0387004625427259,10.20830306978922,10.104722606167678,10.1503547521474,0.995349027634098,0.998823824551498,0.9980237851018768,0.6761453645896693,3.163695155969694,0.0064885572046205,0.026952832646229,-0.847230130633081,0.2428445650397768,0.8817589422339653,0.9938326062929927,0.5084437572887737,0.9961254672139044,0.9994379558783916,-0.677472985552015,0.997914260904014,0.9937339088576744,1.3079974887727417,0.99778104173955,0.9977288914587475,266.0,19.234603342967123,0.0457577640615268,9.190468826385946,11.3996484175295,12.472099441121664,0.9972864871193736,0.9984914961347802,0.9974590806695508,1.3619798867703443,4.0293268856665,0.0147197086442688,1.8284502228894983,3.464227115023264,0.2773950605793052,3.926964188999036,0.9855021271697044,2.9361179651140503,0.9964023678491586,0.9931719613260208,5.146892913331811,1.0058981210846798,0.992631260037025,1.4621847657451497,0.9967957151425364,1.0018840578677068,0.0386319651712489
5,20270112,naive,1280,0.01,0.04813558189254,1489.0,20.40467531753964,0.048464542998342,11.685880813730224,12.149475498705774,11.497008720873945,0.9966698255112572,0.998690608043258,0.9980885036459762,1.0752981485751367,4.244519934544967,0.010560945057047,-0.1259687365900893,-0.9461442215532764,0.1805391834246967,0.971417215890482,0.9917405268900544,0.421900812753023,0.9928632250644042,0.9977485394393668,-0.50588328073556,0.9966994671798888,0.9924030887961938,1.3467826831372065,0.9959654698724328,0.9959196759775216,1489.0,14.82144079565488,0.0326125928962619,8.33183003683451,8.960797598882282,8.364198819269557,0.9969013042619724,0.9990709104565164,0.9986576621782648,0.5689484294309723,2.5904032767167826,0.0057020674008379,-0.0042261579321499,-0.5158703983251061,0.1224971768927658,0.530231729176658,0.9928813288207048,0.551531384261196,0.9953684962595816,0.9991111648118468,-0.2474108269364023,0.998554716596716,0.9956167527113408,0.8675914563908123,0.9983012058095556,0.9982202202135227,266.0,17.51103340240319,0.0416575127967821,9.69429263172678,10.488754023913526,10.131289168529635,0.9969571219706216,0.9987238662677274,0.9983276269655548,1.3545670109807502,3.595299546472265,0.0140834715300562,1.866764356325542,3.093603225664773,0.5428678614235263,3.653750893924976,0.9860857130582198,2.92984491868637,0.996962665260621,0.9920677689265714,5.048380368682871,1.0045503474795312,0.9950489245274788,1.338931133952684,0.9988623404016866,1.001849374209736,0.0325303863813369
5,20270112,naive,1536,0.01,0.0405818890588238,1489.0,18.68335671226146,0.0443761211900498,10.359728280790552,11.254105716001831,10.727951925640255,0.9974033250741728,0.998878960053692,0.998332591685678,0.8955492422928564,3.6041807469887455,0.0089509900822213,-0.1984555575110117,-1.0148844042205625,0.0623914997552234,1.0359863230172677,0.9885159689018076,0.563306223011395,0.9900149536135172,0.9981676506774386,-0.6565784002145563,0.9968060753653704,0.994101382493058,0.9679206207636072,0.9966616337836954,0.9958037848761574,1489.0,13.608861603231716,0.0299444749917888,7.36406147451141,8.305620191283964,7.873270348061686,0.9975913962008872,0.9992033338648322,0.9988100877839958,0.4923377996890631,2.1309189249545515,0.004540874287157,-0.0583499428937659,-0.5671225641568297,0.0827935887318597,0.5760967774138505,0.9904270139770152,0.6890169532004649,0.9935341817280032,0.9996697884685808,-0.467387036835305,0.9986185948500858,0.9963635503109524,0.7009421171076156,0.9985323663177011,0.998169489546557,266.0,16.02834577819764,0.0381303035647732,8.61964469101574,9.775327308980708,9.330196663972654,0.997674724082524,0.998949643471304,0.9985805013231528,1.1901900955767646,3.4608398674651237,0.0100676682418957,2.1410596325303404,3.478156171241872,0.140927569584613,4.086755104171021,0.9862321329081782,3.1929534127667267,0.9980858666787455,0.9912843229176902,5.626001612040682,1.005195122408359,0.99982009186094,0.1698542669718108,1.0003038545740082,1.0028044194304715,0.0275731461446232
5,20270112,naive,1792,0.01,0.0370769793154656,1489.0,16.582606100748638,0.0393864844153377,9.069262896726563,10.17632965014685,9.443177984883414,0.9980136847641364,0.9990806358170292,0.9987096246278748,0.7192810334205891,3.04180874708348,0.0077886531361842,-0.1878173771490611,-0.7065155889273309,0.1246017264495962,0.741596409639843,0.9899969523644632,0.4757074176154106,0.9912628324792618,0.9974202869381504,-0.2020666460907705,0.9970012525065892,0.9947018959319172,0.9379427362939624,0.9971828525823152,0.9962537485227808,1489.0,12.107795078832073,0.0266415793998296,6.443258595805881,7.558617372605649,6.924624448524826,0.99815988210466,0.9993386311102131,0.9990800539386968,0.427305137444717,1.9233941965803232,0.0039245860338382,0.000305610583771,-0.4295785340380064,0.1081605039684297,0.4429858969795497,0.9914109208942986,0.6708584951407204,0.994436201871632,0.9987799395454514,-0.0610772516158704,0.9986425715568812,0.996847966569002,0.6439646517972903,0.9988404860802584,0.9983426418754888,266.0,15.280423457270851,0.0363510491404894,8.220154574902523,8.977728938927713,9.23692496978092,0.9979614270338026,0.999119388164,0.9986094261878784,1.1770489243234203,3.2636114297841976,0.0105773214566361,2.38621428751814,3.4212116762613056,0.0226983575732353,4.171237607135192,0.984806854925523,3.5470022802759047,0.9979749833879904,0.9952475379993332,4.592383318384265,1.0066026224681346,1.000198126930102,-0.0091576650684146,1.0001720449424203,1.00354328502426,0.0251263551502549
5,20270112,loss_weighted,512,0.03,0.0913668686630229,1489.0,37.07399169441992,0.0880569789341319,20.763273473768454,18.631857469265487,24.417641615364843,0.9894588297611304,0.9969117127836672,0.991323216478028,2.0809295842720243,7.271000274698336,0.02207849447772,-0.7492289287161796,-1.191694428713972,0.4245850682152183,1.4702897942937765,0.9808899327653648,0.5183850927095932,0.9822693802079936,0.9943603991366922,-0.0889009686241593,0.9941760413142936,0.979145626378753,3.626054326427635,0.988736919373248,0.9907208243059102,1489.0,27.72084849581566,0.0609960097130385,15.10920970704976,14.312057875322028,18.3118055562468,0.9897992881870604,0.9976259272181804,0.99354254068648,1.3770921367174045,4.645043416607786,0.0134887185580742,-0.6695520510250778,-0.5396483755112113,-0.2607852345098423,0.8986263165310322,0.9834470532002,0.6227432099599781,0.986255355100678,0.9978791719300754,0.100916492115175,0.998106141794774,0.98697382847935,1.9534922736079068,0.9930182153247912,0.9957594879661318,266.0,26.90670625237788,0.0640091555004322,12.76301006023008,15.0102683575321,18.32398044610087,0.9947968893459376,0.9972277044436052,0.9945177022700084,1.9230987622302955,5.416224026079281,0.0177308319309262,2.637767561070236,3.087977758816843,1.0245763704403306,4.188458079537933,0.9756179704180594,4.500605507989235,0.992326319272992,0.9966347602623172,3.917289671077554,1.006320614429974,0.9872260800967484,3.0784429571334897,0.9959938075346194,1.00139143404853,0.0626031652986351
5,20270112,loss_weighted,768,0.1,0.0694314435474186,1489.0,29.38103560385262,0.0697849116047796,17.18550312148515,16.041286506958077,17.623304537400596,0.9928247071724676,0.9977516508477644,0.9955665885128,1.561618774568146,5.485735855530706,0.0154639455278643,-1.346343706619891,-2.0891985106396618,0.2597794863137851,2.498975224911888,0.9863593135926608,-0.4415260971623667,0.985184391600979,0.990956631001896,-0.320816593193399,0.9902913396172708,0.9785243846863412,3.556618963565086,0.9879320138828228,0.9888006995641886,1489.0,21.75278155767861,0.0478640787412423,12.38107478242955,12.1096297909471,13.162422233547153,0.993167705846356,0.9983334240341768,0.9967215117715776,0.976598961105672,3.7258338787235337,0.0103480280111024,-0.7248637259608682,-1.7179034554517785,-0.0668653796989342,1.865768121302676,0.9873639286495512,0.2616394822685635,0.9885438092866152,0.9942062886650254,0.0320016815948065,0.994278263197527,0.9831866737399302,2.7911785294649007,0.9918229826799276,0.9931445292708254,266.0,21.04736263057845,0.0500701904892436,10.083202313140962,11.966256537271631,14.075837783220685,0.996670002943408,0.998254105301174,0.996763623045284,1.564323432833914,4.276016422844609,0.0153630925918633,1.195255439206545,2.64631034598364,-0.0431132042778243,2.9040407642793142,0.9811200261948788,2.637724841633428,0.9909124922884076,0.9935232412508808,4.242408574391504,1.0040129814083578,0.9900642929765034,1.5544086860494986,0.9944914114503932,0.99944516456338,0.047911351676563
5,20270112,loss_weighted,1024,0.03,0.0569557746426492,1489.0,23.951165415583667,0.0568880547266616,13.976341297730958,13.768081560225532,13.73900064942749,0.9952319374369484,0.998329905671086,0.997274180163894,1.3740356024584042,4.943980975608929,0.0140651468168055,0.098762139971825,-1.5723543085168186,0.4804004040520379,1.6470690878091845,0.9919687124420696,0.6314956250787702,0.993649152403205,0.9967683619912568,-0.9404249667425688,0.9948181616539464,0.989562133666966,2.082774505209045,0.9950712901005392,0.9947366482768824,1489.0,18.164517004955552,0.0399685837839402,10.604081952900854,10.41926455380436,10.43753084389779,0.9949792597026388,0.9987516525482296,0.9979123940269176,0.8775317021467443,3.3768609043301345,0.008873433392767,-0.0769458885230664,-1.0236553137567077,0.2691592928353405,1.0612434197970646,0.9927423713458176,0.4896601200156851,0.994950526205855,0.9986313216162872,-0.6102661757502688,0.997258780533685,0.9927419620982216,1.5029300944477768,0.9973922445770568,0.9971008054563936,266.0,19.66444068448896,0.0467803167654994,9.869099274688004,11.446407860299624,12.580574471613312,0.9968203164794828,0.998475242333096,0.9974183928809718,1.4441340002055263,4.022506575164123,0.0163524722526298,1.6720230839488497,3.420592778771567,0.423735473545953,3.83088343636076,0.9854452537093074,2.784036077246313,0.9957808954181342,0.9928023907236956,5.194333604959326,1.0056458518971845,0.991757588391019,1.748999286508251,0.9967389212422906,1.001651240508668,0.0400131777035755
5,20270112,loss_weighted,1280,0.03,0.0474580558644051,1489.0,20.34051968361488,0.0483121625546179,11.563950518212469,12.217427548503284,11.434432802239524,0.9967420884564728,0.998676755475398,0.9981119017117264,1.095583284837326,4.164371818935463,0.0113409892635694,-0.0944990630439304,-1.0036931216329703,0.1392787923903007,1.0177074910499668,0.9905220437037012,0.5341952344765986,0.9919435626872264,0.9973817280088296,-0.4917041886244533,0.996362059552096,0.9917875784803536,1.4000126560937645,0.9954907584031504,0.9954554337602974,1489.0,15.49534776002184,0.0340954347995469,8.723715242642076,9.478292375266488,8.611885288267223,0.9966042027913808,0.9989622320128768,0.9985786907745298,0.7754167484070172,2.777247184259636,0.0078307087600079,-0.0629067177577084,-0.7026201332788051,0.0733901634352373,0.7092379170044596,0.991201420279572,0.6240019646434973,0.994015398617968,0.9982026665391384,-0.1597620455516448,0.9978433479668928,0.9945174824580808,1.0053459005209788,0.9976281676746668,0.9974652581362023,266.0,17.884637765841283,0.0425462912139782,9.952693335986146,10.81859349317683,10.186373162444283,0.9967864442931998,0.998635490985398,0.9983123083681767,1.4148239669339142,3.718499697572229,0.014940634550004,1.8650347440501904,2.947426324374231,0.4943865643061804,3.5227964189114043,0.9854657211544252,2.975483981823757,0.9965121068668196,0.9898199970326046,5.456132504553636,1.0033107797410432,0.9934347161696638,1.5499918282668546,0.997849254970742,1.0007740591219203,0.0338128974968602
5,20270112,loss_weighted,1536,0.03,0.0401579132592603,1489.0,18.63061734091087,0.0442508562941007,10.404599440768605,11.142656213273282,10.70912813880799,0.9973888693127492,0.9989021679275308,0.998342653869146,0.9349015746058448,3.5403034313514747,0.0094743043853653,-0.2404828967930556,-1.0663201432995135,0.0750268684935457,1.0956731732830838,0.9873529056199511,0.5984275041808047,0.9889453497350508,0.9974985636372606,-0.5771777857955556,0.9963016448480398,0.992828780920385,1.1759200357620043,0.9959392124213388,0.9951485037186094,1489.0,14.238568668171045,0.0313300609436476,7.672316418721316,8.69825550768263,8.259101017199761,0.9973894394905014,0.999128497148398,0.9986939622613916,0.6269621531143396,2.294246965345073,0.0066119873217254,-0.128742840220766,-0.7867332773990565,0.0878562751083038,0.8020241229234171,0.9891509320184262,0.718248291223091,0.9923899204313013,0.9986640624250972,-0.3832330182502801,0.9978021384275704,0.9944612241370014,1.0293751854420634,0.9976462594268614,0.997307030617983,266.0,16.399734695654878,0.0390138115923139,8.806439153792159,9.895289829045678,9.66856590801386,0.9975703077769316,0.998921244761792,0.9984728466237928,1.3131142285373425,3.5718607021449085,0.011075630708598,2.2194918242435886,3.482386506792904,-0.0817545227090575,4.130356345711687,0.9866306859424124,3.240935320858739,0.9986625509572544,0.9909971468004262,5.701002113620888,1.0050933918368177,0.9985557832359782,0.1504552122847826,0.9989842954128444,1.002392620092734,0.0289085512373653
5,20270112,loss_weighted,1792,0.03,0.0370713047671454,1489.0,16.525813177230287,0.0392515916497816,8.977216710136684,10.08412900297181,9.530079934574706,0.9980615422988188,0.9990987544797104,0.9986892434534632,0.7801398380182026,2.884464155800053,0.0081263267226883,-0.1987761160956966,-0.7073081523113002,0.0863526344227191,0.7397658711564484,0.9890022678512432,0.5307283542173309,0.9904145613011356,0.9963527141200058,0.0058988836164814,0.9963649468926624,0.9935421455902412,1.0777332791901983,0.9963928628493,0.9955373169117556,1489.0,12.528614578029782,0.0275675362753695,6.613076980954556,7.714536455716537,7.329346721380412,0.998066126869607,0.9993133586991112,0.9989719246366012,0.5414149053173807,1.9323315292083765,0.005460896405337,0.0119027925748776,-0.5797393742667368,0.0476777097103425,0.5818183415375385,0.990255760314908,0.77263953143148,0.9937400296410126,0.9974987842785904,0.1757159783902011,0.9978939846170556,0.9951985691496026,0.8638576841536008,0.9978714694179964,0.9975398162793828,266.0,15.446565336843726,0.0367462889481776,8.249873362010115,8.933846967220147,9.524828008025628,0.9979452377948744,0.9991346867804392,0.9985177707592334,1.2274637360889105,3.280455128804468,0.0107547451947812,2.3116893393160023,3.47877055106978,-0.1246366874535536,4.17867041681406,0.983721375091719,3.555410256842393,0.9969207178886548,0.9952475435132924,4.649940834361701,1.0067449441631324,0.9984009097420202,0.132474526241765,0.998778211044894,1.003055458831859,0.0264595379644289
6,20270122,naive,512,0.01,0.1002072446447169,1489.0,37.17078430796713,0.0881361166754712,22.09386441101251,20.60429244650888,21.65621144697169,0.988892195583664,0.9963015474098214,0.9928210628917836,2.010681557029516,7.69896039888621,0.0193860907944391,0.2458669639575155,1.6551555008266507,0.7884874776036486,1.8497845275112916,0.9690646969075132,2.1824621651896976,0.9743332903183834,0.9873800765937788,4.156262638851104,0.995943139303336,0.9795477145536066,3.896264955173336,0.9901691630158996,0.990983070727764,1489.0,26.842698060805358,0.0593705573187789,15.558261561084835,15.051611066924773,15.871986034219598,0.9899271576910006,0.997407514826051,0.9950711337924044,1.0594585177316196,4.612677921520417,0.0099217847821491,0.1402607918588919,0.6621841454011105,0.2666592174227292,0.7275081239340113,0.973233184070555,2.17292602200196,0.9824959876678768,0.9899549124905104,3.6754825902188486,0.9982167478791252,0.986448366064934,2.516875448549655,0.9943118657372512,0.995831444354192,266.0,26.13388071392386,0.0621706580789488,12.208930977463952,14.505255367684567,17.98664205112729,0.9952528514438342,0.9974402983286792,0.9947079579822478,1.7578408459497026,5.563507844977536,0.017309903463168,2.763844881787629,3.364499098328848,0.6830343166764908,4.407406106883847,0.9795896964620584,4.323234669698252,0.9956395619556748,0.994499455301118,4.7200242906725975,1.0061701436560784,0.9902569019382872,2.24958739602792,0.9966639620692334,1.001906554601562,0.0645467900825564
6,20270122,naive,768,0.0001,0.0740361080885599,1489.0,28.333722525306488,0.0671824477431214,17.56322854755312,16.38878453551312,15.024665606129211,0.9930094241452696,0.9976830306712444,0.9965784067034712,1.5128835019099691,5.833762615233472,0.0152527177101551,-0.7178889963473275,1.6847176675069286,0.8339019745701653,2.012220349136391,0.9785577732703586,0.6244257456226947,0.980065174141466,0.9890106102160984,3.8626739312905727,0.99696879813017,0.9853894669060616,3.054010128431088,0.9937148789495576,0.993484617104933,1489.0,20.542510276923664,0.0454358306719004,12.347885858608157,11.948928743818763,11.258221226083656,0.9936758482234884,0.9983786911519484,0.9975329536360984,0.8162081781214243,3.807565931288568,0.0079997672612281,-0.3751318519122542,0.7474578267168531,0.4160282324039401,0.9340752642033432,0.9814548756977748,1.0331801960047642,0.9858591421750188,0.9911163064819064,3.4123644128486603,0.9987866987019508,0.9904886283144438,1.9953686314784989,0.996722778911298,0.9971234643196046,266.0,21.76445415577584,0.0517761006260648,10.683830086317466,12.524959650078806,14.236313608145323,0.9962185503881346,0.998114209254554,0.9966974195661354,1.538179260535704,4.35395048895752,0.0147811267255502,1.544401146849078,3.186400768777813,-0.1851251371138955,3.545785678527119,0.9868077993109234,2.552312812463043,0.9962831760756377,0.9966737459501224,4.006105253982895,1.0065792047056623,0.99864007552888,0.0335315832049332,0.9987355769840618,1.0028741003653647,0.0480779082713884
6,20270122,naive,1024,0.01,0.0647932338619584,1489.0,23.505789629540484,0.0557348750075799,14.035902643723132,14.710305477508308,11.795019959395043,0.9955231169742932,0.9981409459139056,0.9978824183668774,1.2337725802153243,4.491146350195864,0.0126026211497464,-0.169176532396015,1.5940631773620946,0.330776542379267,1.636786862582804,0.9872759188626062,0.6273695495058007,0.988790426251292,0.9897656593352956,3.6223783790888433,0.9972287712493338,0.9905991817543056,1.7592551000089711,0.9953950150951468,0.995423837361604,1489.0,17.16686377480047,0.0379695911125143,10.071301829730888,10.689277412610256,8.88872542681321,0.9957854458378002,0.9987048880108966,0.9984595901766942,0.6857663977160577,2.996459602314812,0.0068177598267667,-0.1264717992016774,0.6571755410550749,0.1840261665112934,0.6940752392321615,0.9890415237763528,0.7057121129181496,0.992049851088016,0.9919180623349974,3.0815735539205207,0.9988448951563944,0.9938387293116095,1.2070903500491852,0.9976100540219917,0.9979316600221114,266.0,19.430192380992125,0.0462230565812315,9.395548645732635,11.356934927428634,12.660018588540368,0.9971326118309152,0.998535111620551,0.9973814653700253,1.354712006163575,4.166550024542795,0.014576090880502,1.6432655831529843,3.619020325340898,0.0231857904975142,3.974690865071981,0.985459973715558,2.7541539372512744,0.9956846789695716,0.9901138698252012,6.055306046181045,1.0050861634844817,0.99207770824369,1.296978835354338,0.9957716395847674,1.001015310286851,0.0420738782567071
6,20270122,naive,1280,0.0001,0.0548237845150428,1489.0,20.77705864035057,0.0492647464559026,12.17838779536875,12.971081749526236,10.729588747817283,0.9966297282485644,0.9985375065506348,0.9982395127895142,1.012245238103354,4.113660441468245,0.0099691714074296,-0.1465589554762127,1.127356247156588,0.4316175117798455,1.216020276109033,0.9905711681306364,0.4436997045680542,0.9916422855947457,0.9937795117497096,2.360177324115682,0.99864213670588,0.9949685618719658,1.1961575009695764,0.9982293578895632,0.9974922391233744,1489.0,15.102179601032924,0.0334029320603518,8.683198999324782,9.503675261913632,7.896710730175614,0.9968675262582654,0.9989664447567976,0.9987824687989478,0.6036758470189738,2.549804609178894,0.0058953295544043,-0.0893346497384231,0.4113555221470384,0.3179253030676614,0.5275135482387289,0.9921517213333524,0.506661646728773,0.994311531320634,0.9951069066448688,1.879172560419363,0.9993309545025032,0.9967338592914292,0.8602601145587414,0.9994215787544,0.9989170796907588,266.0,17.842563577015316,0.0424461996877299,9.632026139929744,10.668773759970271,10.571585212167257,0.9970181463440612,0.9987004727527438,0.9981747837615818,1.342272677311863,3.9187174426277815,0.0124242671931624,1.8085336018290403,3.4082964428768228,0.3509572003022759,3.874332121529534,0.9832894794061512,3.085252251126789,0.9947433761819924,0.9921578756409312,5.340868162977699,1.0053636568057058,0.9953927813358496,1.0917331362371383,0.99850215146442,1.0019345643658513,0.0359848450070506
6,20270122,naive,1536,0.003,0.0518478076148143,1489.0,17.531265723691305,0.0415686058300567,10.144184016519509,10.895054782082983,9.259513475829833,0.9976615793461926,0.9989640445430378,0.9986867799483304,0.8686258677581665,3.457077662883485,0.0084313720065102,0.0900543560296221,0.7550870985894174,0.1805414706375434,0.7815763149661468,0.9936140467208252,0.4898243676169969,0.994796511863577,0.9957617351527954,1.5950568924596098,0.9990479981689409,0.9969480207838848,0.6442975772454815,0.9987044140450786,0.9983204813533748,1489.0,12.852391492200992,0.0284268609676493,7.240302278363709,8.01789550512967,6.962423547554635,0.997822871402611,0.9992626365929927,0.9990520334444948,0.4967775584499135,2.1358864596571028,0.0050320804606,0.0170350920647699,0.2388913930303646,0.0966139209175791,0.258250927860311,0.9943469166527262,0.4463288113249462,0.9962495383146086,0.996652341491168,1.2431130256358642,0.9994466399091712,0.998016219913412,0.4260158344592355,0.999347225536516,0.9991421688126249,266.0,16.243414092402787,0.0386419359079536,8.640488583574989,10.09963852663797,9.337438623392924,0.9976266311699746,0.9988771623400138,0.9985791246466604,1.1964850328497303,3.5743145602525845,0.0108298918960921,2.056993429333269,3.6662449011345664,-0.1101351105425999,4.205318464277073,0.989273604913126,2.8765124006446,0.9999525619090665,0.992276245158946,5.569646262214917,1.006047700933471,1.0001561844718696,-0.1352473760462658,0.9997709858028108,1.0033324753861343,0.033878591810805
6,20270122,naive,1792,0.03,0.0518838272952493,1489.0,16.341474050840546,0.0387474757503397,8.477628099914012,10.620605732766752,9.07614068990587,0.998420405494304,0.9990238211205276,0.998751629520218,0.7252080385457141,2.765875126728174,0.0073732566322818,0.4923581544295042,0.7719647350119742,0.2412976179261078,0.9468741440931572,0.987000994738718,1.306114888427821,0.990154033725954,0.9935876120042482,2.0428178829835986,0.9977963878098668,0.9924164820631832,1.393632710576668,0.9962156071691648,0.9961867834958082,1489.0,11.903928903127593,0.0263290557328051,6.082517094775622,7.765975660844134,6.663042184892367,0.9985011608184216,0.9993132610473188,0.999138312341342,0.4318168287407153,1.8230657454090555,0.0040434116747012,0.1898102222069638,0.1811442601113067,0.1080677595378267,0.2837601171360331,0.9885033434166844,1.062863414689744,0.9930341442637284,0.9949187657647032,1.705399295670702,0.9987522020296952,0.9947000968953382,0.9881039268852304,0.9977872400870104,0.9980029927734524,266.0,15.314464435952846,0.0364320302266693,8.110893232219064,9.181481894451592,9.189484324893602,0.9980017640289848,0.9990935525539202,0.9986197247891871,1.1620119685534738,3.210496226244945,0.0100162595291007,2.138972730505328,3.6285796177274063,-0.1632737564808263,4.215264250742479,0.983402208367659,3.4070786518713163,0.9960508749949842,0.9943412990825063,5.023079993510208,1.006761320162089,0.9970473999953944,0.3114627800921425,0.9979344785610572,1.002693824124366,0.0334144044674575
6,20270122,loss_weighted,512,0.03,0.0992400633075908,1489.0,36.73163362940905,0.0870948409487383,21.78197252246585,20.4924148608903,21.32649796110088,0.989207978260028,0.9963375533707546,0.9930445970278708,2.0614490129963645,7.617154886120945,0.0208377340587741,0.168219387491206,1.3538312272448312,0.8981487724013484,1.633348698703743,0.9694433673147128,2.081109267613733,0.9744672888055568,0.9868344982478198,3.963065003720743,0.994999519830357,0.9796619679285902,3.988565155220016,0.990535032189381,0.9906069350643628,1489.0,27.54139305285235,0.0609159277200591,15.811109930797882,15.478906433081027,16.399408211391396,0.9895891550265372,0.9972551665370112,0.9947374326788844,1.3577943616832848,4.6081738852288,0.013164753471215,0.076390275975942,0.218332391251032,0.4055785577443065,0.4669030668511678,0.9733040600587364,2.103673201506893,0.9822716509942784,0.9891428721419948,3.475224524724979,0.9969545627858748,0.9860819951816336,2.716629793134615,0.9945695893931114,0.9950548782716552,266.0,26.31886754355245,0.0626107286930241,12.486796223677988,14.919428056561124,17.72493653891309,0.995047959262941,0.9972579421392525,0.9948548773380156,1.949348291031644,5.330198391151144,0.017659498446873,2.628986178996593,3.057713743574139,0.2775616674159993,4.042056672811012,0.9751024724810236,4.531209244182378,0.99192443669275,0.9945522486016874,4.400228833677744,1.0054322136709024,0.9902761578243796,1.8410186712211496,0.9955195715052776,1.000692017844644,0.0659480634792882
6,20270122,loss_weighted,768,0.01,0.0736871966153346,1489.0,28.099398265767277,0.0666268385284346,17.42547930827289,16.19880473270388,14.950838739244276,0.9931184052837808,0.9977360599443268,0.9966129374279958,1.620393972631698,5.795650566355849,0.0161827451176871,-0.6735693850958943,1.482273511563456,0.852294659469705,1.8377259496948124,0.978753311010931,0.6565044084366747,0.9803381516810996,0.9884963244288442,3.762154629570233,0.9962474144862729,0.9854516741615248,3.062950260559603,0.9938014575333932,0.993161408412391,1489.0,21.29124859518669,0.0470918866741884,12.820265733762485,12.206340307577928,11.83060901024766,0.993173479153821,0.9983056103763692,0.997275536691396,1.0949032714386406,3.820781646242539,0.0111620799155691,-0.3708235919989355,0.4757876805873783,0.5104466645546184,0.7902150661286111,0.9814612953542678,1.0370009488280516,0.985881849032566,0.9905636593084785,3.3064758855105083,0.9979960328300423,0.9899954132218336,2.171684243861961,0.996780428487418,0.9966242424117202,266.0,21.87326339518799,0.0520349501284932,10.777999290343208,12.255410901987306,14.562942232807313,0.9961481420209704,0.9982087555259288,0.9965456061640208,1.6470005261612377,4.501588272767037,0.016528634041418,1.4128900730670342,3.2891337680845765,-0.1890336531118943,3.584744485306372,0.9849045455056364,2.5662143016176486,0.9944315310883166,0.9958681745176532,4.30735902363557,1.0065185105545076,0.9987688364199931,0.0089201276290395,0.9987942418762094,1.0026429520082922,0.0498541484935291
6,20270122,loss_weighted,1024,0.03,0.0643501656827544,1489.0,23.48668751436648,0.0556895817407557,13.915187926311248,14.779680467485036,11.813258680481926,0.9956044659548072,0.9981198887447982,0.9978808408659344,1.307137649972958,4.474106634584164,0.0134364653231121,-0.0641826837246063,1.432625437781095,0.2368523448791779,1.4534903147741756,0.986319591291426,0.7922309022910881,0.988232083786496,0.989535869092546,3.5064821216460587,0.9967602023233006,0.989573210151822,1.821229931357351,0.9945379905444424,0.9948204440768476,1489.0,17.97963858662409,0.0397672827396125,10.590404480618838,11.084074819321357,9.394361183294809,0.9953377197909012,0.998604089648307,0.9982846427132992,0.9134743940003356,3.124988491830216,0.0087111531674711,-0.0941931854953794,0.3767253549577532,0.2188296427263994,0.4457362020271359,0.9882748803312528,0.7962094358978931,0.991668981903225,0.9914418188587716,2.94398561017897,0.998059378295042,0.9919837161693272,1.5499142983135812,0.996826129243018,0.9971818216681227,266.0,19.87879804831785,0.047290257807903,9.946223151356124,11.411532647869368,12.884726597636622,0.9967533686179652,0.9985159920062836,0.9972907326202284,1.4624370176065464,4.15953399417716,0.0164399741801949,1.4787561550140027,3.585537103754569,0.0975028451377095,3.8797297448665735,0.9846433237804756,2.652038268553369,0.9944889279972774,0.9900801812778938,6.030124852315339,1.004990212150393,0.9909128744979084,1.5585847666771429,0.9953518868860952,1.0006878169304714,0.0432907714675853
6,20270122,loss_weighted,1280,0.01,0.0543135695666259,1489.0,20.60237158876651,0.0488505437790759,12.10478529513289,12.811728184802057,10.667310296372582,0.9966711575025328,0.9985730237936706,0.998261134767947,1.10123095490203,4.082623084180447,0.0109138336110306,-0.0742321032239965,1.0279862165324296,0.4053408643496676,1.107504980955595,0.9902893556185188,0.5336684320908205,0.991577662939374,0.9934907142725964,2.3180432535049533,0.9982665312668552,0.994220927690893,1.2834857939500637,0.9977197857945814,0.9971199901961926,1489.0,15.86712382001015,0.0350948322000315,9.315416106721326,9.85234662530095,8.24135347216047,0.9963925464129212,0.9988878045460792,0.9986751222022155,0.7913755336884802,2.6771416974403213,0.0074481765952344,0.0645460415000537,0.3367825724345493,0.3398845310746751,0.4828148579246613,0.9920131342704348,0.6710666044650964,0.9948737738388976,0.9950505906496984,1.8214931320928829,0.9991449853446672,0.9955707652935364,1.0753483043519054,0.9989304869848784,0.9987169853352934,266.0,18.14374472245947,0.0431626883798688,9.889341643387851,10.93674812233412,10.572792200868788,0.9968360257583966,0.9986291751930618,0.998176592186748,1.4399877747018233,3.882055228292932,0.0137163739393324,1.802667724390344,3.3174447658694475,0.3188069006143917,3.789022108543656,0.983944812459309,3.02931756070474,0.995191053549931,0.9902296921319568,5.725187848982387,1.0043857385936497,0.9938966384048892,1.3001415685665163,0.9975995775408648,1.0011467537237824,0.0376233903170063
6,20270122,loss_weighted,1536,0.01,0.0515311078901129,1489.0,17.43415817826262,0.0413383529012226,10.033756875010743,10.858741874740396,9.239118965335155,0.9977124046251322,0.9989697445399482,0.9986926604311888,0.9060627071950094,3.3572018902698924,0.0087062522862225,0.1325475774614612,0.6706966299461143,0.2049139362087916,0.7137174167445809,0.9937851590767728,0.52160570539899,0.9950443462582832,0.9958616700699447,1.4908606035609182,0.9989332596081432,0.997680388978296,0.5573848084185897,0.9991998528967913,0.9984498239009356,1489.0,13.661553499655328,0.0302165618104976,7.549758205158178,8.555844262317565,7.512437954922433,0.9976322796491138,0.9991591246756258,0.9988961578984342,0.6560746748385179,2.193292023337909,0.007003798715747,0.0678421126705969,0.1559805217398209,0.0504337487661394,0.1774148765702662,0.9943073648180344,0.5001393882513412,0.9964393715581392,0.996729769855802,1.1369754009181747,0.9992854896484324,0.9981615323505922,0.3557068815058244,0.9992728709938192,0.9990341729804566,266.0,16.675657395458735,0.0396702122246389,8.883122002755556,10.255696691802475,9.694760359113031,0.997494800290837,0.9988426856624572,0.9984687767331832,1.2874126679735098,3.513703358064764,0.0124908022615744,2.1864279736084478,3.755078762322292,-0.2324059179188632,4.351447610359703,0.9900966170740972,2.94306709814245,1.0010226561797124,0.9926064736252688,5.577100363790805,1.0063963603423272,1.0000163424674366,-0.2350335567381307,0.999346942321672,1.003518289015896,0.0355256341880295
6,20270122,loss_weighted,1792,0.03,0.0529707870839232,1489.0,15.9166072876202,0.037740068795876,8.147782385062607,10.44482601147407,8.82369760044068,0.998509663967653,0.9990465718450618,0.998811005776812,0.7624692187900488,2.785036481579984,0.008262957766338,0.4234816500373522,0.4980040766854354,0.2657639048093886,0.7056735941022629,0.9916286751642562,0.9475388236938967,0.9939160902144154,0.99555653706601,1.3786415024459586,0.9983969238907237,0.9952198734047212,0.9921164589861178,0.9979244414869616,0.9975955748173926,1489.0,12.203231870840185,0.0269910526736495,6.1755464364464245,7.971228782868288,6.873209293769229,0.998425673088801,0.9992721977672254,0.9990804816630076,0.5544238378723473,1.8388852684799544,0.0056590195920248,0.1345438732772565,-0.055242783071462,0.1730608264486942,0.2260616477181217,0.992631165874914,0.6941312725493844,0.995590126089519,0.9959584414632304,1.1571331212681455,0.998559472249248,0.9953747426008296,0.9410736965294292,0.9983149487634148,0.99823712183564,266.0,15.716992278588918,0.0373896155598897,8.37759649021647,9.252042431030976,9.551933531319126,0.9978612387664588,0.9990839538694704,0.9985097665821692,1.207150891573063,3.239776408019109,0.0103298195991445,2.23720201380837,3.7407501871489015,-0.2568628076788662,4.366264228744229,0.9835797110995304,3.491746355999794,0.9965427037736094,0.995375121091783,4.880480925615842,1.007442553036519,0.9980823121236636,0.0514744202625365,0.99822891665497,1.0032294210419357,0.0349893783548056
7,20270202,naive,512,0.003,0.0880995576250015,1489.0,38.17296421388952,0.0906992516577344,22.71067291882145,21.887865748600763,21.501671223893933,0.98777008817261,0.9960238876146614,0.9930537583801836,2.2558191084459778,7.329499503606028,0.0218081094746431,1.010914072674097,1.04691818962047,0.1744463866817024,1.465747761354263,0.9681843288310004,2.99641955865912,0.975658579934032,0.9892013678350716,3.1130044060761293,0.9953562023993674,0.986862514669048,2.1210405839757698,0.9925409377022284,0.991694463332019,1489.0,27.556553409424023,0.060963671853224,16.00512130219472,15.863885592421964,15.859913676278854,0.988995644716261,0.9972375818436976,0.995073144268516,1.093601773130808,4.822581632159561,0.0100720845625274,0.6035383606431454,0.4295387204309985,0.1094553173217157,0.7488274378034718,0.9713229458381236,2.795730681300114,0.983531482611685,0.9917244455710436,2.876825091454066,0.9981224564836731,0.9913483844854228,1.5637717317817703,0.9962305545848902,0.996373778907974,266.0,26.28199458676894,0.0625230105307794,12.306291918738989,14.375943856324731,18.238164844894087,0.9951260064040336,0.9974805682424628,0.9945789667609604,1.9655097726809012,5.303067386812144,0.0194862919211796,2.611337448766979,3.2738284980725703,1.3191519352358068,4.3905806147207125,0.9810564381393764,4.058665111346599,0.9961240979121212,0.9948006107407372,4.555138533997734,1.006063604100541,0.9896205634713596,2.9880192865529693,0.9981307548403082,1.002371517877905,0.0591896322230269
7,20270202,naive,768,0.03,0.072364756695022,1489.0,29.04432788899024,0.0690095427138658,17.932933470155138,16.99969265011869,15.264119020751444,0.9924079061057012,0.9976185633948972,0.9965160112170136,1.4836167541435137,5.427781574414339,0.015260975195754,0.0821040350829162,0.9261929434272382,0.090575973913301,0.9342261225643668,0.9751016408115436,1.635924116328738,0.9791822801851624,0.989607361380443,2.914601019239683,0.995369925371465,0.988410940246886,1.8077384216121857,0.9932505946923502,0.9924213831156732,1489.0,21.01004666972068,0.0464807616454581,12.62188339648878,12.341274194676709,11.39311510698847,0.9931863515483424,0.9983396604203658,0.9974659765640472,0.810853442396171,3.548683250527937,0.0080601434671189,0.0605916006623383,0.296664955737251,-0.1186036094243156,0.3251895665636968,0.977548862317118,1.7768491820932866,0.9853080963255136,0.9915666166522638,2.7906252463386068,0.997772920550326,0.9916044223217986,1.2926734411693417,0.9956402105986858,0.9961429488990486,266.0,21.394126537272257,0.0508951173538441,10.39740299977266,12.298847394242452,14.083359468758552,0.9964690081459632,0.998185963294376,0.9967545344371403,1.5397039563002646,4.311329577773069,0.0144813657808289,1.501373648454325,3.17905301189114,0.1746797088781009,3.520087198547916,0.9815676747798122,2.909641764720988,0.9923696234423957,0.9956815649160712,4.243265352344707,1.006173423534782,0.9934205862082643,1.2325568718180762,0.9969310370609378,1.00161288954288,0.0485722756269688
7,20270202,naive,1024,0.03,0.0604841614848174,1489.0,23.58074760973778,0.0560280346516796,14.147850489874658,13.91722600527076,12.735807970777618,0.9953528232821338,0.9984227428802024,0.9975811494810006,1.274319193236697,4.834691567739107,0.0123482541284575,0.4319680711275923,1.2353517466329071,0.2570177208882767,1.3336972899549848,0.9768669667288714,1.8756202959485933,0.9815455028255108,0.9903800790324944,3.075916904404238,0.996461586544394,0.9903041177344154,1.693666187498991,0.9948383794370306,0.9938476544566932,1489.0,17.173726719416113,0.0379936280370017,10.102768628720012,10.16639665990001,9.461254378850176,0.9956949866630904,0.9988843748653844,0.998258426128554,0.6566421407640808,3.0210143147483515,0.0065454291370248,0.2534918208434372,0.4909635178674154,0.0328470869690609,0.5535180306310015,0.97900743057258,1.858250427842464,0.9871221316181936,0.9918292841200168,2.9072465338569486,0.9982949518120068,0.9922208837342618,1.340498410146182,0.9964059838504674,0.9968399072519216,266.0,19.01211088785076,0.0452284702110037,9.180563243175214,11.07308489459713,12.43239356950376,0.997304920785122,0.998608395478085,0.9974934160432964,1.2631974349755088,4.0082366983132,0.0138800517029005,1.407113716341492,3.4898883330851738,0.2732883473162232,3.772794204419214,0.980521618578896,2.895302709544524,0.9912703339741528,0.9898141039337348,6.000046777434051,1.0046497640367975,0.9885638244431656,2.112064465660268,0.994579204888404,0.999874063829369,0.0405544270571366
7,20270202,naive,1280,0.01,0.052790685210993,1489.0,19.016921464704765,0.0451843492168481,10.91613375914465,11.370225322292994,10.639516054196193,0.9972006097864836,0.9989400211030124,0.998305013999074,1.0433813532056695,3.85772470331728,0.0106231987959294,0.2631528678239642,1.1624997571346556,0.2836682379992415,1.2252031612886511,0.987586283846812,1.0378497583183377,0.9901750901034242,0.9951393142930172,2.092487517467504,0.9992764476914564,0.995844442356686,0.899401324751949,0.9982523082113656,0.997670971423291,1489.0,14.006710981793812,0.0309872036371937,7.876908782443443,8.451866213627635,7.918852067535312,0.9973540002304476,0.9992237500763284,0.9987744606132724,0.5913051099972421,2.4687177977446897,0.0055940301232404,0.146889071317519,0.524887471499901,0.1456203877127959,0.5641706783657828,0.9889380084382052,0.9925133399767816,0.9932721654048992,0.9950712615968934,1.982437466948568,0.9994801693837524,0.9968149647831198,0.6810173882772972,0.9989411336239368,0.9988062342736798,266.0,17.46463526983477,0.0415471349134899,9.70032980076662,10.267797862582752,10.27080395674344,0.9969733974282124,0.9988121173631498,0.9982792594806672,1.337717260673978,3.7724571429680056,0.0126517237849292,1.749440135577876,3.342485937624707,0.4104118426469378,3.794890105362013,0.9825459762769368,3.082963975686312,0.99399137790601,0.990822571785639,5.604122889328977,1.0046792741491215,0.9947846538635156,1.2489661195559734,0.9983418399695718,1.0014097413785887,0.0355696343814587
7,20270202,naive,1536,0.01,0.0465172515314968,1489.0,16.719671609233007,0.0397260661871452,9.535913546703696,9.983209384839022,9.43129375689504,0.9978638468474416,0.999176870460352,0.9986673730114772,0.8581523754026942,3.36827620431454,0.0084260392433679,0.1618570809213947,0.778454321905812,0.1011826647206735,0.8015153009008678,0.989766414141784,0.8004996151258723,0.9917631756146696,0.9974091003785756,1.2741672894639464,0.9999283030043672,0.9976115765043666,0.4550777367347223,0.9988299048671924,0.9984318586711352,1489.0,12.303434745269255,0.0272190265355041,6.820860317532296,7.450951948499283,7.023794282363821,0.9980166659875844,0.9993924980073466,0.9990354673244912,0.4779591731440388,2.077857905012517,0.0049132120228404,0.0585843593657379,0.3523684709742823,0.0421237655897556,0.3596805223062659,0.9909091822437184,0.7535239707120951,0.9941997084620452,0.9972659102448176,1.1609065154585778,0.9998477469287752,0.9980943449071508,0.3624599475618026,0.9992259621900802,0.999199982366592,266.0,16.039986513757942,0.0381579960532416,8.745692043752165,9.829489186353214,9.174703285270429,0.997613009711473,0.9989529733500878,0.9986292243104498,1.188729949621789,3.6173218542586425,0.0117328208646597,2.170081440635064,3.6671283954706624,-0.0424102414428925,4.261324061419788,0.985232705640395,3.2983335499988726,0.997477659679464,0.9913481268059062,5.79925034294638,1.0056872995043755,1.0005652925466046,-0.133301329062931,1.000185636422842,1.0029734229839673,0.0313618344796139
7,20270202,naive,1792,0.01,0.0420246788491393,1489.0,14.965843882556744,0.0355589582451258,7.580184552682187,9.419361267139353,8.820029398106014,0.99863997393816,0.999268261459698,0.9988344579708788,0.759010997528144,2.96780045185895,0.0070986083465615,-0.1696280788805445,0.7856602533323573,0.0066135551268742,0.8037906804152337,0.9965696438986242,0.0444485257582414,0.9966805160365784,0.9973093911449864,1.300450440118368,0.9998805591466672,0.9975240275994244,0.3734808349909713,0.9985239057686056,0.9990046961888982,1489.0,10.973585419741,0.0242769859729129,5.526951979093656,6.852808104734008,6.550679343765554,0.9986904803209312,0.9994869143985282,0.9991611548542064,0.4101877541414283,1.9100414556414824,0.0041092005667155,-0.1435816639707076,0.3464864464490614,-0.0206392826367082,0.3756255206841694,0.9968170957586242,0.0997326665718958,0.997252613362488,0.997196189519428,1.1756426359154943,0.999810799088944,0.9978911263832452,0.3338574598157038,0.9989334453321488,0.9993604185865996,266.0,15.538613844970744,0.0369652658536011,8.451427345382669,9.419172777273085,9.016711165425685,0.9978376243476302,0.9990342832567796,0.9986758201790508,1.159079224670691,3.224480471357763,0.0101890304583505,2.3216580227752224,3.6202774440087575,-0.0659879713878358,4.301262507529972,0.9830886863493864,3.613717680677766,0.9965044935257364,0.9946830170164044,4.930566656455596,1.0068742904754342,1.000513906808064,-0.1486169552667604,1.0000906301794017,1.0034992419069633,0.0282544286539566
7,20270202,loss_weighted,512,0.03,0.0874040108104396,1489.0,37.81260250929912,0.0898430295223687,22.522725749347728,21.694458895550365,21.25723845129458,0.987973556434763,0.9960957628126276,0.9932116856858334,2.288243526692173,7.000466911628956,0.0227110688647741,0.950800828041268,0.9380203800612932,0.1794986036241024,1.3476365224782596,0.9682583788958556,2.931685106784535,0.9755711567676338,0.9883576606397092,3.1655318381993425,0.9946163491060986,0.985413272106458,2.3408285050306006,0.9916801085829088,0.9910089610233348,1489.0,28.28952318671437,0.0625852291037682,16.35212418805994,16.15189204741814,16.49307551545392,0.9885035531619456,0.9971369739695372,0.9946698437043416,1.4294684930312465,4.791926922416137,0.0130954302188992,0.6187090742780108,0.2722352386017884,0.0348000596664735,0.6768485708659773,0.9712720335226857,2.814793342354008,0.9835638140793604,0.9908277418800092,2.984699096010047,0.9974656627754837,0.9893538251401608,1.824397253830881,0.9950496805781244,0.995637921964768,266.0,26.31934797044708,0.0626118715947051,12.45056158668734,14.776889784374449,17.869950253597022,0.9950207706991157,0.9973084417273655,0.9947814927184582,1.9269970648975103,5.152366262709762,0.0185137949968232,2.430019867107548,3.006379844472882,0.8705375339073242,3.9624679079749807,0.9766919946847904,4.210800118490809,0.9923244506317166,0.994717041423925,4.30828426158152,1.005369665195557,0.9887491887698177,2.679509676669994,0.996380712510656,1.0009784511487274,0.0611321963964037
7,20270202,loss_weighted,768,0.03,0.0720304814550676,1489.0,28.58623663533501,0.067921114430836,17.65745044324492,16.58003221900611,15.181893835501494,0.9926146968327866,0.9977248548871168,0.996544995646525,1.564078903155184,5.412369584360405,0.0164976872124012,0.0490324888688943,0.5725954794230785,-0.0079043367141358,0.5747453754135946,0.9787368202465384,1.3759936529357404,0.9821690906201912,0.9911544064481794,2.265009725473732,0.9956326397971594,0.9909516600825464,1.3327971396149394,0.9945198077329608,0.9933833315508254,1489.0,21.442475748601566,0.047437429341632,12.867263121495574,12.451422947277257,11.79726123214977,0.9928909356181308,0.9983043733802448,0.9972787213608734,1.033916678859052,3.576685432503832,0.0109613404853937,0.0484010667185717,-0.0874696465536455,-0.2592032713384991,0.2778127754447137,0.980441171973202,1.5435585664870786,0.9871816608361492,0.9924281381419378,2.151717405816669,0.9972135216830524,0.9931955455774388,0.8846096664304923,0.995957339242954,0.996022984027032,266.0,21.599292052953064,0.051383191638127,10.716351965585138,12.104963343032782,14.323375307597493,0.9962462396295828,0.9982514637345784,0.9966449920733444,1.617001075573883,4.425132245191902,0.0159240474802042,1.5100618263647605,3.2330423753940565,0.1089057229215581,3.569973414049856,0.9806522712726626,2.9882686810834684,0.9917461197575342,0.995590577272646,4.31967723027239,1.0062713711931672,0.9955429315149872,0.8255396227193046,0.997894154682658,1.001903223227412,0.0500577247686209
7,20270202,loss_weighted,1024,0.03,0.0599613624872347,1489.0,22.94919131663998,0.0545274521230935,13.596118615921156,13.503666065669012,12.627824177444232,0.9956744744166616,0.9985026263599543,0.9976125124498992,1.3456711672959711,4.635319712000276,0.0134634204349259,0.3279336227449991,1.0017877374331223,0.1984373236826487,1.0726120003190185,0.980763299129656,1.5284292812347218,0.9845758040267628,0.9923578556174188,2.463947845478629,0.9972294167801248,0.992972440989782,1.2397176939984431,0.9962913975252796,0.9951491249123998,1489.0,17.511227699237082,0.0387402852360443,10.22407000854922,10.231189509589992,9.8708788470768,0.9955489980000743,0.9988629496237806,0.9980997794326056,0.8937506083308945,3.1927389028804347,0.0086696393112087,0.2535399519472175,0.2408391323157807,0.0741188111484643,0.3574627156139185,0.982447437747932,1.5953302195121069,0.9894140056584828,0.9926708018140472,2.408264527797201,0.9980267418658484,0.9928676339690106,1.2730529264392203,0.9968421660609924,0.9969766615007644,266.0,19.534039332660264,0.0464701011512812,9.828518051147595,11.199508399646795,12.631307817262034,0.9968475014390258,0.9985646851576764,0.9974062440773916,1.449429410080031,4.025293338804872,0.0152748857244133,1.2684923460315487,3.4677738845947026,0.3610604172370365,3.710106894890367,0.981568574510497,2.676691720996118,0.9915057038527872,0.9905112301422266,5.806136226996529,1.004867428813837,0.9894719179447894,2.053827877729504,0.9953214344981188,1.0002613831119138,0.0415795865016657
7,20270202,loss_weighted,1280,0.03,0.0523369253014487,1489.0,18.820275391605637,0.0447171166600158,10.841831351241094,11.184302017417483,10.562615544944986,0.9972395282786084,0.9989744010520448,0.998329821347024,1.0847425254359766,3.685735639196542,0.0108868451080095,0.2040153385484989,1.0568745848785597,0.2359557882522116,1.1019443182552413,0.9874911604426484,0.9846485501661776,0.9899472619224664,0.9947253939343228,2.066057111247318,0.9988102708125224,0.9952374913047104,0.9416214127817,0.9977583882452364,0.9972297908187984,1489.0,14.6016308231993,0.0323033514678586,8.311141890260938,8.729772347953778,8.241578606666033,0.9970494534950396,0.999172086406402,0.9986733042987348,0.7791875844605795,2.5882505763785497,0.0075267740674845,0.0842751295194796,0.2251695880680003,0.144254377502224,0.2803800390091852,0.9886310133607092,0.9533673683394,0.9927942257376868,0.9941037274101022,1.968843401462664,0.9984824022225672,0.995818436171568,0.847165516301061,0.9984633274104396,0.997990025210042,266.0,17.72822705166434,0.0421742011620863,9.860426182060428,10.535340368062952,10.29896272604982,0.9968575020588668,0.998745932654836,0.9982726026750453,1.3904807374040875,3.8244319852684585,0.0125910014718443,1.6936925938347838,3.224228924863771,0.3206640252347085,3.6561006796064457,0.9825644234672664,3.0258070301015607,0.9937976318293188,0.9887253864667358,6.002685153277923,1.0035675701934792,0.9932449452127196,1.4067817889248602,0.9972516068470606,1.0004118096131245,0.0369297473754061
7,20270202,loss_weighted,1536,0.03,0.0461304657704352,1489.0,16.576396816020832,0.0393856441949481,9.396763192780822,9.93127258034424,9.372704936990594,0.9979305514237808,0.9991852163847356,0.9986840411513764,0.9232830590068212,3.3758619784161525,0.0092464047734248,0.1651801115051366,0.6643764811079822,0.0897407112624477,0.690459247996697,0.9892378656384212,0.8368075212277759,0.9913251933360686,0.996606812575478,1.3135899796864976,0.9992039592401298,0.9967077434016778,0.5775576281877761,0.9982539733812772,0.9977943322358176,1489.0,12.936975297506144,0.0286206153974505,7.056857388201461,7.918906070097897,7.40655252488211,0.997879815120268,0.9993137929585952,0.9989284436212332,0.6403255729987889,2.187664835977361,0.0066068028888052,0.0944987463852047,0.1227616934151947,0.06281938182519,0.1671727285517602,0.9899773555255544,0.8606710361026018,0.9937357769158836,0.9963030171995968,1.2160510553551944,0.9990074944184548,0.9964576144945828,0.6582861334617292,0.9985128152712454,0.9984254671486584,266.0,16.514926658288665,0.0392878451428892,8.93287858147595,10.079256905759983,9.557984254274096,0.9974976926733752,0.9988948082821136,0.9985099575317246,1.324894851176475,3.605459215090348,0.0117484292038105,2.2095350189355663,3.720635330440176,-0.2663704433631139,4.3354498584483405,0.9859067289652168,3.2862903395530907,0.9981069729844664,0.991130243008618,5.906451410478383,1.005734480074014,0.9992827049733948,-0.15103949568973,0.998852528696296,1.002647417016301,0.0323302990464478
7,20270202,loss_weighted,1792,0.03,0.0421581645058903,1489.0,14.934196330628916,0.0354837634224086,7.477789884659757,9.456237148580271,8.814332502944323,0.9986794702029862,0.9992625498212458,0.9988367106602104,0.7907483247942237,2.99977162843189,0.0077535477592346,-0.2350875898927269,0.7115448956948022,0.0066309013167953,0.7494039513928192,0.9950941420283812,0.0710699594599688,0.9952714185120268,0.9966540106528432,1.3517280563936538,0.9993265615001152,0.9964461864716084,0.533202967306778,0.9978736707139136,0.998299854092456,1489.0,11.53168763354329,0.025511681753524,5.820840807638771,7.165372860413656,6.91050387026806,0.9985508714990484,0.9994396143155576,0.9990688636730471,0.5453704090187093,2.029746973008835,0.0056936800936722,-0.2575756495272633,0.1307237114300709,-0.0144335692010908,0.2892096676795689,0.9952247461850188,0.1074644512898999,0.995694027333664,0.9962092933878328,1.2517295253780958,0.9989931189275988,0.9958844326036128,0.677383723106658,0.9979992569680672,0.9984485569333826,266.0,15.649172708937018,0.0372282775893814,8.480111931791335,9.348772728131076,9.2512029799471,0.9978284643572688,0.9990572935693302,0.9986027311964116,1.212978680282959,3.3410453471376287,0.0098744487722638,2.3066946633510503,3.6699687798093543,-0.1916541638656538,4.338921805383754,0.9823269765036828,3.65695054320264,0.9959032842499628,0.9943468378448688,5.063104212240631,1.0068658224370706,0.9989256579371844,-0.0189150765527017,0.998871785821316,1.0030350373038,0.0295136651113403
8,20270212,naive,512,0.0001,0.0919223002137291,1489.0,35.202440297636166,0.0845153960489996,18.287902079619958,20.002151615054977,22.46504776765953,0.991544614706108,0.996464554328152,0.9918941174450954,2.130306797991342,7.393430973955081,0.0190180887295278,-0.4274463344087771,0.038911671134646,-1.4642059942654284,1.5258190196064547,0.9816264140448946,0.817328489659289,0.9838923140332884,0.9968554779148016,0.6432937227369848,0.9981778538107716,0.9864723152043507,0.650691392587504,0.9883035193587688,0.9930038066190864,1489.0,25.682053906007724,0.0571376895343883,13.187084503673557,14.631514387230338,16.479911463971217,0.992023575467364,0.997550802766158,0.9944123807977904,1.0963651524364313,4.636864007825713,0.0094150509068865,-0.3545821004105041,-0.0359911482467845,-0.8261472500687659,0.899746135018001,0.9838262284950584,0.931534260397612,0.98811797536928,0.9980351986095808,0.545877335861519,0.9992656398152704,0.9926059741652852,0.435344914659197,0.993997235362956,0.9969211013684788,266.0,26.65353140013729,0.0634068703922565,12.9100087659526,14.470284744584427,18.285329342721145,0.9946442837546584,0.9974796410589728,0.9945401857129436,1.9051083054004645,5.633597500158776,0.0184221205650819,2.7517528318568307,3.645651025695395,1.0345682903066151,4.683294416977639,0.9789398452963212,4.360792605110802,0.9951291433809591,0.9963740760121372,4.53920458813991,1.0075976712449577,0.9902132119718152,2.608146101532867,0.9976414847885636,1.0029646025439531,0.0616909198517621
8,20270212,naive,768,0.01,0.0691338361525614,1489.0,26.95640878289064,0.064718000942046,14.462508436133792,16.46827997606227,15.693297258227425,0.9947182598031322,0.9976096604225074,0.9960495157225264,1.4946765686221606,5.718432365925206,0.0141696123455138,0.220827139354539,-0.2609548239613252,-0.9352126583834672,0.9957332785564952,0.988735620211208,0.9839670296345416,0.9914634963457574,0.9995668081807492,-0.1776946803329337,0.9992015331068458,0.9904719510753484,0.5543878221831449,0.9920321335131448,0.995815886439848,1489.0,19.615327170952902,0.043640375419786,10.362367368197043,11.936290996423828,11.614962754944152,0.9950794854531168,0.9983736551794596,0.9972239933581792,0.8146701825619076,3.4875441692834883,0.0075917474945323,0.0909892309060337,-0.1452703997548523,-0.544183822517204,0.5705423401249393,0.9892946406077656,0.9422648816394884,0.9936358253954716,1.0000918710999047,-0.1724776777503507,0.999703095769215,0.9940549456779234,0.4700998186043819,0.9955572754735256,0.9980892268587966,266.0,21.735564065339275,0.0517073731395478,10.71212996426547,12.61715375736924,14.08873478812264,0.996228733170166,0.9980883739715491,0.9967561637665512,1.4894061043859057,4.683344894753733,0.0151063400761399,1.6691226215197916,3.233189120561369,-0.1518640912637211,3.641777713864598,0.9843619586858364,2.863901615516582,0.9949940985597516,0.9968431463111356,4.0111474752437175,1.0067610724162754,0.9964203069941748,0.4237001764762453,0.9976270494007908,1.0024723839100609,0.0465799365499745
8,20270212,naive,1024,0.03,0.0580423277869131,1489.0,22.08302524240909,0.0530177910548885,11.825571470494452,13.72158410575658,12.630676659694558,0.99649398669146,0.9983345332103912,0.9974500577701122,1.174453299785532,4.206616039843352,0.0130047658900192,0.6959817092072984,-0.132331902162878,-0.3756731700810577,0.8018931366459682,0.9883474783772186,1.4854174561751703,0.992465537932576,0.997382458990404,0.3707635643881701,0.9981446128609016,0.9894431406359936,1.274769948573777,0.993030653936996,0.9957071512993092,1489.0,16.232251493923712,0.0361136749302969,8.633527850799931,10.026729254416445,9.402812657395645,0.996599720211728,0.9988493200245314,0.9981835670412093,0.666281233136355,2.9081162104820435,0.0063858750044867,0.3646620926437449,-0.1971607057205935,-0.247095123971759,0.4826041711197455,0.9894358587145788,1.2047082711691104,0.9949861676800612,0.9985145640182344,0.2427455296701737,0.9990617274239688,0.9932881166780406,0.8980169449458231,0.9961579701856484,0.9979462285211608,266.0,19.09483354943056,0.0454252615855705,9.232677088658855,11.177802993924333,12.42686856315898,0.997236645621328,0.9985631031766746,0.9974849438157548,1.3369314456984729,4.100882508158327,0.0134055267926409,1.4267605045802716,3.390590327258545,0.0551978425837106,3.678966581331673,0.9833362524840612,2.699905593107289,0.9933595625575484,0.99066342312392,5.691447034841133,1.004736042360998,0.990245287610672,1.6236183423977764,0.9948695224227168,1.0002588094823084,0.0392529598465922
8,20270212,naive,1280,0.01,0.0495160148467006,1489.0,19.47544004646458,0.0467573984882528,10.35448220800642,12.429457908184228,10.84370966580125,0.9973000577270548,0.9986336734241226,0.9981113133919036,0.9885876864202284,3.8932450914400047,0.0114692940448743,0.4301378043614206,-0.1095579535466044,-0.0976905313372099,0.4544941317983436,0.9943959702025784,0.8097999575307853,0.9966409986551352,0.9979997041721652,0.2749020258980295,0.998564801887178,0.993891832733638,0.857250922816462,0.9963043457453712,0.9975700075350804,1489.0,14.411696285719389,0.0320632855553934,7.605660014783808,9.190216783460766,8.086460353228286,0.9973538569719572,0.9990330637603746,0.9986528177883716,0.5897953872711118,2.5650848661935126,0.0060000702644658,0.1998196124147737,-0.1176179277662724,-0.0495509300527663,0.2371015586340937,0.9952877810964011,0.5745288647234474,0.997934739522036,0.998633072049309,0.2871926034316061,0.9992804219025024,0.9964620664911475,0.5540546699969298,0.9982326964854324,0.9988885968804836,266.0,17.613927882904363,0.0419022915051368,9.79971463932771,10.372661147626172,10.325887330802544,0.9968656341437572,0.9987652908965848,0.9982600506929196,1.32079112514746,3.87708430479638,0.0138841615058597,1.6075403260106746,3.114517923343098,0.3523314323840467,3.5225765048926485,0.9848312912964332,2.7664613290306197,0.9951016873347154,0.9907400678800152,5.396486701923095,1.0040833709291734,0.9946990150186992,1.2046552305695286,0.9981299990795746,1.0011352604366186,0.0337196408791645
8,20270212,naive,1536,0.01,0.0430349926446043,1489.0,17.42288842714524,0.0418295522494385,9.855811875947094,11.115660855518728,9.102862031019708,0.9975536793584509,0.998908360515788,0.998671148034046,0.9102149071978716,3.17684516930995,0.0090262897157112,0.2182824489902239,-0.376560879388667,0.0536323170362775,0.4385450362891088,0.9973701407237668,0.3964503159431274,0.998469229740802,0.9977194475496056,0.0617648602346037,0.997846413443264,0.9946244149644796,0.8940429945591859,0.997140469832448,0.9977080937863072,1489.0,12.861535272430215,0.0286144718806853,7.128838346163607,8.210499212109427,6.8692398477695065,0.9976774188210252,0.9992289104507692,0.9990288066918253,0.5391699161360745,2.246591634165339,0.0050475615010559,0.081754913727043,-0.2651171261659749,0.0526703463756004,0.2823917879336214,0.997898936382676,0.2488286412440601,0.9990453349518712,0.9987750821536954,0.0976376509132705,0.9989951634448904,0.996647957061782,0.624561221105921,0.9986439096116696,0.9989066310229512,266.0,16.11974123081518,0.0383477268972225,8.779917797198964,9.763036586155833,9.351054349123114,0.9975730744676924,0.99895121723939,0.998572391408818,1.1632623493804164,3.655147416017518,0.0104343775526571,2.1201170624610963,3.4167852598391018,-0.0663156934153034,4.02165583330866,0.986454959001578,3.154986464109399,0.9981677417330024,0.9907201898854224,5.703652666449358,1.004822988654194,0.999174101394582,0.0664771816388452,0.9993634353590451,1.0023036023994307,0.0292795879226036
8,20270212,naive,1792,0.01,0.0378048575218644,1489.0,15.687211437964484,0.0376624710211636,9.065195374874945,9.275673806705631,8.824551600299275,0.9979282602571437,0.9992421774538608,0.998754393558022,0.8046162094075892,3.042140401277318,0.0073508154973074,0.1377485199304434,-0.3096849265359278,-0.092515581216536,0.351338214879088,0.9964263752814372,0.3798546657423429,0.9974794557669292,0.9963752943177816,0.386989161709721,0.9971708020638688,0.993890520184396,0.8626310748622075,0.996318174255147,0.9969412611154158,1489.0,11.504246447901382,0.0255947621741232,6.468993469100929,6.880809953893009,6.569190529219564,0.9980864894209992,0.9994592125547525,0.9991134292548912,0.4199570658818759,2.0770165077774685,0.0040704729511524,0.1497880205522352,-0.2739855643614194,-0.0447065841632001,0.3154413087199323,0.9971891464987204,0.3733032763926047,0.998909022232449,0.997971776285615,0.3266652005843866,0.9987080998089746,0.9959862962490073,0.6400700106986505,0.998031811287066,0.9985465560415624,266.0,15.370564577958122,0.0365654885057887,8.315290345879143,8.979458363316029,9.299437048035966,0.9978952250868862,0.9991067174206006,0.9985869409774352,1.164641549069439,3.264879474537977,0.0097513990628612,2.2717213201079733,3.251016709394957,-0.0340786889286975,3.9662310520237503,0.984204104768664,3.4785606828279896,0.9971181460679,0.9945281640206374,4.599467076484331,1.0059007637241235,0.9985254085114664,0.2030148743830864,0.9991036161018654,1.0027062613408129,0.0257677627867313
8,20270212,loss_weighted,512,0.01,0.0908332508227488,1489.0,34.93809442825377,0.0838807441426013,18.255613327923022,19.80306774087683,22.25402283519045,0.9915756734088992,0.9965336829528796,0.9920505700198128,2.172478528488034,7.021996265671136,0.0207828978534383,-0.4787072016327963,-0.1563250070493473,-1.579446225804373,1.6577842057794376,0.981752709076206,0.7575113789363002,0.9838527766089744,0.9966282505778188,0.4917304932949946,0.9976390680763636,0.9858118327403986,0.6387099712718509,0.9876093182553216,0.9924855785551544,1489.0,26.9518691112401,0.0599627870607836,14.029808474751269,15.097730750150768,17.36739038966901,0.9909704612218596,0.9973924087052602,0.9937955241639944,1.4952461090353932,4.818701009788945,0.0132358731040042,-0.4570470263765769,-0.3551449564420856,-0.9755598709365314,1.1343442979041347,0.983188949354418,0.879744906850064,0.9872420933069276,0.9974447374045896,0.4015863753558051,0.9983499378798966,0.9913417577392056,0.5016198166199786,0.9929448181249976,0.9959726743605376,266.0,26.802780092680045,0.0637619225000692,13.103794065308248,14.978648140275649,17.953264373934203,0.9944904808024134,0.9972667092720874,0.9947251900174108,2.0382853634005933,5.495703453679067,0.0181204631599731,2.585010775013638,3.4015783214361863,0.5732225672349365,4.310637991688544,0.9747647638242573,4.513035486395978,0.9915192585622516,0.9969664362845642,4.149153746046238,1.0072255954169893,0.9899831121130231,2.18379719816528,0.9962027948811354,1.001874655394546,0.0634299016180172
8,20270212,loss_weighted,768,0.03,0.0685281949179621,1489.0,26.722092832210123,0.0641554460394618,14.433410014005709,16.35483534268244,15.43587644465322,0.9947424996219828,0.9976395882857504,0.996175142719574,1.508512755149753,5.575352048347599,0.0156286871756853,0.3125575612545023,-0.2838352446396394,-0.7783880796482353,0.8855183102203327,0.9875402830299216,1.1566792279375164,0.9907469734638398,0.9988257672548349,-0.0581458787031863,0.9987062406595498,0.9903570276697968,0.7291793489779366,0.9924091160612756,0.9955687402916144,1489.0,20.26116964913177,0.0450772522031367,10.849908313723656,12.262231604599156,11.934494593817488,0.9946046670015464,0.9982821412753874,0.9970667045860584,1.0199127014486251,3.5595399081136136,0.0106109594859725,0.1177402211108757,-0.3368841696254605,-0.4433414465689551,0.5691268238778837,0.9881602995006,1.0592171372830848,0.993040304489484,0.9991960283604676,-0.0987910160670821,0.9989733473130324,0.9934223902197384,0.6788622603049248,0.99559187627441,0.9975729246429252,266.0,21.73979477534298,0.0517174377001062,10.73732138596722,12.391061262043888,14.275510748437556,0.9962042090318192,0.998168970511248,0.9966696687790674,1.617553561006269,4.593405299660653,0.0162873005158535,1.4689251499392446,3.327085655688005,-0.1917807688708185,3.641980219567042,0.9826281125989608,2.79617360362127,0.9930088144723695,0.995797287173091,4.362780014142942,1.0065846566378902,0.9962903568131968,0.4046776595235428,0.9974429211024508,1.0020828292144703,0.0479412613691224
8,20270212,loss_weighted,1024,0.03,0.0578419584462235,1489.0,22.0600369606447,0.0529625998885552,12.063290197560178,13.701776236694029,12.384812807387345,0.9963437760427696,0.9983431158180652,0.997538006414011,1.275388404657178,4.360501915278509,0.0141702727480949,0.7915000178833684,-0.3856263870166136,-0.2768976518858052,0.9229584488441136,0.991513457260524,1.3664468339969744,0.9953016916172942,0.999076567887149,-0.2081412939694189,0.998648705745218,0.9919533092268128,0.9811095789228546,0.9947143906815996,0.9969174613355944,1489.0,17.087199647747536,0.0380157721052334,9.569446683526214,10.383914317622049,9.621455472921774,0.995817196469961,0.99876931552456,0.9980948741874834,0.8669325106516249,3.2000835514151933,0.0085701051233158,0.5098256193206752,-0.4694336218448903,-0.2641136904338104,0.7416509481613895,0.9928274872404076,1.0801741002175618,0.9978040447491408,0.9994332842996806,-0.301602915355545,0.9987534527140296,0.9943403757687144,0.7014728226063767,0.9965821199270832,0.9980985693962628,266.0,19.74344929726746,0.04696827268005,10.267623705393936,11.22294220951895,12.586709727327523,0.9965189025936732,0.998541161430543,0.997415951644078,1.4976885299092682,4.105273289062317,0.0155099204944225,1.3634594751033542,3.3363812701167035,0.2115775467988371,3.610433045791609,0.9844306027534402,2.5529939190706443,0.9939085081038718,0.9913110627102496,5.477637097625063,1.00485501747639,0.9910863394289068,1.6447687481491189,0.995770812808114,1.0006778030269503,0.0407337701992863
8,20270212,loss_weighted,1280,0.03,0.0488282414544903,1489.0,19.42813958389078,0.0466438376869581,10.405541854354736,12.348022936581298,10.802945707818669,0.9972726237725286,0.9986514248042928,0.9981279153986216,1.0182031037993071,3.736033404561757,0.0118373230746791,0.3706617076939117,-0.0946203261536687,-0.0719011660833947,0.3892465611359276,0.9934911996249198,0.8116203132476301,0.9957412746946568,0.9966988123114404,0.5398730988814577,0.9978085933455314,0.9930421966084816,1.015871090089462,0.9959011054271883,0.9969066065660984,1489.0,15.192053028275769,0.0337994310149986,8.266138105673475,9.586023724303413,8.401046672228881,0.9968718107799578,0.9989492557171944,0.9985478140704914,0.7655852280193983,2.6967249137414786,0.0081400418363279,0.1086299541174914,-0.3176028619415289,-0.0384360578527146,0.3378599937670564,0.9941043176106422,0.577446616747153,0.9967647186477406,0.996890961217225,0.6031271886317882,0.9982504471244265,0.9949377968178742,0.8252246586856415,0.9975750230914122,0.9979450381824136,266.0,17.885776640755758,0.0425490005170349,9.926403204835111,10.680234532580682,10.358576919013275,0.9967798982074204,0.9986873812828904,0.9982524446490602,1.399421576909578,3.907589438028072,0.0145438743762341,1.604140342777204,2.979286752407821,0.2987116545858627,3.3968580254381444,0.9846987107770498,2.7731907741820976,0.9949940896575276,0.988551010289427,5.800715325239906,1.0028938052895502,0.9931389302426856,1.401875133787911,0.9971316172101344,1.0001327902074175,0.0349909762956053
8,20270212,loss_weighted,1536,0.03,0.0426110531661709,1489.0,17.209614283768623,0.0413175153411422,9.891805503429064,10.766643577078463,9.07757642559831,0.9975334428233,0.9989773061716424,0.9986831495172492,0.9636640575956812,3.17231319387795,0.009694978794596,0.1802902397305266,-0.4231197513129509,0.0004746802044185,0.4599294726526238,0.99621903996519,0.4364429512174865,0.9974290015542088,0.9965207212498474,0.2456030536601758,0.9970255910265255,0.9932864189970546,1.050065584637764,0.9962415594567332,0.9968313622207676,1489.0,13.401825994371585,0.0298165160645959,7.450089711391725,8.43948671100036,7.2718750904067,0.9974604101337172,0.999187240119318,0.9989149316141772,0.6790948048893294,2.3137727360763605,0.0071556192250767,-0.0277334119770993,-0.4585544022309089,0.0093495544122644,0.459487427589641,0.9964394782885916,0.2553944425654038,0.997616126692383,0.9974245184451946,0.3041646977509344,0.9981101244464736,0.9948168326613076,0.8936479234463661,0.9976727237913174,0.997952338409232,266.0,16.452184496735374,0.0391385859679598,8.93485124744282,9.825438362893888,9.711002465124924,0.997486250355677,0.998940270733124,0.9984597945307806,1.2992232848804848,3.735078871905341,0.0109408272370482,2.2231045593227656,3.427096992707929,-0.2684763670539555,4.093808402792672,0.9873419100684376,3.190209048339256,0.9991854554769818,0.9901813990544484,5.846741166851302,1.004637997124353,0.998045470087582,0.0457845419083753,0.9981758692503764,1.0019383762203298,0.0303960054420597
8,20270212,loss_weighted,1792,0.03,0.037807402161787,1489.0,15.530224369123014,0.0372855703237822,8.864832429791969,9.195437399035065,8.834395620948738,0.9980189446174696,0.9992573155393876,0.9987575810313296,0.8526709765062477,2.9861438958364896,0.0075813580562859,0.1248079400880482,-0.4330522170695694,-0.1306373166666646,0.4692305969603407,0.9953449733853592,0.4401769676382372,0.9965652868804616,0.9958928715771814,0.356344274709528,0.9966253846779431,0.9925412319931548,1.035454975185985,0.9954552546371817,0.9962422361430078,1489.0,11.858185605940156,0.0263822095410704,6.56449866944048,7.1105805840080905,6.852996924132365,0.9980286962870636,0.9994263794626606,0.9990408324676848,0.53734222112386,2.0562035046190776,0.0053449658364776,0.1283634899221752,-0.5650557850119937,-0.1021948931392162,0.5883952939174961,0.995888927931986,0.4552703616755167,0.9979864408573969,0.9970444635344196,0.3102151361813412,0.997743707597344,0.994021319106385,0.9178257656058976,0.996954477002371,0.9975558909139236,266.0,15.527482051023494,0.0369387841013166,8.371066643443786,8.91598424279693,9.567296748720429,0.9978717518858872,0.9991243441645582,0.998503533605593,1.165462255819067,3.353741956436071,0.0105443743266564,2.2722598820204625,3.296098419813638,-0.114737090407321,4.005071081073687,0.98348473748789,3.534060406357227,0.9966048196721652,0.9947768334957688,4.583267994443304,1.0061093794989993,0.9970819500875204,0.354444277484248,0.9980914444520964,1.002440766578188,0.0267321562507498
9,20270222,naive,512,0.0001,0.0895832575587418,1489.0,34.04737065600081,0.0808542203817161,19.762064921608705,18.293031611570186,20.833848254206945,0.9907958386713313,0.9971708172387136,0.9933640568809532,2.05739122385378,6.772002861726387,0.0217913459366322,0.721714620077064,-0.2723676669024212,-0.2517181868297961,0.811429716234086,0.9882304526466668,1.4927468227899965,0.9920614917079889,0.9942086872840564,0.8552390383472925,0.9959232570899532,0.9893538593508396,1.3231538662016078,0.9929338088294052,0.9944455889457676,1489.0,24.43318604002339,0.0538003035959383,13.839760976011698,13.36020060985916,15.064748117959915,0.9914986594813192,0.9979468303038016,0.9955179695520034,1.0613298422697663,4.399462615229117,0.0097153076059936,0.4737577582334348,-0.1511820655886908,-0.1124462350577677,0.5098495721491777,0.9892100671909542,1.3208633205406954,0.9951567678684606,0.9970473538642628,0.741834373753079,0.9987097246668604,0.9931540417754166,1.0429443413370905,0.9964230999296289,0.9978123758041568,266.0,26.527283901294417,0.0631065365011746,12.6944167817535,14.495620006082422,18.232541632758505,0.9948131548997896,0.9974445730589414,0.9945754123994236,1.967433134738616,5.341160621941836,0.0176544665925421,2.6778728399463776,3.345229629104288,1.1508022701608769,4.436880670399771,0.9798255733714064,4.219241139692571,0.995489366329915,0.9970861128910112,4.063312582722062,1.0071330219578674,0.9892569223197027,2.878138002099746,0.9974541603008432,1.002684626369948,0.0595310825731949
9,20270222,naive,768,0.03,0.0709656361777216,1489.0,25.843905797408745,0.0613729875349335,14.438152767792666,14.67167843104544,15.626549956251196,0.9950820941283428,0.9981851137715854,0.9962836194608596,1.4664527766134767,5.592512467647115,0.0138623717060647,0.1472460961539944,0.0757002876398234,-0.6929547600682883,0.7124592941934594,0.9880787257905368,0.9282180432411876,0.9904609379157212,0.9933941724875672,1.3618983850479367,0.996124485002552,0.9961826207291298,-0.1282539799795756,0.9958356143979084,0.9952201313904626,1489.0,18.717007447504628,0.0412136461218638,10.188612735146146,10.791612529392516,11.4043692214265,0.9953885478933142,0.9986622595321126,0.997436371746667,0.8234990370536764,3.4134268906253697,0.0079914129839133,0.0978265831351492,-0.1118678514145435,-0.2532862161577183,0.2936636917351191,0.98861460413131,0.9916812845612526,0.9930792839169192,0.995416541859538,1.2743813908928132,0.9982722930764516,0.9971691633866926,0.224473337586545,0.9978727641116362,0.997728926455426,266.0,21.29061580999778,0.0506488726379012,10.48976605795539,12.36871194486328,13.793842627900712,0.9964172079708418,0.998161106595783,0.9968866799571752,1.483506930926668,4.276773295002953,0.014307849252341,1.76701237049629,3.1488421863913687,-0.1405946674312351,3.613489545134314,0.9829218042750436,3.071822167172243,0.9943258423091076,0.9961482115108792,4.09805660394602,1.0062810283228931,0.9940459955610668,0.8167254713176817,0.996372115103898,1.0017228506574811,0.0469361756460847
9,20270222,naive,1024,0.03,0.0573054530349589,1489.0,21.374366233915985,0.0507589186682749,12.678941990399892,12.614706158428826,11.70372378528046,0.996229042513638,0.9986570701819568,0.99791178082536,1.231828815283326,4.467711619500244,0.0133550974025761,-0.081625757627806,-0.0352991525046973,-0.4085391039167719,0.4181064384878355,0.9859740033389752,0.8372281945364222,0.9881226958483414,0.9954542546649467,0.8497873851384838,0.997157895082024,0.995702931605693,0.2271215685441348,0.9963174359060996,0.9955981073852922,1489.0,15.606300940333297,0.034364070540131,9.00974094660809,9.252556892274448,8.761928330595133,0.9964095181569408,0.9990162196863964,0.9984859160625942,0.6838554983979586,2.7496017970651,0.006638811837076,-0.0121009065072672,-0.1637274273776737,-0.1730760505430532,0.2385548609556941,0.9872111889711732,0.991934350202868,0.9916770080916394,0.9969661976600586,0.7538343930145857,0.9986554592112608,0.9965544074284628,0.4084357052480811,0.99783462921959,0.9978511494355348,266.0,19.176044761113825,0.045618457327489,9.11745056551603,11.250196246377715,12.570834192033598,0.9973174487573784,0.9985623866992472,0.9974290936578448,1.2986046964087616,3.867484592073154,0.0138668702069319,1.544073955496062,3.565062099072109,0.2649208868898383,3.894100053490175,0.983762809823083,2.784629173069291,0.9941006533805048,0.9899945943283772,6.030741443566882,1.0049061497786955,0.9897315006930992,1.915951093878789,0.9951883297490002,1.0005429259739895,0.0384195241674694
9,20270222,naive,1280,0.003,0.0476110632617759,1489.0,17.913511962545137,0.0425402319216934,10.278559639894254,11.193305894790551,9.484462330940609,0.9975111527035668,0.9989415910687308,0.9986301487997284,0.9811442943055548,3.84059125788996,0.0095447415497468,0.2855640404950793,0.112165388133593,-0.1602285194448076,0.3461229174188123,0.9948287135553348,0.6243390382574745,0.9964310396876404,0.9982128282993435,0.4601394817349842,0.9991353087130166,0.9994068750848956,-0.0724881932987102,0.999210749693563,0.998769282413772,1489.0,13.1997418634143,0.0290649822940171,7.362696799952068,8.247059245473363,7.211788605775966,0.9975947300624144,0.9992178732965972,0.9989751952854642,0.5663235802166044,2.376191806503529,0.0056207942385039,0.1945173507053645,0.0474344066199255,-0.1065474198608513,0.2268025029311245,0.9950623400716112,0.582167511660316,0.9976833349029276,0.998739068940986,0.4287981436920063,0.9996999593223193,0.9993052077142892,0.0107124922109846,0.999338785498478,0.9994351667393868,266.0,17.91042601354938,0.0426076396355259,9.875456404803538,10.675915654994826,10.453877066002237,0.9968313367638968,0.998700843307986,0.9982160397307516,1.2972655996375235,3.8297731612583807,0.0133206840490691,1.821552238768185,3.3726455956370263,0.4182969305457856,3.855873856136277,0.9857725030523452,2.908562699267208,0.9965704457201776,0.991211177092667,5.538516707339625,1.0049056622180583,0.9955873604049126,1.12778728997435,0.9987994165333126,1.0019840028733984,0.0322568574374747
9,20270222,naive,1536,0.01,0.0428294214660504,1489.0,15.133795087237122,0.0359390807460058,8.205687662585744,9.72060940460242,8.198060534646325,0.9984140795822436,0.9992045581119164,0.9989747195287548,0.9231198757560208,3.052180031633799,0.0085458635522434,0.0668939032565456,0.478606994287264,-0.0078333429107794,0.4833226774472134,0.9956363926617252,0.3527572144612492,0.9965417214469764,0.9970987639992304,1.0434967400910296,0.9991907498919342,0.9977656637840168,0.3226895930139619,0.998638738692202,0.998639209307531,1489.0,11.291228042028358,0.0248625576556824,5.942537558716386,7.253208161553193,6.290393423746314,0.9984330721653776,0.9993965961547128,0.9992197467627428,0.471991302344906,2.2245359822533963,0.0050708094626186,-0.0057155911283802,0.279225931082677,-0.0975247263693567,0.2958223467291689,0.9959912480636788,0.3090070418356276,0.9973824384741192,0.9976295873825952,0.9961480877017266,0.9998618477828256,0.998364260204028,0.1785386505459882,0.9989238808935283,0.9994073487937152,266.0,16.20472166966011,0.0385498893645828,8.71900454956897,9.9286326523161,9.380523317550573,0.997589088917837,0.9989271919681209,0.9985655796981578,1.1919376290855297,3.4939934369015058,0.0111298006445028,2.0467083007776763,3.586776960970069,-0.1076176931348285,4.131048947191692,0.9876917418870642,2.9870849087296705,0.998781195656288,0.990321688654184,5.971848906893229,1.0050876269636522,1.0000137386623398,-0.1098266767309894,0.9997009408030344,1.0026321466966592,0.0292166846954075
9,20270222,naive,1792,0.003,0.038378623220405,1489.0,13.43158338662828,0.0318967421652113,7.191884618338303,8.58714008976388,7.412506525273861,0.998782272139322,0.9993810927689708,0.9991651707702224,0.7543932388392804,2.9132212333833487,0.0068884339801706,0.1761262044548036,0.4312043574192631,0.4264599310969832,0.6315264923851245,0.9969362111983112,0.3768373921917174,0.9979033402165832,0.9965725294037612,1.0985554427310549,0.99877489611968,0.9993664597372752,0.5201788558337341,1.000773865233545,0.9992657879647966,1489.0,9.93364658418064,0.0218732506341265,5.204316567944368,6.336009237869575,5.607799074294208,0.9987982565143508,0.9995403468926666,0.999380333212822,0.4152454327449511,1.8122390051624255,0.0039080976844485,0.0254607664386768,0.1760310710563288,0.1638739118103549,0.2418467439865815,0.9971370959367876,0.250224163877661,0.9982636380866978,0.9972897322488368,0.9957411025133068,0.9995210806391656,0.9988995126857616,0.3496028675826892,0.999995325817594,0.9995385718039124,266.0,15.669697552069652,0.0372771047428567,8.384677944423327,9.28400091407627,9.436308821200674,0.9978639624683068,0.999050357792048,0.998549746010108,1.1456772310942325,3.3688595129058854,0.010297138581969,2.351212777492681,3.456262241061869,-0.1608357573478375,4.183278420673971,0.9845228605054568,3.533698536658065,0.997641599260462,0.9951909822737418,4.641371177581448,1.00666719366958,1.0003426701284517,-0.2159322925080857,0.9997276723805288,1.0033989055767003,0.0260064750127191
9,20270222,loss_weighted,512,0.03,0.0892705053701254,1489.0,33.8079497480806,0.080285653984958,19.650063817453283,18.08784928454156,20.72877628801241,0.9908876867084586,0.9972358209867532,0.9934311885173468,2.116182241227593,6.854111879159918,0.0219013975406865,0.6227238261560429,-0.3337562012638357,-0.4364817141874144,0.8304784478627193,0.9867287142957528,1.4921360764479346,0.9905581859157264,0.9927623329350296,1.0754652159042166,0.994918408726478,0.988648422174937,1.2427448960596337,0.992010815662408,0.993394225100516,1489.0,25.55413948470785,0.0562685709574747,14.486379103568265,13.796348217560965,15.900303177342488,0.9906796561261452,0.9978122478931992,0.9950047984961284,1.3951526865515762,4.458434352713131,0.0133805271869587,0.4549813937781971,-0.4869942374506775,-0.0424164932809623,0.66781031355975,0.9877940564682544,1.4132563749051883,0.9941567228482238,0.9952696045474329,0.9436956283619792,0.9973843246448464,0.9919248709193276,1.320420926538219,0.9960636658921812,0.9967666605370364,266.0,26.577754651631384,0.0632266028547535,12.80767098612474,14.934770805158411,17.868778000492366,0.9947481747421288,0.997246338042036,0.9947774956059794,2.016178578533386,5.11031081931592,0.0167761158762068,2.540685127271102,2.9564831018667057,0.6503857856808805,3.952072230839878,0.9750135052602455,4.449705473804613,0.9915328894244546,0.996557719881954,3.804780438685725,1.0059653847634038,0.9880621853640066,2.569818409707466,0.9953812969067192,1.000902969875982,0.061904519261025
9,20270222,loss_weighted,768,0.03,0.0703093484831628,1489.0,25.82262395248197,0.061322448331856,14.59187017543078,14.6838351156106,15.4360039800536,0.9949742241827332,0.9981795471755812,0.9963865953919818,1.528026754999433,5.637739796220616,0.0158253214216867,0.0798473693232385,-0.2301390879161134,-0.8412379521173275,0.8757972906199569,0.9908059389990528,0.6821574576062659,0.992556652399452,0.9946262542931296,0.8161645721663433,0.9962624882222816,0.9983186420356216,-0.5925164898989976,0.9967155185038552,0.995868707945818,1489.0,19.70230200604817,0.0433832013445939,10.897359733470166,11.309149893640996,11.896696342263787,0.9947208668160747,0.9985311894886576,0.9972133837493322,1.059902108042181,3.5009196225553025,0.0108194031275258,0.00827491251847,-0.425887480880193,-0.2178944138203022,0.4784627426683903,0.9910169813422192,0.7135216648371312,0.9942293498755248,0.9960733862704464,0.7617017019193213,0.9977802776121804,0.9980980546071224,0.1030964119573525,0.9984212052804816,0.9976473706161836,266.0,21.516087357459543,0.0511852535388942,10.7585026523824,12.209792351678114,14.075425627007307,0.9962182844396398,0.998226335634188,0.99676195759506,1.647890263695997,4.435886756473384,0.0159837085035415,1.74071012415741,3.328450534712987,-0.1932804730970498,3.76111845594577,0.9826683226092406,3.0648864491331693,0.9940466120198476,0.9962154389361496,4.261097780549392,1.0067513898517158,0.9962245258350504,0.4137626503172384,0.9974029651280528,1.0022849785287815,0.0482909105999553
9,20270222,loss_weighted,1024,0.03,0.0569114778569773,1489.0,21.47469282773741,0.0509971699156015,12.853910009903156,12.62994921999526,11.680060453753196,0.9961096697269474,0.998653244702312,0.9979219915788936,1.315599762942209,4.630386803911561,0.0143492539578797,-0.0116299315511206,-0.3213198969924155,-0.4502810658920244,0.5532944693487889,0.9883239308642328,0.7532784404118473,0.990257171709372,0.996527799233078,0.3547404469734374,0.9972389773155078,0.9974029841082171,-0.0661073184251961,0.9972241229295058,0.9962293456707568,1489.0,16.663021456269323,0.0366909011253968,9.897990513457623,9.669388646152026,9.28380261839195,0.995648864236578,0.9989273465849394,0.9982994699893516,0.9103038913877328,3.04002932653328,0.0092399423102672,-0.0078557396587073,-0.4839791862230563,-0.0978425574694553,0.4938326957532084,0.9888404689860828,0.8682665645232532,0.992749519443622,0.9974645391979988,0.2828611574568072,0.9980984005368392,0.9968028804834383,0.4417344659161983,0.9981874756152828,0.9976694106105234,266.0,19.83603441439715,0.0471885261404251,10.07977503789266,11.36902432316123,12.751928576258283,0.996659066576134,0.9985226623338512,0.997350029701486,1.519881132198858,4.298250864625251,0.0161657436519356,1.4984934562797,3.55446296829595,0.3865367649040592,3.8767383587395776,0.9850680843117398,2.639322978728032,0.9948664834362898,0.9905263924421438,5.889088793564156,1.0050876988617308,0.9907129327750208,1.87976650223024,0.9960667043302818,1.001015152691772,0.0401596305613678
9,20270222,loss_weighted,1280,0.03,0.0475189877723015,1489.0,17.665346253332945,0.0419508987497854,10.018565164048916,11.087468263912555,9.42129809530416,0.997637914885308,0.9989622438529784,0.9986458571177406,1.0717608093284885,3.73536535673731,0.0105848460650906,0.2184228188711603,0.0215303895964393,-0.0827263968193772,0.2345543480955218,0.9928328942724682,0.687945490413,0.9945984622881529,0.9966046270222724,0.6826318573118897,0.9979731566597316,0.9969149635271264,0.3736397065247558,0.9979258900011464,0.9974727854272928,1489.0,13.865724080827826,0.0305314322865662,7.73467535772233,8.659851616377043,7.578922837621666,0.9973454413217604,0.9991391060221644,0.9988675495567056,0.7535039468581418,2.4674390512631703,0.0077718554034843,0.1037106268074798,-0.2617766284520036,0.0220349226121668,0.2824330630981841,0.9929112424554958,0.6602410567989239,0.995883734672311,0.9970050000172064,0.6440495686297822,0.998448245620533,0.9965856055838368,0.5982813738925756,0.9984608893610414,0.9982347188912628,266.0,18.088872667034668,0.0430321516320644,9.891226066718744,10.87633627525206,10.539272768502276,0.9968125715524798,0.9986435560112432,0.9981914649413242,1.377529610585143,3.8660143262166873,0.0148039513294323,1.7177621434266304,3.1624886817223943,0.3389742327331304,3.614822951939544,0.9852088054147452,2.847840279911381,0.9957813181122972,0.9889199316349294,5.89300222609856,1.0034909143715636,0.9928988154258144,1.4807447959843216,0.997116131438168,1.0005563250572198,0.033942759810124
9,20270222,loss_weighted,1536,0.03,0.043079957745323,1489.0,15.150102773704038,0.0359778075331294,8.287013998696919,9.686485603311285,8.186758192107515,0.9983844794022364,0.9992108312380088,0.998978966953094,0.9545197519907828,3.107176673069051,0.0091882009928289,0.0242445652446007,0.4048841627357438,0.09639174542798,0.4169056880935741,0.99439329468705,0.3915441917830691,0.9953981677640203,0.9963810653237,1.1095145646862363,0.9986054027153726,0.9963507895927384,0.6362154877041348,0.9980721459380892,0.9979792893295474,1489.0,12.05400216053824,0.0265421371867241,6.483238893939585,7.683522712500964,6.650568416071777,0.998135689508846,0.999323564056347,0.999129631283824,0.6356479927058674,2.199598878487419,0.006982773863888,-0.0657633265162948,0.0155960380846675,0.0080466915046138,0.068064680727949,0.9946778370939326,0.3520737333637527,0.9962629194231698,0.9964232430514915,1.0973723863873488,0.998882336185014,0.9962398898910432,0.6426394897041519,0.9982542120180924,0.9984968875778776,266.0,16.637234327155667,0.039578806456473,8.901168823809861,10.055608696617645,9.82097211925734,0.9974815504954754,0.9988924348617788,0.9984265883689486,1.2815268100905393,3.628229644236982,0.0114649306329922,2.0894006639995046,3.550669244893382,-0.3071279546933991,4.13124373547573,0.9880874177332246,2.99954681150399,0.9992231359036672,0.9900983905123678,5.9907696058564,1.0049111119668916,0.9989547903211862,-0.1390729448245906,0.998558696032228,1.0022191222447685,0.0311279823132238
9,20270222,loss_weighted,1792,0.03,0.0387510584326351,1489.0,13.40542776758332,0.0318346289345643,7.337992305467944,8.464683549044441,7.362641847280348,0.998737433653618,0.999403074786544,0.999177974442364,0.782430843370784,2.7563402339507457,0.0073326186963408,0.1714334151154657,0.357079860603243,0.5066261351807861,0.6430905717819251,0.9941813955585695,0.5526147183981891,0.9955996458202504,0.9950060896588524,1.3294270748351664,0.9976713042005776,0.9969753308576051,0.954062164724462,0.9995566590284016,0.997954406339672,1489.0,10.509169931499208,0.0231405160149724,5.663290350923754,6.572970863345145,5.930080023058444,0.9985810492650752,0.9995098230045274,0.9993121527664844,0.5627345600240689,1.9611457251390905,0.0052977857808824,0.0562555855653543,-0.1471047453940324,0.3299240916497188,0.3655877504452742,0.9942436244615088,0.508182193791967,0.996531527645074,0.9954525033526664,1.2282680819720897,0.9982049196189858,0.995954739976644,1.0126415662128636,0.9991288155606568,0.9983046289280748,266.0,15.660051209497546,0.0372541567745726,8.335009554356434,9.109891283721758,9.631962438238784,0.997909508708314,0.999095723110118,0.998484151827927,1.2144011472604197,3.33526828058685,0.0107998521478186,2.3206007997231106,3.4879297784625964,-0.2178551806352703,4.195033145386494,0.9827944322603044,3.635142084158673,0.9962897768248417,0.9948432758434628,4.75872565174663,1.0066096568254508,0.9978354985073912,0.1301662040444,0.9982062254672784,1.0027229237447952,0.0273307016758584
10,20270302,naive,512,0.0001,0.0955923532734755,1489.0,35.97967884175555,0.0843239617403865,18.98031215224401,20.23959292187665,22.905106821754195,0.991663282302493,0.9964392506618732,0.9924488270689322,1.947625330408118,6.594923290588,0.0202610279783892,-0.4488481011473983,-0.0054960511611686,2.258560827165019,2.3027357283210605,0.9783475434557688,1.076811535264966,0.9811982526362684,0.9990948210065363,0.1792636328439982,0.9994645148265172,0.99149165508979,3.521601231258046,1.0007493138569723,0.997192631699158,1489.0,26.099047191751172,0.0574134814520303,13.589929073044315,14.767289730545258,16.685360233480488,0.9921404999653176,0.9974509537134556,0.994878512419562,1.0789945864606445,4.237504645132731,0.0098091836139715,-0.2082299352973873,-0.1243255251410506,0.9729007506068272,1.0026726348549062,0.9821297706545076,1.195096810005495,0.9873564538446538,0.999408026310595,0.0560432253538465,0.9995340540104778,0.994219706111752,1.906569936042956,1.0000090106272534,0.9985981725313358,266.0,26.587516000219782,0.0632498244142349,12.592186216350806,14.695209116800829,18.231392770937216,0.994943034365882,0.9973791836194564,0.9945815630519004,1.9030102471115795,5.450554663036081,0.0176420690584695,2.8901503550548155,3.458514380216044,1.2552240010515114,4.678661997387758,0.9799373415924764,4.42297932944382,0.9963575058311146,0.996813981036236,4.243660071250048,1.0073068156332567,0.9908150610209506,2.7320329534141763,0.9985961765460282,1.0032486249313706,0.0647048152896072
10,20270302,naive,768,0.01,0.0730253468398413,1489.0,27.74024223442941,0.0650135632153114,16.383957272996334,16.030324414658207,15.624201818405462,0.9938056834643104,0.9977793623081808,0.9964605083604264,1.452323410259321,5.030888472216748,0.0137737746881691,-0.2545565995249796,-0.5297899908617596,0.8938332784059617,1.0697730723686092,0.9809796325430228,1.0856426910064414,0.9838537209834224,1.0020680587733433,-0.9519096911930944,1.000104943754245,0.9927966452356188,1.9631514840550888,0.9979574188025844,0.997063042990016,1489.0,20.124598952323574,0.0442707076695106,11.600565326370695,11.736362690060265,11.518860963994223,0.9942887960657594,0.9983981747610744,0.9975523811346776,0.7970694122510432,3.380947129081564,0.0076106196931289,-0.0471310814129998,-0.3989661230710799,0.4065426810234183,0.5715524977525999,0.9836291813577622,1.2384488179267097,0.989045461917062,1.001719582300847,-0.9229064882055128,0.9996441881531798,0.995201129688834,1.1816861981288866,0.9987893228693748,0.9985031723426036,266.0,21.6639916378212,0.0515371073849967,10.67745532808146,12.664542919883829,13.961727473018229,0.9962841045572868,0.9980648691614252,0.9968156494773892,1.588411799114801,4.5517076577140845,0.0152907017806168,1.7693882042912386,3.066935712207444,-0.1425442286689187,3.543606656702345,0.9824757074860274,3.1082807266806185,0.9940150967144884,0.9994725097961424,3.196927612862112,1.0073772034090147,0.9969035217696476,0.3553259021845747,0.9979155270935568,1.0027980518789172,0.0496769032601492
10,20270302,naive,1024,0.01,0.0629592054962859,1489.0,22.93425367349869,0.0537499830894561,13.525538614262992,13.802715477962735,12.35009482509655,0.9957937050225214,0.9983617331200904,0.9977837093869426,1.19966652310762,4.221760724118024,0.0120528093849115,-0.8092397777797206,-0.5440470192994309,0.0314050661727346,0.9756241362998768,0.98668524686781,0.1289346682043088,0.9870265835180012,1.0034357235361222,-1.2453262131903386,1.0008674981935202,0.9969734819874344,0.4806833422565262,0.9982371123832277,0.9980281975376049,1489.0,16.727037290062025,0.0367966477145543,9.656640787572575,10.120201954004797,9.171945137923194,0.9960482319673346,0.9988143492637244,0.9984473534020304,0.6959202989216428,2.633855951961237,0.0069259348590778,-0.2851691226400321,-0.2970869517703874,-0.0005529894850277,0.4118038261319056,0.988240045993642,0.6383253474976414,0.9910317230658906,1.003012953618797,-1.2151052509750002,1.000280474912773,0.9978312811656844,0.3497520272879626,0.9988933040962914,0.9991197343601296,266.0,19.270925183513956,0.045844171157134,9.222492560784977,11.308657430793328,12.58683659653294,0.997265209634855,0.9985352430150828,0.9974104195145642,1.3693059141960369,4.202559298041544,0.0145954425654658,1.7249329518819725,3.632552627429356,-0.0510890706112587,4.021621858487952,0.9843009318423784,2.9243745240859056,0.9951575753860452,0.9928125119341046,5.403799235964584,1.006173895887222,0.9926886561811544,1.1244721421633983,0.9958912704219418,1.0016056690279462,0.0428755594483517
10,20270302,naive,1280,0.01,0.0539571166014545,1489.0,20.605778993719102,0.048292841276858,13.101152696314069,12.123736816522433,10.294315497863684,0.9960515216256584,0.9987353244872846,0.9984607549506882,0.9822599197900884,3.4368648890318645,0.0098259315419664,-1.0006959582790511,-0.9144048554589692,-0.1448131413389933,1.3632679437687347,0.9922484433405658,-0.4545114137908257,0.991045187415548,1.00218980035586,-1.3613737143307958,0.9993822512680274,0.9979053099437964,0.1661378371365174,0.9983420565552176,0.9978407998333184,1489.0,14.982072356264055,0.0329580205369033,9.25797409223635,8.962507534050006,7.643681475435043,0.9963671228811304,0.999069906953732,0.9989217547378632,0.565608104967887,2.217046404825622,0.0056704107307647,-0.4428573314193778,-0.5558034414131812,-0.0456135856372514,0.7121240626978665,0.9937964276857114,0.044301438440371,0.9939901773314782,1.0022040317701952,-1.2273509502909974,0.9994440154392664,0.9982968192270016,0.2294948146828517,0.998993680822168,0.9988541892589016,266.0,17.382334396868742,0.0413513469442717,9.619258392192997,10.349843706349136,10.124038340649246,0.9970123898238092,0.998780289261752,0.9983258310395756,1.3161835555014316,3.844984871539165,0.013036636585726,1.8785877406952416,3.263576696570694,0.2570230175583494,3.7743987051508654,0.9856501115541312,2.9749491670967103,0.996694511784568,0.9912733050752184,5.414137316293306,1.0046602508700284,0.9953587792021964,1.0032660181620656,0.9982161857279664,1.0016736943032958,0.0367480263250202
10,20270302,naive,1536,0.003,0.0491709104004478,1489.0,18.048271801395597,0.0422989262231758,11.769694379551764,10.561611767306031,8.698664616232856,0.9968041503867866,0.9990303282709831,0.9989014375896328,0.8326852218635981,3.077379626372626,0.0088380356122261,-0.6006263308133053,-0.5181575539218537,-0.1727751215173517,0.8118438781981844,0.9935156409381202,-0.1437301412975529,0.9931351353251202,0.9998597705103404,-0.4895347551331213,0.9988502072722902,0.998669634319748,0.0247140052293275,0.998734603012158,0.9979788504857658,1489.0,13.157718326530984,0.0289447508003314,8.320640176235814,7.845545994218976,6.506912222439628,0.9970626138639817,0.9992808377071768,0.999218924241871,0.4906172716439318,2.0328396354537044,0.005205483761333,-0.2707084376129263,-0.3367347401220836,-0.064313494285904,0.4368175465193469,0.9946683654345668,0.1479781520888821,0.9953155388798948,1.0001482102254444,-0.3818929855853525,0.999289424988318,0.9990918171719304,0.0823818706391819,0.999341969934056,0.9989576489904302,266.0,16.239825030610483,0.0386333977832122,8.659923578160596,10.011635676560712,9.407698534980677,0.9976251425916514,0.9989036974363976,0.9985610657618792,1.2071053723847582,3.673539277781808,0.0113063682341184,2.0338098418430195,3.637074872273317,-0.1768086499196995,4.170846124947062,0.9873838957266828,2.997706538942836,0.9985127819462056,0.9912493121995511,5.7935481695913325,1.0055743857569837,1.0010361973611908,-0.3434146059212821,1.0000581166545386,1.0029895519737757,0.0336421025600657
10,20270302,naive,1792,0.01,0.0442808391171492,1489.0,16.268636133515564,0.0381280738197912,10.070593113643923,10.158856715394142,7.749148741652038,0.9976608748759418,0.9991038701711316,0.999128125624348,0.6870460914447207,2.523514004851903,0.0071276070621103,-0.4641520389944363,-0.5852551935881758,-0.1779414707642646,0.7678697311018162,0.994120408777315,-0.0498685608712605,0.9939883886794256,1.0000187790522477,-0.5890882606215655,0.9988039074917412,0.9985035486379336,0.044202618714479,0.9986197494039496,0.9980427952269724,1489.0,11.793401107699635,0.0259434840965102,7.135798040392512,7.390576284840237,5.791724975495513,0.9978409003293508,0.9993628055896924,0.9993810560065626,0.410843429873409,1.7456206668094996,0.0040829991596662,-0.2457792730365047,-0.3508210986615547,-0.0450827895011069,0.430714931514632,0.9949393024922571,0.1516309686118262,0.9956024513084148,1.0006246808827275,-0.5411554197508508,0.9994077528347808,0.9989091652984284,0.1311156472829395,0.999307298298702,0.9990512399950072,266.0,15.457582215630792,0.0367724973254051,8.44034048503092,9.199363539364926,9.114231230352706,0.9978390912342412,0.9990788139313542,0.9986443218494788,1.2349601068043452,3.3326674655439343,0.0100898956741855,2.305980062320101,3.560507768019201,-0.1616810361428739,4.245103104918787,0.9832850184239909,3.58303953996527,0.9965869340192332,0.995634336311508,4.636358876411066,1.0070981543378847,0.9993298429527446,-0.0539292123002326,0.9991762469170308,1.0033429776380387,0.0301928244456583
10,20270302,loss_weighted,512,0.01,0.0941706066798389,1489.0,35.627959929470244,0.0834996538794587,18.84552915343269,20.053912311448546,22.62826022185066,0.991779969960794,0.996503516565162,0.992627470237043,2.002575765137689,6.6691171695552365,0.0211597728283045,-0.3080236648081854,-0.1249551225520122,2.217231579291834,2.242009865487397,0.978492493150606,1.2074226316872083,0.9816889770924748,0.9990001886333792,0.0791203514653773,0.9991633578412512,0.9913698070595942,3.4983599883870795,1.0005663687627722,0.9970439074205524,1489.0,27.05468239439281,0.059515716969621,14.241874175902542,15.096563114178338,17.355651574022176,0.9913603621440268,0.997337615533522,0.9944605814067714,1.4258655935595883,4.380187583771532,0.0131489084758186,-0.0597252168680707,-0.2774218814580276,0.9704449941985672,1.011085302339376,0.9825371326386206,1.3116119016497834,0.9882733874934196,0.9995013805709744,-0.1254972858290557,0.9992191674368308,0.9944437243578091,1.8679293528139735,1.000115696642932,0.9984988449504056,266.0,26.81825623462426,0.0637987391496792,12.898295492065088,15.251033807106351,17.89577628044773,0.9947006268482652,0.9971531240826416,0.9947652579602636,1.9983444396528165,5.389888058729994,0.0179759272066978,2.79650657723736,3.279211613760708,0.8129512399077742,4.385723151639021,0.97595155342308,4.633858086363659,0.9931545980609128,0.9977470268088005,3.8344224311488233,1.0072279842063376,0.9908803498715104,2.279262663738507,0.9973719282678772,1.0024399917912947,0.0660381200531249
10,20270302,loss_weighted,768,0.03,0.0727361235058785,1489.0,27.495774190078343,0.0644406144097017,16.29562060180416,15.881559652091289,15.435232765685775,0.9938815484213912,0.9978193358159724,0.9965455621524104,1.4865886497327625,5.014677262148005,0.0153371882538157,-0.3752423909484358,-0.6544215699363406,0.8700929853700545,1.15157989143299,0.9801665480359684,1.0222478684331406,0.9828728074767829,1.001701247360128,-1.001669934007623,0.9996355122280856,0.9925657438647756,1.9736878645453544,0.9977542156885324,0.9966014125423338,1489.0,20.77210959122748,0.0456951213572429,12.071582791334473,12.052016128961082,11.853536729988411,0.993812365176282,0.9983116597356504,0.99740966100018,1.0458227300550946,3.4825486236459064,0.0105787364692267,-0.1814548969474666,-0.6496889551476646,0.5119346649472006,0.8468168156346935,0.9830990362894088,1.145756631115475,0.9881099332089835,1.0012458032740232,-1.029273358846126,0.9989312156829742,0.9942680396563292,1.4377967142640955,0.9986339130779665,0.997914390970558,266.0,21.673021111226205,0.0515585878650616,10.714503071551563,12.401959090942263,14.181349679207669,0.9962547334732282,0.9981546834369628,0.9967150081391394,1.718320031488343,4.483846610917052,0.015190200592572,1.5703184391006932,3.1747846366036976,-0.1527837559543326,3.545208084877109,0.9806003851747788,3.052489499987331,0.9919326513223604,0.9983453945293091,3.5825368723717474,1.0072035420266068,0.9968873453447044,0.3476873164217409,0.997877595177636,1.002445442685749,0.0511539946921
10,20270302,loss_weighted,1024,0.03,0.0624228196561018,1489.0,22.91032833204716,0.0536939103383329,13.65192305376089,13.739201367021106,12.236931274336715,0.995717119074819,0.9983734202773242,0.9978236504839728,1.2523006951551925,4.153664714992404,0.0135716896363895,-0.91027940096092,-0.7730818943035851,-0.0143961636257077,1.1943498032992383,0.9867285534540664,0.0248436078567237,0.9867943234599352,1.0024599974096016,-1.2752017483143447,0.9998301600125702,0.9965962217434589,0.4908853582159906,0.9978866714115906,0.9973216099613074,1489.0,17.448096113531577,0.0383828549459116,10.28853238295608,10.44035976092452,9.464726485977703,0.995509705648514,0.9987367207511406,0.9983461644326678,0.9015408565554968,2.8754402512220687,0.0093910399650912,-0.3158881283601069,-0.6805097124874435,0.0376116436488257,0.7511946579725929,0.9878763791144474,0.6361646466592674,0.9906586064930344,1.001886127454784,-1.2551948013389165,0.9990634970169526,0.9964040351894348,0.6184543482669369,0.9982819734089392,0.998131989704544,266.0,19.72980589036417,0.0469358159777753,9.848073252617525,11.397752803355688,12.74252426782565,0.996816199165206,0.9985039902152246,0.9973487389611828,1.5131094968937917,4.136874574068751,0.0154138722271645,1.4680535482265191,3.5569374460050054,0.1044500476917047,3.849401905194609,0.9850170367553404,2.6127832105232898,0.9947169078696246,0.99235798487611,5.44019530277879,1.0058093614070145,0.991526327935474,1.4668972879860007,0.99570420479709,1.0012889667613791,0.0439497146295386
10,20270302,loss_weighted,1280,0.01,0.0531522864004148,1489.0,20.60363714019416,0.0482878215106871,13.114784822573094,12.190801618809813,10.192970045733407,0.9960446231532376,0.9987221523147484,0.99849135164445,1.0654764635906806,3.2634302673513336,0.0110663069975375,-0.9907798457323864,-1.018238422846835,-0.1769209768114349,1.4316966230689423,0.9940190364818796,-0.569353546697414,0.9925117519391664,1.00201738434562,-1.4300147642171908,0.9990682774217812,0.9981939374055034,0.0911840486950836,0.9984336439345496,0.997912919692814,1489.0,15.825662797556497,0.0348137765650222,9.792410571451574,9.570643489887669,7.934927937389115,0.9959393790451944,0.9989398818014912,0.998837870622988,0.7684405975796041,2.376786028020425,0.008024530753338,-0.4576424489032765,-0.7411132127442128,-0.0274426627949579,0.8714576896691627,0.9952575532993256,-0.0852240448323584,0.9948848311241912,1.00179282164677,-1.287368909704469,0.998897839397502,0.9979471623748412,0.3041444970225484,0.9988706979224709,0.9985421508189996,266.0,17.961090060926132,0.0427281658291224,10.080642414110882,10.791893246224308,10.223328462767215,0.9967050856379164,0.9986643818116449,0.9982928661417274,1.4275261480177994,3.787701152084454,0.0147670955227878,1.9499773919496828,3.1988571383026105,0.2051560596085048,3.75195786612517,0.985961222221065,3.0225693140894947,0.9971824106696796,0.9896666846337424,5.745344816557719,1.003872571026814,0.9949578028268864,1.0158704194770962,0.9978511080055744,1.0011695947862411,0.0378977323938262
10,20270302,loss_weighted,1536,0.03,0.0488814458147683,1489.0,17.770855179492347,0.0416487573121524,11.595630956819376,10.41405572160238,8.537685866269786,0.9969012356215476,0.999056411555868,0.9989418639593428,0.9047651448522096,2.985557397756682,0.0096225216012522,-0.5760149186679019,-0.5862963868165931,-0.038143486775198,0.8227949716093016,0.9911631170014864,0.0466431005268077,0.9912865981405012,0.9979164793465704,-0.1610207006532107,0.9975844077658704,0.9965604110173668,0.4724540388758669,0.9978024080487932,0.996731333016032,1489.0,13.559696382909284,0.0298290344109336,8.468572330519349,8.128195629951556,6.788304978467139,0.9969602203845552,0.999230821230107,0.9991506788983172,0.6435318720702189,2.08644997395126,0.006944648577257,-0.3503285849897112,-0.6825599069451591,0.0172623956463913,0.7674087140066433,0.9923241996155518,0.2524424126762739,0.9934282411490648,0.9980857705281296,-0.0993124008798531,0.997862440886166,0.9968134881111714,0.5319677059895298,0.9984288094189108,0.9976229371060612,266.0,16.61939472794913,0.0395363673088134,8.78452461528587,10.201863805108838,9.744659219738274,0.997553446201648,0.9988557227633372,0.9984508145286694,1.2956479213654046,3.650844580281213,0.0113321116429132,2.040466481668381,3.6275820652630055,-0.3010714512623128,4.172948492588322,0.9870818595040808,3.0274393765439385,0.998321127898225,0.9908066978386276,5.893130908653177,1.005377998754555,0.9989319758551464,-0.1293481962622422,0.9985635786669576,1.002378971896268,0.0346273163148989
10,20270302,loss_weighted,1792,0.01,0.0440335033701664,1489.0,16.409957042883367,0.0384592813051903,10.257151739070274,10.0714165616596,7.914802384930004,0.9975720902409684,0.9991206873577062,0.999092248031944,0.772354150976316,2.4942207845537783,0.0076949335814315,-0.4512548046849201,-0.632051073321999,-0.2722844180818376,0.8229570234033374,0.9952917746627596,-0.1195072571727848,0.9949753957756458,1.0004825558278565,-0.7305474623383361,0.9989759541945826,0.9997633189848356,-0.2371497722501203,0.999139894717284,0.998441952372348,1489.0,12.48860301277596,0.0274728104887446,7.638985068193275,7.670170877515157,6.227326155610868,0.9975255758681594,0.99931433913264,0.9992849643326962,0.5695531587825042,1.8288200884829229,0.0057639033928494,-0.2805388982009751,-0.3890191945685712,-0.0814960632173248,0.486497292352711,0.9957232488908784,0.055309013899162,0.9959651394982252,1.0008173766192263,-0.6380660730570185,0.999382519880466,0.9995492406841424,-0.0086866020720606,0.999522863794604,0.999121701754899,266.0,15.814948847827347,0.0376226473257944,8.732557620052258,9.1807639650353,9.46406981642528,0.9976799690033348,0.9990996573025,0.9985407112177512,1.2295502909036815,3.351821006760465,0.0104485917088149,2.3952698878194174,3.75780027552845,-0.3680900425833259,4.471450662336009,0.9831970321981232,3.6790516967537457,0.9968553897448073,0.9967284460146056,4.564024765662339,1.0080134113885395,0.999540760857786,-0.2942508501788552,0.9987027036682732,1.0037391974563763,0.031256943461943
1,20261202,naive,2048,0.01,0.0336534445442801,1489.0,15.550573197554623,0.0365922167775463,8.171709511965583,10.169281070593334,8.463404334653287,0.998684146803112,0.9991365510978536,0.9989428685456142,0.6809227666556709,2.591793268331008,0.0071513750949511,0.0471112337915126,0.2390706639150073,0.4489651382524784,0.510826728020557,1.0008281235381669,0.0030678746611698,1.0008339294063886,1.0004236724502034,0.1551190788398742,1.0007342076997496,0.9954387989788734,1.0909250876826206,0.9983079392508428,1.000030781012805,1489.0,11.136819041871444,0.0244548477100001,5.765691209080176,7.245886924546227,6.187298758716595,0.9987568112425598,0.9994064102492056,0.9992546377870262,0.3593085897284374,1.6931387408291854,0.0036873725976806,0.0627830896757791,0.1423305846557324,0.3012643566734596,0.3390574055813455,1.0009209260620058,-0.0041342940658211,1.0009047701546758,0.9998419610504904,0.1905908533254887,1.0002654477469866,0.9966624397334428,0.8373050326460714,0.9992804969135268,1.0000788215499112,266.0,14.71290230461736,0.0350009563655043,7.765433506230986,9.118305422220589,8.545410634523215,0.9981381128525816,0.9991383470854206,0.9988080378224248,1.001153950082899,3.291560497260627,0.010406673905817,2.002419065696842,3.966075096976605,-0.0763665411962978,4.443564519407644,0.986396833066035,3.041729410133186,0.9976891527364872,0.9953115396572156,5.1214745084640185,1.0079748501033663,0.9995104750123068,0.0023421890282406,0.999517145811569,1.0040747586196048,0.0229711918502446
1,20261202,naive,2560,0.003,0.032860820298698,1489.0,14.497364383691488,0.0341139000789076,7.434807935593294,9.885019778322931,7.561983140455295,0.9989164025007228,0.9991858813673632,0.9991557741766774,0.568979315519329,2.3668638438321405,0.0062968448689668,-0.0532866294655423,-0.2578773055741393,0.5015567805985184,0.5664798087966828,1.0024005554086513,-0.1809590347319769,1.0020580954240703,1.001125132388209,-0.4808246493634271,1.0001625621899146,0.9994727492734956,0.5757639572074709,1.0009870123291575,1.0007018266276764,1489.0,10.408547449837156,0.0228556683745222,5.257199306549744,7.06144902519284,5.552985965345815,0.9989720238895674,0.9994373827931166,0.999400074820688,0.3246425470450985,1.424135206930867,0.0031324996160372,0.0198580846848416,-0.1305936884621022,0.3969039675443268,0.4183082768078047,1.0025076101508912,-0.1623527546696124,1.0018731714734637,1.0006947019723158,-0.3427344546049653,0.9999331571267815,0.9993018250840018,0.5090368202957336,1.0008934642720415,1.000344939358067,266.0,14.386160256455105,0.0342236600895062,7.131771651533611,9.539112530983434,8.068752825314755,0.9984214497367472,0.9990866071899236,0.9989420009530836,0.9811649729205152,3.137453344766396,0.0092956039706295,1.8119024620300976,4.439311599424812,0.1448319575857959,4.797025568478508,0.988331299249562,2.7034155526900463,0.998367639931724,0.9959614388226116,5.434553292103743,1.0093988649701642,1.001336210582196,-0.0700119030570931,1.0011368093615272,1.005474451046429,0.0224083153000625
1,20261202,naive,3072,0.003,0.03224167273097,1489.0,14.364995789600048,0.0338024221527888,7.480310335197405,9.921355366224226,7.208659308183437,0.998903917806226,0.9991857834302096,0.9992321653051564,0.4842396485070724,2.329519105193811,0.0055725239852108,-0.0382096532164897,-0.4604424901187194,0.4508781382248292,0.6455682456833977,1.002585353261764,-0.1757104449929585,1.002252826088572,1.0024930537973225,-0.954446331676877,1.000582333130319,0.9992425255126004,0.5574878406635833,1.0007087222596005,1.000879731504186,1489.0,10.193313284049674,0.0223830452020946,5.247866159120999,6.995278141231503,5.237329492169164,0.9989754269992908,0.9994510562847986,0.9994651412516874,0.2633236150265915,1.3872746297116365,0.0027474256785217,0.0207937330126169,-0.1941218122735811,0.2820022529725937,0.3429882330555936,1.0024519447052913,-0.1573722800110317,1.0018369686219035,1.00192181220228,-0.7809845666938031,1.0001864898172197,0.9993305595067832,0.3895201120815841,1.000548497876268,1.0004241294472185,266.0,14.38308521767962,0.0342163447892497,6.942979148945657,9.52966586641527,8.237332662386507,0.9985069556676828,0.9990382863655348,0.9989045747063556,0.9074456779237832,2.962589840152785,0.0086275907614376,1.7160326710469018,3.969904175285797,-0.0631031045709769,4.325377358203382,0.9877472173526226,2.652170837649379,0.9975933137278016,0.99581998314371,5.000005458577618,1.0081829503418822,1.0030531000711742,-0.5539986377751802,1.0014752540221807,1.0048065671551285,0.0217918433330974
1,20261202,naive,3584,0.003,0.0357342955968821,1489.0,14.472371342323408,0.034055088691311,7.602801313064287,10.094208560150165,7.053644306907107,0.9988698691092166,0.9991585599734892,0.999263613695854,0.5199050776480607,2.3380716260775545,0.00510635126678,-0.0518341309274453,-0.5341123549623783,0.3067336944879313,0.618100593905779,1.0030163374505188,-0.2122566131642997,1.0026146476615612,1.0027091189540844,-1.0709299607409548,1.0005652079336438,0.9995766695445868,0.3663147558116293,1.0005400798006918,1.0008766774709268,1489.0,10.269094457413276,0.0225494497245102,5.321543569559698,7.156131874991287,5.091684554279409,0.9989489711906506,0.9994258450083464,0.9994937606289308,0.2725431254433869,1.4567345135425993,0.0028102444377413,0.0067218043121887,-0.2176767013969278,0.1825896483231693,0.2841958983853168,1.0029879232522143,-0.2103900954459305,1.002165765265612,1.0020179646715712,-0.8339014834417071,1.0001650626132408,0.999573465477579,0.251094734512975,1.0003585800379151,1.0003923720256511,266.0,14.801853033924912,0.0352125638737113,7.1573275168193815,9.330007121732113,8.98991007537452,0.998377981770857,0.9990610944893004,0.9986991615833531,1.0407761100286377,3.133309872260284,0.0092384853332572,1.4685893097233909,3.732251594202901,-0.0035067417794096,4.010794038628989,0.9874417723030056,2.4280641156000087,0.9964558798966554,0.9971334205673544,4.4386762938504205,1.0081084504705793,1.003795467417924,-0.6137644989595401,1.0020474019468883,1.0048148662720036,0.0239330923746169
1,20261202,naive,4096,0.003,0.0381760155859253,1489.0,15.117301655485932,0.0355726809707625,8.194004571967175,10.397736643953444,7.299189756440556,0.9986848563547884,0.9991079965299932,0.999210599092718,0.524008858996971,2.441765895705919,0.0052932554186756,0.0069336705625464,-0.5270816205757552,0.1620085058591195,0.5514615730102495,1.0026493323905523,-0.1339698209515987,1.0023957981976597,1.0029620327412774,-1.114014624020598,1.000731869876362,0.999734583446288,0.1993641927954286,1.000258912605821,1.0008506502186998,1489.0,10.717279964229473,0.0235336004298248,5.719800821904749,7.360686052521982,5.288125303509797,0.9987833734809188,0.99939270030176,0.9994537874441202,0.2709874037140824,1.4954367745727284,0.0028832659482583,0.0574292929762327,-0.2539720838181478,0.1400812479213323,0.2956732978641799,1.0025770314438152,-0.129825915834246,1.0020697004625498,1.002040761501971,-0.8771583216516774,1.0000917441516697,0.99975369593878,0.179639783176583,1.0003153875635014,1.0003244755900207,266.0,15.305361428337775,0.0364103748139076,7.252506487316522,9.727177105225865,9.329376381465767,0.9982997289459812,0.998928525539803,0.9986159582812812,0.9640354299140428,3.106685397743026,0.009397746512987,1.468793682499261,3.350012819687665,0.2329597773304081,3.6652709356438127,0.9917290779956662,2.1007093855747883,0.999527891998517,0.998025404055262,3.836621818308487,1.0075117996371246,1.0059550159992694,-0.7245230060874519,1.0038914987185217,1.005425287217183,0.0254984540757667
1,20261202,loss_weighted,2048,0.03,0.0340166491355063,1489.0,15.391188506239162,0.0362171669898925,7.996711991248306,10.122469050806824,8.395052190372123,0.9987353574716556,0.9991427584428484,0.9989633349013018,0.7162197747040531,2.6501507631432286,0.007631950664788,0.0732184606647611,0.1807459150640676,0.4400761255455449,0.4813491716723345,0.9989560926695726,0.1287381788393986,0.9991997261239928,0.9995249959700424,0.2748689603857031,1.0000752603336802,0.9943338874234202,1.23754532856438,0.9975886399088674,0.9992021897541646,1489.0,11.493779531801804,0.0252386814408809,5.849293676450103,7.505556708928339,6.446654163313529,0.998715380715714,0.999362278503813,0.9991962287192756,0.4761882615240947,1.7235942757756837,0.0051411112231052,0.0370721640045063,-0.0190572815954821,0.3833978068256672,0.3856571062544007,0.9988431843910238,0.1211300240410508,0.9993165337493752,0.9987345245785748,0.3673802644808575,0.9995508316145536,0.9948415558864754,1.2118879759134416,0.9986308463996004,0.9993019681834634,266.0,14.874128205026228,0.0353845014056578,7.813374387869914,9.158320498083002,8.735905001139143,0.9981088061953748,0.9991339867270008,0.9987526911519622,1.0555084588320414,3.193326232232155,0.010490610681983,1.953104249195294,3.9955465957613097,-0.1076384457904594,4.448662140704403,0.9860706677424832,3.0173343050789185,0.9972724213935688,0.994686415172379,5.304998384592267,1.0078035050552625,0.998155435226342,0.1889416161091901,0.9986935607056132,1.0036664507792048,0.0244329012672111
1,20261202,loss_weighted,2560,0.01,0.0330664465032483,1489.0,14.54017330054038,0.0342146341898273,7.3605225822699,10.003705548144778,7.560768627041794,0.9989356071828402,0.9991659621491912,0.9991552766646996,0.5864504173870775,2.4323213924572618,0.0066488106813426,-0.0856591211200471,-0.363521767043979,0.4880844954774982,0.6145828136804345,1.0018182857209943,-0.1823637881418278,1.0014731672793111,1.0008231463156032,-0.5266299368352634,0.9997688778137735,0.9987641753738216,0.6620189287224605,1.000505289581066,1.000252295349006,1489.0,10.814462363178688,0.023746998955693,5.352248131690756,7.415352157675362,5.772225612281669,0.9989317336291276,0.9993794161992068,0.999352021139384,0.4041381452427514,1.5646498505736903,0.0044196192380213,-0.0045180049424899,-0.2830589573714404,0.432414480086513,0.5168414343929448,1.001876432911652,-0.1408655212033238,1.0013259615928916,1.0001672118160787,-0.3341203393520686,0.9994248072553382,0.9983126455915804,0.7034180052536385,1.000512069323019,0.9998645488151492,266.0,14.504337766599004,0.0345047960469327,7.257710311884907,9.532795794022062,8.174794151893057,0.9983508461857428,0.9990674842357948,0.9989122227753976,0.9794521093150632,3.1108318097662107,0.0105845814753082,1.78606453864032,4.231681444000966,0.1463585867304798,4.595495100160624,0.9889090894157164,2.633433254720956,0.9986856231350018,0.9950021665379376,5.463321133492258,1.008510723783725,1.0007746816901688,0.0218006710075826,1.0008367722807754,1.0049146769752888,0.0234825266422672
1,20261202,loss_weighted,3072,0.003,0.0332433272253736,1489.0,14.49856397389957,0.0341167228471992,7.555036041977469,10.024816627184732,7.254849364459655,0.9988870895222816,0.999171048091492,0.9992221503550504,0.5199492405502468,2.3456315300981823,0.0058451584045809,-0.0717085046098554,-0.5274618977627263,0.3986965629012216,0.6650692539082573,1.0035612945410624,-0.2611142722422315,1.0030671429791995,1.0029227552296869,-1.1066119798628904,1.000707411831003,0.9997580718480727,0.4327464071105851,1.0008961977911,1.001130552509319,1489.0,10.58817387605595,0.0232501020886157,5.431358999411173,7.199594211204519,5.547576826245788,0.9989068640754118,0.9994193896312232,0.9993997573274594,0.3561726655270966,1.4558649717507284,0.0037579247061835,-0.0200652558132174,-0.2848765822890372,0.2542327025018961,0.3823500341950424,1.0033304720007674,-0.2620678248691348,1.0023063688708596,1.0020759235881571,-0.9188002473935626,1.0000343792290278,0.999748962191836,0.2945515179346216,1.000669955959181,1.0003954985379029,266.0,14.58128181265533,0.0346878405029376,7.091162378024858,9.478142120519731,8.51434186369021,0.998443235053749,0.9990532616882056,0.9988301045561274,0.994314503082386,3.0842016295192383,0.0098636575339977,1.8085030222712848,3.989122176236872,-0.0113865876027987,4.379943900655168,0.9880777544749496,2.719387462875801,0.9981733903445682,0.9956710122243724,5.055935066313708,1.0081722704527396,1.0031813582293327,-0.5229042279994758,1.001692072310753,1.0049373744097314,0.0237651716554072
1,20261202,loss_weighted,3584,0.01,0.0365758478495154,1489.0,14.482563542271496,0.0340790720638338,7.670571665814572,10.05314325655567,7.059836240218582,0.9988450370008768,0.999164845838604,0.9992613039847916,0.5428013363444402,2.3935947329224203,0.005395049919771,-0.0859551433642323,-0.5866306940765971,0.2508082985148021,0.6437613381583628,1.0020512236098085,-0.1950485019510424,1.0016820996969311,1.0024545136817844,-1.072997730865325,1.0003064631607976,0.9985831634985824,0.4502189985887241,0.9997672424739784,1.0003607471473,1489.0,10.446703240866963,0.0229394529862125,5.477711600360447,7.208527175187667,5.212045681936965,0.9988819318258342,0.9994167087011064,0.99946943139661,0.3252592364401772,1.4750796202903615,0.0036557527774881,-0.0482392775910227,-0.3362254146990111,0.1786635271847739,0.3837905852651029,1.0020628917675596,-0.1981354806873696,1.0012886221065702,1.0015380332129695,-0.805893786396382,0.9997473633493704,0.9984242515452476,0.4317421832654133,0.9997742084650943,0.9998921992459342,266.0,15.087919212900587,0.0358930951272106,7.349501020540726,9.464100247219209,9.168475742165151,0.998276031003,0.9990223595317952,0.9986427591685028,0.9786135684485174,3.140578492678949,0.0094836328753497,1.374819154495726,3.651544374101943,-0.0501200302218577,3.902104053076152,0.9870472318722282,2.3644376727148995,0.9958251284044476,0.9961460980006636,4.601279633954675,1.007523179416967,1.00313000665279,-0.553381059646,1.0015539195308851,1.0042536236273865,0.0247890965265974
1,20261202,loss_weighted,4096,0.01,0.039291353635657,1489.0,15.163468160005158,0.0356813158564202,8.246279969560062,10.360948195815714,7.387853936478809,0.9986616053759936,0.999112484456324,0.9991903366439432,0.5484319978172109,2.4609864706526983,0.0056083284247586,0.0139222815894658,-0.5294297893861926,0.1467691094912633,0.5495733830117895,1.001255075990774,-0.0528283420190547,1.0011550998098662,1.002545757124751,-1.0338769058710966,1.0004760231799257,0.9984703417400924,0.3620587524224561,0.9994225586788384,1.000269535598832,1489.0,10.867567128361712,0.0238636093576707,5.821410075380647,7.368197666883334,5.470362251756261,0.9987335570419088,0.9993903049407884,0.999415717379614,0.3446861081688326,1.5221933001209185,0.0035680610469717,0.0420895260582564,-0.3283405763794779,0.1977732264403162,0.3856077169840212,1.0011829916607715,-0.043870368218748,1.0010115559592492,1.0014893169707162,-0.7831324954871093,0.9997492219575208,0.9981037709702062,0.5023237992388374,0.9996744201100642,0.9998438745276,266.0,15.346018820932418,0.0365070958818979,7.3610059651901265,9.723000792136588,9.315532213940264,0.9982421834138414,0.9989261383705074,0.9986173741280822,0.954806343472,2.965678905262294,0.0090369370311392,1.4225476408974211,3.2998386126700474,0.3166090610773298,3.607328368453206,0.991440947537276,2.0764771123406973,0.9991498000284982,0.996535118587375,4.153705693188726,1.0068055328221548,1.005541445665144,-0.5743774316998156,1.003905558680154,1.0049873783158954,0.0265247884886066
2,20261212,naive,2048,0.03,0.0374948377573172,1489.0,15.059873869398263,0.0358841119538342,7.436272433318645,9.886811172923553,8.587934448434268,0.9987553639679536,0.999173705319664,0.998904390726613,0.7209643612181896,3.0629681407353457,0.0072420465055477,0.0629572228076877,-0.0518656478265621,0.2335729579601328,0.2474065157152733,0.9906310215275084,0.6527727243065584,0.9922254552281796,0.9961389454971666,0.682749566071891,0.9975035011562244,0.994087572179684,1.104952818970503,0.9970398263151874,0.9965859372745564,1489.0,10.759882545342403,0.0237559790736464,5.267434426363494,7.051374517217275,6.189291104113915,0.9988288967840532,0.9994400183540918,0.99924243742044,0.368638993383101,1.807648331149015,0.0037577925535137,0.0418407055449852,0.0051607150358722,0.050957499984528,0.0661358028971964,0.9915246053453804,0.6993113381131053,0.9945926071727702,0.9971888924836502,0.843235340647368,0.999076565421426,0.9954255765130202,0.8320324696440196,0.998042390300679,0.9984164047803183,266.0,14.811435035665836,0.0352353587796982,7.452414262006662,9.27098458310247,8.825473037920712,0.9983144116828168,0.9990809707102584,0.9987266850072404,1.0433046079535098,3.218875161032965,0.0110794953927956,1.840679086672873,3.669070782725965,-0.0569492406283438,4.105292087632298,0.9836512654195304,3.089756529477853,0.995121884179535,0.993216577952768,5.340741495117726,1.006422045919765,0.9970706434133249,0.4140500813848007,0.9982499013400628,1.002495035078275,0.0256021038785234
2,20261212,naive,2560,0.03,0.0345603345439515,1489.0,13.979136905338176,0.0333089717801981,7.228174733239332,9.133730441010997,7.729471319236337,0.998822833931639,0.9993021926371474,0.9991133718277482,0.6072307410072393,2.754711552417228,0.0057945227763266,0.0849163051051188,0.4299641486219273,0.2477192559610043,0.5034329923105537,0.9911599052705996,0.6414364125456302,0.9927266493990202,0.99463420236927,1.4508760708291677,0.9975339495846832,0.994718966600574,1.0260435398990635,0.9974603879824352,0.9968074466602048,1489.0,9.917595411778516,0.02189635324273,5.037435926192938,6.485738202317228,5.560408079649723,0.9989293463289378,0.9995304828026218,0.9993888026766756,0.316737048751517,1.6121528349605856,0.0030168752006808,-0.0165796158717453,0.0984502694188277,0.034745454961452,0.1057099136863363,0.9919224720986236,0.6100268839223304,0.9945987673231232,0.9958044160522412,1.3492784308422188,0.9988249208350104,0.9959532997475078,0.7257125868706282,0.9982357283455324,0.9983047406227298,266.0,14.037022255404873,0.0333930854219599,6.819172525457463,9.141959981350569,8.182997468297453,0.9985753880523968,0.999150968538042,0.9989060308129988,0.8924514018775068,2.9960816376282766,0.0103476625488343,1.414213917566585,4.092604408567987,0.1914087322605559,4.334287617643152,0.9840815202032458,2.6304189969263803,0.9938468635903231,0.9939544896261676,5.582428064390797,1.0077575495663966,0.9973308625932644,0.6205684715189648,0.9990983064896038,1.0033708744236438,0.0235093246075626
2,20261212,naive,3072,0.03,0.033659646489729,1489.0,14.64995093480752,0.0349073627058083,7.81413444396277,9.921390912437268,7.4247133039969535,0.9986314553469928,0.999173299322655,0.9991873100237468,0.5344651952167276,2.56218616220027,0.0055005923421888,0.2540121033299999,0.4377725351422357,0.3839781054524329,0.6353000288287655,0.9894391887167124,0.9188583532788216,0.9916835513716742,0.9948168775228582,1.4239281629411096,0.9976627661610772,0.993974452221967,1.2720297053877232,0.9973731086113982,0.9966970970450416,1489.0,10.298648017758993,0.0227376521784279,5.393055211408218,6.947573620189374,5.358015236301835,0.9987771396087332,0.9994592684983858,0.9994357211142828,0.2930790862145919,1.501479707909639,0.0027906380417098,0.1035398506888494,0.1236194678650091,0.1351620337006826,0.2104068650733662,0.9906092771741098,0.8320161905185728,0.9942594785276538,0.9960578833256686,1.2988815084456746,0.998965569181183,0.9952439801269856,0.947244275012224,0.9982231449667824,0.998363471518664,266.0,13.814590539919076,0.0328639360667318,6.631094746306914,8.7929092918745,8.34003839535464,0.998670293210972,0.9991872662984196,0.998863195738884,0.913094609197863,3.0502356299916693,0.0089081633853999,1.3522490204666398,3.61867886904728,0.0590541928096654,3.8635348540333743,0.9831861536498784,2.6368619731911167,0.9929754163728992,0.9934239562972322,5.239244357200988,1.0063784633808528,0.9984581303746822,0.3069651338882693,0.9993323991736623,1.0025663039141623,0.0228313463470221
2,20261212,naive,3584,0.01,0.0362668803204181,1489.0,14.58355772015047,0.0347491634029198,7.180837156093444,9.618275851316824,8.282783539523637,0.9988231921778024,0.999216609900739,0.9989772084133782,0.4854440639898272,2.687850092697941,0.0051288107273898,0.3497949212404835,0.3250384721810834,0.4854521481576512,0.680933391363889,0.9951317059369836,0.6562739373522959,0.9967346915453336,0.9981133842937095,0.6839913436320728,0.999480421791909,0.9979490487376635,0.7877235128536881,1.000053717786449,0.9992581764144812,1489.0,10.230612440961671,0.0225874412693543,4.97248146183707,6.749647007683668,5.86362723069205,0.9989432471198156,0.9994859853682756,0.9993169926300656,0.2540761913870745,1.3849288675089644,0.0027640511214633,0.1747708860120083,0.1263180131834013,0.2388075729143176,0.3217610292332673,0.995707508884773,0.5077567779766952,0.9979351271683624,0.9983560873204764,0.6164171984391373,0.9997360034693656,0.9984044139249733,0.511251160327646,1.00001234286298,0.9996539143531324,266.0,14.690393563240548,0.0349474096581001,6.685279568220061,9.169588446302482,9.329166514918397,0.9986174753310996,0.9990929601689964,0.9985878454577484,0.9781592192597728,3.1308634078720448,0.0080487962254518,1.2870597630666851,3.6385794775620472,0.1975844665165706,3.864559880458525,0.9847620145296468,2.4512736556541626,0.9938622867718754,0.9957054788209432,4.696898601566005,1.0073189868111565,1.0016981823860114,-0.0754593671034911,1.001483266218127,1.0038872693620535,0.0245664539765332
2,20261212,naive,4096,0.01,0.0380792871411074,1489.0,15.250350359996194,0.0363379723096688,7.769766432326777,10.355002704681434,8.06088299603488,0.998619963890861,0.9990916445942868,0.9990301689919464,0.5270835259052662,2.560860310820833,0.0052811669823445,0.3400489340319373,0.2818671924801501,0.3721425008355724,0.5775572981627476,0.9951442963127256,0.6457353345129135,0.996721540797252,0.9976909703194854,0.7211897483789187,0.9991323532237132,0.9975442547569888,0.7340728302307014,0.9995055779117896,0.9988964590135502,1489.0,10.693420768612148,0.0236092428457603,5.385570485272212,7.245733403036423,5.730988198807661,0.9987589010548584,0.9994075852733644,0.9993469776500968,0.2811734713165212,1.4169980553335637,0.0026232211355518,0.1612987169242049,0.0899876867970005,0.1331343189434649,0.2276835671211476,0.9955950679016278,0.5030071105926766,0.9978018485590848,0.9980502235774936,0.6712739363673563,0.9995529424300288,0.9980927891067498,0.4587873099312389,0.9995357147160648,0.9993974546707052,266.0,14.856430491719,0.0353423997945406,6.626462793431775,9.375769983991498,9.428597722345918,0.998624422102232,0.999005985025275,0.9985772133557728,0.9866521907079836,3.037190473749976,0.0082377612205253,1.349632371455306,3.2297887758629864,0.3603036208555629,3.5189290663456445,0.9869873213226408,2.3438281807001147,0.9956887057984946,0.9963723694222631,4.123762901305156,1.006568747387094,1.004711419781085,-0.3972263885342784,1.0035800774907468,1.0043467275564195,0.0258048141657573
2,20261212,loss_weighted,2048,0.03,0.0379619919606787,1489.0,14.75757412912825,0.0351638032834205,7.289705597446492,9.36266453147542,8.774206479809145,0.9987872357143732,0.9992575746465888,0.9988493603628232,0.7145397205879018,2.9893505103793485,0.0075466920719676,0.1434093430476263,-0.2716194233487956,0.2371120150165884,0.3880276516936787,0.9942013395392116,0.5084587278598036,0.9954432782736484,0.9979933008003876,0.1101808751633086,0.9982135102947544,0.9969177133198016,0.6913826836168084,0.9987649753493468,0.9979808425039528,1489.0,11.115239034040176,0.0245405453803524,5.41700642130344,7.0467559693297215,6.6744146203336445,0.99874683339959,0.9994405151866552,0.9991153871835288,0.4911272482869602,1.8864881059775351,0.0053986479677731,0.0835951433978524,-0.250380653830814,0.1095516575362645,0.2857974553445087,0.9942818387371016,0.5271760332382058,0.9965946527087656,0.9978956522733696,0.3769878914470723,0.9987395801856028,0.99639344664628,0.7253644609092476,0.9986747803581688,0.9985375580339092,266.0,15.32566007809658,0.0364586638693079,7.811110088120612,9.504581047432572,9.139220707117715,0.9981259795064216,0.9990353496232623,0.9986347824104536,1.0409373047044623,3.2613701560242934,0.0113937076089056,1.92353705431173,3.816118418185935,-0.0124826895406547,4.273512653364483,0.984316241902642,3.1218089059584315,0.9959058540485184,0.9938652699428429,5.327928901681332,1.0070390576099502,0.9982041935664322,0.2762577173203056,0.99899100443212,1.0031711377909205,0.0269832371619714
2,20261212,loss_weighted,2560,0.03,0.035520482826655,1489.0,13.452743524468405,0.0320547010489358,6.727085925001686,8.468886707535203,8.000036326649047,0.9989668268687244,0.9993940628040292,0.9990437752125648,0.6218569033495841,2.513661383341373,0.0055624742927712,0.0834958092691995,0.1672834617464411,0.2550632738660718,0.3162476567734065,0.9948971946337029,0.4047382707617188,0.9958857903804682,0.9968653430393352,0.7636922127669834,0.9983916721393375,0.997436595852492,0.632860486390797,0.9991274960937208,0.9982554248582786,1489.0,10.030745760501429,0.0221461698466855,4.876900462570725,6.341120763191748,6.051602255321582,0.9989846914931846,0.9995490486609956,0.999272742962876,0.4329804091867658,1.6290648580139455,0.0043801012789228,-0.0427389053344516,-0.1921949604458914,0.0466901159237675,0.202349904311714,0.99492086784534,0.3512699127447263,0.9964619507299904,0.996810646621446,0.7586459885851582,0.9985089572032876,0.9968426177972328,0.5858077151686416,0.998685033522458,0.9983791203014089,266.0,14.340199187883748,0.0341143219506216,7.118597156642109,9.311811331017552,8.261782919271218,0.9984217994213416,0.9990947274753555,0.9988851629712996,0.9520936953281778,3.044308978151542,0.0099186741566381,1.5146297897011862,3.94606139537512,0.2329241522802261,4.233173466400303,0.9855608449759604,2.617811368979972,0.995279382961945,0.9940335044256476,5.416413061217583,1.0074260772062849,0.9983241205604984,0.5023819859121943,0.9997549569877148,1.0035605441348066,0.0249572790006737
2,20261212,loss_weighted,3072,0.03,0.0344544820883175,1489.0,14.065723957655358,0.0335152882145885,7.106459496824957,9.311092991352394,7.787578004703043,0.9988522150816012,0.9992659686884908,0.9990959616578868,0.5377874374867029,2.5071385478997765,0.0060707945715823,0.246724345285282,0.1824312992455636,0.4049396544296482,0.5080651584496603,0.9934187130595004,0.6610432668962076,0.9950333480206364,0.9973450630350114,0.6875671591488413,0.998719247222922,0.9969949059567168,0.8478335906163181,0.999260179352234,0.9983492887379052,1489.0,10.265304869133574,0.0226640362130438,5.040350294864677,6.7450550202527735,5.871591414180468,0.998918447085695,0.9994877320367792,0.999316883579361,0.3668141581908071,1.5978949764515316,0.0038489224426993,0.0449194785405196,-0.1098165069792148,0.1603326984278683,0.1994592663744402,0.993852208734337,0.521828504851058,0.9961415621585028,0.9973763676418388,0.6723662069580314,0.9988815316594846,0.99644495811695,0.7673500064766472,0.9988583399862504,0.9986392333683952,266.0,14.24742161473558,0.0338936106509593,6.922443418341199,8.946573746156007,8.661848416619362,0.9985423170333816,0.9991536308928776,0.9987758667707834,0.96545791092415,3.0048313875106496,0.0095857204345804,1.5059175271504317,3.632385952886728,0.1017822473125801,3.9334939856539366,0.9835641723793676,2.7616490599926067,0.993816703028264,0.9933325824921796,5.275469119097693,1.0063766585866345,0.9997075788341242,0.1487994563121049,1.0001313752448469,1.002918532377813,0.0240367967675956
2,20261212,loss_weighted,3584,0.03,0.036437594097895,1489.0,14.893683472455516,0.0354881196061384,7.542020930108391,10.005790660013725,8.05132789889244,0.9987045652023022,0.99915355278045,0.9990351117381177,0.5487753553022355,2.6263121476943256,0.0057388406810593,0.2853517363956166,0.3244319613316217,0.4239064725228557,0.6052920026270354,0.9935336119291668,0.692437304377556,0.9952249285736764,0.9965784277173764,0.9754300377441892,0.998527939872582,0.9959976848499952,1.013771909382342,0.9987063184319428,0.998100466021402,1489.0,10.72146128803268,0.0236711515134211,5.333451990076225,7.162974836555224,5.93260596291478,0.9987871692110952,0.9994231887450522,0.9993043576583208,0.3541495689838926,1.4913540370076397,0.0037817767474162,0.0903442807087423,-0.0520122465537154,0.1775969777400398,0.2059321474436196,0.9938634891130363,0.5663782424327479,0.9963482900708848,0.9966172215558018,0.9564944582446628,0.9987584372009796,0.99574996768562,0.9032827106974252,0.9985908696188316,0.9985063590839032,266.0,14.829572053979184,0.0352785054664254,6.737698917172838,9.32320093993958,9.35935600558062,0.9985993478861755,0.9990560196795376,0.9985722710326492,1.0061286944634342,3.2303784967603804,0.0084273557654948,1.1858995600974604,3.606800022860641,0.1530812040169661,3.79984184231004,0.9836349611133532,2.436222685922516,0.9926793571290532,0.9947654774552014,4.896768120167081,1.0068731809663696,1.0000294911236436,0.1483394462860303,1.0004519773777114,1.0031685572689089,0.0252506177241978
2,20261212,loss_weighted,4096,0.03,0.0387405226228194,1489.0,15.632872242608586,0.0372494313417625,8.142873624394511,10.721914731827844,7.944863005381239,0.9984872648545768,0.9990280934242096,0.9990613421456876,0.5673383998952172,2.6057402237950607,0.0063971353093205,0.2763628195955428,0.2845708454043013,0.3089494512206925,0.5027989036568044,0.9933204469062676,0.696867997330294,0.9950225857648466,0.9959818715293888,1.049071399266836,0.9980785646446422,0.995243657546077,1.0099442290640184,0.9979420641890502,0.9975886260311752,1489.0,11.234945473686164,0.0248048367109712,5.724760082314623,7.625416168361742,5.941729550890532,0.9986011045071148,0.999346945671913,0.9993038679539206,0.3651879408050271,1.5667979893726325,0.0037457584203502,0.0801903243177793,-0.1300045185855273,0.0662269181255508,0.1664862386242592,0.9935628724741988,0.5795443342226037,0.9961054353922344,0.9961163711577832,1.0278205624633756,0.9984172579531134,0.9950612839999728,0.9095042099761486,0.9979217530843316,0.9980868693851764,266.0,14.81678263854988,0.0352480803496053,6.778371432031582,9.3917339685672,9.24045786479827,0.998564787819033,0.9990002911702368,0.9986237210128726,1.039552294724425,3.013112679905952,0.0090759943780046,1.3438881392373876,3.170235239101494,0.4186103232323188,3.468668534861828,0.9859360838794584,2.418400683141286,0.99491431630023,0.9950373832919044,4.393196297692043,1.0058999597777607,1.003060523854871,-0.0734788499350429,1.0028512484069745,1.003646458170076,0.0268519289416334
3,20261222,naive,2048,0.01,0.0344523366226295,1489.0,13.447421239308603,0.0317494176845165,6.919991586102713,8.797896531916091,7.452776063278344,0.998924171822487,0.9993027919576456,0.9991800657695156,0.6254178132065028,2.619342480042683,0.0068230147832725,-0.0866863633080556,-0.1312170847730267,0.1615627801099597,0.2254661412202885,0.9965042542243988,0.0995906582739962,0.9967158116617046,0.9979039709129424,0.3115310018240222,0.998561264491304,1.0008412174660308,0.0412624178145222,1.0009501026348746,0.9990248601343928,1489.0,9.779260439459772,0.0214629148923533,4.935150077255782,6.396303806553733,5.510492362031859,0.9989815977803332,0.9994977393214872,0.9994127648679964,0.3533180583908034,1.6326456639250615,0.0034087549114093,-0.0573730576452073,-0.1508538974305022,0.1046992124214075,0.192381109247233,0.9971382449413706,0.1489719812336858,0.99776430668458,0.9985876073502298,0.2888878670287909,0.9992410543527344,1.0003556972888374,0.0462527169613053,1.0004996346644217,0.9994391108049866,266.0,14.821267071607808,0.0352587484994057,7.624361011918953,9.198501401494678,8.770783815290198,0.9982078592252662,0.999096169613544,0.9987433315570792,1.0098385364749995,3.3280292153163016,0.0115907876523968,1.8044663485101344,3.724356854466071,0.0478475062153703,4.138746448644195,0.9845606586175244,2.9840642530264603,0.9956388983025164,0.9950337569772496,4.948211562892993,1.0072686590685496,0.998894766994041,0.2255534225388373,0.9995371667263202,1.0034440438865786,0.0237153997620206
3,20261222,naive,2560,0.01,0.0323665358035092,1489.0,12.150823516810668,0.0286881450488348,6.4873680643058265,7.811137770479997,6.674031350352253,0.9990540382311478,0.9994524252372784,0.9993412601095262,0.5460361235017658,2.127435965383955,0.0054244445859335,-0.0239279020663013,0.0053472620649626,0.0396905550496042,0.0466527369940023,0.9971873177680814,0.1259508655704522,0.9974548714002024,0.9967694354970208,0.6877453552756663,0.998220496877506,1.0004144839239462,-0.0195837327889876,1.0003628054677562,0.998760611373789,1489.0,8.783901439069355,0.0192783626304547,4.584873698913703,5.699812484928495,4.8629204489634885,0.9991208180687472,0.9996019873680508,0.9995420590342,0.3028017890288059,1.3652566133160828,0.0030338987651077,0.0351485847214348,-0.0512426808388544,0.0189876197724568,0.0649751110202666,0.997823884289473,0.1920560319677093,0.9986310087780638,0.9977512404404336,0.6488979611626746,0.9992190086510346,1.0000070286298697,0.0178327085694434,1.0000625236026988,0.9993849494393124,266.0,14.189273031132403,0.033755279273827,6.948250984443017,9.47624223500126,7.953496747518438,0.9985020577429006,0.9990916076641272,0.9989681845791616,0.905881225077923,3.054843993050803,0.0097727539110967,1.5911893653141098,4.299744291373573,0.1517954628461291,4.587235161840846,0.9865643720650104,2.6176993805641047,0.9962824942977112,0.9942483817723132,5.717142718470683,1.0083845359187988,0.9998937089815042,0.1688855630665386,1.000374712724558,1.00441599173289,0.0221212031454912
3,20261222,naive,3072,0.003,0.0345096844107972,1489.0,11.957649374746037,0.0282320600929824,6.53394896789644,7.647608709719554,6.465830996655494,0.9990411079623944,0.9994748978102044,0.9993856353057616,0.5134086675010486,2.132689067384536,0.0052587895592275,0.1910030155204093,-0.0383513333072754,-0.0278925719079373,0.1968018604382969,0.9988991291617224,0.2496648731223274,0.9994294847358136,0.996973785592353,0.600881512692439,0.9982415745357854,1.00203186395916,-0.3184642496161132,1.0011914858275135,0.9992988234386148,1489.0,8.655751498451796,0.0189971070809209,4.61322697100386,5.572719106026945,4.752364956763663,0.9991108906622118,0.9996190898360054,0.9995650907093988,0.2796852026803589,1.4117817706364222,0.0027442245860165,0.1200544046435365,-0.0013123374998106,-0.0699345033300738,0.1389446546652714,0.9992439734561904,0.1745672205134383,0.9999776003937983,0.9981542297829986,0.5733594806681594,0.9994511344881138,1.001478648423243,-0.3128990157631506,1.000504913989663,0.9997626575717556,266.0,13.924771292052233,0.0331260483011426,6.969952228382933,8.971163110299276,8.052158339130402,0.9985297846205472,0.9991702192441844,0.9989475285885532,0.9125283543229264,3.1028192933638805,0.0089082697164233,1.7548054299905438,3.914662920833058,-0.0459692498891504,4.29022622396592,0.9849105135053692,2.907673690905952,0.9957051557591116,0.9945302002257908,5.262611496275753,1.007542484681114,1.0017461053423091,-0.3267184205882927,1.0008155771173142,1.0040146477836975,0.0233686057239109
3,20261222,naive,3584,0.003,0.0359027529067103,1489.0,12.124268846159064,0.0286254493605695,6.758060310363143,7.4652644948594356,6.752506343368266,0.9989779918443584,0.999499628837245,0.9993299115357666,0.5217756361361717,2.232718132003853,0.0051882539134073,0.3875006487781217,-0.1455423695930475,-0.1658752814300162,0.4459304241019126,0.9997884674394109,0.3987725369197648,1.000635567934987,0.9971741668899392,0.4513635656572603,0.9981264906441588,1.0019410394171056,-0.4434583732425494,1.0007708210342958,0.9992761662672616,1489.0,8.79502502211445,0.0193027759813081,4.773044394011904,5.479498850372787,4.95435209701269,0.999049739359152,0.9996318096222592,0.9995276847770858,0.2764356706710635,1.383558491105916,0.002782475241208,0.1931730787112182,-0.1125542940555928,-0.083276117934529,0.2385774911163435,0.9996427903875592,0.2189294519356508,1.0005628516848828,0.9982708379563516,0.425812121426361,0.9992339993976336,1.0016333954536782,-0.3516679301971237,1.0005390130632974,0.999675733132674,266.0,14.809561463211809,0.0352309016830389,7.448440093123022,9.235740571189542,8.862558717068634,0.9982753849919164,0.9991162014007612,0.9987259518351944,0.9639727882017022,3.2479178834018767,0.0084605818685926,1.583262062642585,3.9953462283877217,0.1854034453170719,4.301614194837874,0.9844540970956132,2.771001489833665,0.9947413483304728,0.9945040702250032,5.349734143256285,1.007731773330518,1.0018185702981934,-0.1069970706796823,1.0015138314527987,1.0042322465897016,0.0243479787649116
3,20261222,naive,4096,0.003,0.0392824678104508,1489.0,12.535836565574384,0.0295971624642673,6.736372001083665,8.169703703111345,6.710024744006296,0.998983105210898,0.9993999511079298,0.9993370607114168,0.5129454212822208,2.2218519830506667,0.0051357004709877,0.3103416208085745,-0.3696513611528251,-0.18569701091858,0.5171435296630179,0.999651140381968,0.3289312250786551,1.0003498790812948,0.998115475312334,0.0284202614028288,0.9981754387034768,1.0014852915985262,-0.3981047706625134,1.000434754391376,0.9991620121721476,1489.0,9.170004154143232,0.0201257569466853,4.793215027650581,6.05665215301568,4.942775595055806,0.999040704791845,0.9995499810452532,0.9995294785331656,0.2798465366311956,1.436356227862322,0.0027639054983274,0.1525280275513903,-0.2265049800015702,-0.1652519108066886,0.319182548362988,0.9993627369399216,0.1984774775266231,1.0001968478548675,0.9990922781757178,0.0561099123323174,0.9992191954270426,1.0012957447278423,-0.3781625534512329,1.000118911688314,0.9995288228815344,266.0,15.451772429064466,0.0367586762531319,7.878729184262829,9.660059630767591,9.1305063151315,0.9980146507626764,0.9989812010236432,0.9986599802317844,1.07849517220914,3.343681605817869,0.0084652139776875,1.635090446189483,3.667248566976328,0.3166503244299311,4.027716505313108,0.9881468208891354,2.5406980686042004,0.9975790783020404,0.9941363358030938,5.1122590111175725,1.0067768600958384,1.0038494936530962,-0.3022940911968135,1.0029885284721267,1.0044952865835737,0.0265358108764478
3,20261222,loss_weighted,2048,0.03,0.0345248338847843,1489.0,13.48581286645838,0.0318400604764894,6.972184760055837,8.801027900081873,7.469785555339588,0.998910510386096,0.9993036688070402,0.9991736864249574,0.6697743044815554,2.5140213686114734,0.0073610930692542,-0.1229688682806438,-0.1408802653748447,0.130057698469597,0.227779710838164,0.9952225447305856,0.1316063198063446,0.9955021120738884,0.9968225221988298,0.5303042259851622,0.9979414014123824,0.9994467710324092,0.2091735608012754,0.999998747860037,0.9982218196098376,1489.0,10.410313165409471,0.0228479103154218,5.241065767872152,6.715318377329748,5.984174872932258,0.99885335986678,0.9994493394050028,0.9993063982832788,0.482060749737614,1.6748102022856148,0.0050559137381411,-0.1119382430475313,-0.3803356285951004,0.1626031170882064,0.4285150339512014,0.9957002741967806,0.1980907670728555,0.9965327599428944,0.9971191415887972,0.5166059981583544,0.9982876733255038,0.9981960920597136,0.4590127343416839,0.999624528975024,0.9984826490855016,266.0,14.965589792922255,0.0356020820692679,7.7706315766360445,9.219483510011091,8.864947070278491,0.9981162850835266,0.9990944958412304,0.9987151839478468,1.0516005892938192,3.2073842254769285,0.0109775275254225,1.6557767423968195,3.742992214156212,0.0465237998478655,4.0931347155754025,0.984177700969836,2.8646334104537203,0.9948125576082129,0.9945866252116824,5.0770357140035,1.007140056706141,0.9972585694379504,0.4873072612894873,0.99864647147316,1.0029906975825982,0.0246854392468383
3,20261222,loss_weighted,2560,0.03,0.0329576599575329,1489.0,12.198240819751454,0.0288000974990295,6.488789228154882,7.827975879536437,6.739101355420281,0.9990566131866137,0.9994529784564206,0.9993268368674146,0.5619757390775969,2.0992115520520374,0.0057528833767997,0.0296140898982645,-0.0713434680396008,0.0540635632809049,0.0942854900133019,0.9955067104922526,0.2690470007383254,0.9960782389365612,0.9956946136792344,0.8380912184111651,0.9974628870540112,0.9986935687622212,0.240892959442192,0.9993292482001076,0.9978330817353426,1489.0,9.19998319265452,0.0201915530829173,4.695713611784627,5.947901638665915,5.216553509548386,0.9990799801840275,0.9995711723329166,0.9994736124318928,0.3873832866611658,1.4406219043238098,0.0042168709092973,0.0486723559878177,-0.3457850453655068,0.0625428556763753,0.3547504822152979,0.9960416265896828,0.3340883676713133,0.997445648635427,0.996208083237226,0.8348102856963919,0.9980963739586708,0.9975208533587856,0.4699045012606575,0.9989831851985196,0.9982681426112094,266.0,14.19210561637084,0.0337620177942276,7.061535219290389,9.311444846521978,8.052799329619823,0.9984452488870784,0.99910777127708,0.9989407624215044,0.909171145040951,3.1526938128063358,0.0095903029472978,1.5786356107233162,4.011863036782988,0.2093066320790615,4.316357803007263,0.9866001769076116,2.602410061271584,0.9962615380489342,0.9927668249078316,5.79436851484229,1.0070939268433354,0.9984388657227932,0.4603150581206705,0.9997498911409508,1.0034859677365904,0.0231924121608339
3,20261222,loss_weighted,3072,0.01,0.0349786727235615,1489.0,11.990887002127549,0.0283105342699862,6.52222240878984,7.686629947182417,6.492896580352212,0.9990444544594425,0.9994700287272236,0.999378315835342,0.5416500426468935,2.087588659284332,0.0055750867728637,0.2079776652915185,-0.0769311241326181,-0.055090550202742,0.2284908659926257,0.9984977476734864,0.2880278482884506,0.9991095965608484,0.9967327580868368,0.6132144060199778,0.9980265679769466,1.001273370798733,-0.2371920573751822,1.0006474574716997,0.9989697565883764,1489.0,8.968208090342364,0.0196828674490814,4.713266858921649,5.756726486351149,5.007391739180815,0.999071436018778,0.999594018019801,0.9995150867944192,0.341177881273286,1.4393452041346846,0.0035543065825986,0.1053278330670997,-0.090026327533112,-0.044805208239826,0.1456234828354416,0.9988559985299748,0.1878153356568219,0.99964530129328,0.9977526105580848,0.6096877348246608,0.9991316875919616,1.0004914248898875,-0.1255538208864663,1.0001007043298802,0.9994205903312494,266.0,14.008981772202022,0.0333263790910994,7.014833465378552,8.877758883582583,8.2600895244461,0.9985117141616509,0.9991938925866976,0.9988885600502492,0.9570716884464052,3.15929372781705,0.0093771577664139,1.7795524622611398,3.9068068268913656,-0.0010674855176247,4.293011494057522,0.9848519396278792,2.936895889664214,0.9957550683264552,0.9938516248296192,5.4219799400424336,1.0072579622232911,1.0005950067874287,-0.0967362049718758,1.0003194919604927,1.0037014843775478,0.0240626429653115
3,20261222,loss_weighted,3584,0.01,0.0365458674533746,1489.0,12.17716140303725,0.0287503289081677,6.737419252897591,7.525966983761242,6.800754561491006,0.998983364602445,0.9994929993436896,0.9993178194258684,0.5532587024027845,2.122125697222708,0.0054825098057873,0.4064098608981624,-0.2731709213793904,-0.183156721910376,0.5228170923979855,0.9989146871621872,0.4642426828166108,0.9999008639177864,0.996638520574898,0.436880572079815,0.9975602869251412,1.001045111050098,-0.3326153851487845,1.0001673902501491,0.9986751550245015,1489.0,9.042456424448991,0.0198458230923732,4.847450548255299,5.663022555342254,5.118438913180773,0.9990190034628308,0.9996084849061232,0.9994932141059518,0.3442350444003478,1.4203278742002508,0.0037254512179612,0.2049926476958966,-0.3107414349002393,-0.0575081735668446,0.3766821139903353,0.9986999662834644,0.2987307567536561,0.9999553963098,0.9976283284706848,0.4276672669494132,0.9985956861397062,1.0003800050257616,-0.1199488013421898,1.0000067271557476,0.9990669366300162,266.0,15.088912361813051,0.0358954577583917,7.528467719928613,9.422237460533676,9.067463332695832,0.9982281544819588,0.9990718451030346,0.9986627157726482,0.9626909417641458,3.284602164526317,0.0098073417744176,1.500069260772522,3.9655476916780255,0.205134536761179,4.244744569495292,0.9841804001401568,2.7087197065835653,0.9942364323179356,0.9935926210613992,5.544548325911791,1.0073020199110214,1.0008722498899345,0.0648890273363917,1.0010570606248796,1.0037851073994004,0.025234894700754
3,20261222,loss_weighted,4096,0.01,0.0400886197267226,1489.0,12.559104374273984,0.0296520978577424,6.724971811020906,8.248581052581237,6.668340681449912,0.9989850958666316,0.999389524329702,0.999343335749408,0.5388102498173855,2.261339098985926,0.0057230118517055,0.3026081654621406,-0.4717125408476266,-0.2085742771311235,0.597986331012722,0.998335552188503,0.3913012229116859,0.9991667815966472,0.9975899513241968,0.0373664821517252,0.9976687901833168,1.0005984048154644,-0.294150622139,0.9998221866039892,0.998528777880364,1489.0,9.27827708316681,0.0203633876627466,4.878310702869095,6.100780310186968,5.006894239458861,0.9990053964727692,0.9995449014533184,0.9995152961250654,0.3373955338509228,1.4664658445833494,0.003568531796085,0.1488090259612491,-0.3953194647742974,-0.1909421434343846,0.4635520548722546,0.9981202368073704,0.2843481623022938,0.9993152233054696,0.9984230056193588,0.0956702692761837,0.9986394060218068,1.0000436239476933,-0.1981102241052781,0.9994271095544311,0.9988955996246688,266.0,15.670062240842768,0.0372779723117137,8.088781197067366,9.83812374095617,9.1287343391891,0.9978961565092208,0.9989281694210198,0.9986545771380984,1.0117031972686872,3.130087313663676,0.0094040982248015,1.620143495554166,3.538796231283869,0.3644826019949599,3.909065269331328,0.9882797012008284,2.515598784825798,0.9976187783541808,0.993207798603113,5.212630480249061,1.0060965004610194,1.0027636692490856,-0.0798765274154789,1.002536172546754,1.0039716352570542,0.0274193827242325
4,20270102,naive,2048,0.01,0.0383205277083998,1489.0,13.102982603662223,0.0316876252413378,7.133811125216297,8.280390263943433,7.227172961705419,0.9987132932606916,0.9993979263338332,0.9991886645311572,0.6986084690998244,2.6503464378939467,0.00659922313999,0.0995094644641439,0.1112620197261828,-0.218551478905808,0.2646622743864453,0.9955996079639406,0.3769765183428717,0.9966011009736708,0.9978406314426028,0.5201264969022077,0.9989023798463234,0.9968352469445952,0.2547925510199036,0.9975345432325678,0.9981469866675444,1489.0,9.64399133110228,0.0214605634051864,5.0925973075474245,6.146439885899402,5.412328351695014,0.9987806998416092,0.9995640309072004,0.9994097237063748,0.3795263081068019,1.708920090873425,0.0036837565144585,0.0853228821230489,-0.0760385985816825,-0.0511982743329945,0.1252322880998607,0.996462395572602,0.3606358544291623,0.9981440338460676,0.9982924750670727,0.4335369927087527,0.9992699954189428,0.9975885651280776,0.3531209423084362,0.9987078130744204,0.9990296767050412,266.0,14.725371860686389,0.0350306205594772,7.544358266010982,9.115767652987964,8.764816876940705,0.9982560585410658,0.9991380545937985,0.9987448541308864,1.0245318134411825,3.3386759477803123,0.0106567823250397,1.8164046920767047,3.9225237754801694,-0.0415343424098816,4.3228744923031135,0.9842035868294,3.0232836264374754,0.9954274271389432,0.9942975268497036,5.327811149194503,1.0074710233631026,0.9987639769616824,0.1572007708529952,0.999211701194697,1.0034295741290205,0.0251404990162509
4,20270102,naive,2560,0.003,0.0378455294407986,1489.0,11.807032933281786,0.0285535626596495,6.357226995798379,7.572321195675381,6.4538084354138,0.9989805913117544,0.9994962538553358,0.9993531254033214,0.5985278142482803,2.388679291292985,0.0059395211114902,0.3872989216342619,-0.0356825342034023,-0.2950782959491285,0.4882057954249219,0.998022142336389,0.512012886757482,0.9993823791204554,0.9996231178292004,0.035678017562077,0.9996959483395094,0.9994098365895704,-0.2068090622626357,0.9988422344011212,0.999380330426453,1489.0,8.660134975748843,0.0192712093327118,4.547792895847032,5.58879972135776,4.804251788699584,0.9990287138695856,0.9996394308142618,0.999534916833946,0.3166355787393261,1.422411497401181,0.0032048641077952,0.1876555733103144,-0.1110175101975487,-0.1732637406178267,0.2784956473228391,0.9984265776619636,0.3101066809646227,0.9998725993405146,0.9996517846220464,-0.0070998140660094,0.9996357762701396,0.9992338387780298,-0.0448034165614217,0.9990918304008212,0.999512863389346,266.0,14.377393277102383,0.0342028040642687,7.119548598138133,9.26420593524637,8.378302548402282,0.9984391840828246,0.9991236275761216,0.9988572705801568,1.0000130015593849,3.2298465501740967,0.0098329921061204,1.675329375937181,4.181643210675574,0.2515929249121386,4.511780963115678,0.9855573587177044,2.778777312622779,0.9958734774370754,0.9964688348118786,5.051844914844708,1.0089599797695974,1.00047819401808,0.1747060551705885,1.000975775131263,1.0048849624752958,0.0247974924212971
4,20270102,naive,3072,0.003,0.0366151677547209,1489.0,11.720634332059523,0.0283446204226247,6.467553360055329,7.432503498960992,6.348378881149262,0.9989491051879372,0.9995145550218972,0.9993747152200562,0.503772097341184,2.208497521183585,0.0056866872757655,0.529919399753923,0.0019286562917481,-0.1676074559166289,0.555797219522997,0.9964569414308472,0.7533272267944895,0.9984582648952114,0.9993984696116612,0.1158251038856974,0.9996349065551624,1.0006110930854497,-0.2590070876295556,0.999900229701834,0.9995561374444788,1489.0,8.490026381434765,0.0188926703908247,4.5729321386111135,5.407392043912472,4.6828357750991,0.9990211536700032,0.999662384390768,0.9995579108000576,0.2881874971340022,1.3539735681122873,0.00282688653794,0.2983268162013814,-0.0701337826734354,-0.0573116439405389,0.3117727718517198,0.996805354370439,0.5469491259563881,0.999355767959522,0.9996814385719904,0.0249343038358347,0.9997376593556124,0.9998904032638458,-0.0389358349878534,0.9997669927035304,0.9997137813265288,266.0,14.264033913417329,0.0339331301372749,6.840544357855133,9.057732041796651,8.638698202295656,0.9985859529826612,0.9991450011725468,0.9987887031292184,0.974082279260851,3.093393940505457,0.008697649286752,1.592781903605904,3.903181218849313,-0.0057883797307471,4.215662619917818,0.9839327026158234,2.8203569572366263,0.9944031843883968,0.9957349432371696,4.954239287692502,1.0079847494249936,1.0017623010452823,-0.2891415915884465,1.0009387955584823,1.0041518336144175,0.0239568837006641
4,20270102,naive,3584,0.003,0.037354578609553,1489.0,12.464001583961789,0.0301423441628957,6.949884583876439,7.617142075476737,7.002112992361703,0.9987860693237436,0.9994905777535285,0.9992393583922894,0.5037975651992453,2.2081661227681835,0.0053716480605799,0.5195580663782577,0.0218380708984965,-0.1504399512787747,0.5413406179292682,0.995463488115488,0.8056081676343751,0.997603703511433,0.9979673676123048,0.4067057562405693,0.9987975871647488,1.0006658598684766,-0.250030910823682,0.9999796322408728,0.9990085971141266,1489.0,8.928686423277638,0.0198688110070994,4.837861223047164,5.514952413558985,5.089385022567958,0.998902960996642,0.9996489470842256,0.999478028975686,0.2646069339156174,1.3829739297083536,0.0027637189884262,0.2212971414078976,-0.077540111026692,-0.0661406010823989,0.2436379952406434,0.995903479064054,0.5401076184230362,0.998421990830911,0.9986888129679112,0.3137566099081255,0.9993962577232082,1.0000301897725967,-0.0712024442816812,0.9998045073505464,0.9994226784295324,266.0,14.685224568373764,0.0349351129840625,7.099113135881052,8.98993551349012,9.189095318409674,0.9984250182459627,0.999129298483134,0.9986271240204856,0.9574514074383654,3.072545730246474,0.009036244566218,1.3768024451221226,3.607911974269227,-0.0298086809197991,3.861800401940487,0.9849369666544848,2.527649630235686,0.9943207821722078,0.9974237307854276,4.242794156632385,1.0079144243299831,1.0011781182899684,-0.2192335253891997,1.0005537182856086,1.003979542222704,0.024486020872369
4,20270102,naive,4096,0.01,0.0403567301476282,1489.0,13.019808941138264,0.0314864820415237,7.242180801472557,8.18656341139544,7.074349554109401,0.998690367318727,0.9994165638837016,0.999220823120058,0.525584175644523,2.258355971290261,0.0053831737172148,0.602565338836349,0.1811176839785186,-0.0406477032672968,0.630508397087313,0.9930831943721804,1.038705042770907,0.995842665556431,0.995570913090436,1.0197407608231115,0.9976525377172552,0.9986691219401882,0.1584083283226789,0.9991038848700172,0.9978638718103042,1489.0,9.285623703203123,0.0206630957450805,5.043889818152658,5.873959135149645,5.126264442887798,0.9988139684433922,0.9996040632320816,0.9994698365952192,0.2816940482056897,1.3238733162782252,0.0029038571855359,0.271428425629432,-0.0001812871940043,0.0183182414308059,0.2720459172158923,0.9937615808896688,0.7569314667424436,0.9972911382235592,0.9969259221220008,0.9172138396044148,0.998994015987828,0.9985647569953716,0.2589618242528786,0.9993855593190212,0.9989558436741004,266.0,14.870473728112207,0.0353758076629579,7.156557245153147,9.521090514316132,8.903005824637026,0.9983794050273512,0.998958741121692,0.9987213487784256,1.003767621014414,3.285532639495968,0.0081690170292676,1.476751986155972,3.0991790920927302,0.1569478083328325,3.436617535894969,0.9874198534391838,2.4379014389746487,0.9964704817699768,0.9976679718157886,3.673871804542955,1.006751953220636,1.0032427319351862,-0.3644378604144833,1.0022047748014506,1.0041017219672776,0.0261752506845795
4,20270102,loss_weighted,2048,0.01,0.0382776616692969,1489.0,13.32626826657878,0.0322276085888152,7.104093158582446,8.602692376519324,7.288001796239013,0.9987229060502028,0.9993495709840448,0.9991739002462904,0.7449052249145506,2.6340865400652347,0.0073788737394499,0.1498463919460075,-0.0620533539514961,-0.2230337292270522,0.2757691140950927,0.996738428563116,0.355505026492942,0.9976828794284422,0.9985029022906616,0.2214138059796937,0.9989548803315051,0.997799225608606,0.1061304744698929,0.9980905082483084,0.9985028241626724,1489.0,10.683170305218992,0.0237730256936422,5.551571448819627,6.863679999194551,6.016650154996569,0.998551722213085,0.9994563217505456,0.9992695628590296,0.5109738461995544,1.803931684976468,0.0053742157070477,0.2062210558609048,-0.2059403066303638,-0.0282438925497213,0.2928075327612917,0.9971460494563406,0.4283288757472263,0.9991433390276367,0.9986512277031208,0.1965729612257973,0.9990944518649734,0.9982138411497772,0.2712368670295575,0.9990735503032776,0.9990930170815612,266.0,15.20236635571447,0.0361653568039926,7.828931908518648,9.341250277786743,9.08629799384144,0.998107233408398,0.9990918977318628,0.998650982177184,1.089991055004575,3.2191537330737288,0.0106738513936768,1.834751144750347,4.012399935746144,0.0093280584419584,4.412000908908866,0.9841084110818844,3.048901704859176,0.9954273576589072,0.9946950121538728,5.319733129850448,1.007848535031442,0.9986099924268376,0.2328217182888465,0.999273093025419,1.0036621131106045,0.0263990314136613
4,20270102,loss_weighted,2560,0.01,0.0381391420173387,1489.0,11.840914407716651,0.0286354999938421,6.433367007718859,7.539286413832223,6.479058830190622,0.9989563369596706,0.9995004451289864,0.9993481890525124,0.6171527025525819,2.252234882476124,0.0064068443654656,0.4059366734809057,-0.0238267201523452,-0.3315881312380359,0.5246932287040634,0.9976231005844496,0.5558122465649262,0.9990996967451444,0.9991263980678754,0.1415849674516494,0.9994154193234316,0.9989826040484852,-0.1794188177752858,0.9984901763351924,0.99907670516365,1489.0,9.185194072134449,0.0204396118791879,4.815877175980314,5.959980565714752,5.06495299336017,0.99891042657871,0.9995903186426408,0.9994831568054544,0.4050802512848047,1.4747210287984602,0.0045906306439695,0.1840465379196733,-0.2252056143271806,-0.1899299688595097,0.3473673702518342,0.997909688315614,0.3467243993609941,0.9995264577331548,0.99890519403412,0.1015166411746122,0.9991340893405656,0.9986251608743896,0.0405858475729417,0.9987538012950046,0.9990669014679304,266.0,14.542006681540771,0.034594407737469,7.227303074287914,9.286146357533935,8.544210579382057,0.9983749770788036,0.9990990572118572,0.9988104981579852,1.0174635497292133,3.189952096992408,0.0097559580189335,1.6372775759280938,3.985233014014673,0.2836913556185868,4.317781933108962,0.9861010869863688,2.699183538091958,0.9961217164545312,0.9958086536871036,5.018126268772278,1.0082164262327693,0.9999428298837076,0.2928835059138635,1.0007769927337775,1.004430968918697,0.0257277522776134
4,20270102,loss_weighted,3072,0.01,0.0368832228012863,1489.0,11.828650934390511,0.0286058425976087,6.5640253702597615,7.463318450872007,6.413223180828603,0.9989175331558058,0.99951057246457,0.9993608793452144,0.5586936669170859,2.2003960683932475,0.0060366669641433,0.5113867082379178,-0.0204895064831476,-0.144607195043427,0.5318340211914464,0.9959380516873882,0.7675131674425231,0.9979770621685936,0.998537606836278,0.2564065399387232,0.9990610164993212,1.0000618232261138,-0.1538539370417311,0.9996395601472574,0.9990949413300544,1489.0,8.813212933644726,0.0196118503711133,4.752014343670432,5.543493320168326,4.9356624378661,0.9989432766706708,0.999645474236778,0.9995085087080424,0.3520370010076271,1.4280986885747224,0.0039968918816131,0.3007535097685219,-0.1606258780554046,-0.0437270290043021,0.3437519445831503,0.9962007141076448,0.5964317612892671,0.9989818643038222,0.9987804004978038,0.2033384339641202,0.9992388791532822,0.9989271098199886,0.1361617675687796,0.9993586865419056,0.9992490211523316,266.0,14.373874950089386,0.0341944342125758,6.965524343130267,8.943312933298444,8.83781112511257,0.998522759560544,0.999171091253498,0.9987302578882926,1.0074128503501785,3.046545140303981,0.0086786439569479,1.5329614821309037,3.883530296282393,0.0209295996919481,4.175190596366045,0.983675469811688,2.7801896588589443,0.9939968318196736,0.9952291424619027,5.059235237519943,1.0077385606630358,1.0012649194490062,-0.1824516498264756,1.0007452780723285,1.0039038187981923,0.0247455528003736
4,20270102,loss_weighted,3584,0.01,0.037837340329718,1489.0,12.601644184221149,0.030475212431609,7.064854050659856,7.652666339947187,7.094080016325519,0.9987458630779592,0.9994868271471448,0.999217932072864,0.538530686484573,2.1643923701349976,0.0056726635436951,0.5121838497678635,-0.0420133490237267,-0.1831990351940853,0.545581619884012,0.9950302963507364,0.8255488906350905,0.9972234871807536,0.9972306842377956,0.4823412533299063,0.998215300593282,0.9998433980657888,-0.1597764839441424,0.9994048801354952,0.9984567615610374,1489.0,9.222249839534712,0.0205220712695501,5.010412052545178,5.664535651385975,5.278134047244852,0.9988232008015018,0.9996310504865078,0.9994380321114334,0.3275510516205674,1.3856462080584264,0.0035379582486521,0.1800593862051134,-0.2344584716640793,-0.0882407674132744,0.308510276213454,0.9952709904594532,0.5480930935887187,0.997826738348303,0.9978188811062514,0.4164514673499866,0.9987578777587796,0.9989993359944432,0.079538048244899,0.9992514388478516,0.9988102099263946,266.0,14.892360089174865,0.035427873771513,7.174833168414807,9.121151265927384,9.33320725234012,0.9983844996721892,0.9990852568028716,0.99858084111221,0.9508304804494124,3.087828176032648,0.0094488693840534,1.2867495761807692,3.457720218977049,-0.0668776645771713,3.6899900008730886,0.9844990445309948,2.4710549255005105,0.9936727540822252,0.9971805133925792,4.152539611429461,1.007448044384399,1.0003368749099752,-0.1210424101473108,0.9999921334691324,1.0034615892616128,0.0253240945402046
4,20270102,loss_weighted,4096,0.01,0.0412185753439237,1489.0,13.437587273724358,0.0324968171413535,7.318450998299499,8.394271866938032,7.519656012636526,0.9986566370968614,0.9993834308384256,0.999121374707666,0.5663415994029354,2.311346549993327,0.0061645589559463,0.6214326187628801,0.0896093067289795,-0.0178231433716269,0.6281130407455214,0.9948290391656,0.9474879467168336,0.9973461788527388,0.996447444675616,0.7622659823887545,0.9980034790150164,1.0001540473957424,-0.0408636188285527,1.0000418942859064,0.9985619104129734,1489.0,9.751496190091263,0.0216997916213357,5.217341901913312,6.108918780226191,5.527398371793353,0.9987256960266389,0.9995706531634936,0.9993835609576012,0.3502078246303429,1.4350303366628876,0.0038839336741127,0.2886619213683534,-0.0760912443233179,0.014747619963405,0.2988863907997909,0.9951878929146992,0.6631626695156001,0.9982802080932776,0.9973210473976708,0.7233868950855822,0.9989521087006614,0.9990959382340036,0.1663293812123356,0.9996231338659628,0.999072352254193,266.0,15.363085962486265,0.0365476974073103,7.45042090271591,9.929809855272763,9.050663782355649,0.9982359775752828,0.9988475341694186,0.9986840147600782,1.0099705774822685,3.461341589964401,0.0082712860314157,1.5550507765399026,2.980119090562186,0.3043525682287666,3.375192320051998,0.9877590524578728,2.490284716400652,0.9970041519707866,0.996885160927302,3.7477235850765,1.006151747560849,1.003959869320379,-0.3323387016708921,1.003013333947179,1.004083660454255,0.027346714395432
5,20270112,naive,2048,0.01,0.0345756783097902,1489.0,15.671709948874236,0.0372229525270555,8.81105555339087,9.005468318475547,9.320371941163971,0.9981246071970872,0.9992802347518356,0.9987428513999512,0.6595796127837497,2.6828654266117,0.0074713629156827,-0.2502893304814746,-0.5138871919261815,-0.007167914064615,0.5716433975571471,0.9906304864000546,0.3712117174951999,0.9916182984756216,0.9968384872905904,0.10432952667378,0.9970548399878352,0.99477365325235,0.7951572360091177,0.9968769273185082,0.9962320777583568,1489.0,11.4535381670593,0.0252019748021804,6.237629835363587,6.644671951849091,6.937135232469958,0.9982772625693856,0.9994888320492546,0.999076726296104,0.368431617948758,1.618622265728511,0.0034868687790545,-0.1494143207475961,-0.3370993502784126,-0.0243533758993323,0.3695317281645619,0.9916556731030056,0.5020306597453157,0.9939196137342518,0.998293598295809,0.1782941402469191,0.9986945971418868,0.996684773526403,0.5391914387198824,0.9983531096050268,0.9982035316482344,266.0,14.70088830853228,0.0349723759165865,7.618618078354679,9.09176918461532,8.684037582241778,0.9982414298755602,0.9991184316799951,0.9987681024729446,1.067193622661866,3.2641613248104493,0.0117649530006414,2.0136595431787074,3.67751007588983,0.0809695460956646,4.193502257242846,0.9843405863746196,3.2100714263578283,0.9962578702035684,0.9946004016347672,5.008158586772566,1.0069835281822184,0.9988943032716636,0.2587500224526593,0.9996312503916844,1.0033853665230483,0.0234052342759417
5,20270112,naive,2560,0.01,0.0319295360674876,1489.0,14.204746547613851,0.0337386671987678,7.375811337160995,8.025002935577776,9.108872569342656,0.9986858462687372,0.9994294994806876,0.9988015028313258,0.6049451534476121,2.5607419372023057,0.0059728012731384,-0.0960547482970165,-0.524011031440493,0.1569043588305805,0.555367494152987,0.9925584972486604,0.3975569754221055,0.9936164153114246,0.9970566989145836,0.0515355837801507,0.9971635705060728,0.9943291810790292,1.0274628696784305,0.9970469278464252,0.9966265630104714,1489.0,10.27252115087753,0.0226033052339974,5.198612464603976,5.954591378479672,6.560637221598673,0.9988039606782896,0.9995892566603772,0.9991753500152968,0.3088256382286967,1.5012461083981976,0.0032531396032847,-0.0634278354784657,-0.2718766300366706,0.0317895908331482,0.2809814413069286,0.993337382981812,0.4567253736447867,0.995397016413842,0.99866400349233,0.1316414288860983,0.9989600763806832,0.9963316542770518,0.6553600246668907,0.998359432715514,0.9985016600460526,266.0,14.33535068046649,0.0341027876936113,6.951719670747061,9.429409316767789,8.26208888164199,0.9985311341164084,0.9990968941093216,0.9988846421190534,0.9314910642970916,3.175071523739787,0.0094093996325157,1.682234434223468,4.249108071297301,0.0422757301876096,4.570188106699101,0.98481525718733,2.842380476643129,0.9953675005461176,0.9943955679451484,5.630234715113943,1.0083168341672786,0.99883945845888,0.2288744807535181,0.9994913169122196,1.0039890029003165,0.0216058201002423
5,20270112,naive,3072,0.01,0.0332211155738877,1489.0,13.81992697129449,0.0328246558453452,7.025988696568519,7.424080720489836,9.301015524299238,0.9988143146968584,0.9995110029834554,0.998756555313894,0.5126268149016894,2.4982314559862413,0.0060173137525556,-0.1821149592553659,-0.2771749496105735,0.1856722432684889,0.3800868229714896,0.9918697838802348,0.3571806813145315,0.992820258699679,0.9970003288359433,0.3093945297410982,0.9976419337885992,0.992693575614506,1.307321518496849,0.9961515777824616,0.9964759235825018,1489.0,9.956717804956432,0.0219084223209393,4.963520111570289,5.440279240556916,6.700974506319156,0.9989143818741572,0.9996571704649314,0.999143165542394,0.2678962514577801,1.3853898800759097,0.0028632678105422,-0.0718937832839584,-0.1645835318365441,0.0524815478998671,0.187111645539869,0.9927559402598723,0.4936528946388279,0.9949821008024814,0.9982900027255368,0.3518959477078738,0.9990814469579432,0.9949481398298816,0.9112312067014728,0.99776762060969,0.9983883806430476,266.0,14.038169429424793,0.0333958144680029,6.695937099839816,9.11911028530774,8.311224632304206,0.9986321152029553,0.9991443324100502,0.9988716640108471,0.9818297686161512,2.996243691574017,0.0088077417270868,1.603358646097904,4.0031734721568135,-0.1443286885292823,4.314740729931467,0.9857513656581391,2.691984047629333,0.99574526725646,0.994610692652912,5.331285918865177,1.0077927808496232,0.9988419547719763,0.0418686900147804,0.9989612011791186,1.0035680456770446,0.0221756040010718
5,20270112,naive,3584,0.01,0.0339427665268141,1489.0,14.394560820834062,0.0341895080900351,7.63278888189611,7.604610104478569,9.545355952920588,0.998606432821485,0.9994875972112168,0.9986927034808056,0.5209072726493398,2.3931980146550016,0.0057522694614388,-0.4158829355424068,-0.2699587216000632,0.2204511569685052,0.5426186875256533,0.9905497118157744,0.2109760734686858,0.991111129204305,0.996573954773158,0.3999859006719077,0.9974034230093236,0.9920145259839008,1.44634506484158,0.9958402599744074,0.9960067696694896,1489.0,10.31949415714077,0.0227066630351381,5.380903018184079,5.561679969436197,6.826826369971049,0.9987258914364346,0.9996422441707896,0.9991111711915548,0.2768179522641921,1.4353037506160278,0.002714368813944,-0.1914680120659812,-0.2109128606623811,0.0482671106678054,0.288918584396203,0.991860004902142,0.4440247021092602,0.99386236381164,0.9979370405339468,0.4121736478719526,0.9988640544949856,0.9946732166297528,0.9537500907326546,0.9976242569692244,0.998115045632923,266.0,14.68409822148156,0.0349324334842867,7.005576828958158,9.156195668773432,9.0944331734758,0.9984675792828076,0.9991300801230552,0.9986506731724182,0.9679319926355584,3.3398654939790813,0.0085016025854657,1.37727052813795,3.979387450636617,-0.1972433984806199,4.215602394463425,0.9852148871786904,2.5068840051642667,0.9945216110012474,0.9955505280454756,5.075891825596187,1.0081011311720505,0.999458569984951,-0.1101890701800698,0.9991447399912092,1.0036580907694963,0.0225829622638187
5,20270112,naive,4096,0.01,0.0358360507008578,1489.0,15.907072991854816,0.0377819794235505,8.799206965770352,7.954067556799636,10.5991385142191,0.9981529887221658,0.9994389035366954,0.998393256267572,0.5683096039591642,2.5750615212898014,0.0056767468918194,-0.5433304268317345,-0.2900716186835078,0.3043078078559416,0.6869881648244851,0.988145773586681,0.2429872469985667,0.9887923742339172,0.9965929066756364,0.3761670615162984,0.997372980744486,0.9900568581559348,1.8307340396842733,0.9948993411936632,0.995356431131069,1489.0,11.3439957969683,0.0249609415065701,6.172188889035799,5.771671138341564,7.568232107337383,0.9983265352878996,0.9996145080673042,0.9989101018748516,0.27845602921688,1.5541820631551115,0.0027002352268667,-0.3001996833994392,-0.1998465123993216,0.1098440609983916,0.3769936288160771,0.9900302371454944,0.4781437406353745,0.9921864581271964,0.9979138011580728,0.4302591071801771,0.9988814908715696,0.9933185062005032,1.2456099625451884,0.997172603078119,0.9978657750144307,266.0,14.953083648834577,0.0355723308349804,6.912464992107965,9.39259804274586,9.359040567778967,0.9984555247239426,0.9990284706370456,0.9985795165210828,0.9503916188889068,3.557355191166856,0.0090805838397929,1.2940973565937566,3.512801417830792,-0.2373953826264479,3.751108947651258,0.9905251256582772,2.0179975309715275,0.9980168746409442,0.9954668525694226,4.629926335296688,1.0069147655542037,1.0017952020167735,-0.5260386077711985,1.000296989056859,1.0037641445635976,0.0239462531573219
5,20270112,loss_weighted,2048,0.03,0.0348765132073935,1489.0,15.597806527163458,0.0370474194443924,8.738633648082242,8.892196051698463,9.373190481452207,0.9981627962833728,0.9993009171096366,0.9987324056098118,0.7077059911266974,2.751242009210048,0.0081720857472737,-0.3050850234545975,-0.5853114000303101,0.0196428223750141,0.6603424467748461,0.9896655083321296,0.3804252043041742,0.990677837935294,0.9960076981429,0.1953616450000765,0.9964128281207828,0.993578900893684,1.0053809589480809,0.996238238697334,0.9955491847715856,1489.0,11.788432553396936,0.0259388649895415,6.348760898537545,6.837938254050833,7.204372113722163,0.9982230929836692,0.999462400604525,0.999007329611853,0.4773458126488302,1.6883906054636426,0.0053509933675518,-0.250383497128016,-0.5756150990481183,-0.0528439664086025,0.6299342209088372,0.9903725828264084,0.5012328609399646,0.9926329257309104,0.9971702500771796,0.2790691681171893,0.9977979006227105,0.9950976720928316,0.7804871781301301,0.9975126119911156,0.9972890948293712,266.0,14.875233755161322,0.035387131431416,7.71292379875061,9.18095436893776,8.803037124813226,0.9981748930182384,0.9991084891301536,0.9987332839116432,1.0692007779633077,3.183738773697133,0.0118091051228806,1.86689301395577,3.779546099996095,0.1248331369000601,4.217326352041168,0.9840508423855164,3.0854419426166686,0.99550544338473,0.99425926007444,5.1942637357553,1.0071025484899825,0.9975045971959904,0.5260587965498473,0.9990028676556576,1.0031641046507007,0.0247749200264102
5,20270112,loss_weighted,2560,0.03,0.03240428510844,1489.0,14.344992285139783,0.0340717744632003,7.589925431439875,7.923383085885133,9.240770318550908,0.9986176847618724,0.9994467245244436,0.9987742637378206,0.6242051627582345,2.5387819218607497,0.0062089800657643,-0.1598464108475569,-0.5513368223784504,0.0935981062021393,0.5816216745065815,0.9907336593932315,0.4548109389265988,0.9919439329821238,0.9960232454058744,0.2262960394286608,0.996492525388896,0.992358919290594,1.2666223089410948,0.9957092677919598,0.9955964317298232,1489.0,10.629523723821192,0.0233888415212484,5.437574462390296,6.048830550440004,6.843333071924976,0.9986999925250178,0.999579542442785,0.999108732205644,0.4072363573486626,1.5067922969648575,0.004602200576191,-0.1327031486023298,-0.4856241916210069,-0.0626169905543246,0.5073084551262761,0.9914102892090232,0.5378990518799185,0.9938359807388544,0.9973294665783172,0.3209710774679024,0.9980513581195124,0.99417783202249,0.9270748448899157,0.9970463353039712,0.9974307047074408,266.0,14.51853323432868,0.0345385660629572,7.062023846637524,9.491583705894197,8.415786666725406,0.9984681179407644,0.9990667313674272,0.9988421418564688,0.9456209156367872,3.146697464759782,0.0101920662120289,1.6267407063126893,4.04653126796026,0.0259351743035781,4.361349935675987,0.9850426768424536,2.769511412441503,0.9953243962143572,0.9928892740930984,5.798861015342396,1.0072274841437394,0.9974781774770914,0.4314087530171662,0.9987068747157398,1.0031189213224514,0.0228372262290983
5,20270112,loss_weighted,3072,0.03,0.0334156287957475,1489.0,14.110003694973717,0.0335136369552521,7.399466793678386,7.497058843231515,9.387981899351256,0.9986946221776682,0.9995043086742048,0.998746526265362,0.5439824497917363,2.5522926660950978,0.0064974966121351,-0.2775426821737848,-0.3087128517220677,0.208175091106835,0.4644033094239628,0.9900183593438474,0.3845621391865848,0.9910416975279376,0.9958790565385768,0.4971153635732719,0.996909946385197,0.9904210345359336,1.678694609729206,0.9948613573774436,0.9954139885505396,1489.0,10.402909070482158,0.022890206365897,5.314650393134452,5.659246370845512,6.9244450204725965,0.9987643060807004,0.9996323548906906,0.9990963131660918,0.3605290838902729,1.4682550009591822,0.0040634417501886,-0.1707183935695279,-0.3558299525974356,0.0283387005440433,0.3956801827448254,0.9907859140336872,0.5486290297375405,0.9932599931119132,0.9969079026417358,0.578092491693269,0.9982080823435152,0.99232177557804,1.3335356736434676,0.9964479272872612,0.9973251566450372,266.0,14.16849628523592,0.0337058528614521,6.7449566027379015,9.094162110799724,8.517515066873733,0.9986037122837702,0.999148059377928,0.9988141234174736,1.0049456120720763,3.081716787212411,0.0087971119809965,1.545835436553482,3.941484739456125,-0.1063048530199576,4.235116275858977,0.9856840741979296,2.6396020460865373,0.9954835093508034,0.9936188776985184,5.514014826675066,1.0072527797006594,0.9975040373799408,0.2950108171737895,0.9983442590349206,1.003035869134579,0.0228974222915086
5,20270112,loss_weighted,3584,0.03,0.0341683615806918,1489.0,14.817354253097117,0.0351937137516521,8.044699576929554,7.524290832324314,9.91069337883707,0.9984648325580888,0.999502024246137,0.99860521944909,0.5479801153707742,2.41717187662039,0.0063091630733395,-0.4862201282540677,-0.3630123742855612,0.2311309963883268,0.6493146652396689,0.9883856681749988,0.2841847944549442,0.9891418974598648,0.9955585065252373,0.5054976631654142,0.996606779112714,0.9894595642383912,1.8492510930078936,0.9943510268191252,0.9948184672594412,1489.0,10.836138878609834,0.0238434704619986,5.741366345026182,5.649284410103954,7.248738093108126,0.9985621565535686,0.9996355141217156,0.999009657293041,0.3574110082338028,1.5132474091808623,0.0040972607297708,-0.2818465685988833,-0.4620070146335173,0.0146700912381623,0.5413900455110678,0.9895255002664092,0.5359018680161682,0.9919421853628492,0.9965807987482724,0.5707123407260042,0.9978643798561904,0.9918698264573828,1.396692459358576,0.9961913943706676,0.9969229920130016,266.0,14.898606878054068,0.0354427344414515,7.114455285342985,9.231305061763829,9.280949291764747,0.9984144815515644,0.999103175178792,0.9985923958237644,0.966442103992594,3.3325012471138016,0.0086070442901801,1.322221774690728,3.838454003700931,-0.2071752362603496,4.065085624991624,0.9847604599341664,2.4865544416174714,0.993991710925522,0.9940439092727744,5.306241553955744,1.0071640730047149,0.9975479436731756,0.1870809197589551,0.9980807696946784,1.00272790643073,0.0234483659647533
5,20270112,loss_weighted,4096,0.03,0.0364194805089849,1489.0,16.568010890643635,0.0393518183313792,9.180183652016222,8.073091978701147,11.182504142238056,0.9980020820281192,0.9994262160123084,0.998228680085654,0.6226656645421864,2.642675837843006,0.006431300948582,-0.597489707964804,-0.3945799421953505,0.354959215920534,0.7991766556110566,0.9862124992763636,0.317066427453895,0.987056228154076,0.9953022465657616,0.5240403449420796,0.9963889719225018,0.9872829148093424,2.3072287029541485,0.993385776074839,0.994093268846696,1489.0,12.025823561848457,0.0264612120691947,6.485167772976122,6.017693199167526,8.145575477383682,0.9981670957198808,0.9995866310265736,0.9987518672803783,0.3924735225170218,1.6542685393064531,0.0038803780993574,-0.3950767036308507,-0.4987335990122202,0.1216468680886686,0.6477798739165049,0.9878087656723914,0.5566978980562141,0.9903192318486568,0.9962594107427352,0.6310562676928271,0.9976787105290572,0.9902702355825528,1.7755786065648351,0.9957641318817924,0.9965525899994286,266.0,15.175082270915,0.0361004498915584,7.130782619488651,9.577332311199216,9.36534927076918,0.9983452092508912,0.9989667566951256,0.9985695987896278,0.9441509197871144,3.412261479267836,0.0101461320251317,1.270990850537377,3.260357198699737,-0.1378938700614494,3.502051045410881,0.9909894269597666,1.959417436454757,0.998263699282148,0.9937748983249362,4.7944383865437885,1.005629582284293,0.9997470553045912,-0.0972239220645292,0.9994701514083772,1.0028038269920017,0.0249483434733176
6,20270122,naive,2048,0.03,0.0505715813836823,1489.0,15.639891916849036,0.0370839454813363,7.827872642854692,10.47492646112867,8.57942566212409,0.998662522912813,0.999049992904656,0.9988876593723224,0.6584147129072035,2.8239531529262085,0.0072396020557582,0.4336002409171804,0.797208061076408,0.3324403163408172,0.96647111984654,0.9872461726138426,1.2320084814808323,0.9902203143291936,0.9939165989095424,2.0028602192589915,0.9980430507597394,0.9925380889729442,1.4662969256814051,0.996535301022362,0.99643003444248,1489.0,11.31191742242962,0.0250196474360484,5.577164811491073,7.494260736110318,6.378931294231631,0.9987494420456182,0.9993604712655516,0.9992115147595572,0.3821418071799468,1.7412924427588137,0.0039130632161396,0.1554780692262264,0.2169110905985032,0.1221883799905098,0.2935197632863119,0.9885522944875534,1.0248139297709995,0.9929208970350634,0.9952015055590824,1.6563505999729955,0.9989246890232696,0.9946723637107234,1.0068295759610066,0.9978180116390748,0.9981137327727492,266.0,14.66646458798922,0.0348904843145273,7.2969269464027136,9.228771058850054,8.757272714317823,0.9984090520251993,0.9991173471017396,0.9987462649237376,1.0103273892637672,3.189113140169563,0.0105449604754796,1.8766588469936896,3.9699392264032194,0.0096110952808554,4.391168211590986,0.9829359265855812,3.1803896696704044,0.9947430178761076,0.993983324599184,5.452656943726453,1.007465513668104,0.9970756726151024,0.4798017924108819,0.9984421982901398,1.003100907471258,0.032322389680086
6,20270122,naive,2560,0.01,0.0474180207273093,1489.0,13.666536355502515,0.0324048971578994,6.46187873839217,9.618803884333817,7.24547796638094,0.9990544735167524,0.9991919177947952,0.99919622434182,0.5301985755864514,2.3906849090188245,0.0054204967269889,0.2442787752634435,0.5404098425915563,0.1384329606244575,0.6089980316891765,0.9961126496780136,0.4876325887547779,0.9972898237362938,0.996165752659495,1.3003085427342853,0.998844751693176,0.9978275512039728,0.4685421534167631,0.9991048247960368,0.9986995546977424,1489.0,9.975786325023568,0.0220643987600675,4.655625179926395,6.982196991156906,5.393550979015762,0.9991013297479908,0.9994408855145543,0.9994312903488792,0.3164436503607841,1.4145987951544283,0.0030079962612218,0.1220143586054574,0.0950584522311144,0.0774115750007748,0.172962900619112,0.997048565254314,0.3461455665311774,0.9985241232652158,0.9970209633862024,0.9887018761367016,0.9992433904957184,0.9985209900727724,0.3229976172590341,0.9995301348276068,0.99925525986997,266.0,14.00954936455542,0.0333277293532559,6.8789712521232165,9.131301798076848,8.097317789417437,0.9985518342292948,0.9991525145363098,0.9989326228036004,0.898760319035211,3.1293884357723183,0.0090860415848134,1.5526348090091082,4.140029628136531,0.205951694900019,4.426390885656987,0.9847942920357484,2.714382632765208,0.9948713476393783,0.995662493656834,5.2089417890189225,1.0085420748909613,1.0006181629276207,0.1065597939182794,1.0009216563630754,1.0045152397028794,0.0303650892536351
6,20270122,naive,3072,0.01,0.0472141597683854,1489.0,13.266166993046909,0.0314555763001443,6.541140785208814,9.126180474820616,7.065231337789861,0.9990356414543298,0.9992743062653996,0.9992362157876484,0.5193627447569935,2.24351749489458,0.0048393998635168,0.2436227992623426,0.7118947317821112,0.0774624298813504,0.7564037318143446,0.994442206191262,0.591548817225096,0.9958702402027334,0.9966621906496772,1.3734057824229922,0.9994917904277624,0.9971921042812472,0.5041294200804032,0.9985663908647612,0.9986737829742742,1489.0,9.62680367769494,0.0212925205301091,4.648805159115827,6.570038689507589,5.281907918530235,0.9991069767714668,0.9995058377990118,0.9994546262502688,0.2802656688744935,1.2923261868807492,0.0028417440372368,0.0563139717393296,0.257423079888871,-0.0143391884804603,0.2639005831725429,0.9953319381833352,0.4108054051583991,0.997083129777605,0.9971472431083108,1.113185451003062,0.9996494872973224,0.9982873081445022,0.2700491760980128,0.99913102554378,0.9992910337394896,266.0,13.920504608531948,0.0331158981621267,6.54898577381935,8.830966045453227,8.538458443684268,0.998699898217703,0.99917985018349,0.9988138929516628,0.9248528809142834,3.0291459104490155,0.0079282381594125,1.4743767972019546,3.714107068697719,-0.0530000988076776,3.996396785649728,0.9846414847898268,2.6477994134649663,0.9944713523975356,0.9953647472384936,4.856394284794675,1.0073726227781707,1.0010171974520503,-0.2165511367551857,1.000400437171003,1.0036425074787791,0.0300435144664982
6,20270122,naive,3584,0.01,0.0521879806684423,1489.0,13.803665159586794,0.0327300449991773,6.756469546659745,9.55285532437404,7.323540554583439,0.9989749329085358,0.9992038415249428,0.9991797753609156,0.499407623394771,2.202357349006237,0.0049581770978821,0.2348281481708135,0.7289301299627848,-0.0356534031690863,0.7666515236392826,0.99324697581764,0.6575773349579705,0.9948344065962148,0.9968796378861132,1.3473459241835144,0.9996555470725064,0.9966797029284592,0.468874293005598,0.9979578819526654,0.99842063019052,1489.0,9.92565057448827,0.0219535087353713,4.787524442259362,6.843591495542192,5.363152476272795,0.9990557801717684,0.9994631224142042,0.9994380498869192,0.2650336990824818,1.316301700886645,0.0028155786162437,0.0608940855908755,0.1989195666364708,-0.0633938438204765,0.2174761207239204,0.994290565134542,0.4944671248860146,0.9963983920079722,0.9971592758886112,1.0510723765465286,0.9995219008619026,0.9979176403644864,0.2823769667938052,0.9987998736061564,0.9990619657954862,266.0,14.223354057192076,0.0338363556298925,6.537389063190083,8.659372718752184,9.196826028062912,0.9986740648122528,0.9991985096327158,0.9986267007499704,0.8939044633264089,2.8005621020267397,0.007775951312631,1.246564717936983,3.5284206973137606,-0.0317604578242335,3.742283385837935,0.9853910126235303,2.3627218433924213,0.9941625391962308,0.9964662166745089,4.399267601432399,1.0073438050097747,1.001633297710774,-0.2943717486173796,1.000794896189867,1.0037163113331498,0.0330884101957028
6,20270122,naive,4096,0.01,0.0547005399817179,1489.0,14.25121041971918,0.0337912252244255,7.443490184972275,9.480697537474027,7.603145828949217,0.9987586221130876,0.9992149929008226,0.9991155324525528,0.4991389833224889,2.333193047882552,0.0055061337228104,0.0985766345960542,0.655703821922046,-0.0246528257658952,0.6635304188880159,0.9915864198404598,0.6252790532998489,0.9930958806470276,0.9969229587218004,1.2655339815176774,0.999530312439901,0.9967178904339504,0.4740721805430326,0.9980102392066792,0.9981158411957428,1489.0,10.275263506390251,0.0227267810258786,5.274174417332529,6.793426705143141,5.622586410466119,0.9988569548188052,0.999470698713112,0.9993822141185412,0.2795885057528253,1.4472806498489572,0.0028568707190556,-0.0053520376848592,0.2044735498783519,-0.0274712864456468,0.2063801068083205,0.9928079217070528,0.5408125684108,0.9951133111006304,0.9973674489788628,0.9941791537769404,0.9996021880406548,0.9978265706369084,0.3334214334632577,0.9988682826271832,0.9990201744604242,266.0,14.785517278345225,0.0351737022639212,6.602085505306671,9.154908530182706,9.550478415914707,0.9985977675000308,0.9990524050651644,0.9985368558362228,0.961307042334716,3.047168345167718,0.0079501589145983,1.221900409458108,3.1590248791316715,0.034276265965711,3.387278208239665,0.9899413786254444,1.99040007546175,0.9973306729687644,0.9967121933929456,3.9692545795324463,1.0065265355120667,1.0045772491061775,-0.7016809867297411,1.0025787882850257,1.0041942540785542,0.0346812178290307
6,20270122,loss_weighted,2048,0.03,0.0504033439962472,1489.0,15.123519042844324,0.0358595672305504,7.5007262967362225,10.141854636233257,8.342824329820141,0.9987385535432404,0.9991007398129984,0.9989383963107888,0.6523580826690548,2.6335287711091384,0.007029965424628,0.3192772944569896,0.5122157370098374,0.305431248745948,0.6764548763271763,0.992021105246656,0.8187677712196191,0.9939976593208962,0.9960021546604056,1.3045374646241328,0.9986898664551614,0.9952788381055852,1.022823964678821,0.9980671166625684,0.9978106088778268,1489.0,11.50327608815198,0.0254428936613712,5.578135197122381,7.550191099965214,6.648637667739128,0.9987197731747564,0.9993469029002102,0.9991399817269696,0.4860816125083525,1.7880820219279911,0.0050242150413448,0.0729069712183041,-0.0535747211895461,0.1659108633462475,0.1889764318084703,0.992602674512814,0.634657997320474,0.9953081105567126,0.9963164901888514,1.0513946854899814,0.998679839655694,0.9954480499810572,0.921751219201724,0.9983278867303598,0.9982944907070224,266.0,15.059451326073695,0.0358253720332883,7.595256432726446,9.411589281095177,8.973357296323643,0.9982519195486008,0.999087350420233,0.9986838602692611,1.0865414997890912,3.193847389016763,0.0106181575842829,1.937729046707238,4.144018517157039,0.0678811620625943,4.575182092677442,0.9836757457532128,3.184936140926851,0.9954997156676662,0.995109326979026,5.349250153360941,1.0083358333756072,0.9981294385293245,0.3686411270596181,0.999179367005978,1.0039154536770662,0.0330128098352655
6,20270122,loss_weighted,2560,0.03,0.046941184594791,1489.0,13.719903891067696,0.0325314375962793,6.5052912990849565,9.672836121356193,7.235550377377717,0.9990469638509376,0.9991864188384786,0.9992006303561184,0.557205139885058,2.350265668873575,0.0058763228770189,0.2593498159308215,0.5356185900029434,0.1489840210799102,0.6134703248872201,0.9943275770649872,0.6144517847869935,0.9958109002017004,0.9948626025317302,1.5537849500637435,0.9980638338110508,0.9962519960229744,0.7185028837112668,0.9982106773337036,0.9977813871216308,1489.0,10.328027462448444,0.0228434841035804,4.824823936681212,7.187742496041729,5.632546764627264,0.9990381583672768,0.9994120081820204,0.9993839737559582,0.4011365149313741,1.4529642198832862,0.0043258060520314,0.1102587087806358,-0.1375438803277854,0.1582453921240099,0.236890071565017,0.9951674628998232,0.4772403536202034,0.997201855060228,0.9952871284292498,1.276210709799102,0.9981558245927432,0.9959714415235308,0.8271778408037278,0.9985558017006928,0.9981766801202334,266.0,14.049430062704822,0.0334226027199685,6.944282985478483,9.120045924105836,8.123310978082065,0.9985091855785078,0.9991379475731088,0.9989233298379604,0.9449581464444816,3.079655946350492,0.0098132869521583,1.4769563786119542,3.9429953560006994,0.189701446101303,4.214807132054626,0.9850538377132164,2.61887437092102,0.9947763220586928,0.994603289677007,5.272932153002898,1.007641092892587,0.999581028871153,0.2570661085420909,1.000313180028279,1.0038015778459763,0.0307237259232123
6,20270122,loss_weighted,3072,0.03,0.0479235777855062,1489.0,13.53560306732387,0.0320944395827241,6.6183002159535,9.361123932526816,7.195832916871457,0.999023444734173,0.9992392812854592,0.9992118151435148,0.5626444416275176,2.377263727937818,0.0055802020421715,0.2882170292102821,0.6761890153151059,0.0725760324632779,0.7386256973919361,0.9922327716198424,0.7744568815536255,0.994102356572213,0.995202589162385,1.626974380944148,0.998554611125732,0.9952731377654422,0.7908349297702273,0.9974290005071642,0.9975527486271808,1489.0,10.01456133982644,0.022150161161212,4.787804970796651,6.814401511889559,5.561680899289217,0.9990614361987734,0.99947246615885,0.9994005604202,0.3758412200826848,1.3729597888082987,0.0037774126925907,0.028968890146908,-0.0126884999693309,0.1016212287050599,0.1064287026668155,0.9929907802859972,0.5612472620175737,0.9953832792044894,0.9952676703445404,1.4069030742892323,0.9984301398494828,0.9955564589232138,0.8394605403758248,0.9981791940641096,0.9980993643606356,266.0,13.97557825392329,0.0332469144782363,6.563819918885927,8.762189896375263,8.686603699020067,0.998687049077939,0.9991907957088122,0.9987690604735018,0.930953933147117,2.974090116600087,0.0089853732791955,1.3986788860081172,3.623679996368341,-0.0043018842931624,3.884247397946407,0.9845271211038952,2.5808391265606616,0.9941084008646937,0.9942834657088068,5.032432523401525,1.006726611767197,0.9998667379421032,0.01712477957048,0.9999155111049646,1.0030809285611415,0.0310327571217082
6,20270122,loss_weighted,3584,0.03,0.0525958031197307,1489.0,14.087340951490871,0.0334026722562757,6.876874523153471,9.79974487364269,7.42474055357278,0.9989530600405064,0.9991651735934672,0.9991610267587008,0.5350484750363367,2.3118836602180046,0.0054187606070093,0.2718486847585108,0.7139103843744645,-0.0443417856628319,0.7652032006456824,0.990690496121778,0.8546372380989027,0.9927536412214508,0.9952683482054978,1.6516631501354198,0.9986712359338784,0.9950009909592452,0.7152705201474703,0.996950860655929,0.997269345141709,1489.0,10.3401987030471,0.022870404398104,4.944485823407473,7.120365511470507,5.636680241390391,0.9990043226633446,0.9994235275597756,0.9993848221392476,0.3632242680411215,1.432194430067537,0.0038093204157306,0.0558094737132253,-0.0795133593636448,0.0103195469593756,0.0976911701377667,0.9917979775928492,0.6786689803432182,0.9946910247600612,0.9951532022300772,1.3744160532629053,0.9982426466523544,0.9952615909274578,0.7971209803395425,0.9977520441484582,0.9978055717810864,266.0,14.329705176629256,0.0340893574383579,6.519593031688393,8.671082725074648,9.362034048495415,0.998677277411248,0.9991956799677228,0.9985721098671412,0.9083077070877196,2.9004372217196037,0.0087896635138615,1.1528676627915055,3.4928064462789834,-0.0381485435269444,3.678349634068463,0.9851536381500082,2.287160693439773,0.993644646456656,0.9952774828371488,4.656598640681381,1.0067913455172457,1.0003618583276237,-0.0963302711290907,1.0000874996427185,1.0031183771459486,0.0338271185396793
6,20270122,loss_weighted,4096,0.03,0.0554242913448059,1489.0,14.718162628819265,0.0348984215117606,7.650554287569482,9.875402104047495,7.782657871492134,0.9987078873972298,0.9991517306650044,0.9990782625301295,0.5654934006562055,2.428112105804009,0.0060495804586837,0.1594492291330078,0.6373344939926017,-0.0136064276843177,0.6571182913130973,0.9887564618616336,0.8633111547308658,0.9908405463117074,0.995065908099192,1.6152082952468731,0.9983936886373872,0.9946356021479036,0.8015276495886212,0.9968206138755852,0.9967995058005956,1489.0,10.81703857848706,0.0239250766628874,5.473423304176862,7.186747802340859,5.949841759855448,0.9987852498474692,0.9994128081072624,0.9993155065500704,0.3869697524345835,1.589561113467586,0.0038269934564538,-0.0290153133290999,-0.1227541076418896,0.071153894228852,0.1448217387496543,0.9899276754394792,0.7358744656738878,0.9930645795856874,0.9951018537596006,1.3465786816187233,0.9981287246894096,0.9947018104767033,0.9509055255107056,0.9976727343230012,0.9975688342456152,266.0,14.908987566219096,0.0354674293660819,6.649515776619495,9.291573476639291,9.577500327036132,0.9985732532637968,0.9990141693267796,0.9985233254502128,0.9690320070203378,3.1629163933821496,0.0081312911080092,1.184571223869248,3.035995552449944,0.1133770558577517,3.26087907407035,0.989908581647674,1.9555766474239675,0.997168595168014,0.9948909516549,4.295042450494918,1.0055108338470549,1.0038155339743058,-0.5001071212446959,1.0023911765995326,1.0035425373061675,0.0355675584453763
7,20270202,naive,2048,0.01,0.0406511258991299,1489.0,14.030010086999235,0.033335410069577,6.66690301490571,9.157113627210077,8.278940587388279,0.9989508628902776,0.9993069539475686,0.9989733543893288,0.7031653457359461,2.624241529767363,0.0063549007382439,-0.231596528982326,0.6980251224500643,-0.0364058671485606,0.7363432697940053,0.9958070574921052,0.0300704434861458,0.9958820650272636,0.9987805010364882,0.9313500437004336,1.000621907180738,0.9985715891052884,0.1752431881273253,0.9990407479527844,0.9994584147933836,1489.0,10.273234298234064,0.0227275913400201,4.848427928885083,6.649547935097395,6.1494391470817735,0.9989940474535728,0.999515518713759,0.9992607713838664,0.3753245848874466,1.729821427022052,0.0037503554192437,-0.1516437578015838,0.2723765268688095,-0.0474794090086525,0.3153396517235212,0.996295275385403,0.1315606747187416,0.9968697811294652,0.998003780072783,0.8627081914578412,0.999922428669028,0.9986709812338468,0.175925549693602,0.999220229209744,0.999475840536922,266.0,14.880483447266728,0.0353996200784898,7.654827719827396,9.476175590722232,8.546022254706655,0.9982301567611964,0.999058575322156,0.9988075295238328,1.0535369585851249,3.200957474067974,0.0113042416819715,2.0285023884209945,4.0269358114300005,0.1183054099799294,4.510546545512815,0.983877529723198,3.260292766197665,0.995981258612598,0.9953238176141074,5.179309508049471,1.0081301303446963,0.9992428345821348,0.2400469555768438,0.999926513412016,1.004094217089343,0.0272519055426805
7,20270202,naive,2560,0.01,0.0393252161826383,1489.0,12.76648001257133,0.0303332530572076,6.043197648540345,7.948318056423188,7.955313580619993,0.9991368382975748,0.9994767649122984,0.9990527944392344,0.5613683478119232,2.247365491953188,0.0054620706329026,-0.0282802974871857,0.4380584085504251,0.0943949982124477,0.4490048554472689,0.9964806869387344,0.1913478019146524,0.996957983756328,0.998132811261348,0.795304850278427,0.9997052374911636,0.9993477271242552,0.1910429154501685,0.9998591848019692,0.9993653135944716,1489.0,9.272834377456888,0.0205143953867339,4.3554224351137245,5.791763261360013,5.785432665567434,0.999187002343644,0.9996325254407706,0.9993457900847592,0.3077130059156643,1.5492493299941958,0.0030261895208446,-0.0036206552178109,0.1721578407291004,0.0181643814437769,0.1731513096166113,0.9972306194831512,0.2080822159259412,0.99813928332622,0.9980443900884536,0.7504801180642744,0.9997134453255446,0.9991573390079104,0.1598137312740277,0.9996562851165096,0.9995635117068375,266.0,14.36591645380333,0.0341755015115033,7.0320267340527804,9.546854249211805,8.110963537923881,0.9985135583146828,0.9990653130158538,0.9989292011134432,0.9350675734196788,3.2137844853481496,0.0087383225501164,1.8285658277984265,4.254521674234532,0.3143735408243491,4.641490965874434,0.9845295358246182,3.010541578648059,0.9957060717038548,0.9954117757574188,5.385219430441339,1.0087272194554433,1.0003340790901525,0.2606583237435131,1.0010764612517902,1.0047663461647824,0.026107367422776
7,20270202,naive,3072,0.01,0.0397684477344463,1489.0,12.121534458184252,0.0288008575425411,6.218517827125947,7.355332099658536,7.359396942576039,0.9990873834429068,0.9995527396564254,0.9991899342588354,0.520385180718048,2.1748000234409344,0.0050295009219511,0.0334909634252184,0.4259021572822243,0.2898130378960333,0.5162420838553649,0.9956974881954316,0.3019957749725961,0.996450784658097,0.9977316568966998,0.8599008664096459,0.9994317982662768,0.998517717589968,0.5094442888874937,0.9998815953988116,0.999151296082276,1489.0,8.797548387620859,0.0194629148662822,4.443383491030479,5.323917975718523,5.413787784166405,0.9991553769374188,0.9996900388809548,0.9994274374871476,0.2795880628253444,1.394260279907217,0.0027503639777519,0.0031069393588223,0.2037505323776957,0.1271792810876077,0.2402051249543493,0.9961968777133096,0.293833295850689,0.9974800036673525,0.9979778269001004,0.8017571928036773,0.999760921494233,0.9985157004619988,0.3766865758180984,0.9996917339584184,0.9995472651476852,266.0,14.053003475403168,0.0334311036166197,6.880305781130389,9.127815691610529,8.17504004502889,0.9985974079588557,0.9991389804642372,0.9989118467959512,0.950360195143216,2.955096763839937,0.0087429456553585,1.7339641288982743,3.9457923027915234,0.1238151007658331,4.311755869277902,0.9829391603813074,3.037447882832353,0.9942155850234912,0.9939632244783484,5.433463387763567,1.0073979557385215,1.0007018705135755,0.0109641977591081,1.0007330976952598,1.0037332889329775,0.0261893687258922
7,20270202,naive,3584,0.01,0.0417563002625288,1489.0,12.276767434932903,0.0291696922692554,6.304582551287584,7.567681471483631,7.328127636142291,0.999060561752995,0.9995251168054246,0.9991979933620608,0.529303772818021,2.2676764850934368,0.0050133766704064,0.170182171716583,0.3294553930373453,0.403885006381269,0.5482936493806598,0.9966191964336442,0.381166374827707,0.9975699755691166,0.998308335708785,0.6531190035362044,0.9995996411144944,0.9983926209744958,0.6420519466348082,1.0001115143279815,0.9994729038688566,1489.0,8.896042408464597,0.0196808142921287,4.506729364656191,5.50479157720238,5.340995287257601,0.9991299316862092,0.9996677113194148,0.9994434024278832,0.2818262740547461,1.4496188581178873,0.0028018539695447,0.0818456375889391,0.1238921803030479,0.2108551865509523,0.2578912375944941,0.9969676751024512,0.3136490619093308,0.9983373335362644,0.9983704866220257,0.6057796375787916,0.9997177304094184,0.9983187696684224,0.493466088940437,0.9998593943872108,0.999636792429701,266.0,14.354041079583167,0.0341472508342203,6.913704944083109,9.31869191434266,8.449920725432083,0.9985298683261626,0.9990825932571596,0.9988386304419414,0.9636621173860096,3.1124010846888632,0.008381171458331,1.4473631096120685,3.899399359619893,0.3573107867485726,4.1746672125089,0.9843502456850312,2.6430370013161597,0.994162432995404,0.995768627006397,4.942156578227241,1.00798855759868,1.0004486537875952,0.2851735704270481,1.0012608579352131,1.0042288370391876,0.0274851428743878
7,20270202,naive,4096,0.01,0.0436462856494587,1489.0,12.804200319760133,0.0304228767923505,6.489543767316157,7.976653963139872,7.629309213353348,0.9990045683232178,0.9994721432101256,0.9991310997728092,0.5584104201099879,2.4868711057525537,0.0051427392115867,0.243803124415502,0.3526321246305537,0.4451956283707692,0.618052203552955,0.9989918420534356,0.3067187587584001,0.9997569194987308,0.9987013791190168,0.6010953245638291,0.9998898266113624,0.9978304623732897,0.7666581646611519,0.999882949918166,0.999868906066319,1489.0,9.280609010118742,0.0205315952936793,4.6335211523118485,5.785962688385073,5.584158047404423,0.9990803030501506,0.9996326411057552,0.9993920621821296,0.2956353450329485,1.466402948274894,0.0028026881799618,0.1448436587346204,0.1351795600353059,0.2624516776473674,0.3288374705335262,0.9989716647190964,0.2234538497651499,0.9999474541827594,0.9985607317544196,0.5608068206488497,0.9998079567487532,0.9980227917864386,0.5948157725314616,0.9998798350622086,0.9998388499978876,266.0,14.759274953695472,0.0351112736253713,7.273952926035635,9.794060304364075,8.306755608724744,0.9983255090325852,0.998941354175456,0.9988826446849745,0.9637798817820538,3.167443442782453,0.0075680175831222,1.533140238547782,3.646773534793318,0.4686297306574793,3.983602644539162,0.987540445405508,2.4850762134561397,0.9967662085237844,0.9954649303050528,4.764372164940795,1.0072452728032797,1.0015333811693043,0.2220836138702111,1.0021658985236763,1.004401997896602,0.0288239984296981
7,20270202,loss_weighted,2048,0.01,0.0409031277736334,1489.0,14.028095038740751,0.0333308599004322,6.676065382302771,9.037091478543966,8.39932015317844,0.998946658630224,0.999323590081854,0.9989447759317148,0.7219469287236756,2.5577755532420787,0.0068051101180186,-0.2947286973189378,0.5151428380825668,-0.0457224624288474,0.5952543088644021,0.9983588852000344,-0.1923124251254506,0.9978791822320482,0.9994649206301288,0.6175187773604307,1.0006858395300766,0.9997318245691628,-0.0059866435583444,0.9997157972027227,0.9999863352417064,1489.0,10.926069130688957,0.0241718651542672,5.188878625075804,6.921781489357435,6.67408917204544,0.9988469017063688,0.9994739337622672,0.9991292284823652,0.5059296458416328,1.7590474245949776,0.0051386904046718,-0.1954152118241849,0.0694509825587261,-0.0411235956300076,0.211427751509124,0.9984834976815652,-0.0794875186251005,0.998136387603808,0.9981606971773744,0.6133783736040073,0.9995248404266625,0.9986173309237109,0.1912998552301701,0.9992145782164296,0.9993241203669924,266.0,15.28299397150787,0.0363571642124707,7.941749544690856,9.714188955026902,8.725425596988488,0.9980760563140576,0.9990255266080464,0.9987577743108912,1.1400385934007622,3.197272728566327,0.010429477722992,2.0363807873714057,4.284970770715908,0.1771736715536127,4.747547969947945,0.9838221734170832,3.2724005024673914,0.9959708518762868,0.9960507993165654,5.258190935094319,1.0090521535332444,0.9995017096666378,0.2572917460300914,1.000234503462923,1.0047114657186724,0.0285149995531113
7,20270202,loss_weighted,2560,0.03,0.0396117006189217,1489.0,12.719900356390037,0.0302225794418592,6.121576011980743,7.896762594565528,7.871677885375139,0.999120403977696,0.9994851646076274,0.999072102889332,0.5983161879974078,2.285078984298108,0.0062039518323503,0.0373165655287751,0.4004944067603404,0.1372851682362186,0.4250123684398222,0.9943092085976788,0.3924590828400056,0.9952881561967676,0.99687142529869,0.9990799469292426,0.9988467427051968,0.9977160512032694,0.4757001207657936,0.998989589551876,0.9983887570742426,1489.0,9.59025241673587,0.0212166228714048,4.536268014214671,5.973367466040909,5.9761270933243305,0.9991233305956744,0.9996115124080672,0.9993034667626296,0.4128940159204639,1.5651696123026906,0.0043810096241472,0.0126116518149884,-0.045985534255183,0.0501471330169143,0.0691986854792286,0.9947935794668392,0.410611915247884,0.9965866601453528,0.9965735583917584,0.9672980977894668,0.9987248131912964,0.9968186426283354,0.5849258963680768,0.9986448092379584,0.9985205382671476,266.0,14.324791482970763,0.0340776681078796,7.049992347335928,9.399518678281236,8.194285054215458,0.9985012017618424,0.9990812497666736,0.9989046019752468,0.9220890919852944,3.244040194907877,0.0095662657588965,1.8025558849830536,4.027041210633881,0.3257763664685852,4.424070396318316,0.9845493334386743,2.983019056799904,0.9956236928672996,0.9941738343686914,5.462810706264207,1.0076811295368413,0.998880977434038,0.5056994500163512,1.0003212623459123,1.0039254338590269,0.026956052521257
7,20270202,loss_weighted,3072,0.03,0.040493116347287,1489.0,12.260502950218084,0.0291310477305718,6.337561825703901,7.468428920205885,7.3741312818202145,0.9990625255614832,0.9995412382553104,0.999188369042587,0.5382682054384865,2.175706761778791,0.0053361280926325,0.0888990187122143,0.3776680185593673,0.3087574293526509,0.4958500962498752,0.9929422866988046,0.5293463820130597,0.994262685161768,0.9963622898869294,1.0736656791229109,0.9984850734652196,0.996631602110994,0.8078562766387734,0.998794384720352,0.9979853435966312,1489.0,9.17948681355214,0.0203078815252348,4.616542394840844,5.554752502387806,5.665266023235914,0.999098828246915,0.999665534619599,0.9993764709177746,0.3650807995651396,1.47857236244881,0.0037894139983034,-0.0205898726888686,-0.0418216073306174,0.1249593318118982,0.1333710024853089,0.993107025209584,0.5063375556563017,0.995318125409404,0.9963292004587192,1.0437247165145322,0.998650426780708,0.996078941380264,0.7840801518638614,0.9985268770956984,0.9983323646660373,266.0,14.14558284794502,0.0336513434110256,6.97638462438756,9.1699617898623,8.206057058852966,0.9985535127466366,0.999130531026272,0.9989005988161426,0.9345312096371255,2.938831562739125,0.0085692790324502,1.7305322792540776,3.900187479899894,0.1375978644107317,4.269090947754404,0.9827321071591776,3.049835331492204,0.9940545197941472,0.9927198427238716,5.694270999305189,1.0067994444693344,0.9993204513342716,0.246859728360306,1.0000235336534145,1.0031502459441477,0.0272256896801097
7,20270202,loss_weighted,3584,0.03,0.0426464592206329,1489.0,12.530214848942862,0.0297718852416557,6.533267103817185,7.74795349405885,7.3683052165847265,0.9989988525822504,0.9995043758107754,0.99919090351772,0.5688886706006632,2.300828055129384,0.0057346537732961,0.2495054378926949,0.3525306767128894,0.4054776683978404,0.5924044067451071,0.993957089476374,0.6266224860367942,0.9955201328739218,0.996837790862293,0.9575514435268246,0.998731000749888,0.996519432741678,0.9211967620952066,0.9989856490656336,0.9983570595537312,1489.0,9.389179496251428,0.020771786996582,4.76593301701063,5.82339132194905,5.615219283487037,0.9990342559384348,0.9996316197817764,0.999389204801456,0.3690681740907242,1.5298466301903573,0.0040664939566868,0.067177646349873,-0.150695585236545,0.177554985831764,0.2423793897438711,0.9939762941038994,0.5276545744467427,0.9962804825291144,0.9964530337579554,0.8982301655580613,0.9984506826307928,0.9956301536343016,0.9121159805495722,0.9984778233273784,0.9982718968089632,266.0,14.436792127699045,0.0343441097383533,6.933463266245683,9.365009191941343,8.523183496139746,0.9985247500508512,0.9990697763493976,0.9988152496715206,0.9588689819467576,3.1250785134119776,0.0089205476525339,1.4422647314165105,3.845254676911785,0.3739639553023346,4.123828333680399,0.9839790710343058,2.6662971411013103,0.9938776108430823,0.9945184716810456,5.196093572993988,1.0073662845352005,0.9987357853411556,0.5772318844794597,1.0003798021061363,1.00356318801262,0.0286479383663261
7,20270202,loss_weighted,4096,0.01,0.044979977698089,1489.0,13.387139097178698,0.0318079437360096,6.801947815728624,8.409436491525096,7.888623264823921,0.9989222638572156,0.9994130945008464,0.99907079536396,0.6214109684483087,2.4052261372686323,0.0057997287344667,0.1151312136595571,0.1315159546360774,0.4109673976534866,0.4465936011819251,1.003779076376769,-0.120707811648927,1.003477983530224,1.000121346974361,0.1082988186778663,1.0003354685191843,0.999178898946208,0.532630753039939,1.000604851263713,1.000863488817984,1489.0,9.930699118031198,0.0219697969230691,4.967333133983723,6.236037121950528,5.920829969062446,0.9989554098199352,0.9995728203958538,0.9993158725753828,0.3852630580103801,1.5846280776318131,0.0036014799885879,0.1095351357298906,-0.0402907068416508,0.2445477787655758,0.270970299325115,1.003074124469901,-0.1254636203354948,1.0025262436483129,0.999521634523326,0.101173810307273,0.9997466433861664,0.9984159729425178,0.5108190372101546,1.000010774395326,1.0000543973657643,266.0,15.340111223713986,0.0364930421249854,7.666435178930389,10.30099811528277,8.392509864880415,0.9981339922784328,0.9988198907396422,0.9988630500067076,0.9523893954506628,3.35127872704039,0.0083928300126728,1.6730564920681608,3.734088191792257,0.6368807091262922,4.1410324422046,0.9880227288550326,2.5881450048763384,0.9976311314470528,0.9947659364111676,5.023943186413703,1.0071880918135303,1.0016969854988886,0.3640293181149161,1.002733779061436,1.004651912262255,0.0301155646268378
8,20270212,naive,2048,0.01,0.0362702594668377,1489.0,13.962530390901744,0.0335217892809691,7.419819151843362,8.456883415485565,8.269199572369665,0.9986133967689016,0.9993702636243044,0.9989076711892652,0.683777192533231,2.813736077911231,0.0069454556101594,0.1030521790545129,-0.4977953758208838,0.1326075374727835,0.5253615391243768,0.995809083452472,0.3869786494169034,0.996881913934116,0.9977148149523676,-0.0585792437796328,0.997594397517469,0.9940914914815472,1.0563346507695996,0.9970642746211134,0.9973242902757298,1489.0,10.30947473354139,0.0229366221542706,5.363740701634849,6.285033696364528,6.165541857997268,0.9986849185939648,0.9995491178874104,0.9992194900831252,0.3702945517850077,1.7975561193165202,0.0035713152266615,0.1029237579740326,-0.3459968606582411,0.079557091754614,0.369643691126073,0.996272283198173,0.3993467392078429,0.9981121458769696,0.9989438504924514,-0.0332221873778735,0.9988689656316824,0.9961887713559892,0.7297894793443334,0.9985210089701002,0.9987123617731009,266.0,14.97283926848082,0.0356193280600619,7.675803053457298,9.294171315403815,8.881798399210702,0.9981934997087144,0.999047753561914,0.9987107450760778,1.0291953624997576,3.197613031447693,0.0100145215124493,1.9216092775026323,3.451935359766342,0.0133510027338078,3.950774378860855,0.9847392765812132,3.0875603968059977,0.9962017422714255,0.9951151658594352,4.655728093111833,1.0066268760316726,0.9984225302100416,0.2669859493791762,0.9991829341111352,1.0030344301222034,0.0246373036552721
8,20270212,naive,2560,0.01,0.0348501837200923,1489.0,12.22895147991291,0.0293597452009098,6.093116077582881,7.344043582689682,7.6476280387267614,0.9990660044873196,0.9995244877840076,0.9990633846070408,0.5721026191835332,2.327479349540008,0.005157498906851,0.2110846746472801,-0.2290895298085629,0.1179083535315211,0.3330782676359577,0.9970361939923847,0.4118767851648215,0.998178050191615,0.9976758635995508,0.2176131130252088,0.9981231963266404,0.9954600754446978,0.8276731598202218,0.9977893494231592,0.9980240229126884,1489.0,9.01385421748853,0.0200541127151289,4.403628948878881,5.462883626702042,5.658137716231591,0.9991142576781684,0.9996587253116936,0.9993417954392902,0.3308416125345863,1.508334650248602,0.0029962736479236,0.1292324816217351,-0.1619567153178355,0.0734962070020734,0.2198470022227871,0.9972749070735384,0.3459281729373913,0.9988686607528456,0.998898896245495,0.1641309877976482,0.9992688576218874,0.9971230320576882,0.5643347026373817,0.9989265146477928,0.9991442041112112,266.0,14.223430026463376,0.0338365363554282,6.837178684952628,9.433234654575228,8.159229945249145,0.9985606748114108,0.9990692928488992,0.998913155626488,0.9801993285398858,3.074347262258729,0.0105547603300733,1.5932249276544197,4.037439962818618,0.0931669291627496,4.341424558846307,0.9860883620154322,2.656103104155676,0.9959490567997502,0.9956502536475282,5.109368486966275,1.0082836308570218,0.9994653013012004,0.179138956522479,0.999975507780958,1.0041927007551714,0.0234969934102975
8,20270212,naive,3072,0.01,0.0366349995134185,1489.0,11.917151568168103,0.0286111637728511,6.041857076977146,7.143462231329822,7.381423433839647,0.9990816244699916,0.9995505382617482,0.9991272047471748,0.538158428855695,2.3306116924633824,0.0048871949601684,0.2567205018797178,-0.2573170168668847,0.1200179562449386,0.3827816258336584,0.99816939518319,0.380740428874418,0.9992249312917224,0.9975713225533044,0.2094785781850987,0.9980019336609884,0.9957997456121104,0.776679252191343,0.9979855103071178,0.998168942753687,1489.0,8.732097588425217,0.0194272577581775,4.360743623983979,5.272201511269581,5.425618357775573,0.9991312694344318,0.9996824582270794,0.99939492842483,0.2939485798669756,1.41534507217655,0.0028043026722008,0.1501841211839876,-0.212807693030316,0.0678005481585828,0.2691454974531364,0.998318996742714,0.2838552189305261,0.9996267690924469,0.9987934769635944,0.1444995308236798,0.9991191878243458,0.997203497196172,0.5449109146258024,0.9989449058727834,0.9991164974780804,266.0,13.736457612691536,0.032678063346314,6.630433794815718,8.736094245720826,8.270929377507732,0.9986677274968606,0.999199690900594,0.9988888924376932,0.96844073120701,3.042274319605622,0.0092663752295477,1.6075771552547553,3.695926340919882,-0.2006774759534078,4.035399271070638,0.9853552392242882,2.7264674430736733,0.99547715928585,0.9953538049861264,4.840910107914397,1.0073233944934288,1.0014019689883813,-0.426094363065971,1.0001884076880108,1.0036641436757976,0.024346693523244
8,20270212,naive,3584,0.01,0.0377410172089625,1489.0,12.18671005001093,0.0292583303232009,6.509664986004355,7.403453556684143,7.16442873138168,0.998932264976682,0.9995175820224252,0.999180239212276,0.5136232721410137,2.5235451615571387,0.0048944587780471,0.1210679349363999,-0.2322601500146916,0.2148756310151135,0.3387827607165906,0.9978340623409409,0.2678060118194594,0.998576507571654,0.9971526664569316,0.315001800046474,0.9978001945966376,0.9952746641742296,0.9536273495012324,0.9979584039379126,0.9979602034994556,1489.0,8.912150482571711,0.019827841231881,4.658960417543011,5.439466021937919,5.304028982571028,0.9990073621049964,0.9996619201033295,0.9994224793409494,0.2736959696136602,1.4955765251254434,0.0027290602136502,0.0662918696119707,-0.157743815907141,0.1064878929645587,0.2015375765995707,0.9978452520638432,0.2376345013081078,0.9989400772050688,0.9984589039077152,0.2986459502318439,0.9991320703114782,0.9969550973399032,0.6259776721370542,0.9989555765381828,0.9990690295971834,266.0,14.55783868178865,0.0346320709488723,6.928284605263497,9.053394962408516,9.053484366148025,0.9985005643659888,0.9991202645694062,0.9986657304170145,0.9604922361426054,3.235414583206826,0.0076267128068881,1.431983840134505,3.6614950211722137,-0.090418342159931,3.93259443434919,0.9860546890006596,2.497434705242128,0.9953263326102868,0.9968104610665448,4.447508154951208,1.007807328547747,1.000712855982966,-0.2050355540750956,1.000128893285513,1.0039005230316762,0.0252396005274888
8,20270212,naive,4096,0.01,0.0399308092481483,1489.0,13.210173081636734,0.0317155004150474,7.662496859803931,8.066339553533687,7.122428021917286,0.9985199548982492,0.999428370317243,0.999189798172502,0.5391449877095713,2.418758105930795,0.0053576534740216,0.0768807659232335,-0.2487157369385092,0.1342985044577097,0.2929270528124472,0.9968061790770232,0.2932559409825614,0.9976191797758558,0.9963305979927832,0.4565490547176125,0.9972690953602342,0.995179569538968,0.8879171716240251,0.9976783848483132,0.99744946443709,1489.0,9.64633260567306,0.0214612569378441,5.43699830336061,5.9215957581492855,5.331555670307998,0.9986476880934588,0.999599921170606,0.9994169814457676,0.2773247932499917,1.5732296813911728,0.0028594563096002,0.0399551641596546,-0.2037323561749697,0.0756522783004335,0.2209673172839728,0.9971533338461552,0.2663181935309922,0.9983803099470098,0.9978534479828712,0.4319608870998195,0.9988271144823148,0.9966271047062244,0.6511007661281383,0.9987078714757112,0.998757433258811,266.0,15.46807538511708,0.0367974598351616,7.223793994570887,9.724190557859806,9.618642026715444,0.9983170554276908,0.9989263776603692,0.9985105535936878,1.017479448505213,3.5376758608458885,0.0089655558252951,1.3716637654135375,3.293706331703085,-0.0256792537469185,3.567999763021634,0.9896527005739186,2.1622190370433856,0.9976798671201902,0.995893253481974,4.305751259705488,1.006539614176622,1.00384135998789,-0.6433158904521861,1.0020091290638555,1.004060301310562,0.0266579438893125
8,20270212,loss_weighted,2048,0.03,0.036264467876971,1489.0,13.837145992070186,0.0332207615102799,7.356088366058806,8.336317984569884,8.237740929207165,0.9986398052405404,0.999390224062022,0.9989202291161432,0.7091504717229556,2.8725618311706502,0.0072657085519267,0.0742246199808742,-0.5249824345663746,0.1180944279541296,0.543196230406983,0.9945325687280652,0.4446324878982324,0.995765234372191,0.9966232600898514,0.1240322453526232,0.9968782248839728,0.9931117212821602,1.1949973038223902,0.9964747349199709,0.9965922520757722,1489.0,10.75249551800083,0.0239222592116635,5.597956277295182,6.50013650844696,6.48284434131149,0.9985697349394832,0.9995216859680062,0.9991403815273368,0.4837921380609234,1.8380516156270963,0.005105303721739,0.056901618077714,-0.6077667303750912,0.0716939091550757,0.6146203782015587,0.9945784366548844,0.4880169777314762,0.9968268191651016,0.9974856635104392,0.1368444903075669,0.9977941194374108,0.9947715175978532,0.963723465335363,0.9978513538781404,0.9977266054126492,266.0,15.160895887031115,0.036066701485362,7.806701584445065,9.38334192355421,8.992278288314361,0.9981206980897904,0.999036180898482,0.9986780466539056,1.066487015057212,3.1075969976827307,0.0103187433924637,1.832874299103135,3.5508890309064576,0.0641689653901441,3.9965433517283215,0.9839810910805366,3.056752373039941,0.995329183003108,0.994796367813068,4.833244671523403,1.00674700383333,0.9970558963659844,0.5375394051192757,0.9985868647993216,1.002810125133957,0.025635716687745
8,20270212,loss_weighted,2560,0.03,0.0352259267827331,1489.0,12.116964363911242,0.0290908821510405,6.109276512472031,7.231130274177318,7.563618237875886,0.9990626059739554,0.9995416619704334,0.9990883752997038,0.6076181140068528,2.3120227636685806,0.0060355526409857,0.1570944090592317,-0.2798455173727325,0.0901571475570803,0.3333473836809144,0.9958149458879464,0.4406237107848767,0.997036497900124,0.996502933965341,0.3922960314384625,0.9973093506887184,0.9941594849453532,1.0032542675402851,0.9969828869506444,0.9971663815881816,1489.0,9.30110163801024,0.0206931836396504,4.578352371175614,5.6347589982889446,5.813662552741525,0.9990442002919422,0.9996391145130512,0.9993092004011098,0.4232800655316537,1.5642721623958369,0.0043165145433518,0.0503219432512337,-0.3502974740750829,-0.0131104168840413,0.354136275107249,0.9956999652059956,0.3922548745359222,0.9975071543811626,0.9977213838688684,0.3245060559669355,0.9984528405470016,0.9953051288614412,0.7878799080203294,0.9978230099886648,0.9982056164441604,266.0,14.245222117537306,0.0338883782023323,6.966420663506932,9.341752802269877,8.193106303369964,0.9984925592072414,0.9990743013618976,0.9989029812100744,0.9679306337933268,3.0746576452810954,0.01038856777591,1.566109495129459,3.813637057092554,0.0814156880110124,4.123488216088233,0.9863772896567812,2.6069129968211517,0.9960553677971612,0.9940023440191038,5.291667728994611,1.0070864726463946,0.998535037103856,0.3169611091444153,0.99943777548559,1.0033580336916208,0.0244309608120296
8,20270212,loss_weighted,3072,0.03,0.0368937096403684,1489.0,11.87442973744248,0.0285085955300479,6.038325767389453,7.197988619934771,7.261519355040534,0.9990835375717292,0.999546296465249,0.9991617746534752,0.5779048301079526,2.3058786274347,0.0055230168345625,0.1939250141399037,-0.2648264001412014,0.0421120211834235,0.3309280218553012,0.9964090780592196,0.4372030132196016,0.9976211467869268,0.9963336243787198,0.4398567154154307,0.9972378084202972,0.9939585818275136,0.986618024900082,0.996735165391707,0.9971308547676946,1489.0,8.998910444688141,0.0200208656604398,4.483153817926026,5.447599467624723,5.586177680370311,0.9990827639335504,0.9996642039675274,0.9993655531962669,0.3559859063568183,1.4689004349247248,0.003810276130978,0.0684243604899938,-0.3953370220195666,-0.0150374447700776,0.4014964244336144,0.9962443151948472,0.3670713193931618,0.9979354791751712,0.9972474358984592,0.419824402938957,0.99819374601356,0.9946340660019554,0.9004426801708121,0.9975116715957384,0.997991443962532,266.0,13.783203834407658,0.0327892693091256,6.707304452397096,8.618858290511879,8.408570430920983,0.9986388504236358,0.999232064591106,0.9988468864818094,0.97362435266462,2.9894994623383595,0.0092507420386927,1.6312306310749047,3.7225637489647454,-0.084127013823747,4.0651533293737385,0.9850233583786976,2.775477308153554,0.9953272259407976,0.994386081792327,5.106028110195126,1.0070111996171474,1.000004303448197,-0.0848189477426331,0.9997627302159716,1.0033345906536433,0.0251083236399607
8,20270212,loss_weighted,3584,0.01,0.0382114228380961,1489.0,12.939544059133787,0.0310657636687933,6.968957327785655,7.728971112039878,7.68950191956671,0.9987778848912862,0.9994730981193548,0.9990518354546628,0.5643917002808961,2.6363681336668217,0.0057129778539043,0.0535974073364235,-0.3198834779081726,0.2617694110388952,0.4167989276227387,0.999579192922978,0.0821062709053705,0.9998068181686968,0.9980179039906372,0.0610784680264941,0.9981434589137248,0.9963914989634584,0.8259169002746489,0.9987158303995524,0.9985610320669508,1489.0,9.658604272390209,0.021488559064283,5.114878797621057,5.811832785561738,5.774881041973986,0.9988043101192684,0.999613928906834,0.99931410175574,0.3556813768748645,1.6641232443518694,0.0038164839816292,-0.0012543502272219,-0.2247296097337659,0.0957117182393215,0.2442656420659822,0.9990984644493168,0.0704345332981546,0.9994229690874936,0.998869129957464,0.1101732667516444,0.9991174673004364,0.99724732614032,0.5653444438561053,0.999054035628753,0.9991268050766746,266.0,15.098619508757718,0.0359185503759875,7.138234523469693,9.358632134327491,9.45673958256848,0.9983825694282766,0.9990464402230984,0.9985450677077587,0.9920484955799864,3.1915068150720103,0.0078192702611753,1.347347263412775,3.647748741125476,-0.0531163771784787,3.888989184368215,0.9867396033654964,2.3604692415866992,0.995502767228616,0.9968881256046483,4.414622636208236,1.0078036806567177,1.0009023179090506,-0.1981964010090564,1.0003378338346625,1.0039857685106737,0.0260290511233318
8,20270212,loss_weighted,4096,0.01,0.0411054951679333,1489.0,14.073728003796212,0.0337887568608874,8.334994927138222,8.505620677843508,7.500139756968456,0.9982511337036928,0.99936255984055,0.9990974822091448,0.5781130117482578,2.7239119228134143,0.0055997540305351,0.0256734148475642,-0.3805349419428251,0.2318066743070229,0.4463186087568461,0.998866340655038,0.1024766374262355,0.9991504391717206,0.9972792925157844,0.1423892820148466,0.9975719926428428,0.99672404591778,0.7439642853541102,0.9988177427233602,0.9981932254839035,1489.0,10.38719160329295,0.0231095274207925,5.984766745006336,6.319335121846178,5.669419725967292,0.998363377044578,0.9995438931570568,0.9993392211621523,0.3579967163613989,1.6768857252428817,0.0036843935076458,-0.0282823074707521,-0.2802797205380761,0.1070436142540013,0.301355182489586,0.9988223460075886,0.0653631398232619,0.9991234858184918,0.9984407432362292,0.1814882596227107,0.9988498289745776,0.9971603084203582,0.5915224026757926,0.9990506765828993,0.9989262818583292,266.0,16.09790254563314,0.0382957742062231,7.554962527677238,10.322610926163328,9.772855838553442,0.9981490037293264,0.9987636927072348,0.9984661888567148,0.9754468911289352,3.542647127723306,0.0090660169185219,1.4454817538579212,3.195375174421073,0.0134689508925805,3.50713863693479,0.990716269572938,2.154778134225978,0.998715812013998,0.9957014893916992,4.254677432303453,1.0062215654136428,1.0043909671217777,-0.69253677976738,1.002418549958214,1.0041323673575964,0.0279270205585654
9,20270222,naive,2048,0.01,0.0371626956027427,1489.0,12.499447073339256,0.0296831452427956,6.840615756828883,7.772584474028142,7.002077106168601,0.9989023704655048,0.9994923523593132,0.9992535293666832,0.7223408157379763,2.5529014892192805,0.0061617049106307,0.0654726163287696,0.330212570172536,0.3002545140743119,0.4510873288077237,0.9947364686085444,0.4102906523132361,0.9957894532751402,0.9971327436445372,0.8884862553750281,0.9989139669495029,0.9986860207901674,0.494630035122185,1.0000243009264014,0.9988065403472944,1489.0,9.200869964078416,0.020259723664499,4.890244804831209,5.73290698463077,5.279705612084204,0.998941177205121,0.999623272801688,0.9994505886648026,0.3762043467551558,1.7010572313883725,0.0034624079867809,-0.002133861974507,0.0577583977876415,0.1210382723280803,0.1341299714832155,0.9957442019281728,0.3319840869045549,0.9972388380224726,0.9977390461679944,0.7415751667990094,0.9994008361157712,0.9986293178328828,0.3523679426484136,0.9997337979576044,0.9993049641773778,266.0,14.913425954838903,0.0354779879794132,7.612796507625667,9.063001245885673,9.072905348399695,0.9982510285550844,0.9991215317116016,0.9986550152026852,1.0086544193646083,3.302341114372961,0.0107797872479459,1.980641742976131,3.6549196834820807,0.024658199633026,4.157161006448201,0.9834847342250046,3.2424425166041573,0.9955221946541216,0.9950391410126188,4.877447578660679,1.0070990727317612,0.9986522894110348,0.2413510995551746,0.9993396825793334,1.0032717036489602,0.0249015228651691
9,20270222,naive,2560,0.01,0.033998866550508,1489.0,12.340439225856525,0.0293055402972423,6.702480228497409,6.835037516118148,7.787519581157864,0.9989430334428456,0.999610294062528,0.9990769123960952,0.5914122258380655,2.272336786713318,0.005740533374492,0.0279919267431007,0.5190874275948979,0.3407491413089062,0.6215667966941578,0.9962324778415008,0.2748052341227378,0.9969377478645928,0.9969406618086708,1.1147607105575048,0.9991755165912772,0.9988943795127748,0.5043023822410362,1.0002588293295795,0.9991874079074377,1489.0,8.954005429715314,0.019716143843429,4.735032423928035,5.105034685041643,5.629591640984565,0.999006049878976,0.99970297879509,0.9993754520645288,0.3189636514301872,1.4339069118060417,0.0031560558743079,-0.0006327120970405,0.320149488767203,0.1550189674474026,0.3557063054697767,0.9967140608310084,0.2573426985674842,0.9978726515618768,0.9977049726344456,1.0142716666243246,0.9999778460198724,0.9989267768219804,0.336146562091443,0.9999804118207636,0.9998005232039732,266.0,14.39226255061658,0.0342381770167075,6.931396260059628,9.264351083946238,8.559483991765862,0.9985223969790352,0.9991295127875068,0.9988034163141266,0.9417450597572352,3.096926199798515,0.0095966092347379,1.6231790563320565,4.224519395246314,0.1136254267452347,4.527050376053965,0.98578811179658,2.7089969761950954,0.9958451733286064,0.9958652947838152,5.243454317199166,1.008830211375544,0.999019019071642,0.2713533572628819,0.9997918618070644,1.0044302242170982,0.0227434349829997
9,20270222,naive,3072,0.01,0.0329764850621166,1489.0,12.188434491525443,0.0289445660413198,7.168837302823532,7.123523292551751,6.813304850094824,0.9987898060802716,0.9995759505167204,0.9992934493404364,0.5187663649997067,2.2612626003814755,0.0049376205870429,0.024050482581204,0.3209542453863869,0.3147255493805079,0.450157999792069,0.9964449132019472,0.256946984243342,0.9971043511711304,0.9964395857558208,1.0141903340110616,0.9984728186254151,0.9986942086563978,0.5078898482470322,1.0000683647873247,0.9987677886181742,1489.0,8.745848863484866,0.0192577964776642,4.989996339379244,5.180038965694735,4.97564118378581,0.9988954989840976,0.999693693106187,0.999511944056628,0.2732556471709771,1.343960715313117,0.0026568209608492,-0.0171448025448274,0.156993793134167,0.0885937636377179,0.1810796794023299,0.9969454597312816,0.2226637391500361,0.997947921218302,0.9974243660081292,0.9359843631957006,0.9995218059921956,0.9988513902796436,0.2824443252858657,0.9997366982372122,0.9994448352141873,266.0,14.052726006012186,0.0334304435365182,6.697999077786231,9.016815238935424,8.44470008353926,0.998647475712968,0.9991566797475088,0.9988410183089056,0.9815212960186228,3.1496229074334194,0.008387213366429,1.5361380685849857,3.9149778620565896,-0.1979681163942485,4.210221276994581,0.9839052157679856,2.7658131747573265,0.994173205555,0.9953979556967444,5.0490813610451255,1.007882267516928,1.0012106188742729,-0.3926185975246028,1.0000924000545417,1.0037968305846676,0.022002946003593
9,20270222,naive,3584,0.01,0.0341222445050769,1489.0,12.609189546047038,0.0299437569112618,7.374080265373683,7.491169163284547,6.963977729360066,0.9987197661206412,0.9995340314295366,0.9992627195341672,0.5140220595795066,2.234238911810857,0.0056384500249866,-0.080939711078378,0.5108673385968426,0.4017121424451393,0.6549116885980402,0.9961491289795326,0.1713338450863375,0.9965888463133972,0.9956581461979273,1.3562548527182514,0.9983771446478408,0.9985154764826322,0.6213160981522776,1.000196520765101,0.9986806936644844,1489.0,9.033989342984986,0.0198922632741758,5.135939439263606,5.435929232647478,5.06811236093198,0.9988299880233426,0.9996641916648022,0.9994937839726388,0.2723183437055067,1.3412050497686856,0.0028081589258784,-0.0302906992819193,0.2048819033520753,0.1236990915117937,0.2412376132053207,0.996732010337024,0.2262755157318423,0.9977507325180252,0.9966964358479142,1.204032143716404,0.9993945419911724,0.9987503207352592,0.3346071336924581,0.9997991304708322,0.9993611814556544,266.0,14.779879814723577,0.0351602911357734,7.018316714732748,9.000670132029965,9.390208464339862,0.998466908951993,0.9991618461276428,0.9985650944023357,0.958424385041159,3.3554707709885427,0.0082789115460604,1.2650605306045506,3.9479518966617175,0.1309982014167524,4.147753952830706,0.9839663295613928,2.490066415412187,0.9932106186391184,0.9961554248833632,4.895388688788586,1.008259717625278,1.0007479000776327,0.010746392162531,1.0007785069262032,1.0041168218573606,0.0227138915206072
9,20270222,naive,4096,0.01,0.0369736492699657,1489.0,13.073674477714318,0.0310467955984033,7.548356166332605,7.81216807010712,7.274153805070808,0.998660021794446,0.9994980980679768,0.9991946878552256,0.5213325865998154,2.220814897476312,0.0051737167385955,-0.2498242070003405,0.5917199614450789,0.337246195565508,0.7254513378575599,0.9958461734880292,0.0222961990835131,0.9959033952541748,0.9943871656870872,1.6845757468478837,0.9977643767143966,0.9979750980729876,0.6367877440075915,0.9996980027255364,0.9980926901787393,1489.0,9.329577596136591,0.0205431295890682,5.253007681997612,5.632501820032442,5.265154476607421,0.9987767616529816,0.9996418552938297,0.9994538509410966,0.2748539696393318,1.3690714340846095,0.0025271179748389,-0.1261227957692126,0.2529257850513361,0.1344704989369076,0.3129867847702489,0.9965152089494504,0.1474642538113357,0.9971791124468152,0.9958507512395354,1.5078500745440238,0.9992296805899442,0.9982685072748404,0.4266940726305961,0.9996059590277296,0.9991545382541168,266.0,15.052990140939544,0.0358100013297882,6.93178656381534,9.311752237954378,9.583011920888122,0.998472429606702,0.9990413562721456,0.9985155130921826,0.9369771044689544,3.3824019598811743,0.0078852336721666,1.2939375405159868,3.470204817873628,0.2130802574505835,3.7097168399845706,0.9873251636027665,2.262321494460693,0.9957239572060632,0.9969552985789728,4.220524959841697,1.0073909295137504,1.002743965558318,-0.2281107957226709,1.002094282159801,1.0043398853609111,0.0245541705252714
9,20270222,loss_weighted,2048,0.03,0.0372939016929145,1489.0,12.744673906260992,0.030265499298646,7.038278957592566,7.795615766401359,7.219260150089764,0.9988412595092484,0.9994908929294306,0.9992071672638428,0.74985531113451,2.538810583565247,0.0069571135190232,0.0518383343832147,0.2534840250435987,0.3321451494428144,0.4210246598031038,0.9936108724830944,0.4703950481533923,0.9948181112299568,0.996276238984961,0.9785248051323094,0.9982379701618296,0.9974393394231305,0.7109408945590587,0.9993628742060308,0.998092520220922,1489.0,9.996176268338305,0.0220109369753974,5.285639909292755,6.158583424208445,5.835871909496178,0.9987648380774268,0.9995681408767534,0.9993314698299692,0.519798369875274,1.7506522713791737,0.0052216096280414,-0.0348122354365243,-0.2349667140105451,0.2495702013760807,0.3445381457021832,0.9945229803972836,0.3951824505764563,0.996302143850486,0.9964455781600576,0.8400544668230054,0.9983280495952556,0.9966962307483596,0.8071464726161253,0.9992261919872946,0.9983912308713626,266.0,15.168522891489152,0.0360848455907675,7.726720985680887,9.201291903472413,9.25840681900304,0.9981852626798164,0.999098076932275,0.9985985292517588,1.0784716850989675,3.1472169892266564,0.0109299103857415,1.894079012522898,3.7361552275922794,0.0614349526818363,4.189291759206543,0.982977456824178,3.1946368382945423,0.9948374402562496,0.9946128515356284,5.0637356506430535,1.007133397416577,0.9971464035892308,0.5202531043828458,0.9986281388305368,1.002983982410061,0.0261526664000309
9,20270222,loss_weighted,2560,0.03,0.0343108000990763,1489.0,12.45604812064385,0.0295800832906401,6.863963823049269,6.974981584564339,7.706410793271687,0.9988940634643464,0.9995962127975488,0.9990959563164572,0.622777580457991,2.202072625858999,0.0061670760500054,-0.023745542611329,0.4403139677513782,0.325681222167027,0.5481865553468788,0.99494805878462,0.3072110563412593,0.995736496273781,0.9958821378345531,1.2420888358687137,0.9983722580450828,0.9974292438880844,0.7059703888458841,0.9993393303791492,0.9982910159446612,1489.0,9.40192394427094,0.0207024315927982,4.9854120893109,5.459123877677768,5.8085976484670025,0.9989007446881308,0.9996617212126564,0.9993373291635536,0.420600165945091,1.46107998855865,0.004672063876571,-0.0211867681950656,0.0827436171190541,0.2182857977883706,0.2344015248171426,0.9951356774121384,0.360705760142082,0.9967596222631012,0.9963900755807844,1.174551339054574,0.99902211842118,0.9967685923956068,0.7636496127762769,0.999162214849521,0.9988673997710316,266.0,14.43623757844799,0.0343427905048169,7.008001595106089,9.22607705222974,8.61233831724603,0.99847824036859,0.9991217156553676,0.9987875507911336,0.9920962761577872,3.1060500942356186,0.0095755834775333,1.5709205887859687,4.020475476549816,0.1080175027432783,4.317833060078749,0.985898167058692,2.6483300569312576,0.99573000466269,0.9943496279127372,5.41292333938739,1.0077335720394909,0.9975367354460432,0.5040757839815626,0.9989723959872724,1.0035364483311124,0.0237839928878928
9,20270222,loss_weighted,3072,0.03,0.033307740589034,1489.0,12.322865505543716,0.0292638069878054,7.2180374399682865,7.279787079682584,6.837956555683993,0.9987753286991328,0.9995611466344584,0.9992892073548814,0.5505458407940985,2.237698216458087,0.0053441694345979,0.0285159311999917,0.2431921864479278,0.3410227810668756,0.4198239334389031,0.9951680364810924,0.3450616201347998,0.99605361501666,0.9950595413206716,1.2051320102953014,0.9974755710671216,0.9974527171840696,0.7178395684998122,0.999394917146287,0.99786268051088,1489.0,9.131011145783816,0.020105899041425,5.121138159980206,5.458298300871221,5.230323904838893,0.9988387323314408,0.9996648411253024,0.9994638174742448,0.3664874753246216,1.391850316404979,0.0037386503802037,-0.026772718816883,-0.2175277744820385,0.240419367030469,0.3253253497458934,0.9954709181302236,0.3288004355234335,0.9969512210065964,0.9956281857802012,1.1047105800486747,0.9981037230140752,0.9968432182117828,0.7731886025691495,0.9992667401638096,0.9983098984544956,266.0,14.133757390229675,0.0336232114815853,6.751200831211312,8.941433600649344,8.6159822694631,0.9986209561104122,0.9991804033422472,0.9987889726866028,0.9259714607270064,3.120671162367855,0.0084963193387591,1.5312960944293936,3.94031831421092,-0.0782495818051577,4.228131873909963,0.9839807490674236,2.755200298881832,0.9942093389043276,0.994359005502767,5.330455213275826,1.0075390397045298,0.9998293783104526,-0.0508160148358172,0.9996846489866472,1.0034771716821478,0.0227709138144968
9,20270222,loss_weighted,3584,0.03,0.0346697731865859,1489.0,12.84465497756988,0.0305029300140832,7.480011371082038,7.689651057061039,7.064266274846525,0.9986862384683582,0.9995134094654392,0.9992428298686366,0.5499316896980628,2.309858243593939,0.0059799270007142,-0.0661601209715534,0.4629506381476246,0.4157065497744452,0.62570950967173,0.9943931692223624,0.3011477248561931,0.995166045559822,0.9943291248972504,1.5671073473665444,0.9974708371202874,0.9968127199736172,0.8871974312264967,0.9992131376895264,0.9976762702196506,1489.0,9.491858440444805,0.0209004615668661,5.308814421759144,5.788290195749961,5.3298745481062,0.9987533641352382,0.9996247163609076,0.9994444969001508,0.3575773537023721,1.4485516346722502,0.0041012508354211,-0.0339962796451424,-0.1336112085974354,0.2412772763204107,0.2778892336186739,0.9946950526445724,0.3824892066001695,0.996417069441206,0.9948355988219616,1.428342015503631,0.9980363591893788,0.9962134882705368,0.880325869097419,0.998972826757428,0.9981439247656878,266.0,14.997417522367746,0.0356777979916923,7.046439949545482,9.147359196714286,9.570581805927954,0.998450360535008,0.999125585053618,0.9985048144036096,0.9814451377414912,3.2603141393050854,0.0088487045774716,1.2048318566641143,3.900237731905137,0.2076815344186492,4.087371501093057,0.9837854288548642,2.443658933001899,0.9928574316915022,0.995054669372102,5.118938900163471,1.0077117102966475,0.998916427419373,0.3819047591188678,1.0000041321070368,1.003519183013676,0.0236060961894166
9,20270222,loss_weighted,4096,0.03,0.0382801964517773,1489.0,13.401279108317416,0.0318247768783229,7.664408491687556,8.138144685585058,7.390651208659236,0.9986229607493484,0.9994603436146976,0.9991714862880886,0.5578871753664875,2.2601492903800566,0.0056596750697755,-0.2455941580412824,0.5317759710778608,0.3411847936713659,0.6778711067101036,0.9938755803372328,0.1556213382865792,0.9942749725292972,0.9930294534726404,1.8889872613380303,0.9968164654971065,0.9959322472440562,0.942923052171892,0.9984834372267,0.9969645981099547,1489.0,9.83166157772853,0.0216486862117721,5.420795311250241,6.026067927234978,5.564445426892134,0.9987019725946802,0.9995958582087878,0.9993971447272274,0.3801032769695043,1.5272492406581235,0.0037358691472656,-0.1327401773278854,-0.0741233898843409,0.2593902044801113,0.3006617863733575,0.9941864284916068,0.3236768225539066,0.995643664187414,0.9940289537902304,1.7317965139114335,0.9979097229519528,0.9952012102039006,1.0692807014164032,0.9985528183938694,0.9978860166064506,266.0,15.21059938519861,0.036184942600171,6.987004435062974,9.428088709536912,9.677564051274326,0.9984444791542002,0.9990070773138654,0.9984790032227214,0.9702669617882876,3.3534315785277653,0.0082746275682103,1.2868025864383998,3.349923831422865,0.3871592275030738,3.609396464817931,0.9873965137636508,2.249735239179202,0.9957485813111648,0.9948806122432966,4.6115187194706095,1.0062830107276357,1.00094123801417,0.2358213983895041,1.001612882015338,1.003564036819644,0.0258977120071539
10,20270302,naive,2048,0.01,0.0424689856582301,1489.0,16.063155750878266,0.0376464986506488,10.293535658330804,8.86526693909858,8.571764020676909,0.9975577920217024,0.9993146512581608,0.9989371348768452,0.6326924417344276,2.3722788887757496,0.0071117084860518,-0.5736841854247899,-0.218491210572305,-0.4291377658465747,0.7490067928795077,0.9956027808673954,-0.2638505307828467,0.9949042731845286,0.998119826812738,0.1652784156143525,0.998460679041712,0.9998574567855032,-0.4079776176463383,0.9987849567149972,0.9980413405732892,1489.0,11.576057660503787,0.0254653653405794,7.218802515441283,6.526244783207605,6.269141108000578,0.9977909006028112,0.999500833149016,0.9992765805352276,0.3683996711759545,1.6072525370866777,0.0040603483513274,-0.2681530546451909,-0.1307926191284649,-0.2612739909661433,0.3965814774915827,0.9965184929682764,0.0052453353318355,0.9965414331232296,0.9989755587767982,0.1813448739584942,0.999383359669882,0.9996525741587748,-0.2051555982948514,0.9990296186567836,0.9990453553789848,266.0,14.970741074998507,0.0356143366058267,7.710967016146101,9.356776869802358,8.781503437298536,0.998172192458163,0.9990772176489788,0.998740508452396,1.0768252593625882,3.4455858273553845,0.0105503237938815,1.9847060348322327,3.904341699506454,-0.0207472449553124,4.379882715253649,0.9857050366825656,3.076871066789053,0.9971278185892,0.9946523514338956,5.222187976190355,1.0075646850677666,0.9990785401857396,0.1274105278993715,0.9994414186918198,1.0037538363231342,0.0289406690034263
10,20270302,naive,2560,0.01,0.0409156013062659,1489.0,14.012304789057133,0.0328400111108228,9.428094237582489,7.838515185167367,6.783318084875421,0.9979473133292808,0.9994655948756724,0.9993333078394736,0.5161755011554854,2.096367021873556,0.0055175055929167,-0.3046337958992032,-0.0039257272525643,-0.3342491024559894,0.4522605702811748,0.9955612042161642,0.008129402486233,0.995582725681658,0.9970496442525464,0.5982831171181999,0.9982834782850748,0.9990539262543998,-0.1938070566109786,0.998544442221724,0.9979695918253592,1489.0,10.099988959011585,0.0222182643107062,6.605005115635026,5.765490767763195,5.014259726163817,0.998148520362432,0.999610900888633,0.9995366944589674,0.3103327752431903,1.4202682390838313,0.0033047925062541,-0.1097474979815263,-0.0720682552582672,-0.1831479634911915,0.2253475610255117,0.9963362128870183,0.1779651186469806,0.9971145325062132,0.9981728937066056,0.4846336473079304,0.9992627179176596,0.9990094033210472,-0.0231405984307002,0.9989391368343824,0.9989927586414884,266.0,14.208642921878486,0.033801358877074,6.937916609667048,9.370381587505031,8.120763246351927,0.998524664722956,0.9991052103182488,0.9989261000998216,0.9323455613715176,3.2034629821768927,0.0097134140444771,1.7126561628914718,4.226976674644716,0.2574929287979496,4.568022060877288,0.9862252587886456,2.765075140206875,0.9964905086468407,0.9954945432697362,5.337277642134097,1.0086914465459202,1.000341059273816,0.2026553963977733,1.000918243033324,1.004786981398471,0.0276384841418654
10,20270302,naive,3072,0.01,0.0417010476478008,1489.0,13.871163173115326,0.0325092238273954,9.362848619358289,7.613607944328997,6.839532701597504,0.997975274039736,0.9994993519815232,0.9993219129812598,0.4547744086714368,2.075183025518988,0.0053986826262814,-0.245333693861898,0.2817486035850715,-0.2637765103393821,0.4573280489680065,0.9950614347267908,0.1026438985988704,0.9953331702111122,0.9960002555717652,1.0981523447219388,0.998264965534408,0.997728326230816,0.0734472136253998,0.9979214057978916,0.997729797795892,1489.0,9.918632082469257,0.0218193099124456,6.517112022208128,5.568668632588597,4.989633547446394,0.9981973287854092,0.9996387790673912,0.9995414261960464,0.2549680797673597,1.3063496006408666,0.0028194647110536,-0.0614053606237586,0.0063433393445321,-0.1461984222223358,0.1586973059874493,0.9958421244805894,0.2651074001932016,0.9970015555664834,0.9971196688478896,0.8839528348607928,0.9991074656222416,0.9981763373459236,0.1483709643279667,0.998626866160794,0.9988007595777112,266.0,13.985280853192949,0.0332699962772341,6.551318363826818,8.959140156097405,8.508943289379346,0.9987096528887676,0.9991656506949536,0.998829975402428,0.93287956169772,3.0479405629407808,0.0083223511800742,1.602571017105574,3.864391513621322,-0.0298495815486606,4.183616453851132,0.9848656749688964,2.7588650357884177,0.9951078700201624,0.9951842535438712,5.051158642802051,1.007673701631692,1.0028756849931617,-0.492219266503838,1.00147379305348,1.004229387767248,0.0278552011582448
10,20270302,naive,3584,0.01,0.0436525066067971,1489.0,14.898604526797897,0.0349171921080315,10.354091796207328,7.91634450552937,7.217526556335605,0.9975220999804568,0.9994582774819928,0.9992450689093858,0.4660672932636869,2.2896075428905363,0.0056770634754792,-0.140960102834076,0.4640984633380096,-0.2416027956723256,0.5418754885952848,0.9940245016902968,0.280081110662465,0.9947659775821333,0.9963578998768116,1.2075020031182078,0.998848120682255,0.99711218226993,0.1870858048988566,0.9976039973359186,0.9978654538235766,1489.0,10.629310110562114,0.0233826811529547,7.201125771365359,5.768631108946852,5.277207233032082,0.997798585852512,0.9996121073023696,0.9994874955280328,0.2762946269302115,1.4116487477171096,0.003023208281516,-0.0422024598234521,0.1407705059409658,-0.1867938261183947,0.2376748123676017,0.994871828226513,0.3605064514674296,0.9964484812591784,0.9972202460533188,0.987735083961411,0.9994414240804496,0.9977733509164451,0.1728684464732452,0.99829826639887,0.9988870832835536,266.0,14.535803352513188,0.0345796504554508,6.948112469931651,9.169262932949309,8.884701991319455,0.9984808104843454,0.9991194103008556,0.9987179596910196,0.9334094012674122,3.0475251956236087,0.0079958095238029,1.334993195629902,3.8713925769578745,0.2049386752533514,4.10023013718953,0.9861336289353324,2.394412884975821,0.9950228074500684,0.9945061544842252,5.225266857988828,1.0074261009327214,1.0013987255748151,-0.0199567165937821,1.001341886759191,1.0040376805533444,0.0291946933642395
10,20270302,naive,4096,0.01,0.0452445468593397,1489.0,16.303668808351286,0.0382101783306597,11.227243745106817,8.210335282984877,8.50582206734541,0.9970864131547992,0.999418140138638,0.9989527720055348,0.500374063937255,2.3077725595291163,0.0055786673585881,0.0129801810828385,0.5785863902669608,-0.260481317327541,0.6346504650433862,0.9923726089554068,0.550415858374123,0.9938297585950358,0.9961985827250408,1.3545087874558135,0.9989919743343038,0.9954903563368842,0.4089628830060121,0.9965654464935172,0.9974846636957164,1489.0,11.561424666364385,0.0254331752329698,7.788606811624313,5.978059778157562,6.104665882643601,0.9974250040587214,0.9995839985455648,0.9993144060178784,0.2746377721337135,1.5191312189478037,0.0028970111936558,0.0595378236879579,0.160902123068195,-0.1923438776507215,0.2577409803020596,0.9934512296429696,0.5738045638171343,0.9959607289931676,0.9968551339687588,1.119112879189572,0.9993717489776798,0.9969354791800188,0.302656673023904,0.997854496946249,0.9986847796491022,266.0,14.623527990806949,0.0347883411796552,6.950512751365821,9.229900738977593,8.963641879260704,0.9984715309800846,0.9990754198689148,0.9987065933021966,0.9793844550858144,3.0996537055143394,0.0079591499461714,1.4113112570313422,3.5091779721970897,0.2858280917611589,3.793128946241677,0.9876232916383072,2.3569176068484268,0.9963732701751176,0.9933214121793636,5.155013891318475,1.0060676517929945,1.0035528061474914,-0.2854131474666701,1.0027399196594131,1.003875396647749,0.0304185243498209
10,20270302,loss_weighted,2048,0.01,0.0422765951107601,1489.0,16.18220039009602,0.0379254982394707,10.25403425210732,9.034492720257356,8.665814001549462,0.9975790193712428,0.9992883291583132,0.9989158895055535,0.6581756449054403,2.3375011739148466,0.0074985098164805,-0.5953109847377321,-0.2764314347127208,-0.4810026107370824,0.8137401416807646,0.9971410265235088,-0.3938640761273291,0.9960983260128676,0.99865180301009,-0.0012455856914357,0.9986492342496276,1.0005140788364946,-0.5573162003051948,0.999048994385123,0.998400304192489,1489.0,12.275713569886074,0.0270044897875753,7.426183916012219,7.040190024508574,6.780904107437033,0.9976655559237522,0.9994192975624666,0.9991536929367236,0.4666758900721384,1.7238144683077343,0.0056679008341347,-0.3196927679384586,-0.152465465837183,-0.2505687859729015,0.4338593097411142,0.9977396960465872,-0.1421939273240724,0.997117819556362,0.999411799079006,0.0267537580210159,0.9994719618295492,0.9998008537344958,-0.2184014368569649,0.9991376772096356,0.9991813510344072,266.0,15.34239117798726,0.0364984659753163,7.942325136611807,9.55294015281257,9.002764737540737,0.998040035078718,0.9990490893780116,0.9986774704365896,1.1602564595754623,3.379721051566887,0.0107626754467497,1.964537411377768,4.122834109699899,0.0814227500022437,4.567690663894147,0.986057680230587,3.0297597402760346,0.997305562898219,0.99558899464969,5.20985897782316,1.0084708437163614,0.9995953548441192,0.1464839975617735,1.0000125565862064,1.004468122900518,0.0299044483711013
10,20270302,loss_weighted,2560,0.03,0.0412210045756819,1489.0,14.021808836413811,0.0328622853209181,9.52258526873002,7.720323103311538,6.806475154231643,0.9979075928107656,0.9994838614151772,0.9993288595582585,0.5466388287738291,2.125093996870476,0.0060449846934116,-0.3116922755689579,-0.1056407220005923,-0.2957130026097661,0.4424457217632974,0.9939948071900702,0.1114412501937209,0.9942898324425028,0.996180503458433,0.6739719061919232,0.9975704298177676,0.9976082114726514,0.0593414268906258,0.9977642094533528,0.997150935978993,1489.0,10.448088253742716,0.022984023775206,6.741512848592008,5.951007489671852,5.319780308258491,0.9980727248219248,0.9995887523767736,0.9994797778333112,0.3916488694852009,1.4437602630933934,0.0044066868670845,-0.1481336653516237,-0.3810656482896972,-0.1430763942330684,0.4331575529800796,0.9946033967768854,0.2756548317274507,0.9958089564129,0.99705822599154,0.5152649009236825,0.9982169325057332,0.9971731205967092,0.3135388299794783,0.9981251820605296,0.9979840778925912,266.0,14.267398902974776,0.0339411352099813,6.952194786365542,9.301927396402723,8.288534600343423,0.9985139073791454,0.9990989396676344,0.9988794426747768,0.8865074931244179,3.194943168583236,0.0099359254489094,1.7073539853320834,3.975085933991297,0.2992464880222787,4.336578636948542,0.9865216917975156,2.7371248620951434,0.9966831771741412,0.9943166917445936,5.37565041220094,1.0076084751767236,0.999239362232912,0.4215463385169755,1.0004399702838052,1.004045775216928,0.0284237108391235
10,20270302,loss_weighted,3072,0.03,0.0420141299306796,1489.0,14.208563275288569,0.0332999733344155,9.51092607378992,7.814973235365502,7.095896623916035,0.997914013298513,0.9994750243693576,0.9992728261706888,0.5073191155818346,2.114953443927713,0.005571401189281,-0.2439424191696743,0.1661406843750861,-0.2248227441171104,0.3710200764747411,0.9930728558553724,0.2441529706296137,0.9937192169798834,0.9950175777692172,1.1831226996308717,0.9974575213505984,0.9958942464311694,0.3846650824118001,0.9969054620228184,0.9967397780014882,1489.0,10.411999281878357,0.0229046341522234,6.696898047677349,5.871538995964055,5.393173036694092,0.9980994439682844,0.999603179901601,0.9994687906095756,0.3399235729675371,1.42088402705768,0.0038769826083586,-0.0779537174774396,-0.3311156113652716,-0.0579118453434508,0.3450624754873149,0.993712459183797,0.4157989937482256,0.9955309307861884,0.9957225275592914,0.9721895408998192,0.9979087474086388,0.9956422062633746,0.6459862274943191,0.9976037451049796,0.997623617433298,266.0,14.06248491543958,0.0334536592934078,6.593472240119589,8.94201559054564,8.62090267861648,0.9986907718966052,0.9991665220619196,0.9987916370678042,0.9078333615934896,3.003427334228136,0.0079351875972867,1.6131879202676442,3.794349010534497,-0.0377194332203769,4.123212635249852,0.9849256339879416,2.764900944757102,0.9951902371513,0.994145538812214,5.237091513700648,1.0070947227949305,1.0012302627945546,-0.2355283803348982,1.0005594533394455,1.0036202904758666,0.0285578618123631
10,20270302,loss_weighted,3584,0.03,0.0443818307005635,1489.0,15.421459974936989,0.0361425850026858,10.699026424988322,8.116557478179002,7.581144769716631,0.9973576589462262,0.9994331428651138,0.9991710744742306,0.5178283669556147,2.384785093478152,0.0062872373762766,-0.1296170655595093,0.3904927651652265,-0.1658908400220602,0.4436270439613298,0.9918024637603616,0.4479917675673732,0.9929884598263106,0.9952052470986892,1.369168847272931,0.9980288720209164,0.9949980729135528,0.5766314807326296,0.9965139337769732,0.9968221151049076,1489.0,11.202722663324376,0.0246440916067732,7.49613078321738,6.035278288421136,5.734495124557593,0.9976174900332954,0.9995793331687072,0.999400531375033,0.3551350808395069,1.5421055732979885,0.0041510339866534,-0.0389429096839147,-0.1639810251173531,-0.0862272469612883,0.1893184220611152,0.9926059673153308,0.5417012231602598,0.9949750646582988,0.9956791088826832,1.1525533847788552,0.9982709235250248,0.9950074101721512,0.7202070568829413,0.99719432075313,0.997707394276161,266.0,14.723955523500443,0.0350272511932558,7.0091021643724645,9.252990704291388,9.058118796621391,0.9984504051463776,0.9990883699939462,0.9986619043409046,0.9054299545670512,3.075572804790779,0.0088027221209586,1.2815262847030209,3.692553392148744,0.2107282327472577,3.914290045503872,0.985777536163318,2.3681522050192854,0.9945692227736642,0.9930544116736364,5.404187506120792,1.0064167556599466,0.999639684874138,0.2686618352195751,1.0004048618733432,1.003116169009122,0.0301802308381552
10,20270302,loss_weighted,4096,0.03,0.0460398095232079,1489.0,16.82182219142475,0.0394245512060294,11.549814595470467,8.476367627647292,8.816273390222209,0.9969218259975748,0.9993819648547076,0.9988814130802682,0.5477423559348946,2.405178378911272,0.0058636815748098,0.0140928467096444,0.4431109635198611,-0.1831101451844098,0.4796616094595615,0.9900634258688744,0.7142365022393875,0.991954267940399,0.9949545464558422,1.4729585508069647,0.9979922159746532,0.9932454342056014,0.8195865720340691,0.995399980480378,0.996305482553995,1489.0,12.117196728934234,0.0266557795974692,8.052889733375231,6.295914280269053,6.506833860280935,0.9972520324093848,0.999543472250822,0.999228840060338,0.3601306858015202,1.5817391948523611,0.0037533024044883,0.0404074494260865,-0.2235462660407898,-0.0885762347261309,0.2438266687385938,0.991020708768134,0.7455399519767667,0.99428128239025,0.9951860772445836,1.2432101927573171,0.9979817571876132,0.9939818518865156,0.8835126513381226,0.996664640325166,0.9973211557677606,266.0,14.700891714974038,0.0349723840202711,7.0185566111548745,9.335237370692388,8.928013415325646,0.9984530528022982,0.9990379347972336,0.9987093988875428,0.9695131588150394,3.102382340404865,0.0090346536509987,1.4240166914696817,3.244253844723364,0.3321188231506045,3.5585544058335725,0.9863277899764276,2.468602072049393,0.9954923933904776,0.9914010984103644,5.363321749690101,1.00466239810573,1.0020631704547516,0.0003900435934269,1.0020642813396905,1.0027643196880236,0.0313426558700829
