replicate,label_seed,model,n_basis,regularization_strength,parent_n,parent_rmse_3d,parent_normalized_rmse,parent_rmse_x,parent_rmse_y,parent_rmse_z,parent_corr_x,parent_corr_y,parent_corr_z,parent_median_direction_error_deg,parent_p90_direction_error_deg,parent_median_abs_relative_speed_error,parent_mean_residual_x,parent_mean_residual_y,parent_mean_residual_z,parent_mean_residual_magnitude,parent_calibration_slope_x,parent_calibration_intercept_x,parent_calibration_slope_origin_x,parent_calibration_slope_y,parent_calibration_intercept_y,parent_calibration_slope_origin_y,parent_calibration_slope_z,parent_calibration_intercept_z,parent_calibration_slope_origin_z,parent_vector_gain_through_origin,unweighted_n,unweighted_rmse_3d,unweighted_normalized_rmse,unweighted_rmse_x,unweighted_rmse_y,unweighted_rmse_z,unweighted_corr_x,unweighted_corr_y,unweighted_corr_z,unweighted_median_direction_error_deg,unweighted_p90_direction_error_deg,unweighted_median_abs_relative_speed_error,unweighted_mean_residual_x,unweighted_mean_residual_y,unweighted_mean_residual_z,unweighted_mean_residual_magnitude,unweighted_calibration_slope_x,unweighted_calibration_intercept_x,unweighted_calibration_slope_origin_x,unweighted_calibration_slope_y,unweighted_calibration_intercept_y,unweighted_calibration_slope_origin_y,unweighted_calibration_slope_z,unweighted_calibration_intercept_z,unweighted_calibration_slope_origin_z,unweighted_vector_gain_through_origin,query_primary_n,query_primary_rmse_3d,query_primary_normalized_rmse,query_primary_rmse_x,query_primary_rmse_y,query_primary_rmse_z,query_primary_corr_x,query_primary_corr_y,query_primary_corr_z,query_primary_median_direction_error_deg,query_primary_p90_direction_error_deg,query_primary_median_abs_relative_speed_error,query_primary_mean_residual_x,query_primary_mean_residual_y,query_primary_mean_residual_z,query_primary_mean_residual_magnitude,query_primary_calibration_slope_x,query_primary_calibration_intercept_x,query_primary_calibration_slope_origin_x,query_primary_calibration_slope_y,query_primary_calibration_intercept_y,query_primary_calibration_slope_origin_y,query_primary_calibration_slope_z,query_primary_calibration_intercept_z,query_primary_calibration_slope_origin_z,query_primary_vector_gain_through_origin
1,20261202,naive,512,0.01,1489.0,38.78004879853357,0.0912537392835728,22.37278550894122,20.65151100866501,24.01802961207563,0.9900547072302044,0.9964357822910602,0.9914228396686906,2.023220549178673,8.140590041934496,0.018171689412382,0.3051564066094059,0.4052647262810041,-0.4701854526820057,0.6916894467722959,0.9772766185492532,1.513688713403177,0.9801412327102432,0.9976924270541512,0.8625151478921396,0.9994191092823556,0.9777268410641444,2.6646195949102776,0.9847348084081504,0.9920680516759668,1489.0,27.505409813775596,0.0603979112588682,15.578680153836649,14.855104796048687,17.12244594637721,0.9908475086914384,0.997504944380498,0.9942545579350036,0.9957022773484386,4.62928249472371,0.0090029941746046,0.1646468519908528,0.3743790520107557,-0.2070714949937707,0.4584177837888983,0.9796611499937524,1.6425316539109789,0.9860798006181968,0.99777688112962,1.0532516609611662,1.000117172170332,0.986129203719002,2.020696821056561,0.9924474504927272,0.9969590092055408,266.0,25.772803959180703,0.0613116819588262,12.229651308012324,14.193274403188523,17.698135905190313,0.9951840897217245,0.9975547276028144,0.9948813637738252,1.8166224964307165,5.333765483398004,0.0179604638759153,2.5483194514985006,3.355739697537935,0.860756972476315,4.300677099037337,0.9806437712990012,4.027175721944943,0.9955945277567544,0.9950983985825042,4.563664470077981,1.0063824730929125,0.99031398699052,2.4181315786363484,0.9972010785772794,1.0021926752043793
1,20261202,loss_weighted,512,0.01,1489.0,38.30725556499778,0.0901412045703688,22.05113306187116,20.46488552766764,23.71459086615596,0.9903359884210196,0.9964981982147768,0.9916333747412768,2.104034706642275,8.253461558270349,0.0194540625852274,0.1931494009816869,0.1931756204460744,-0.549002681737883,0.6132107761526191,0.9791468987588742,1.3022117384408602,0.981611298574711,0.9976082063719208,0.6671145469764213,0.9989437131572284,0.9797844252983332,2.2962105094968592,0.9858234742853832,0.9923588489906264,1489.0,28.35846151046756,0.0622710896999407,15.906730167348,15.342320734476758,17.770522476964352,0.9904527943452628,0.9973378417207488,0.9938080972479096,1.382867105207681,4.759480052803903,0.0124208630579401,0.0610198291838846,0.1885590553642883,-0.3324657268252833,0.3870547718695212,0.9808307133469472,1.4539204798841183,0.986512313195498,0.997787241825854,0.8642678241005228,0.99970761690855,0.9876734980595228,1.6472757324553695,0.9928241443482524,0.9968196861769516,266.0,26.16363861759055,0.0622414500319029,12.741864323088,14.74937996965577,17.4538439833353,0.9947868094016782,0.9973351020762804,0.9950151464337031,2.072960469944015,5.319083086458124,0.0168498037864674,2.546520400720808,3.1926270460975097,0.486276351831766,4.112675321139681,0.9764942287982302,4.34241037858736,0.9926152834758556,0.9963079852817536,4.102467659174238,1.0064517088280798,0.991583142810636,1.8395885596061987,0.9968224833841158,1.0017637844424476
1,20261202,naive,1024,0.01,1489.0,25.34231683107191,0.0596332713493589,14.097577422544664,15.37263684139959,14.393518323336826,0.9961045297032696,0.9980230204244196,0.9969223358871532,1.3010738654152192,4.773392352476887,0.0127707176695524,-0.793587748023127,0.6150462041725082,-0.1486963879316092,1.0149748582419846,1.0001062084342578,-0.7992363934209337,0.998593675592928,0.9970031326823552,1.2088817520242117,0.9994232114975756,0.9937497414032234,0.7309876413683867,0.9956722437856896,0.9981826512205744,1489.0,18.04661300227681,0.0396277582488066,9.924153379599076,10.957644264850954,10.349949406500388,0.9963286418137132,0.9986417008123412,0.9979035707466922,0.6659755790175107,3.1918695728423248,0.0062782409908529,-0.3410896295599416,0.3567476496085401,0.0876752284696776,0.5012962862237921,1.00033046786327,-0.3651024637418061,0.9989037281402928,0.9974218153974364,1.144046489458276,0.9999638496031968,0.9951206816556584,0.8713354157610524,0.9978451438917036,0.9993440518474694,266.0,19.24004917085441,0.0457707193017854,9.412360876581404,11.333378487725197,12.37503482337981,0.9971446140665904,0.9985336607636288,0.997499433617934,1.2897720890954176,4.104458727761575,0.0138558658533632,1.77355801604178,3.628299647031853,0.1901750101859665,4.043047476770061,0.9846651796720056,2.945170293853621,0.995599026822025,0.991581104694371,5.703007753813353,1.0056823088581306,0.992129767037133,1.4555977335435557,0.9962754615861644,1.0015025519687557
1,20261202,loss_weighted,1024,0.01,1489.0,25.15150110884739,0.0591842608734428,14.020755570576188,15.203888580172991,14.312868101823376,0.9961705242204242,0.9980657778386872,0.9969570675437196,1.4035929545697552,4.615428675994585,0.0147921834634072,-0.8794182190386951,0.4534697216277717,-0.1900403229878323,1.0075348712435113,1.0024630347763157,-1.0104135599559785,1.0005508549690163,0.9977897183045225,0.8914416778143561,0.9995743089941168,0.9943201671425624,0.6093599220449164,0.9959227878102904,0.9986442626732096,1489.0,18.70501597275876,0.041073516172538,10.499586575893424,11.177836004927055,10.7094484696195,0.9959150847915786,0.9985864583229964,0.9977555068314146,0.924477535350812,3.351409135131383,0.0086416066037974,-0.4199196003179039,0.2710474546455339,0.1331296461778946,0.517225962314753,1.002451028035773,-0.5980190052516576,1.0001141019544109,0.998279425729006,0.7964582906586202,1.0000491302270058,0.9946948268273504,0.9851857549810744,0.9977752724701928,0.9994917795541672,266.0,19.90997712531784,0.0473644306319318,10.172408127870954,11.41709892371312,12.750653088248203,0.996609417447924,0.998503331209718,0.9973452753904716,1.4286463873182256,4.152265404392939,0.0162298787444052,1.673984797312624,3.595018532066653,0.3039498926034542,3.9772815948522062,0.98556035308989,2.777203957713752,0.9958706307812828,0.9920431002771704,5.555874886791088,1.0057805050763415,0.9919927464180112,1.59140360358532,0.9965252302853992,1.001669370264322
1,20261202,naive,1280,0.01,1489.0,21.16907180157049,0.0498131647304372,11.12619515710958,13.320995999735812,12.11975444639785,0.9975588892720452,0.9985164940692874,0.997823254878352,1.0374779735090582,4.091338588568602,0.0106521753688513,-0.2688664353183072,0.5656271348782447,-0.2661658786584112,0.6804906250003372,0.9994452458463796,-0.2393620977516874,0.9989922596750804,0.9981862252578612,0.9250304061995962,1.0000380577350494,0.9929913274432498,0.7202600778525721,0.99488561626197,0.99834856424033,1489.0,15.19089758799342,0.0333570192436351,7.874887293481331,9.563955333300722,8.790920203624836,0.9976800218972236,0.9989650801018618,0.9984890917890348,0.5809060907072142,2.632556806769242,0.0056027069106529,-0.1158849061999451,0.2597220140304797,0.0105516394563131,0.2845982662495236,1.0000466707764162,-0.1192761515819853,0.9995805659418396,0.9980357498812188,0.8595440120958528,0.9999456288068024,0.9953415506861056,0.7587383746069349,0.9977139482855418,0.999360168062002,266.0,17.61142844507907,0.0418963455189234,9.678193231777351,10.53392811723917,10.272845081347104,0.9969416587283052,0.9987308733660094,0.9982805900557324,1.2832736539987697,3.6799880557809375,0.0113246504358151,1.6456463201310283,3.25453635828753,0.4508729440159857,3.67470340708225,0.9860111439388,2.7144241188460683,0.9960883535581307,0.991054010743448,5.459138715242688,1.0045522265805995,0.994107462296822,1.398310096515047,0.9980899956653412,1.001501849710084
1,20261202,loss_weighted,1280,0.01,1489.0,20.960022459636058,0.0493212485328741,11.076758277501307,13.129013061339094,12.010702877244194,0.9975927571602212,0.998558206404192,0.9978601833260754,1.079206317999068,4.126566397092027,0.0113906309320641,-0.3789470482746899,0.3713672192893719,-0.221001345443276,0.5747661016853367,1.001507598363031,-0.4591279549474691,1.000638711365458,0.9987427846305056,0.620487082993634,0.9999849471845818,0.9938891103507788,0.639067393473681,0.995569861866919,0.9987784154550022,1489.0,15.930852228926105,0.0349818528687737,8.48320735558701,9.894995190889675,9.16058490895994,0.9973232863814764,0.998891414506868,0.9983583633068918,0.8018460507657446,2.7273413904687134,0.0077617934080811,-0.1554277211627254,0.0293645587977441,0.0791611982047657,0.1768800416113652,1.0021765034973145,-0.3135793098228276,1.000951104870741,0.9981650900509914,0.5896900190641077,0.999475362153628,0.9957582276365208,0.7604260573968986,0.998135902225672,0.9992759254407144,266.0,18.19918764093576,0.0432945831705897,10.089307979347318,11.044804426508708,10.364776431165367,0.9966586713768856,0.9985879362440048,0.9982490109310168,1.4783086302248576,3.6780195976965535,0.0133519108523912,1.6904728488860776,3.156713744504521,0.4335899869625764,3.607012669004501,0.9870699194691114,2.67835798735291,0.997013234770052,0.9897768803299334,5.676045377231105,1.0038114175710202,0.994158871585971,1.3727612491140349,0.9980686391655887,1.001184896727476
1,20261202,naive,1536,0.01,1489.0,17.992020487762197,0.042337211985072,9.68977224667407,11.050265379150082,10.378475325884668,0.9981526425665672,0.9989793334632712,0.998406352947087,0.8796771738620407,3.33474558169273,0.0092483771515604,-0.0125980923106937,0.4474111497043788,0.3669971382990045,0.5788111508336043,1.0011530168722824,-0.0739207499200844,1.0010131238908937,0.999026466321954,0.6403188909482651,1.0003083304748166,0.9941878246418752,1.18502374613729,0.9973044450145032,0.9995279019051078,1489.0,12.961794818172676,0.0284622311932094,6.8627759629179765,7.95529462805499,7.591028808537266,0.9982420316627348,0.999284131499128,0.9988763528471476,0.474333258209154,2.221164317053921,0.0047904169190117,0.0711253797728119,0.2211159125829024,0.3092274109405135,0.3867462451300203,1.0013859602931594,-0.0295828536177822,1.0012703570404644,0.9988759969842864,0.5643521065229606,1.0001299690667964,0.995821307160336,0.9803611600146382,0.9988866674221044,0.9999242808554716,266.0,16.25926347631387,0.038679640473865,8.647988631616958,10.149009471954525,9.304490752201083,0.9976084745352022,0.9988779450440008,0.9985872050318676,1.1944672537554295,3.59322470546677,0.0104094354851053,1.9672422248500083,3.765649456119238,0.0249440687605529,4.248620953223559,0.9894864711203676,2.770497773662669,0.9997718523256292,0.9915708926978788,5.842874153396195,1.006017929226122,0.999506288408025,0.1043259460465435,0.9998034196111596,1.0033049982280846
1,20261202,loss_weighted,1536,0.01,1489.0,17.76624961028097,0.0418059481669544,9.592767494033655,10.876645901840716,10.262407658351492,0.9981987479841148,0.9990116026323664,0.9984400679857138,0.9073794414479668,3.3121121903415403,0.0097276666552612,-0.0413594813044795,0.3490512790976792,0.4040331397085594,0.5355279452243906,1.0028333992697576,-0.1920524828267105,1.0024699452404795,0.9998045543938906,0.3877792360865726,1.0005808555603728,0.9953604955594912,1.057013795946773,0.9981404489075444,1.00015168487918,1489.0,13.626581577151782,0.0299220069953783,7.16148484968111,8.440627676479458,7.946865083390385,0.998094457796222,0.9991947607740994,0.9987675392399828,0.6371769924208068,2.2804815979596635,0.0071244994496557,0.0872151252701727,0.1980260687120619,0.3754838436804306,0.4333692638276003,1.002806792227816,-0.116735224644529,1.002350616774043,0.9997370477587644,0.2783236526223618,1.000355473890707,0.9966314068223556,0.9165086701426332,0.9994971152690052,1.0003217622435172,266.0,16.896362158119047,0.0401952532809578,8.935324714209827,10.380137552391863,9.894431303686568,0.9974410048319586,0.9988221866293052,0.998404769157666,1.294186526393743,3.489525061980584,0.01149308677951,2.0710329304618327,3.846442272874833,-0.1647535980455016,4.371663219609303,0.991261430406874,2.738677885331583,1.0014286813308173,0.9919050383652313,5.841321876201306,1.0063482367472558,1.0000277169609666,-0.1692100953811177,0.9995457889159464,1.0036019632474094
1,20261202,naive,1792,0.01,1489.0,16.294751655501024,0.0383433509067137,8.555086564108613,10.206521911780754,9.389160551369908,0.9985555590272196,0.9991301652734172,0.998696918505676,0.764836024458879,2.9645603013400805,0.0078683843144592,-0.1187440312475122,0.3107027909670447,0.3156316218784552,0.4585408269731774,1.0000105978772094,-0.1193076743399146,0.9997848113925756,1.0002383779023605,0.2634677093835194,1.0007658179277443,0.9945627495558412,1.0808899395898948,0.9974054973212556,0.9996174425114258,1489.0,11.69400301445601,0.0256783433190047,6.054612941691469,7.32719977982968,6.812012332260727,0.9986274045023448,0.9993933531570992,0.9990961338447436,0.4307303393569494,1.7891688743594614,0.0040544813191957,-0.0246243880073736,0.2224246732360632,0.2189756245745797,0.3130965025463147,1.000398891088832,-0.0536090689320758,1.000189398697646,0.9998450253275052,0.2697492052884627,1.0004443993154843,0.9957599261675566,0.899967685179746,0.9985739148194372,0.9999582655377676,266.0,15.508846360807407,0.0368944511093216,8.486396045282216,9.314046239564798,9.041788553875628,0.9977665196997498,0.9990577899907124,0.99866693983997,1.1355298875110873,3.307986225951244,0.0107840265185241,2.27266004885378,3.624529113718952,-0.1246771350076346,4.279922824286212,0.987026218344898,3.26388404441758,0.9991432797357196,0.9954564053868696,4.74422857969131,1.0071869410427328,0.9999228017558665,-0.1122647435586259,0.9996030600273008,1.003827150984449
1,20261202,loss_weighted,1792,0.01,1489.0,16.30544583965281,0.0383685155035276,8.629660792893572,10.315122578444909,9.219260535482386,0.998537628189844,0.9991120950587536,0.9987414677876923,0.8002341340023199,2.9296027815453054,0.0084509588120526,-0.1762420075902668,0.2493662904428455,0.3003463619287645,0.4283138208983195,1.0018289223888368,-0.2735123807659505,1.0013113077483822,1.000611059799844,0.128283508808181,1.0008678725124929,0.9956132864203068,0.9177483169709716,0.9980269706278516,1.000095068524129,1489.0,12.21923611212588,0.0268316794168147,6.403202065055507,7.765237571329818,6.928911887068418,0.998472204485532,0.9993183935671148,0.9990639043773938,0.564852740187338,1.8689605811310015,0.0057794254268679,-0.0664630721579488,0.1385894781329972,0.183100282870606,0.2390608646289584,1.0020206356380503,-0.2132888119994618,1.0011871501079133,0.99990804492075,0.1666697510272001,1.0002783797035413,0.99591400404397,0.8393461209572877,0.9985384432302524,0.999928921349082,266.0,15.865401110715208,0.0377426696990365,8.753502533575334,9.36714581091,9.345786492089616,0.997620815130018,0.9990580906675725,0.998577363945922,1.253951355484402,3.45625004931082,0.0106637776472907,2.357570126632361,3.773468192004341,-0.2462720051306492,4.456214649068075,0.987037443864226,3.347936469091124,0.9994665470972076,0.9959128266767724,4.780689605228417,1.0077335155267593,1.000151780751914,-0.2706762144273966,0.9993808665900924,1.0041021048757652
2,20261212,naive,512,0.01,1489.0,37.87184420127693,0.0902396334127524,20.8427046882833,23.20246755119353,21.48263819968625,0.9900084610883092,0.9954372040987632,0.9930773568944248,2.0541769666081344,8.389569331316652,0.0181674264899126,0.2924228071722835,0.8014753289882943,0.0610826053689296,0.8553390472848,0.9855891615087994,1.199644011347651,0.988519358757058,0.987840426977246,3.114990284674405,0.9940661030261048,0.9843258235478478,2.371159296943404,0.9906611753566796,0.9921880795643788,1489.0,26.82265692231736,0.0592198357055479,14.524094461658166,16.394521713515903,15.483063722216771,0.9909257975081508,0.996968050919604,0.9952214709924028,1.0504051933650795,4.627381089333244,0.0087339609244955,0.0790432232899314,0.5013278272908623,-0.1291243421300173,0.523689332805957,0.9861948641779928,1.1499634283610334,0.9912399559809696,0.9912023610487988,3.124165241872106,0.998196140716161,0.988916253988802,1.7634062913041362,0.9944623186733969,0.9966084631431036,266.0,26.426921009069464,0.0628677802626873,12.293676010159691,14.35454814266046,18.471454512215985,0.9951379887701306,0.9974989989951248,0.9944261175035116,1.9197806439835907,5.608475278049593,0.0170842861527614,2.546658170667361,3.3964471593074537,1.0025066554298347,4.361919386964368,0.9798030660166468,4.089746079291487,0.9949861128532544,0.9949452021507832,4.642124851593252,1.006423277074004,0.9891038003400908,2.754462247207755,0.996948796839201,1.0020642285936552
2,20261212,loss_weighted,512,0.01,1489.0,37.50139981642484,0.0893569521968284,20.749054907303048,22.847044503156024,21.30362096254716,0.9901057899592888,0.9955709643573538,0.9931908459726012,2.135951104388641,8.330475125606469,0.0196601135091379,0.3396060755711497,0.4034271282898135,-0.0257635865643479,0.5279673255019308,0.98682648829891,1.1689324992888714,0.9896816709701162,0.9886342919767808,2.565899070723532,0.9937625443719762,0.9866006429198728,1.9490478217017253,0.9918081815524036,0.9925533129157044,1489.0,27.802364527372585,0.0613828624175875,15.095850016293316,16.65845475462884,16.357954358246236,0.9902028086735548,0.9968645784961164,0.9946633592839051,1.4698471184806277,4.798580439519908,0.011932156531489,0.0518649532621906,0.1991347811631654,-0.0938984593427007,0.2261892020250388,0.9866346438068662,1.0886696743270932,0.9914108291312334,0.9920157420801718,2.579479157188416,0.997790183406175,0.99002039842027,1.6101014049654054,0.995084306031766,0.996524258188704,266.0,26.673173661523773,0.0634535979460371,12.726340024397944,14.80068721538774,18.1779570005397,0.9948019104207472,0.9973087933979344,0.994593362340364,2.013986276694673,5.827889583078236,0.0174409801224737,2.5406457258616824,3.1082765524672045,0.6205151300720291,4.062179569837473,0.976327225135774,4.349295132087235,0.9924738392326936,0.9962893133482772,4.022718578240728,1.0062358500555424,0.9904177159962012,2.161211571623795,0.9965730725382678,1.0015458730625113
2,20261212,naive,1024,0.01,1489.0,24.146672198254343,0.0575357998339806,13.012629258571057,16.095547000143522,12.436503720704655,0.9961201620026838,0.9978052187221064,0.9976868088353747,1.2910212703426227,5.083954822359475,0.0130037206950676,-0.6314983744808299,-0.4682514170478611,0.1153384952632024,0.7945769660824811,0.9914425300787648,-0.0927706542737212,0.9912159325937604,0.9972556713485218,0.0538923594344282,0.9973633815950026,0.993433760970446,1.0830777433049263,0.996327568463261,0.99613941365171,1489.0,17.265850961328496,0.0381200438199547,9.182347688577735,11.40668159490961,9.147771058417977,0.9963819537410852,0.9985320520211604,0.9983344146108476,0.6742954203224621,3.0465406982067127,0.0067351675396778,-0.2521689136467211,-0.1101195505469331,-0.0540989820627122,0.2804321241987938,0.9925021044004468,0.3294731648234545,0.9939475611185972,0.9989033675378646,0.2168191505849108,0.9993887405093492,0.9958311603939146,0.6577232351208409,0.9978997566241364,0.9985257156196424,266.0,19.353463943479383,0.0460405250427373,9.462721426280527,11.251051659026412,12.586790948692482,0.9970774383071244,0.9985395394367856,0.9974131657658512,1.3480543804096148,3.9096805125990497,0.0142620723078471,1.5118677375695817,3.4826849413463528,0.2123726059860628,3.802622855393067,0.985126599734782,2.648226559572038,0.9949580531082628,0.992528014360196,5.324041629829139,1.0056921903949168,0.9918994059689896,1.514834147836126,0.9962138120199546,1.0014137764819435
2,20261212,loss_weighted,1024,0.01,1489.0,23.71811406158984,0.0565146473138361,12.762589569038996,15.765219144231107,12.293213878608457,0.9962724688768728,0.997896561696736,0.9977379256422312,1.3625616878657223,4.849873419339197,0.0141586397694408,-0.765815703050193,-0.5343059332261397,0.0429644591635591,0.9347740187179652,0.992718872985642,-0.3074389873751784,0.9919679361524708,0.998134420075392,-0.1793553894420938,0.9977759571428504,0.9950617016493228,0.7707760893799502,0.9971210899402536,0.9967209630722884,1489.0,17.767631972215796,0.0392278904106549,9.602369080395151,11.523674434799831,9.523034257247886,0.9960462438795148,0.9985027049008716,0.9981947303909324,0.9027785632993875,3.2776616069999447,0.0088734053294063,-0.3463989724125229,-0.2838091640964451,-0.0919486846766136,0.4571591083280896,0.9937706858825036,0.1368341111422921,0.994371001192944,0.9989533235779116,0.0282361580678411,0.999016533252462,0.9969856083851406,0.4227535167744918,0.9983152046110548,0.998430530709564,266.0,19.87390808537616,0.0472786249311254,10.15564337198188,11.297426198382835,12.814183219354776,0.9965826124975672,0.998520918147774,0.9973183688446076,1.4700210439745232,4.077384004187085,0.0162918696630757,1.3624964295880382,3.4739298818760123,0.355575116901315,3.748468888571789,0.9863561737259436,2.404913232466015,0.9952843344328876,0.99358150616916,5.055669611465845,1.0060821080363285,0.992274003161382,1.597806700934882,0.9968247237195588,1.0018668876038133
2,20261212,naive,1280,0.01,1489.0,19.6877389621705,0.0469112181923352,10.369571990413178,13.210404342757018,10.274446908669658,0.99754161748887,0.9985235622346214,0.9984228109558771,1.051438784240943,4.271131822534576,0.0101544551965027,-0.5661998191138607,-0.417906870883575,0.3861602837486492,0.802712995186391,0.9929378860998748,-0.1216108744520312,0.9926408447723586,0.9991342277866722,-0.2531825865683572,0.9986282124796768,0.9961433494233584,0.9545575218328396,0.998693771797078,0.9977725969847916,1489.0,14.201760000924098,0.0313550554078252,7.382532567607169,9.45183835569245,7.605981311436961,0.9976652922079536,0.998993531930564,0.9988488847444298,0.5723964010825842,2.656372798660098,0.0051941062130204,-0.3038475057894856,-0.0613164813968745,0.060839818137893,0.315886848628487,0.9945238334539522,0.1209608753890734,0.9950545100875354,1.0001898757686931,-0.1179240863479549,0.99992589002737,0.9969863494456868,0.5754154847709572,0.9987960807111328,0.999207028519758,266.0,17.56004776613102,0.0417741145093879,9.66054734571468,10.54071466771589,10.194235470294338,0.996963590227677,0.9987048294993208,0.998307449510111,1.2944018059936042,3.7735284511284255,0.0128001550282299,1.6796778789481246,3.058387981551303,0.491570889473887,3.5237333557043264,0.9852790920739842,2.804385967974241,0.995690282077999,0.99245401958339,4.917979552132692,1.0046141702848244,0.99420238398065,1.423745970796375,0.9982573613788128,1.0015438975918902
2,20261212,loss_weighted,1280,0.01,1489.0,19.305918812925764,0.0460014312246257,10.214019190171888,12.809978542231564,10.212578662690818,0.9976123670150489,0.9986142600493388,0.9984421071829525,1.1029243169708558,4.266615239666929,0.0114995332538423,-0.5366140771199307,-0.4769580271566161,0.4298616474057375,0.8367942777904143,0.9945236257964114,-0.191853929920434,0.9940550118974524,1.0000540159978826,-0.4872352645820683,0.9990802187659,0.9971310401821982,0.8526919775605108,0.9994092943970788,0.9984479267291556,1489.0,14.855509199831738,0.0327984217478588,7.9725955766079375,9.66969545493119,7.976268749673612,0.9972779324041804,0.9989482575324364,0.998734086516175,0.7888569410373177,2.734506646567258,0.0076762878453063,-0.3359319874638868,-0.1444411460210033,0.1337184741688741,0.3893509666089834,0.9962661239903452,-0.046280127929478,0.9960630849298856,1.0007339367275874,-0.3632494785440485,0.9999207637291908,0.9970481754266316,0.6377374605277737,0.9990539146741992,0.9993588638549183,266.0,18.06631303403948,0.0429784838570912,10.078105797681715,10.907580883964792,10.28825201063839,0.9966823972769108,0.998601848083812,0.9982765099183168,1.4437370088272938,3.7324797472061344,0.013866528833659,1.744694004682799,2.943642400674689,0.4979726997951794,3.457884405639849,0.985735171656138,2.834556661765035,0.9962583693613736,0.9909909695992406,5.163780284346814,1.003758884915099,0.9939525535419362,1.4703170004566744,0.9981401701022496,1.0010902018341423
2,20261212,naive,1536,0.01,1489.0,17.060359222518077,0.0406507946628591,8.54912397859181,11.17987867332154,9.642543691881029,0.9983380206393492,0.9989431513452076,0.998609801131709,0.8667001753581272,3.856946388951297,0.0090209482001455,-0.4564733493752621,-0.4538647360557387,0.1107989363880259,0.6531749548394621,0.9921860075537726,0.0354494239465026,0.9922725947442376,0.9994656728193492,-0.3522021265749515,0.9987617552647544,0.998504028040205,0.3312768649171858,0.9993891459182332,0.9980086651879329,1489.0,12.408111547265111,0.0273949866105086,6.113917007118594,8.18888298611661,7.037289708341553,0.9984030672010926,0.9992439095219128,0.9990148264991168,0.5020678015617038,2.1511867976157344,0.0048182382974037,-0.260174174184726,-0.1340766154091656,-0.1084632241527102,0.3121400498268086,0.9940674012180374,0.2000415010609941,0.9949450184642628,0.9998558878382018,-0.0911125006100519,0.9996519227131604,0.9986727347624604,0.1181650401721867,0.9990443739924464,0.9990854483049094,266.0,16.10135397696536,0.0383039849178119,8.69721798508264,10.06142797468076,9.07632449407824,0.9976233548313188,0.998868821881845,0.9986562510226203,1.216970718807004,3.660986282896821,0.0113740313673562,2.147076478921788,3.479914181468376,-0.0164975375552316,4.08901116230676,0.9868768301814894,3.149714041952663,0.9985700392203184,0.992468400296918,5.335961844939078,1.0056620501451417,0.9998226602368396,0.0120162011252773,0.9998568836341132,1.0029813755133306
2,20261212,loss_weighted,1536,0.01,1489.0,17.121419158382366,0.0407962860257649,8.673572095014057,11.095886401966345,9.73619258561962,0.998283767505998,0.99896132449461,0.9985846198363048,0.917401905959125,3.7930669541956736,0.0096995563335466,-0.4736037213604032,-0.5910208464749774,0.0594570589789433,0.7596981424992737,0.9934985872762124,-0.0643132082707467,0.993341498686498,1.0000806574899477,-0.6063669699722709,0.9988687614720534,0.9995946302628164,0.1192008792808394,0.9999131156160102,0.9983870128706815,1489.0,13.32117284620047,0.0294108696853526,6.705431851919633,8.712066412919587,7.522680937969451,0.9980748765779774,0.9991454774342714,0.9988753499455764,0.6844623573807996,2.293640035328901,0.0067668156245847,-0.3008716225069323,-0.300252726411258,-0.2083723047462589,0.4733861535074886,0.995486316974006,0.0492730203380631,0.995702486379819,1.000067896433791,-0.3204946694884825,0.9993504346705896,0.9990397266754494,-0.0444072805256325,0.9989000619529878,0.9989168277662964,266.0,16.68076255427425,0.0396823570372151,9.058895219931252,10.269358637203394,9.524942517773049,0.9974246373234018,0.9988196765568697,0.9985216967720044,1.2811207067624428,3.679982304556341,0.0125011292998054,2.348882913587259,3.553958920452238,-0.17672036610165,4.263696170906097,0.9879385791571558,3.2704006389390514,1.0000798331892606,0.9926606953326184,5.362618410655784,1.0059202559584004,1.0000845210105858,-0.1903101553621127,0.9995424977884216,1.0032024145558365
2,20261212,naive,1792,0.01,1489.0,15.559387680761624,0.0370743350383629,7.504700491336669,9.925806383249984,9.340898413846578,0.9987188140297248,0.9991654616876168,0.9986951688095766,0.737645926781824,3.6869356401738496,0.0072271233135662,-0.3457893574324199,-0.2306315565571807,0.1589609452513207,0.4450053670560697,0.9934397652026794,0.0672042456901422,0.9936039153121532,0.9991398505288192,-0.0669770711588171,0.9990059889402974,0.9981156121205296,0.4366840225395094,0.9992823607719804,0.9983020432428004,1489.0,11.187520535406236,0.0247001305641708,5.3384313036555735,7.129261075959793,6.770184890908895,0.9987834986691272,0.9994263583009708,0.9990879048806944,0.4117226118688804,1.93112329704984,0.0039107768160563,-0.2004707858787335,0.015792931147813,-0.052880575939418,0.2079286126937828,0.994692286906922,0.2112699798322665,0.9956191654642568,0.9995520719232048,0.149333591929178,0.9998863712185468,0.9984247375797703,0.2160927822528151,0.9991043679940196,0.999311627339858,266.0,15.576050504844208,0.0370543250257191,8.44512027025329,9.408294692178483,9.098202236460828,0.9978211006388098,0.9990214202214908,0.9986511130948478,1.191985925552735,3.2071708393391263,0.0106516933894643,2.2769558864115926,3.451236144497154,-0.1890800432911581,4.138998706996532,0.984140954763809,3.488620041300635,0.9970923410981342,0.9946959519351048,4.758337743876723,1.0064613737796857,1.0001075262095265,-0.2063687448496693,0.9995197664453428,1.0031524197300572
2,20261212,loss_weighted,1792,0.01,1489.0,15.583855615468988,0.0371326363306534,7.59902109483848,9.7608970178882,9.478202553763316,0.9986804438202732,0.9991938858572296,0.9986585902456564,0.7944869205325295,3.5555168452883703,0.007950886751451,-0.2857595058156954,-0.3026174585398333,0.1898828588291036,0.4574836843585261,0.9948260844728316,0.0399596310496122,0.9949236880951026,0.9997203984285272,-0.2494196681219307,0.99922190375855,0.999416996645232,0.2758065094317885,1.0001539067594822,0.9988848187885414,1489.0,11.79011079365252,0.0260305467192318,5.772364886387486,7.364756270544663,7.172648131650923,0.9985725765392988,0.999388108778906,0.998976757711935,0.5606492003388794,1.9789328174027268,0.0055003192506935,-0.1345855522361373,-0.0783781842671589,-0.0384941547292815,0.1604313267041217,0.9956520134338108,0.2027053462486776,0.996541317437362,0.999755789767166,-0.0055718621104006,0.9997433165549896,0.9990863933987156,0.1175026064822191,0.9994559492176854,0.9993912841370683,266.0,15.906417093803372,0.037840243828507,8.593731224827902,9.443040292179552,9.48635221978034,0.9977450388390512,0.9990263792497116,0.9985353763310192,1.1697249122420552,3.140636651120688,0.0103572029878384,2.333645491687429,3.6168262565748033,-0.308873853824381,4.3154068763789,0.98389342662226,3.564221313197919,0.997125480174028,0.9952454855045636,4.788503704671399,1.0070854954244768,1.000310065011932,-0.3587279450143228,0.9992883703143108,1.0034343828623409
3,20261222,naive,512,0.01,1489.0,34.28891281267799,0.0809562662955337,20.0794875536295,19.2676014136057,20.032554935042423,0.9909033221948678,0.9966510271442958,0.994052300001012,2.1572253933322227,7.1768408868638405,0.0196813486683923,-0.1251329586532421,-0.2012060188447848,-1.0561767686415675,1.0824285131032096,0.9782816651245894,1.0321670837439,0.9804742665883468,0.9947114140951296,0.9159117275850974,0.9966438795427512,0.9885678610130264,0.578704243083024,0.9900949724271462,0.9924045000977794,1489.0,24.6836423611971,0.0541741288629519,14.121829700153668,14.025236031350344,14.599619186823126,0.9916287950955878,0.9975839192552044,0.995867975015758,0.9923549742119676,4.514814172512044,0.0096545693556275,-0.02995097696122,-0.3563034138350907,-0.5474573108473384,0.6538797220679586,0.9812390863429732,1.3227928388623835,0.9867981853342396,0.996765869867722,0.650627690691806,0.998237550622618,0.9933389177984896,0.5470601984719963,0.9950413563670296,0.9964792434283796,266.0,26.71741046288001,0.06355883417489,12.833543374504382,14.368020097867152,18.511622964073418,0.9947492438030904,0.9974896819087168,0.994415094195141,1.9368930110875595,5.518167103418673,0.017351866046996,2.822134810831844,3.3419539544896346,1.3465219049306831,4.576704312591753,0.9770410189852362,4.576248877224955,0.9940301913425864,0.9958692327791812,4.359918417657383,1.006649526687008,0.9883510505430728,3.2195090726026763,0.9975205490283128,1.0022631774736714
3,20261222,loss_weighted,512,0.01,1489.0,33.928602777996325,0.0801055727994758,20.012442229087693,18.981231862978223,19.757658754476665,0.9909586156533138,0.996752509294332,0.994216110071962,2.2066986043512853,6.818184526797744,0.0203035650181797,-0.0363000732896161,-0.5524827520546337,-1.023089930890998,1.1633004312426092,0.980385568867474,1.008889721945046,0.982528722932301,0.9949680012078947,0.5104356257101301,0.996044960024134,0.990391478809574,0.351000155214507,0.9913177141876494,0.9927269124885024,1489.0,25.62571268235869,0.0562417264334304,14.701287969022523,14.34350743190128,15.323611750552333,0.9909225100536924,0.9974785053320034,0.995447995485304,1.383007336697676,4.57401196121032,0.0132664030422025,-0.0024672223435483,-0.7465354977346853,-0.4623158059560027,0.878098651064227,0.9828872806002776,1.231434588788602,0.9880624422576636,0.9968185558522608,0.2439920749505404,0.997370451269854,0.9939372580631948,0.5338852622147954,0.9955986965376225,0.9961505746510202,266.0,27.03807660983437,0.0643216763106609,13.342446376660654,14.839272587419895,18.24370303752656,0.9943453804038568,0.9972960774269942,0.9945606100290236,2.052711038550501,5.268514479405748,0.0175840354455677,2.849866370782322,3.1166814140579686,0.9081688606894698,4.319746757343119,0.9730919087820724,4.9057006987432885,0.991304160112918,0.996927904105404,3.8737525054477535,1.0065061086804667,0.9895857835247414,2.5826283380562245,0.9969413790828554,1.001679750534119
3,20261222,naive,1024,0.01,1489.0,21.584596808671623,0.0509613231737828,12.72337157542134,13.444584554257528,11.101971955922853,0.9963632938877758,0.9983842288519046,0.9981855706028552,1.2070732731969096,4.481689563808854,0.0137847723422109,-0.2957801562994216,-1.2251796002642408,-0.8564335421332635,1.52382064753536,0.9891305562636415,0.2834174557220734,0.9897326114328656,0.997818422922714,-0.7643610540444286,0.996205711476882,0.9987197205780728,-0.6733440503946042,0.996942869280924,0.9955232607530424,1489.0,15.686094344200532,0.0344268679607432,9.020851932334624,9.718867977996458,8.37982048831176,0.9965968236337572,0.9988487717009212,0.9986446217455172,0.6664877034580003,2.918288774329522,0.0062439530892376,-0.1644795896821415,-0.7638548623569926,-0.4693808787159777,0.9115076497060292,0.9903953641848228,0.5280566023040478,0.9926145468406076,0.9998867920485232,-0.7286081026536522,0.9982387242858428,0.999325622594292,-0.3585703743403599,0.9982097599588492,0.997766549840961,266.0,19.48334839568432,0.0463495109892256,9.33867211735008,11.36863374057893,12.77279275118848,0.9971504504181188,0.9985087015648064,0.997337153551532,1.3992484083433057,4.160690453793444,0.01394787838019,1.4829182810624926,3.462905349697828,0.1377939013841312,3.769581840010087,0.9856489789830916,2.579366238255133,0.9952247906948484,0.9914562461379028,5.568382939873743,1.005224578233305,0.9912237861109114,1.5488856101933663,0.995635174287245,1.000996221003697
3,20261222,loss_weighted,1024,0.01,1489.0,21.58517407941409,0.0509626861124157,12.68933825602964,13.420256207424336,11.171264833928188,0.996379035823364,0.9983937654358954,0.9981661004427952,1.2774331923646618,4.544727947683529,0.0144251909344729,-0.3150434673546534,-1.3478721539213712,-0.841798268235801,1.6200728545482983,0.9905246953613992,0.189864967057332,0.990928019795246,0.998423796869188,-1.0149278619913105,0.9962824190856568,0.9999521984278888,-0.8349622874395379,0.9977488614820326,0.9959767078076944,1489.0,16.62260299444157,0.0364822591204848,9.649576913500193,10.130879788662869,8.975626463312997,0.9961006546425576,0.9987528453771676,0.9984463285088784,0.8820512924930618,3.170082002621432,0.0091977253412586,-0.1870111393996457,-0.9372891887595598,-0.4400028772468842,1.0521818861825385,0.9917706283562988,0.4063624991470789,0.9934783858317926,1.000116195907916,-0.9734662345536548,0.9979142737588448,1.0000442229773054,-0.4472693876292055,0.9986523310828594,0.9977353858333612,266.0,20.08796497907696,0.047787851176297,10.153776222891876,11.416895424663966,13.041536116514228,0.9965790422918344,0.9984904753890548,0.9972233853003448,1.5522500161931536,4.185356778309731,0.015918601360591,1.3055941004812444,3.4276540557081705,0.2878558254529745,3.6791642063206846,0.9863048211757964,2.35193434536653,0.9950362995194376,0.9915944294066984,5.499078490739095,1.0051913999629107,0.9913460854354644,1.6792835236705344,0.9961288605043782,1.001113280930919
3,20261222,naive,1280,0.01,1489.0,18.62513719190425,0.043974026663836,10.457037739760818,11.939522213239243,9.746481747073643,0.9975581546701128,0.9987185243622264,0.9986010161838412,0.9524001390131788,3.876435555748568,0.0095764856849569,0.2373278152992667,-0.5813157590218135,-0.6051252422869884,0.8720258381806795,0.9891890306239268,0.8134095171911113,0.990916931974509,0.99856293850538,-0.2777626113131362,0.9979768922382152,1.0001042520092411,-0.6200340559863946,0.9984680775810124,0.9971380741799684,1489.0,13.603023584997326,0.029855073324911,7.4608376984840925,8.744719307981036,7.273791014010219,0.9976802720851016,0.9990634111639364,0.99897935816619,0.5592901279853774,2.5152436127028186,0.0053799281350564,0.0775328677389544,-0.4287811863038707,-0.382716225933779,0.5799451361128708,0.9908721745246106,0.7356889516845371,0.993963941873996,0.9994007276209372,-0.2422005683690145,0.9988528844836208,1.0001178724512183,-0.402084469384647,0.9988665949676742,0.9984523269327948,266.0,17.65690976236442,0.0420045423633523,9.735455877783266,10.2924593432206,10.538151729604502,0.996923052611934,0.9987954444782844,0.9981868769163494,1.3187780260134947,3.979694344922681,0.0132291974072616,1.7006284783508383,3.237797697826012,0.2140783711072189,3.6635093424749487,0.9844861908960524,2.885915872206539,0.9952000579686536,0.9909820941446238,5.460122801670877,1.0044827432247656,0.9942521454645448,1.1382525059817965,0.9974940076224242,1.0011687889274326
3,20261222,loss_weighted,1280,0.01,1489.0,18.485058240953183,0.0436432996758575,10.243317583802312,11.884245890102504,9.774278626700772,0.9976522875908088,0.9987315043132016,0.9985957006184764,1.0475406084854726,3.7056845270195584,0.0106931108641018,0.3197152883065702,-0.6431556205791586,-0.5484893131410463,0.903718730850176,0.9906041350586244,0.8203906373787149,0.9923468661926622,0.9989120360412028,-0.4133429886751685,0.9980399312088546,1.0011672979476895,-0.7154216126763799,0.9992794104409284,0.9976183004061956,1489.0,14.527711362155664,0.0318845207648286,8.019975830686727,9.366878311146548,7.680883790390278,0.9973103898707316,0.9989261894456348,0.998862936677786,0.7858187248433759,2.5929851164273705,0.0074208572696764,0.0680843973157526,-0.5022077962486,-0.4193490308829222,0.6578007034605319,0.9921178350828278,0.6364229144013933,0.9947924322514294,0.9994566205155891,-0.3330291664357787,0.9987033285452744,1.0003490769855907,-0.4767077094386138,0.9988655737208032,0.998421378866466,266.0,18.220813600340264,0.0433460298019754,10.101823260943586,10.747082870171058,10.698197270787247,0.9966771705774878,0.9986774022788304,0.9981309390117228,1.3956294288481912,3.735622361714978,0.014314584202693,1.792795072574166,3.204336951303649,0.1472365139336308,3.674720133666168,0.985070006877589,2.9334777069791045,0.995960445686182,0.9896720001395536,5.749514704372899,1.003888196958625,0.9940976342695926,1.096253874927157,0.9972198799346612,1.0008344188502185
3,20261222,naive,1536,0.01,1489.0,16.1799823781972,0.0382010059409659,8.784647878103218,10.627867292367274,8.465827084953858,0.9982734407078442,0.9989864369659628,0.9989391550107544,0.8130763648577051,3.1891456966994887,0.0085382834193151,0.2651122215352971,-0.528262904835532,0.0421707468658748,0.5925576415201145,0.9925872047369207,0.6601161811600207,0.993989469668497,1.0000116600243287,-0.5307258732614457,0.9988918911848788,0.9997337146443056,0.0802515357909783,0.9999454860936632,0.9985246627788704,1489.0,11.80783721602628,0.0259151095115261,6.311152462183552,7.761035028146839,6.273811410229628,0.9983382692127178,0.9992634163976668,0.9992374242337816,0.4799587509088849,2.031313540804061,0.0045757034600562,0.1538198781854776,-0.338529486956911,0.0106293284988321,0.3719889125883198,0.9938333118090688,0.5984650307028829,0.9963483891898548,1.0005660572963166,-0.5147687461372925,0.9994016813133232,0.9994495035706498,0.101084297003041,0.9997640755434828,0.9992415129804084,266.0,16.151224633076822,0.0384226236895741,8.780049826556338,9.728112187940209,9.44121895997253,0.9975797232581416,0.9989728967211924,0.9985454860676358,1.1982161510735734,3.555852123397842,0.0108573943848495,2.1289411030943994,3.57177717076486,-0.1222771851124522,4.159919961734944,0.985866541537719,3.208766827046503,0.9977789820849424,0.9909027645905024,5.813651831062003,1.0052775462751329,0.99941635192475,-0.0284347867552128,0.9993353666788009,1.00250574718648
3,20261222,loss_weighted,1536,0.01,1489.0,16.025242749794756,0.0378356650323213,8.757184425344075,10.40085953075205,8.48187757232588,0.998277944059488,0.9990310133606536,0.9989374383271624,0.8762029560995486,3.2476016618810326,0.0096270843501254,0.2157311424744057,-0.5320721376051473,0.0734228780247661,0.5788191465962946,0.9945230315542992,0.5075811323920902,0.9956012708736756,1.0007315050414842,-0.6865892955267725,0.9992828828103764,1.0006962296237925,-0.0261431430877507,1.000627241893553,0.9991741986534288,1489.0,12.508765995188345,0.0274534645666848,6.667232793502095,8.170469340574787,6.727604652055423,0.9981404247532984,0.9991845091946564,0.9991234719337264,0.6348050063024894,2.1660978068086285,0.0065726282599175,0.1027964467352014,-0.411904593909686,-0.0502723679045125,0.4275041694767585,0.9954577328713716,0.4303137457538213,0.9972661465848942,1.0006805613632277,-0.623794152197263,0.999269576460588,0.9995906557191828,0.0169891474379539,0.9996435255494608,0.9991991123639504,266.0,16.81416078258413,0.0399997020091072,9.099603398741616,9.974870460844194,10.020737502678037,0.9973890959060576,0.9989117848518744,0.9983651237091472,1.325539322107672,3.5535786188039387,0.0116306962420272,2.2558629453588983,3.629871997707085,-0.3129977770810133,4.285190305743608,0.9872950965275415,3.226544086602715,0.9992735345619526,0.9913704978854316,5.756480934465316,1.0056039193405242,1.0000583768078488,-0.3223839463998956,0.9991401936185744,1.0028015475117138
3,20261222,naive,1792,0.01,1489.0,14.172951891645427,0.0334623985835328,7.312773154820205,9.459267185394436,7.610399360372394,0.9987978986064696,0.9991944602604408,0.9991449765737735,0.7236409143777676,2.7370977428717524,0.0071942693206856,-0.0358968395955789,-0.322555532597889,0.157828682380191,0.3608885529970794,0.996530536258119,0.1489796971466646,0.9968470093439,0.9984600989110106,0.0027206121410472,0.9984658390809422,1.0008271577050722,0.0395389706066566,1.0009314949620347,0.998984329607052,1489.0,10.32626397853732,0.0226634443677383,5.220962061046277,6.909275999088212,5.62451669745733,0.9988598155264784,0.9994140264330146,0.9993875960182004,0.3936368826236898,1.7812829841316349,0.0039546035288269,-0.0356962134026889,-0.162993743274885,0.0194561350636162,0.1679872649627439,0.9971831351309668,0.1674120467415605,0.9978866921149668,0.9994604341153324,0.0049975403135249,0.9994717382513328,1.0000611606196994,0.0094065114263912,1.000090433463698,0.9994980989296068,266.0,15.583606783676007,0.0370723008798505,8.260845270145907,9.375191181063702,9.3119829321926,0.997925680103228,0.9990284893173552,0.998585984774484,1.1833311648441038,3.237628951149003,0.0098414221039435,2.254622203995787,3.457600298920286,-0.0714362399479862,4.1283682304540585,0.9840594563706566,3.472513006214044,0.9969510458708072,0.995187450659408,4.643579547829177,1.0066691224510715,0.999893737122754,-0.0543506644445415,0.999738940747264,1.003323166394959
3,20261222,loss_weighted,1792,0.01,1489.0,14.142305538439553,0.0333900424156754,7.354323046637159,9.339398437423853,7.661225443447298,0.998784160494292,0.9992147894399784,0.9991373146997732,0.7755354694896806,2.7395699188351363,0.0081178429323877,-0.1308922546976212,-0.3139578420290009,0.2102342497133396,0.3998759165839634,0.9981860311078716,-0.0342317009392374,0.9981133137360736,0.9987846240389784,-0.0572317381018478,0.9986638718386754,1.0019554456794728,-0.0694090449029545,1.0017722858945195,0.9995259113885104,1489.0,10.957664398889486,0.0240492028889382,5.645154322351271,7.253734189832866,5.96539873426567,0.9986673072420452,0.9993543385903292,0.9993118159588612,0.532422682637729,1.939833500132168,0.0055031626894611,-0.0397218917089035,-0.2085256136879251,0.0873591402366713,0.2295482076334948,0.998418844035949,0.0742863592390108,0.9987310359473186,0.9994305141596382,-0.0312188935517383,0.999359898897659,1.0003650888829216,0.027369462474553,1.0004502620113034,0.9995852448230984,266.0,15.871287479498092,0.0377566729549989,8.397219493684565,9.436433743372952,9.609276207846724,0.9978524696267752,0.9990226888921088,0.998494620455835,1.2163132010471729,3.2061235862039945,0.0109674595094949,2.276289177145145,3.582208224651533,-0.1108254927304016,4.245702588805314,0.9838585363289182,3.50953068988521,0.9968875527533976,0.996118147425616,4.538831476638052,1.0073408201063916,0.9999096349457932,-0.0962960634834928,0.9996353736878392,1.0036615498601948
4,20270102,naive,512,0.01,1489.0,33.83579179013297,0.0818268574736565,18.91682586550188,18.32051409826512,21.24554702554813,0.990934402053234,0.9970638816218192,0.9929877563120538,2.0588284714815424,7.642454973687121,0.0214090948499635,0.7264820290124772,-0.4565912915958932,-1.1870385619615185,1.464688462992373,0.9878061851884972,1.4953639476154308,0.9917788372441804,0.9885784741078252,1.7060113805875972,0.9920610016676712,0.9915722352259158,0.0734806860152161,0.9917739081977608,0.991930333184364,1489.0,24.48902933838892,0.0544949024532042,13.374985403483274,13.547969338790312,15.403728450874466,0.9915777737122976,0.9978833650421444,0.9952211087147506,1.1116653541409105,4.524282471884672,0.0094916044933046,0.4149656381522525,-0.3258295505253166,-0.3899157468787321,0.6560454759440351,0.9890086707331782,1.270362444705242,0.9949323471562304,0.9929169453734152,1.7879619847449817,0.996948364278496,0.9960675760452288,0.2694238817414316,0.9969215387820848,0.996774721456909,266.0,26.24061751804341,0.0624245774040577,12.411410290100475,14.460691784342268,18.03927092366237,0.9950966541063928,0.9974791074670448,0.99469260519573,1.9317217103289044,5.236251640265508,0.0170965579413023,2.790349146637997,3.611345053633781,1.2019221395951467,4.719372658118614,0.9785247919151002,4.431099864460265,0.9949751033709746,0.9954054447274068,4.743602995448498,1.0071344335694634,0.989067246864084,2.9597550159941197,0.9974969386350409,1.0026391947071294
4,20270102,loss_weighted,512,0.01,1489.0,33.676357255739816,0.0814412886356909,18.9352715396164,18.299680482552606,20.992241994929863,0.9909200740005172,0.9970673512921608,0.993166357765164,2.192815785425494,7.047048400600765,0.0220862302251819,0.6317074554713036,-0.6077218581039627,-1.0995568126012565,1.4062024570641298,0.988814178784202,1.33703026137772,0.992366194348602,0.989492480760764,1.3818187163616358,0.9923132249933042,0.9940163017985602,-0.204590358365067,0.9934547890008466,0.9926844105969352,1489.0,25.947657346390063,0.0577407555212525,14.181551913076955,14.270676029338722,16.386345314560884,0.990543702071882,0.9976485830237376,0.994604351345761,1.4483577610210798,4.901682456195768,0.0135591653507777,0.4343906526099316,-0.3922709536383315,-0.085158837613893,0.5914590161346411,0.9896432850082588,1.240398799145666,0.995427241510048,0.9935961209503444,1.5188346415733918,0.9970207232293486,0.9975922750538068,0.3185383451164796,0.9986019104106688,0.9973032165715364,266.0,26.60993917633561,0.0633031675679212,12.84157085762328,15.082088661621205,17.76832919775853,0.9947573412730312,0.9972233614307936,0.9948383697322902,2.1065547706894745,5.345268309842059,0.017016306461774,2.7533762725517947,3.3641515904185324,0.7817662177921293,4.416984858571259,0.975003039024168,4.663196261365357,0.9923150006647956,0.9968607811478608,4.137764109051403,1.0070917783693178,0.9902701677382236,2.3461863431684264,0.9969523517714504,1.002131329841813
4,20270102,naive,1024,0.01,1489.0,21.54974884618811,0.0521148799581024,13.224181158661702,12.417635686479349,11.632498956568089,0.995572453161048,0.9986517904689842,0.9979094412147635,1.251828870768845,4.459835573526364,0.0119154581383142,0.5462932906019996,0.5556586289443902,-1.0456956486181606,1.3040982558136007,0.9909494498251548,1.1169764189272513,0.993916860316679,0.9941874941020016,1.6562244295004973,0.9975683902007364,0.9969670343749846,-0.5920627279960797,0.9953420760852802,0.9963519575250084,1489.0,15.694679861265584,0.0349250285201465,9.394851406042386,9.144587820880442,8.62764490415572,0.9958443733648232,0.9990375035637692,0.9985028918559018,0.6899170143482076,2.831015690517431,0.0062257552635041,0.2662273176738536,0.0820146984158554,-0.5059024675433552,0.5775298278864168,0.9914649199114336,0.930467290310446,0.9958036715590488,0.995387375947734,1.4585571918859728,0.998676067255312,0.9979030576655512,-0.1543134232451279,0.9974139476713062,0.9981080656124548,266.0,19.52376689313778,0.0464456637425327,9.406017654177637,11.622018245163328,12.555198026951714,0.9971319878926403,0.9984464375871602,0.9974281572916576,1.453409588462668,3.792509316205348,0.0154846891014402,1.624255273321484,3.665309894958853,0.1241574958797547,4.010999489251907,0.9845817839412409,2.8022391590159685,0.9949850039881164,0.9925128878225816,5.5103942875022085,1.0061378377130892,0.9911886353771268,1.5409009480978,0.9955772824008998,1.001464916073199
4,20270102,loss_weighted,1024,0.01,1489.0,21.44120420298789,0.0518523807943836,13.119551795014717,12.336975094046846,11.636221203682044,0.99564503927795,0.9986681427793468,0.9979086321849916,1.3386661711875674,4.385233757035048,0.0125375636168742,0.5895374768578483,0.5964636886192619,-0.9960810790956922,1.3021140059893574,0.992913706783342,1.0363642335728471,0.9956669592671302,0.9947933031027985,1.582322910008628,0.9980233420142518,0.998172225702772,-0.7227055466297259,0.9961887089004458,0.9971115250333972,1489.0,16.701847625889183,0.0371662569628409,10.206129661396728,9.45106212023246,9.2446771848824,0.9951006744833152,0.998971241758322,0.998280139917608,0.949034596720222,3.027387407663983,0.0085131421245642,0.3839770760050767,0.0588803887028174,-0.4321317371393,0.5810706784154853,0.992983578312874,0.9300279274443142,0.997320281219626,0.995385200703586,1.4360720389151993,0.998623193466372,0.998488820654256,-0.1787560990948691,0.9979222374448314,0.9983318990211956,266.0,20.2048666078417,0.0480659519019551,10.235451029640942,11.744889160790397,12.865836757135035,0.9965514284977612,0.9984080941217848,0.9972982569443996,1.6272958728836155,4.176554062608111,0.0166901247865747,1.5430752759604962,3.67860809992968,0.2444419437424822,3.996622414490693,0.9854287824349014,2.656346708999166,0.9952903815941307,0.993092504667507,5.380854777625814,1.0063971563653953,0.9912876505920616,1.6452651425794895,0.995973537754512,1.0017733488104403
4,20270102,naive,1280,0.01,1489.0,18.521114374820435,0.0447905754829615,10.971534672231794,11.140360388399674,9.927208824124287,0.9969516779194828,0.998916162523019,0.9984706883765154,1.0871599488417152,3.791557709870255,0.010337402896911,0.3055049657998835,0.593997753039669,-0.5636895245187254,0.8740208777807944,0.9936085885437456,0.7085159003623787,0.9954908641947986,0.9949573436481886,1.548796805660288,0.9981189448084666,0.998159172480979,-0.2883616550144552,0.9973677433982284,0.997514718282715,1489.0,13.658538884602129,0.03039404844858,7.869747513123348,8.327086276454738,7.435213022258114,0.9970842372569166,0.9992019462390344,0.9988858554285632,0.5983948250481368,2.584395740075029,0.0058225052863394,0.1241367535648951,0.1302520675186362,-0.2476922411967156,0.30614862571562,0.9942379229767268,0.5725686188260397,0.9969077997839764,0.9960184944983932,1.3184502490404952,0.9989912787660344,0.998680415752345,-0.0264408711031478,0.9985966090812136,0.99871570453688,266.0,17.660177948307677,0.0420123171470915,9.523876618239566,10.697117478655567,10.331957073772806,0.9970530948063168,0.9986776629910208,0.9982579306156488,1.3900101583579307,3.8362684932800986,0.0139866033997077,1.6161185195702743,3.2245676862776085,0.3128895856968786,3.620438609550134,0.9846433769614016,2.7893965699759207,0.9949989193219072,0.9919910100369214,5.198260884768956,1.0048441817661022,0.994507200836284,1.1960544055186233,0.9979136888480732,1.0014833132268464
4,20270102,loss_weighted,1280,0.01,1489.0,18.47845995702128,0.0446874220829311,10.8147389812038,11.185708858277245,9.968692014980064,0.997039124053016,0.99890505116254,0.9984585028716,1.14129442571081,3.8020259274735966,0.0116528471688626,0.2993089643337887,0.5405497945093686,-0.5380678638934577,0.8193271401763489,0.9954118737117108,0.5886136157382538,0.9969756114855785,0.9955889707424644,1.3757537549505798,0.9983973344038642,0.9988447283448056,-0.3652768336439465,0.9978422000808228,0.9980230536118389,1489.0,14.858901872054147,0.0330651900036719,8.724363876530601,9.093891694567706,7.872329619667528,0.9964207873265306,0.999045791834014,0.9987514413751796,0.813947151551106,2.763143263108093,0.0079946397882218,0.1439477471565412,0.134464760751443,-0.2605182391630822,0.3266059992284576,0.9961016750241678,0.4473336847699869,0.998187583666031,0.9966158701437214,1.1443885043306636,0.9991961875612498,0.998918698006886,-0.0792190550552334,0.9986676062305042,0.9989743697103076,266.0,18.251138133254745,0.0434181697259258,9.8546670256202,11.163026070017963,10.553503206679702,0.9968317559901704,0.9985506463356846,0.9981828733169,1.4856752174784886,3.77920385213135,0.0156300587106803,1.700109951600776,3.1920447161662504,0.3061125270955567,3.6294942067430966,0.9856471224975968,2.796699748159824,0.9960297776651752,0.9906224604717864,5.502996043455028,1.0042291175325688,0.9940163767902704,1.2681949474414864,0.9976283286087982,1.0011652825579866
4,20270102,naive,1536,0.01,1489.0,16.489966763338888,0.0398785454307751,9.73209169380723,9.957239392570168,8.835087933823774,0.9976105028166432,0.99914335704442,0.9987885071854756,0.9164891279490704,3.708804829821274,0.0092169417142101,0.5910525847149015,0.9680572200516472,-0.5157862988926032,1.2459989748461349,0.9936494402625442,0.9914876110473968,0.9962834714644418,0.9946408072374506,1.9827906889812252,0.9986883319482204,0.9977258423562048,-0.1756463495963771,0.9972437684502876,0.997894106489171,1489.0,12.069011748104948,0.0268569084070861,6.894024997862988,7.379391487420886,6.608936766236715,0.9977661965453538,0.9993770852574028,0.9991196368589144,0.5079901279502416,2.300171100096824,0.0048290272634165,0.2651423240717759,0.3368735407857225,-0.2346652747463036,0.4887248977363959,0.9948326535319514,0.6672894674991028,0.997944211892678,0.9956416479366887,1.6375338045901344,0.9993338879249316,0.998193471348652,0.0682308381273628,0.998409735003116,0.998976956871422,266.0,16.10738299841191,0.0383183275343949,8.500419877826541,10.004308507266432,9.33297703038087,0.9977260083932266,0.9988983703029324,0.9985783270821048,1.220174362181501,3.531537710056029,0.0114709437933742,1.9649976897080068,3.584717071152773,-0.1561598657979694,4.090941004763813,0.9856545762098408,3.061018007095228,0.9970185041575332,0.9916063462239582,5.653204788659792,1.0055844080372411,0.9992259078311928,-0.0316967368151779,0.9991356322103888,1.002526446606467
4,20270102,loss_weighted,1536,0.01,1489.0,16.369700224885936,0.0395876985972835,9.6855974007202,9.851811129483965,8.78055271112067,0.9976302509512476,0.9991555686266916,0.9988041773307264,0.940467813561816,3.611361365582248,0.0104897915176032,0.5237502193635929,0.7981960765922205,-0.5347783533750822,1.0942664923176575,0.9951777687635004,0.827816376048979,0.9973769834986712,0.9958050502797404,1.5924865733571494,0.9990558365543843,0.9985027745803164,-0.3108421721144339,0.9976496461186132,0.998374619330817,1489.0,12.884471450983758,0.0286715330844814,7.284520156465288,7.971802038369554,7.028210506402988,0.9975050982489844,0.9992680884232044,0.9990046431192872,0.6735068635439507,2.363698006641436,0.0073261563765007,0.2344254366920532,0.2446352077058854,-0.2771310663761405,0.4377251399775188,0.996307083962552,0.5218254870969616,0.998740346491484,0.996764463501424,1.2102143290468916,0.9994932021250336,0.9981890291980896,0.0265098507037464,0.9982730545061442,0.999111366653614,266.0,16.735806332960365,0.0398133023025405,8.77128671169106,10.21788380314535,9.937132062174076,0.9975655351320182,0.9988454676015166,0.9983919146235626,1.3125624219492291,3.701067600497992,0.0121966744102303,2.084999117806368,3.645950994894237,-0.3876937764591955,4.217877006590969,0.9873644846974988,3.0503788580478925,0.9986889151568006,0.9920167263771592,5.613306794281471,1.005896136778987,0.9996719763477562,-0.3349521885917568,0.9987179974905273,1.002763394800381
4,20270102,naive,1792,0.01,1489.0,14.48068108600171,0.035019385232512,8.415342727895124,8.601802696639602,8.054881864722432,0.9982135202529252,0.9993544447915228,0.9989921822115856,0.789087135854451,2.7716479968988668,0.0075858419103739,0.4233800713515668,0.5132708802960096,-0.3286023257313225,0.7420762560906612,0.994139674255832,0.7929033560223928,0.9962461374698764,0.9964860960540568,1.1786091315098304,0.998892023018832,0.9967043057845764,0.1643262390005588,0.9971553108413946,0.9979712285251228,1489.0,10.625716411978166,0.0236451747990864,5.950215751062635,6.402049092747368,6.042726966994361,0.9983366263720732,0.99952880550946,0.999264166050635,0.4263287969126617,1.8778010733316564,0.0041143887965859,0.1780452091507014,0.0692607881320287,-0.1788916509839589,0.2617238545986081,0.9950340978777192,0.5645150085657775,0.997666420850299,0.9969642178025055,0.9752273590946174,0.9991631180284332,0.9976641441720888,0.2127554175414445,0.998338491217608,0.9988234127334064,266.0,15.335618670384347,0.0364823546576316,8.146030901877507,9.13577404254518,9.239102401892485,0.9979662253211408,0.999091020844782,0.9986068698165108,1.1647951698494254,3.425787825069539,0.010376319966262,2.094202125596269,3.499254925666894,-0.1641530338210162,4.081349506740216,0.9841201000513566,3.307459624041797,0.9963989343379868,0.9947311003852256,4.797694726584865,1.0065938359408155,0.9992706211450788,-0.0468791765783009,0.9991371043482842,1.0030241185038695
4,20270102,loss_weighted,1792,0.01,1489.0,14.401906030473665,0.0348288794130782,8.34514732091089,8.57165583730086,8.018736166613387,0.998239454634036,0.9993564255762786,0.9990000891175184,0.8296104714484926,2.655499334628198,0.0080179707286355,0.3363075123167922,0.3539147529369581,-0.2927847486017709,0.5692813928110945,0.9955634525850634,0.6160543463552699,0.997200090655256,0.9972181124168016,0.880649759969657,0.9990158067901004,0.9977777296325016,0.0395945533282144,0.997886399701762,0.9984038062241828,1489.0,11.395816068459409,0.0253588607553282,6.297725407318134,6.945485182160009,6.477925141939585,0.9981337652167472,0.9994437859988072,0.9991535883892352,0.5618001122261738,1.9965866188365,0.0056834230774501,0.1010780698141621,-0.0436292057477273,-0.138431450530339,0.1768715643835036,0.9962880733654184,0.3899576140713492,0.9981064384580672,0.9974609417230345,0.7141003581700147,0.9990710641465612,0.9979574462246932,0.2040384009244178,0.9986041639178348,0.9988690381470368,266.0,15.706096650792608,0.0373636956302132,8.323206628289968,9.145033841398558,9.683700711324354,0.9978719494764308,0.9991007637157316,0.9984700869759104,1.2120008137839342,3.617265544329954,0.0098583524275533,2.135057603975513,3.660131970689299,-0.2473379690278389,4.24455098756964,0.9840156499084876,3.356295311330385,0.996475785066376,0.9957204143851838,4.714770453102545,1.0073781121500178,0.9991464913108372,-0.1101057809915175,0.9988328985334136,1.0033782449560826
5,20270112,naive,512,0.01,1489.0,37.54487049834804,0.0891753954580334,21.021418647406637,18.8243466720285,24.766130726447336,0.9891914883390096,0.9968435709543184,0.991071435395806,1.9529100409441729,7.193235072554949,0.0212644242263779,-0.7073732710381575,-0.9774777997363756,0.3832047218317121,1.2659722162791758,0.9802155502254578,0.6049740709403295,0.9818254150667736,0.994845327971282,0.0304904483647874,0.994908557346074,0.9787766544482188,3.641316884511156,0.9884083185053752,0.9909404729528208,1489.0,27.035997332806385,0.0594890865682724,14.82378288980435,13.886384007020112,17.84289639674662,0.9901738249862548,0.9977633881834548,0.9938687870298456,1.0595451780784564,4.425971473487563,0.0099885231288068,-0.558196661959508,-0.3858650674011258,-0.0291072816712595,0.679207330282516,0.9829516007580664,0.772778771852586,0.9864364979981054,0.9979319577882106,0.2387566095873694,0.9984689419246796,0.9876814655037766,2.064881257073182,0.9940705059296188,0.9962904590397348,266.0,26.685974769970773,0.0634840508797212,12.597457628407572,14.481717213941083,18.539826786122763,0.9949214640288744,0.9974498808135788,0.9944002349622908,1.9337188100395333,5.540626076989658,0.0180884894709706,2.7789446786372816,3.3626894982641296,1.3882664912008034,4.577936002092353,0.9794648535245956,4.347872727525271,0.9956061869916996,0.9963366056337094,4.265477062922287,1.0068833847223198,0.9877753081112708,3.3538249409988907,0.9973273522343792,1.002516912175068
5,20270112,loss_weighted,512,0.01,1489.0,37.01940647906909,0.0879273298475732,20.737154420909,18.60427354331356,24.378020602819284,0.9894885928499444,0.9969222182261356,0.9913471642136829,2.062803107067108,7.3168007608474595,0.0222163532703825,-0.7135117183289782,-1.2022304086511892,0.4341525390640687,1.4638802392457364,0.9825405656820096,0.444612084999946,0.9837236996344332,0.995415479473539,-0.305752204471446,0.9947814277699152,0.9807450715617088,3.3900821960193355,0.98971219358756,0.9915666982441668,1489.0,27.84733006987013,0.061274315455401,15.169956197327943,14.385708388831034,18.39558683877634,0.9897227228659328,0.9976037101258686,0.9934846304957946,1.4241629595427572,4.729576554119958,0.0140956781868468,-0.6262918053992508,-0.4109334969050078,-0.2787533654689558,0.7992566566185735,0.985125440554895,0.5349710750192287,0.9875379281784435,0.9990113660609348,-0.11233118336105,0.9987587235745132,0.9886358799192856,1.6529972992896376,0.9937504919739948,0.996486072861407,266.0,27.05922947396621,0.064371997481777,12.947527927728077,15.085320268864344,18.357465311726823,0.994638733540946,0.9972082695178356,0.9944967396654824,1.9426267902994336,5.453632479831396,0.017578040189138,2.713869456075502,3.173085251662195,1.0490978454267463,4.305132254439429,0.9760486284654626,4.543804229361939,0.9929173511424284,0.9976256411217864,3.75820971683342,1.0069181556676168,0.988577064777496,2.8857451043069204,0.9967959685811556,1.002053590830507
5,20270112,naive,1024,0.01,1489.0,24.30117953929472,0.057719397263832,14.348309727336767,13.846774242406118,13.890290783467709,0.9949775185084184,0.998309991074412,0.9972126063882644,1.34756065919079,4.991186993491075,0.0130951580569457,0.0848915064069665,-1.5484868159323826,0.5014705659816712,1.6298744477788558,0.993008031078361,0.5486846335383859,0.9944681070434856,0.997207369499135,-1.0024030189675557,0.9951286425673276,0.9896579247740198,2.089139248984594,0.9951839166206592,0.9950538526196688,1489.0,17.588194111582503,0.0387004625427259,10.20830306978922,10.104722606167678,10.1503547521474,0.995349027634098,0.998823824551498,0.9980237851018768,0.6761453645896693,3.163695155969694,0.0064885572046205,0.026952832646229,-0.847230130633081,0.2428445650397768,0.8817589422339653,0.9938326062929927,0.5084437572887737,0.9961254672139044,0.9994379558783916,-0.677472985552015,0.997914260904014,0.9937339088576744,1.3079974887727417,0.99778104173955,0.9977288914587475,266.0,19.234603342967123,0.0457577640615268,9.190468826385946,11.3996484175295,12.472099441121664,0.9972864871193736,0.9984914961347802,0.9974590806695508,1.3619798867703443,4.0293268856665,0.0147197086442688,1.8284502228894983,3.464227115023264,0.2773950605793052,3.926964188999036,0.9855021271697044,2.9361179651140503,0.9964023678491586,0.9931719613260208,5.146892913331811,1.0058981210846798,0.992631260037025,1.4621847657451497,0.9967957151425364,1.0018840578677068
5,20270112,loss_weighted,1024,0.01,1489.0,23.93536449515241,0.056850524877461,14.00164930374808,13.777117116126163,13.676495686366318,0.9952199698103228,0.99832888901416,0.9972913529899884,1.3722949873594477,5.0681551802826,0.0142647361605505,0.1697250388718867,-1.584685473469584,0.493849351861565,1.6685088615226684,0.9939049757827688,0.5740217932385576,0.995432475137654,0.99797239937684,-1.188199133196349,0.9955083789261944,0.9915596487491112,1.7895739585553088,0.9962932590667296,0.9957546863045356,1489.0,18.363811275202877,0.0404071040999974,10.808407647876386,10.502546114132212,10.493065033112218,0.9947919471041382,0.998730800790626,0.9978862362112828,0.923397201778263,3.3794846673267256,0.0090893271281236,-0.0316143671888687,-0.8974487335506476,0.3032186931214249,0.9478160546343783,0.99462993398622,0.3876288615073378,0.9963779721037632,0.9998494384905158,-0.8519738481697345,0.9979332760774866,0.9946615881845142,1.2106783556447738,0.9984076016322176,0.997929077984321,266.0,19.856110314075213,0.0472362852891016,10.083267441253978,11.55953288901139,12.608331923800849,0.9966775499772408,0.9984452102787428,0.99740387618669,1.493341745749198,4.08865247879529,0.0166350931416372,1.7610814295446542,3.5001041659874748,0.4542432719456753,3.944423142153721,0.9861604950157714,2.8184484942737957,0.9966238916828176,0.9937330817316952,5.044490414275401,1.0062060420194068,0.9932104852075756,1.5459017195980491,0.9976133749514846,1.0023447720334455
5,20270112,naive,1280,0.01,1489.0,20.40467531753964,0.048464542998342,11.685880813730224,12.149475498705774,11.497008720873945,0.9966698255112572,0.998690608043258,0.9980885036459762,1.0752981485751367,4.244519934544967,0.010560945057047,-0.1259687365900893,-0.9461442215532764,0.1805391834246967,0.971417215890482,0.9917405268900544,0.421900812753023,0.9928632250644042,0.9977485394393668,-0.50588328073556,0.9966994671798888,0.9924030887961938,1.3467826831372065,0.9959654698724328,0.9959196759775216,1489.0,14.82144079565488,0.0326125928962619,8.33183003683451,8.960797598882282,8.364198819269557,0.9969013042619724,0.9990709104565164,0.9986576621782648,0.5689484294309723,2.5904032767167826,0.0057020674008379,-0.0042261579321499,-0.5158703983251061,0.1224971768927658,0.530231729176658,0.9928813288207048,0.551531384261196,0.9953684962595816,0.9991111648118468,-0.2474108269364023,0.998554716596716,0.9956167527113408,0.8675914563908123,0.9983012058095556,0.9982202202135227,266.0,17.51103340240319,0.0416575127967821,9.69429263172678,10.488754023913526,10.131289168529635,0.9969571219706216,0.9987238662677274,0.9983276269655548,1.3545670109807502,3.595299546472265,0.0140834715300562,1.866764356325542,3.093603225664773,0.5428678614235263,3.653750893924976,0.9860857130582198,2.92984491868637,0.996962665260621,0.9920677689265714,5.048380368682871,1.0045503474795312,0.9950489245274788,1.338931133952684,0.9988623404016866,1.001849374209736
5,20270112,loss_weighted,1280,0.01,1489.0,20.360965735044708,0.0483607253728567,11.559792354737484,12.276778865900116,11.411434049093302,0.9967402829189184,0.998664964356308,0.9981123622045052,1.1141915658399957,4.201594127897966,0.0113226708872149,-0.0351754621261442,-1.0219649869764122,0.1356860359544041,1.0315330571990924,0.9925012565755216,0.4622331650248696,0.9937312810618718,0.9986425373539808,-0.7565205052425767,0.9970737077326056,0.9938893083534672,1.0737718211279628,0.9967295471415653,0.9964909973661212,1489.0,15.692749222600485,0.0345297902461572,8.857707916025705,9.657941319853418,8.632934501087773,0.9964966037127776,0.9989217469274104,0.9985684390217234,0.8177074760027058,2.739782686349065,0.0081630140873898,0.0025183590240056,-0.5903582407418798,0.0993147794497683,0.5986590181072838,0.9931234704575314,0.5393718055573515,0.995555803467968,0.9993880158242352,-0.4055174381811071,0.9984759722509026,0.9965996171554352,0.677335054998423,0.998695389507187,0.9982895698900888,266.0,18.14183607661959,0.0431581478460995,10.18042563302596,10.972855045743184,10.250931777476255,0.9966369192086624,0.9985910145155396,0.9982873536329696,1.4522787405230573,3.768141358134712,0.0147059460057117,1.972844522721606,3.005738604087163,0.5251989478591553,3.6335126257885566,0.9861546423270968,3.030658745080416,0.9974058625202836,0.9905385759021704,5.337362001795896,1.0037356877652732,0.9950015735771884,1.3288755869497209,0.9987863502020784,1.0014172107061692
5,20270112,naive,1536,0.01,1489.0,18.68335671226146,0.0443761211900498,10.359728280790552,11.254105716001831,10.727951925640255,0.9974033250741728,0.998878960053692,0.998332591685678,0.8955492422928564,3.6041807469887455,0.0089509900822213,-0.1984555575110117,-1.0148844042205625,0.0623914997552234,1.0359863230172677,0.9885159689018076,0.563306223011395,0.9900149536135172,0.9981676506774386,-0.6565784002145563,0.9968060753653704,0.994101382493058,0.9679206207636072,0.9966616337836954,0.9958037848761574,1489.0,13.608861603231716,0.0299444749917888,7.36406147451141,8.305620191283964,7.873270348061686,0.9975913962008872,0.9992033338648322,0.9988100877839958,0.4923377996890631,2.1309189249545515,0.004540874287157,-0.0583499428937659,-0.5671225641568297,0.0827935887318597,0.5760967774138505,0.9904270139770152,0.6890169532004649,0.9935341817280032,0.9996697884685808,-0.467387036835305,0.9986185948500858,0.9963635503109524,0.7009421171076156,0.9985323663177011,0.998169489546557,266.0,16.02834577819764,0.0381303035647732,8.61964469101574,9.775327308980708,9.330196663972654,0.997674724082524,0.998949643471304,0.9985805013231528,1.1901900955767646,3.4608398674651237,0.0100676682418957,2.1410596325303404,3.478156171241872,0.140927569584613,4.086755104171021,0.9862321329081782,3.1929534127667267,0.9980858666787455,0.9912843229176902,5.626001612040682,1.005195122408359,0.99982009186094,0.1698542669718108,1.0003038545740082,1.0028044194304715
5,20270112,loss_weighted,1536,0.01,1489.0,18.72918250010726,0.0444849651599206,10.353230894836344,11.26399183044677,10.80348902920528,0.9974011486250968,0.9988790541005768,0.9983068500118384,0.943102331384622,3.550218803093496,0.0094702222350448,-0.1896960195898931,-1.0990469839984118,0.07790474933405,1.118015206897051,0.989425657109493,0.5117240827463689,0.9907873792870856,0.9988317283455812,-0.8705977778704153,0.997026331700333,0.9950919653659313,0.8313640612553002,0.9972910102722574,0.9962356417160996,1489.0,14.489258787213444,0.0318816709327279,7.7286261298833345,8.918160642318414,8.406745452618956,0.997340101855316,0.9990832837980412,0.998642815866688,0.6440062577637466,2.333387554021673,0.0067146197690996,-0.0620175649686514,-0.6909650053652294,0.1367884164438817,0.7070996307998169,0.9912398249771012,0.6218928471416945,0.9940442921099244,0.9999141315004642,-0.6650296903727053,0.9984184225664656,0.9965789812750392,0.7183165197336052,0.9988015561894116,0.9981536977161668,266.0,16.63464085055663,0.0395726367586527,8.979873010130046,10.000740778752595,9.800935711713455,0.9974774238454142,0.99889663910973,0.998435013858226,1.3538951085382644,3.6638261207998064,0.0112874117993936,2.346031534693419,3.5753626761480204,-0.0860341559091096,4.277205174380963,0.9873896619772584,3.309487678214708,0.999676025347821,0.991897689353471,5.572053331129354,1.005675096824305,1.0002195294530491,-0.1213314030992762,0.9998739649300606,1.0031230034250016
5,20270112,naive,1792,0.01,1489.0,16.582606100748638,0.0393864844153377,9.069262896726563,10.17632965014685,9.443177984883414,0.9980136847641364,0.9990806358170292,0.9987096246278748,0.7192810334205891,3.04180874708348,0.0077886531361842,-0.1878173771490611,-0.7065155889273309,0.1246017264495962,0.741596409639843,0.9899969523644632,0.4757074176154106,0.9912628324792618,0.9974202869381504,-0.2020666460907705,0.9970012525065892,0.9947018959319172,0.9379427362939624,0.9971828525823152,0.9962537485227808,1489.0,12.107795078832073,0.0266415793998296,6.443258595805881,7.558617372605649,6.924624448524826,0.99815988210466,0.9993386311102131,0.9990800539386968,0.427305137444717,1.9233941965803232,0.0039245860338382,0.000305610583771,-0.4295785340380064,0.1081605039684297,0.4429858969795497,0.9914109208942986,0.6708584951407204,0.994436201871632,0.9987799395454514,-0.0610772516158704,0.9986425715568812,0.996847966569002,0.6439646517972903,0.9988404860802584,0.9983426418754888,266.0,15.280423457270851,0.0363510491404894,8.220154574902523,8.977728938927713,9.23692496978092,0.9979614270338026,0.999119388164,0.9986094261878784,1.1770489243234203,3.2636114297841976,0.0105773214566361,2.38621428751814,3.4212116762613056,0.0226983575732353,4.171237607135192,0.984806854925523,3.5470022802759047,0.9979749833879904,0.9952475379993332,4.592383318384265,1.0066026224681346,1.000198126930102,-0.0091576650684146,1.0001720449424203,1.00354328502426
5,20270112,loss_weighted,1792,0.01,1489.0,16.611830352328557,0.0394558969384603,8.876067581719361,10.206820534545558,9.643088017584116,0.9980917534631736,0.9990751255703604,0.9986511664998372,0.7818263261014152,2.966582007139868,0.008443621843633,-0.1344956556894328,-0.7208657042008395,0.0690349347917413,0.7365475321484708,0.9912636874844004,0.4450037309092778,0.9924478636252584,0.9976393450597082,-0.2592523927659442,0.9971017220470272,0.9960205911547344,0.6799358093687715,0.9978190924947656,0.9966821531173004,1489.0,12.742115626615842,0.0280373167020135,6.654638383937408,7.898569944024395,7.462566010457061,0.998030976165614,0.9992779213946528,0.998930354922896,0.5557999587449473,1.9747999756463428,0.0054519623953367,0.0984649910046746,-0.4607725810070161,0.0645164174232238,0.4755723856349794,0.9924876029671648,0.6849608700519383,0.9955764795415774,0.9987615628502464,-0.086720888583045,0.9985665201180258,0.9975461226681668,0.4816432282397898,0.9990363962834248,0.9984408806303215,266.0,15.679011025625416,0.0372992608392398,8.423095166638182,9.045775957864064,9.646594833181728,0.9978555334413012,0.9991147330835598,0.9984838245578892,1.227660871723672,3.3160704062822908,0.0104799160050367,2.416174163279572,3.573629520452513,-0.1364708491192617,4.315941360747239,0.9842440493045548,3.619961680090725,0.9976830371218772,0.9962869437410836,4.488655499711257,1.0073855517659258,1.0001677950085486,-0.1634499255563923,0.9997022725294988,1.0038008021723424
6,20270122,naive,512,0.01,1489.0,37.17078430796713,0.0881361166754712,22.09386441101251,20.60429244650888,21.65621144697169,0.988892195583664,0.9963015474098214,0.9928210628917836,2.010681557029516,7.69896039888621,0.0193860907944391,0.2458669639575155,1.6551555008266507,0.7884874776036486,1.8497845275112916,0.9690646969075132,2.1824621651896976,0.9743332903183834,0.9873800765937788,4.156262638851104,0.995943139303336,0.9795477145536066,3.896264955173336,0.9901691630158996,0.990983070727764,1489.0,26.842698060805358,0.0593705573187789,15.558261561084835,15.051611066924773,15.871986034219598,0.9899271576910006,0.997407514826051,0.9950711337924044,1.0594585177316196,4.612677921520417,0.0099217847821491,0.1402607918588919,0.6621841454011105,0.2666592174227292,0.7275081239340113,0.973233184070555,2.17292602200196,0.9824959876678768,0.9899549124905104,3.6754825902188486,0.9982167478791252,0.986448366064934,2.516875448549655,0.9943118657372512,0.995831444354192,266.0,26.13388071392386,0.0621706580789488,12.208930977463952,14.505255367684567,17.98664205112729,0.9952528514438342,0.9974402983286792,0.9947079579822478,1.7578408459497026,5.563507844977536,0.017309903463168,2.763844881787629,3.364499098328848,0.6830343166764908,4.407406106883847,0.9795896964620584,4.323234669698252,0.9956395619556748,0.994499455301118,4.7200242906725975,1.0061701436560784,0.9902569019382872,2.24958739602792,0.9966639620692334,1.001906554601562
6,20270122,loss_weighted,512,0.01,1489.0,36.677955666489055,0.0869675644521322,21.761803108608024,20.44062919718696,21.304390048959863,0.9892129311035358,0.9963503920871644,0.9930503650332436,2.0736210518585003,7.578588564317113,0.0210978263347485,0.1501854732848201,1.3570426531545878,0.9122586720905927,1.642052472873848,0.9712336767914782,1.9509993627161109,0.9759435052370607,0.9879660690743444,3.7420135890172617,0.995675662958822,0.9812506365150532,3.7612727693175714,0.9915040883032556,0.991491518731053,1489.0,27.674187529563604,0.0612096419388512,15.886526968678838,15.520662459197665,16.51023782755858,0.989478937400065,0.997235277933362,0.9946606453053664,1.401337704277134,4.588489288154288,0.0137619338996405,0.0955323132850024,0.3542828964099905,0.3845141963999494,0.5315016094080381,0.9750404255914712,1.9909560795303487,0.9835275231497184,0.99032183876209,3.257511781110054,0.997644149629138,0.9878321664712086,2.404953697299419,0.9953459878728792,0.9958163869824316,266.0,26.46228008796444,0.0629518970162621,12.675138419605789,14.978172836604454,17.755209713616935,0.9948880213374488,0.99724271385864,0.9948391604768916,2.0025304452660158,5.380899491366905,0.0175865201077988,2.698950445437283,3.143764079737693,0.2916441644205229,4.153630028615408,0.9755335259582684,4.5682401253253175,0.9924929660895002,0.995505178930086,4.251444051247461,1.0060172601239712,0.9916595765627848,1.6326669003004213,0.9963095826138948,1.0013406244434833
6,20270122,naive,1024,0.01,1489.0,23.505789629540484,0.0557348750075799,14.035902643723132,14.710305477508308,11.795019959395043,0.9955231169742932,0.9981409459139056,0.9978824183668774,1.2337725802153243,4.491146350195864,0.0126026211497464,-0.169176532396015,1.5940631773620946,0.330776542379267,1.636786862582804,0.9872759188626062,0.6273695495058007,0.988790426251292,0.9897656593352956,3.6223783790888433,0.9972287712493338,0.9905991817543056,1.7592551000089711,0.9953950150951468,0.995423837361604,1489.0,17.16686377480047,0.0379695911125143,10.071301829730888,10.689277412610256,8.88872542681321,0.9957854458378002,0.9987048880108966,0.9984595901766942,0.6857663977160577,2.996459602314812,0.0068177598267667,-0.1264717992016774,0.6571755410550749,0.1840261665112934,0.6940752392321615,0.9890415237763528,0.7057121129181496,0.992049851088016,0.9919180623349974,3.0815735539205207,0.9988448951563944,0.9938387293116095,1.2070903500491852,0.9976100540219917,0.9979316600221114,266.0,19.430192380992125,0.0462230565812315,9.395548645732635,11.356934927428634,12.660018588540368,0.9971326118309152,0.998535111620551,0.9973814653700253,1.354712006163575,4.166550024542795,0.014576090880502,1.6432655831529843,3.619020325340898,0.0231857904975142,3.974690865071981,0.985459973715558,2.7541539372512744,0.9956846789695716,0.9901138698252012,6.055306046181045,1.0050861634844817,0.99207770824369,1.296978835354338,0.9957716395847674,1.001015310286851
6,20270122,loss_weighted,1024,0.01,1489.0,23.410379489229957,0.0555086468174841,13.918627533802772,14.713970050638272,11.739538353527616,0.995593613162872,0.9981284525248424,0.9978977921243872,1.3363426371219558,4.49984884895657,0.0139204257774421,-0.0793285047594205,1.425589629348626,0.2347106267831379,1.446958147735674,0.9885822580396076,0.6354388347845443,0.9901162451626634,0.9909264955211632,3.223841971175716,0.9975685110441548,0.9914274507034568,1.537331583203013,0.9956183074260636,0.995870849182323,1489.0,18.10392314244287,0.0400421747541321,10.737117037626827,11.124674849434896,9.418490344112096,0.995204149133142,0.9985877706365524,0.9982685887106586,0.9570871699883274,3.211849744529275,0.0089762303230045,-0.0775208860234495,0.5267692840119006,0.1957672842921639,0.5672919847374894,0.9904933896484696,0.6444086990646554,0.993240391228552,0.9928940899231534,2.6583811553219334,0.9988696610124884,0.9938620532416098,1.2149585853339602,0.9976579607598616,0.9980640383007942,266.0,20.06755364450277,0.0477392940516725,10.145779136228407,11.521957683694684,12.923403813586328,0.9966165904812668,0.9984853558269372,0.9972706369478354,1.5030129597964113,4.255404648560936,0.016573139394433,1.5537187944874251,3.678140246999063,0.1386063230335082,3.995243357008764,0.985324332797384,2.6749703978255184,0.9952550717844262,0.9910586126829942,5.881608526271037,1.0056014234629376,0.9921458132491884,1.4014490412686484,0.996137286660588,1.0013727240931471
6,20270122,naive,1280,0.01,1489.0,20.85659503458415,0.049453336205961,12.17323176255776,13.06257925284636,10.778636655663025,0.9966422969454916,0.9985231626204404,0.998227506677943,1.0307239064184524,4.0539964631397165,0.0098439033510615,-0.1116906904614442,1.2076755749661088,0.4249916937100563,1.2851354187119808,0.9881080039771102,0.632765646757818,0.9896355378653524,0.9924927079727996,2.6955246745263253,0.9980462422002486,0.9931757926151428,1.4619475913045503,0.9971611481220872,0.996542633928696,1489.0,15.135636288090591,0.0334769314084111,8.669528461992156,9.547991460739532,7.922286359234779,0.9968835717844216,0.9989600852458432,0.9987763900588346,0.5949760446649841,2.573906355957097,0.0058429936184142,-0.0760317233689642,0.4217051882091558,0.3129838934235609,0.530636416262157,0.9899111705329768,0.6901114340583518,0.9928529948791456,0.9941135358809416,2.1875109274500346,0.999030673902894,0.995437108266397,1.0706410946899323,0.9987821231745104,0.998427673969845,266.0,17.65910167560936,0.0420097567702895,9.477806735739955,10.543260250881657,10.528756562465029,0.9971148380919664,0.9987350464898206,0.998190783706546,1.3454416877876887,3.8870401869957862,0.0119651552402402,1.7192813556564268,3.3752186760662464,0.3246361167232153,3.801765129443864,0.982840857357516,3.0302756657728764,0.994090655381464,0.9916461582492156,5.433895328279021,1.005081957521508,0.9944093123066248,1.223540034786538,0.9978940822645912,1.0015053815985504
6,20270122,loss_weighted,1280,0.01,1489.0,20.60237158876651,0.0488505437790759,12.10478529513289,12.811728184802057,10.667310296372582,0.9966711575025328,0.9985730237936706,0.998261134767947,1.10123095490203,4.082623084180447,0.0109138336110306,-0.0742321032239965,1.0279862165324296,0.4053408643496676,1.107504980955595,0.9902893556185188,0.5336684320908205,0.991577662939374,0.9934907142725964,2.3180432535049533,0.9982665312668552,0.994220927690893,1.2834857939500637,0.9977197857945814,0.9971199901961926,1489.0,15.86712382001015,0.0350948322000315,9.315416106721326,9.85234662530095,8.24135347216047,0.9963925464129212,0.9988878045460792,0.9986751222022155,0.7913755336884802,2.6771416974403213,0.0074481765952344,0.0645460415000537,0.3367825724345493,0.3398845310746751,0.4828148579246613,0.9920131342704348,0.6710666044650964,0.9948737738388976,0.9950505906496984,1.8214931320928829,0.9991449853446672,0.9955707652935364,1.0753483043519054,0.9989304869848784,0.9987169853352934,266.0,18.14374472245947,0.0431626883798688,9.889341643387851,10.93674812233412,10.572792200868788,0.9968360257583966,0.9986291751930618,0.998176592186748,1.4399877747018233,3.882055228292932,0.0137163739393324,1.802667724390344,3.3174447658694475,0.3188069006143917,3.789022108543656,0.983944812459309,3.02931756070474,0.995191053549931,0.9902296921319568,5.725187848982387,1.0043857385936497,0.9938966384048892,1.3001415685665163,0.9975995775408648,1.0011467537237824
6,20270122,naive,1536,0.01,1489.0,17.599395616818715,0.0417301494811138,10.141792641688804,10.97048494082246,9.302216308679997,0.997668031620543,0.9989530898828703,0.9986760574304622,0.8635059618493808,3.44352935961071,0.0081343276848076,0.112337414167453,0.8246577890920055,0.1760918371767791,0.8506988296995817,0.9916867979124712,0.632756018809836,0.9932143085582746,0.9947692132330964,1.8613327116780736,0.9986040788608026,0.9955981167876576,0.8449693346118181,0.9979015531152822,0.9975981199414078,1489.0,12.877617680650532,0.0284826561363721,7.233541017120804,8.054844306214292,6.973406963979749,0.9978308110676616,0.9992575886258218,0.9990495846500584,0.4975395255685603,2.1035305826518216,0.0050243221408506,0.0250630575325142,0.2497725214339813,0.0946472774522908,0.2682770516564876,0.9926069450678752,0.5864897787637346,0.9951070484204596,0.9958781548708752,1.486232582696516,0.9992189430928388,0.99704538174557,0.585254534463445,0.9988738984656276,0.9987708857189316,266.0,16.134636758096203,0.03838316230552,8.55832079402973,10.019427383449118,9.31089272894804,0.997669564865024,0.9988984269724412,0.9985851969959204,1.1692435641473913,3.527509976592314,0.0107117088472269,1.9926623113887396,3.646104562652842,-0.1216650447480555,4.156871895084155,0.9887664862001968,2.850926210757109,0.9993504553137844,0.9918962081411808,5.643160239770111,1.0058494338958888,0.9993748062615384,-0.0211426883091689,0.9993145896744584,1.0030047047802093
6,20270122,loss_weighted,1536,0.01,1489.0,17.43415817826262,0.0413383529012226,10.033756875010743,10.858741874740396,9.239118965335155,0.9977124046251322,0.9989697445399482,0.9986926604311888,0.9060627071950094,3.3572018902698924,0.0087062522862225,0.1325475774614612,0.6706966299461143,0.2049139362087916,0.7137174167445809,0.9937851590767728,0.52160570539899,0.9950443462582832,0.9958616700699447,1.4908606035609182,0.9989332596081432,0.997680388978296,0.5573848084185897,0.9991998528967913,0.9984498239009356,1489.0,13.661553499655328,0.0302165618104976,7.549758205158178,8.555844262317565,7.512437954922433,0.9976322796491138,0.9991591246756258,0.9988961578984342,0.6560746748385179,2.193292023337909,0.007003798715747,0.0678421126705969,0.1559805217398209,0.0504337487661394,0.1774148765702662,0.9943073648180344,0.5001393882513412,0.9964393715581392,0.996729769855802,1.1369754009181747,0.9992854896484324,0.9981615323505922,0.3557068815058244,0.9992728709938192,0.9990341729804566,266.0,16.675657395458735,0.0396702122246389,8.883122002755556,10.255696691802475,9.694760359113031,0.997494800290837,0.9988426856624572,0.9984687767331832,1.2874126679735098,3.513703358064764,0.0124908022615744,2.1864279736084478,3.755078762322292,-0.2324059179188632,4.351447610359703,0.9900966170740972,2.94306709814245,1.0010226561797124,0.9926064736252688,5.577100363790805,1.0063963603423272,1.0000163424674366,-0.2350335567381307,0.999346942321672,1.003518289015896
6,20270122,naive,1792,0.01,1489.0,15.898952922735448,0.0376982083080686,8.215661560922987,10.324683103818517,8.870204505052573,0.9984797253958476,0.99906679831804,0.9987962254986292,0.7136826660470987,2.7766086613400307,0.0070709186164376,0.4394171250546855,0.538635358084478,0.2562754055670504,0.7408728246255731,0.9925847825212376,0.9036205803281518,0.994766176321038,0.9966245238396392,1.2076114879037902,0.9991125410315844,0.9963227313629704,0.8150458510064027,0.9985445945063832,0.9983008798295032,1489.0,11.675720022148717,0.0258243043692083,5.929351835679195,7.625487832437221,6.558746843847852,0.9985473483093836,0.9993320265074012,0.9991592015300892,0.4311730855511951,1.799404759438312,0.0040624805190561,0.1714489295826703,0.1336114226520477,0.1084779140349928,0.2429283959349562,0.9935571217531012,0.660719473716,0.996373653312845,0.9972970963426327,0.9444212219238466,0.9994199883660676,0.9975198392366534,0.5203026454458382,0.9991454261064076,0.9990831184691134,266.0,15.54609619202529,0.0369830658292515,8.35432668852283,9.322924145166406,9.21788575415272,0.9978769569492312,0.9990605300383216,0.9986130759154976,1.180892998391603,3.250254576772148,0.0095842169059963,2.32368678223078,3.678838110546389,-0.1264681590397076,4.353086755484372,0.9845397336235138,3.504883399961344,0.9975514971381032,0.9955500968991112,4.775448734939516,1.0073578272217505,0.9992723849426516,-0.0094778956294589,0.9992453909048472,1.0036238757234253
6,20270122,loss_weighted,1792,0.01,1489.0,15.853932928431798,0.0375914608303237,8.12593674753408,10.391811075937376,8.793554675801733,0.998506039625024,0.9990528979744332,0.99881631597339,0.7720844409195053,2.700960050449174,0.0080729471948181,0.4039121771433234,0.443125835461036,0.2721018112662636,0.6584413023133361,0.9944651426883292,0.7504023368563395,0.996276658539794,0.9973389643831904,0.970509002656712,0.9993384841854894,0.997460154858227,0.6580378255471828,0.9992540048480764,0.9988656126115798,1489.0,12.413927866187324,0.0274570691165666,6.296629250714319,8.140042888191878,6.94246115756853,0.9983551585971034,0.9992378468934696,0.999057733400558,0.5663670710320612,1.8940769523830032,0.0059690071343848,0.1629269869423245,0.1037054151539342,0.1277592355848167,0.2315651927288964,0.9953981610481872,0.5123894727577465,0.997582387756061,0.997809562515323,0.7607869846088988,0.9995196772222644,0.9975967553021232,0.526812239262739,0.9992426801623312,0.9992788263074304,266.0,15.889058083925852,0.0377989479689484,8.511379001472863,9.336011740505077,9.636258561745205,0.9977876077406514,0.9990695703564512,0.9984860064695232,1.197331693446246,3.2766616735183702,0.0104468483884905,2.320157146463708,3.8249962311986176,-0.2218351546480179,4.479166907897936,0.9842533261043038,3.523235896412757,0.9973332226539984,0.9964697997954302,4.694960129916524,1.008078514738593,0.999635199483371,-0.1631803644514491,0.9991704447425346,1.0039810086200158
7,20270202,naive,512,0.01,1489.0,38.21411058970076,0.0907970157578341,22.755384428007726,21.936591616610198,21.477818230479777,0.9877321063969426,0.9960092940122568,0.993068978250212,2.2619836306464385,7.33146796856279,0.0216187410600107,1.0145160655386043,1.0953433259969925,0.1674513178339243,1.5023514212348594,0.966858358536426,3.0827707501856807,0.9745480035373686,0.9884495184180188,3.305279772157519,0.994984507622221,0.9858654256116096,2.261785187104749,0.9919206483167256,0.9911407349253042,1489.0,27.574867816208187,0.0610041890205485,16.031090101098876,15.891701992486777,15.837654278137164,0.9889683282850524,0.9972296685263056,0.9950863591395412,1.0848334776922015,4.8017945332273415,0.0099308396120106,0.6015871129683064,0.4358510251438692,0.1046281047082713,0.7502134435634624,0.9701073011279636,2.8867083301296788,0.982713123655384,0.9911364919189252,3.0570098505111787,0.9979352307236196,0.9905998472156176,1.6847718905394515,0.9958597855948864,0.9960841116250851,266.0,26.20039945972705,0.0623289014813137,12.192721396905531,14.36677388538663,18.204238103059417,0.9952152075391132,0.997482209745434,0.994598363027244,1.9342471617263564,5.2982245120238405,0.0192439452474982,2.550192269149292,3.251293056466086,1.2989382703083925,4.331469471060042,0.9806997345588694,4.024772829742886,0.9956415703589244,0.9944153166122204,4.627552943043753,1.0058573611692936,0.9889122426669124,3.081693640646506,0.9976892283913348,1.0020579263149405
7,20270202,loss_weighted,512,0.01,1489.0,37.77166031624908,0.0897457505620538,22.475214001004783,21.633252863974896,21.297076071105757,0.9880111876381312,0.99611379180566,0.9931857931009188,2.3231395500336647,6.953375314600879,0.0222721563798653,0.951218810601108,0.9258766559796872,0.1926454658040801,1.3413340684648196,0.9702398720207192,2.808444988625375,0.9772452404756732,0.9895795865760234,2.919598843774054,0.995352031948238,0.9869808902140546,2.121699841495541,0.9926610782031317,0.9919538242491528,1489.0,28.41219194441461,0.0628566105708178,16.398743354270167,16.174359929901236,16.635021741646263,0.9884279549856818,0.9971263196553788,0.9945791530172096,1.48370050676896,4.81812728428628,0.0134897912115713,0.6425104940340448,0.4003305542661854,0.00882902989512,0.7570747911480294,0.9732746513259262,2.685506395895928,0.9850018551689954,0.9920722575296518,2.7447603163105896,0.9981765585900376,0.9910300949660988,1.516649171112732,0.9957651461785616,0.9964123222143106,266.0,26.459841788102715,0.0629460964729499,12.638041100242368,14.834047559880306,17.89844064691727,0.994861128653115,0.997293713169992,0.9947650042596804,1.9991306333088092,5.230077030211192,0.0185675163417877,2.4967929160510827,3.089080283766026,0.8866549669559733,4.069711156288927,0.9771750875885304,4.240663861342739,0.9929184116914854,0.9956653826686684,4.157280491826157,1.0059446359174573,0.9900889491420596,2.4802124927832097,0.997152853663771,1.0016186273183252
7,20270202,naive,1024,0.01,1489.0,23.253213387469213,0.0552498108625705,13.906238450585825,13.596623064784753,12.745991771250663,0.9954603942724284,0.9984803872356792,0.9975666557636614,1.2784854231049942,4.678470052431104,0.0126124768223042,0.3859601804661841,1.0765818657433694,0.2706477898127931,1.1752633750285566,0.9815520593117812,1.5372320567380982,0.985386521799682,0.9928997781070664,2.435056750591372,0.9977142176322108,0.9935897084516172,1.2204670296978009,0.9968571273520528,0.9957052448049064,1489.0,16.97446116598237,0.037552790620555,9.956821051301493,9.96522948221827,9.470387943190644,0.995777550629563,0.9989192950307252,0.9982475259220857,0.6739619785617261,3.0214115374118755,0.006600843577796,0.2381817452620948,0.4685127267078104,0.0383389016709248,0.5269768403304056,0.983292767779476,1.51535149800317,0.9899100806029124,0.993765540201881,2.312196872055381,0.9989078273932378,0.9946234733667484,0.9421205043490204,0.9975648186174308,0.9977830098183156,266.0,19.24157579823302,0.0457743510405925,9.425385553478938,11.225536664050738,12.465459196173637,0.997145418046412,0.9985647235616384,0.9974684818831004,1.2983718899132677,4.01539837486646,0.0149690078317227,1.5430309391343988,3.5650159898739613,0.2831148518711197,3.894924582906967,0.9815519596749972,2.952499722207364,0.992513017084975,0.99070207948759,5.856346427301901,1.0051824274355423,0.9906501911031662,1.7864325672331065,0.995738137852136,1.000689507563945
7,20270202,loss_weighted,1024,0.01,1489.0,22.83630165417171,0.0542592254313334,13.498453300829713,13.375863794645923,12.663913276421535,0.995715297167208,0.99852533934245,0.997596385497272,1.36477944978516,4.533571754601192,0.0139342837003691,0.312700842166058,0.9802783699849024,0.2084092581149991,1.0498389963321344,0.9831230471057472,1.3659328290147243,0.9865302218201248,0.9937938218944607,2.1676971879318785,0.9980796550757978,0.9947977266928962,0.979235240199074,0.9974193228965982,0.9962420817822664,1489.0,17.588406515927446,0.0389110287969253,10.28983402316456,10.20631988293807,9.965058654738923,0.9954724876940846,0.9988634017438848,0.9980586834125356,0.9336440889334068,3.2460479845804917,0.0087761723895049,0.2767173634663179,0.367991603046237,0.0677486030368884,0.4653817705601923,0.9848173202503432,1.437344036147337,0.9910939861820572,0.9940361809749388,2.131640569961576,0.998776913968728,0.9946455908346856,0.9678123108763828,0.9976671471334896,0.9978262112420586,266.0,19.70267423133673,0.0468712716754968,10.011370989779524,11.301355509755034,12.658877770691646,0.9967174131545956,0.9985367941875914,0.9973889184332252,1.4735236430835137,4.008131281758304,0.0158979335622651,1.3305820086052889,3.550586581391252,0.3865367229666638,3.811367758663746,0.9823460115613653,2.679383570322557,0.9922931343051058,0.991411206349684,5.667163539162601,1.005423782440206,0.990752466975429,1.873409917127958,0.9960881343116452,1.0009118529285226
7,20270202,naive,1280,0.01,1489.0,19.016921464704765,0.0451843492168481,10.91613375914465,11.370225322292994,10.639516054196193,0.9972006097864836,0.9989400211030124,0.998305013999074,1.0433813532056695,3.85772470331728,0.0106231987959294,0.2631528678239642,1.1624997571346556,0.2836682379992415,1.2252031612886511,0.987586283846812,1.0378497583183377,0.9901750901034242,0.9951393142930172,2.092487517467504,0.9992764476914564,0.995844442356686,0.899401324751949,0.9982523082113656,0.997670971423291,1489.0,14.006710981793812,0.0309872036371937,7.876908782443443,8.451866213627635,7.918852067535312,0.9973540002304476,0.9992237500763284,0.9987744606132724,0.5913051099972421,2.4687177977446897,0.0055940301232404,0.146889071317519,0.524887471499901,0.1456203877127959,0.5641706783657828,0.9889380084382052,0.9925133399767816,0.9932721654048992,0.9950712615968934,1.982437466948568,0.9994801693837524,0.9968149647831198,0.6810173882772972,0.9989411336239368,0.9988062342736798,266.0,17.46463526983477,0.0415471349134899,9.70032980076662,10.267797862582752,10.27080395674344,0.9969733974282124,0.9988121173631498,0.9982792594806672,1.337717260673978,3.7724571429680056,0.0126517237849292,1.749440135577876,3.342485937624707,0.4104118426469378,3.794890105362013,0.9825459762769368,3.082963975686312,0.99399137790601,0.990822571785639,5.604122889328977,1.0046792741491215,0.9947846538635156,1.2489661195559734,0.9983418399695718,1.0014097413785887
7,20270202,loss_weighted,1280,0.01,1489.0,18.74003107568762,0.0445264555585417,10.78323390876866,11.065046584916544,10.605440832900168,0.9972538365360598,0.9989922248171932,0.99831537001184,1.1003285604250688,3.684026369775141,0.0110083166024331,0.1745588299539955,1.0277796038622249,0.2337780339109967,1.0683884445132263,0.9902506065029952,0.7829846013452553,0.9922036786298108,0.9962737725387848,1.74071315687263,0.9997154000172208,0.997234624047205,0.6435265243899835,0.9989574651216124,0.998417620980558,1489.0,14.70703924154933,0.0325365476927777,8.400732087619685,8.745482245078515,8.321132371590153,0.9969733793865532,0.9991645243504458,0.9986464245534395,0.8135308094399362,2.6484313718618484,0.0077551125867848,0.0850164474103054,0.3470940626735712,0.1236193382598163,0.3781320212112551,0.99134605327844,0.7465598346526008,0.9946061681585978,0.9956109930666664,1.6450320972165289,0.9992695169515152,0.9979061185559768,0.4755959313995959,0.9993909517886772,0.998901972101914,266.0,17.942458654607126,0.0426838430282163,10.07287791657602,10.645692297727596,10.350757873322344,0.9967125365362712,0.99871580530429,0.9982516371601552,1.4206070108373323,3.88805097989486,0.0138521559450751,1.783360835449306,3.309099273395895,0.3534781750212951,3.775640434524992,0.9833474542407804,3.0556500863841904,0.9946914539606584,0.9895261596833416,5.890217178446591,1.0040902561369405,0.9946876507006536,1.2076291956483374,0.9981271049250448,1.0010904403800926
7,20270202,naive,1536,0.01,1489.0,16.719671609233007,0.0397260661871452,9.535913546703696,9.983209384839022,9.43129375689504,0.9978638468474416,0.999176870460352,0.9986673730114772,0.8581523754026942,3.36827620431454,0.0084260392433679,0.1618570809213947,0.778454321905812,0.1011826647206735,0.8015153009008678,0.989766414141784,0.8004996151258723,0.9917631756146696,0.9974091003785756,1.2741672894639464,0.9999283030043672,0.9976115765043666,0.4550777367347223,0.9988299048671924,0.9984318586711352,1489.0,12.303434745269255,0.0272190265355041,6.820860317532296,7.450951948499283,7.023794282363821,0.9980166659875844,0.9993924980073466,0.9990354673244912,0.4779591731440388,2.077857905012517,0.0049132120228404,0.0585843593657379,0.3523684709742823,0.0421237655897556,0.3596805223062659,0.9909091822437184,0.7535239707120951,0.9941997084620452,0.9972659102448176,1.1609065154585778,0.9998477469287752,0.9980943449071508,0.3624599475618026,0.9992259621900802,0.999199982366592,266.0,16.039986513757942,0.0381579960532416,8.745692043752165,9.829489186353214,9.174703285270429,0.997613009711473,0.9989529733500878,0.9986292243104498,1.188729949621789,3.6173218542586425,0.0117328208646597,2.170081440635064,3.6671283954706624,-0.0424102414428925,4.261324061419788,0.985232705640395,3.2983335499988726,0.997477659679464,0.9913481268059062,5.79925034294638,1.0056872995043755,1.0005652925466046,-0.133301329062931,1.000185636422842,1.0029734229839673
7,20270202,loss_weighted,1536,0.01,1489.0,16.542722488438006,0.039305633737947,9.35893679743209,9.86591259925201,9.419964858483532,0.9979317291885844,0.9991939656511672,0.9986715324369596,0.9257324796059158,3.370855431768167,0.0091273119454363,0.1380398425107588,0.6211907391245961,0.0798234651927906,0.641330428164719,0.9922336593540866,0.6227101760888374,0.9937869439089982,0.998254755995164,0.9551056764676956,1.000143130267492,0.9987932794634972,0.2586244407933122,0.999485665546366,0.9990399519481836,1489.0,13.125297643458708,0.0290372430333781,7.123520350305617,8.048992578487988,7.532769379159957,0.9978263366892564,0.9992890053107424,0.9988908601429818,0.6652433619118252,2.186027754781524,0.0070127999597611,0.1100757956420041,0.2540990682004654,0.0509145704203293,0.28155871630559,0.9928906346446886,0.653545011436762,0.9957445677358376,0.9979305823255384,0.8660771192351149,0.9998567233608436,0.99857684889435,0.2901429561150337,0.9994826890730196,0.9994058372000924,266.0,16.754122634561064,0.0398568754915572,9.099248350820114,10.199429103072788,9.688960247384676,0.9974040177229492,0.9988673446342884,0.998473788660305,1.330600342421178,3.5514268437761034,0.0122571579119944,2.321578908195131,3.8267457716758657,-0.2616448508155976,4.483544340806047,0.9867539043036648,3.333608264845978,0.9991298145530432,0.9921196172236496,5.768745694124561,1.0063833644099072,1.000862613959587,-0.4003410382215975,0.9997224008212576,1.0034104583740306
7,20270202,naive,1792,0.01,1489.0,14.965843882556744,0.0355589582451258,7.580184552682187,9.419361267139353,8.820029398106014,0.99863997393816,0.999268261459698,0.9988344579708788,0.759010997528144,2.96780045185895,0.0070986083465615,-0.1696280788805445,0.7856602533323573,0.0066135551268742,0.8037906804152337,0.9965696438986242,0.0444485257582414,0.9966805160365784,0.9973093911449864,1.300450440118368,0.9998805591466672,0.9975240275994244,0.3734808349909713,0.9985239057686056,0.9990046961888982,1489.0,10.973585419741,0.0242769859729129,5.526951979093656,6.852808104734008,6.550679343765554,0.9986904803209312,0.9994869143985282,0.9991611548542064,0.4101877541414283,1.9100414556414824,0.0041092005667155,-0.1435816639707076,0.3464864464490614,-0.0206392826367082,0.3756255206841694,0.9968170957586242,0.0997326665718958,0.997252613362488,0.997196189519428,1.1756426359154943,0.999810799088944,0.9978911263832452,0.3338574598157038,0.9989334453321488,0.9993604185865996,266.0,15.538613844970744,0.0369652658536011,8.451427345382669,9.419172777273085,9.016711165425685,0.9978376243476302,0.9990342832567796,0.9986758201790508,1.159079224670691,3.224480471357763,0.0101890304583505,2.3216580227752224,3.6202774440087575,-0.0659879713878358,4.301262507529972,0.9830886863493864,3.613717680677766,0.9965044935257364,0.9946830170164044,4.930566656455596,1.0068742904754342,1.000513906808064,-0.1486169552667604,1.0000906301794017,1.0034992419069633
7,20270202,loss_weighted,1792,0.01,1489.0,15.009295202801312,0.0356621989106303,7.607372013693313,9.425835999020077,8.863433265371137,0.9986325514353988,0.9992649722588,0.9988234540900336,0.7752091568955353,2.997150951530573,0.0075236077413785,-0.3068770757462025,0.6582083109073825,-0.00797637778037,0.7262749773801829,0.9987260336473918,-0.2273732624012723,0.9981588751356968,0.998380289271944,0.9681051532824938,1.0002943652840646,0.9986594848923662,0.1906490717763347,0.9991698881767768,0.9996414041761964,1489.0,11.726924316395852,0.0259436060544442,6.058735252394972,7.220649536832798,6.976725688322486,0.998430492984058,0.9994283009918336,0.9990483378838336,0.5529545368679529,2.0311722512186137,0.0057539415712495,-0.2953859561360071,0.2614587933836398,-0.0275182876637124,0.3954375043871722,0.9987815624170916,-0.2022435609173669,0.9978983951051648,0.9979255953858992,0.8749116059604489,0.9998713841719992,0.9981156553865078,0.2892356523702233,0.9990186629195144,0.9994776332003392,266.0,15.85879566810344,0.0377269558171767,8.618409034801976,9.477300158841697,9.34907521901066,0.9977574830581436,0.9990331507742062,0.9985774072093616,1.2022908011750495,3.4271017214769084,0.0100273190945101,2.4329354308719133,3.779388888886271,-0.1861471487218018,4.498622672019311,0.9830280475419344,3.729628020220872,0.996874168014027,0.9953866389660824,4.9162812232260364,1.0075425903951882,1.000607483865603,-0.2838220067893928,0.9997991291125508,1.0038261162110174
8,20270212,naive,512,0.01,1489.0,35.136852426637574,0.0843579301220188,18.250334138061373,19.93114532555752,22.45602699303521,0.9915841692878936,0.9964858704860834,0.9918980313780716,2.090412375075222,7.360738217195117,0.0191047435121881,-0.4296995413997159,0.1088074493590152,-1.466003919300264,1.5315509290646774,0.979865126899976,0.9343990717918588,0.9824555845589412,0.9957298659643627,0.9295338742817308,0.9976406466021838,0.985091962059993,0.8646957502074883,0.987525426630334,0.9922627621425236,1489.0,25.619822647434685,0.0569992368099803,13.152282309691287,14.57639584294188,16.459692183089437,0.992067963369616,0.997567056348633,0.994422871758544,1.0856669093570763,4.605752523663516,0.0093046519307717,-0.3597677976411855,-0.0250614389333845,-0.8299223452134272,0.9048933876571073,0.9822157115972762,1.0544146812620596,0.9870735908023934,0.9971844535739682,0.8087519626859034,0.9990074304127126,0.9915812150414556,0.6064036156550969,0.9935191401031246,0.9965376228731144,266.0,26.519792969172297,0.0630887161022543,12.7333276681391,14.445884299228316,18.233985094785844,0.9947901454861126,0.997484452952194,0.9945695585803782,1.8803149652986717,5.630047080688656,0.0181908306922868,2.6591691411794898,3.607049723321458,1.010293038104825,4.59376536740371,0.9784544006078684,4.305297901785451,0.9944376764448076,0.9957871858265068,4.645233404292782,1.007272946928348,0.9892374098103764,2.74076610699521,0.997043398270031,1.0025098284527718
8,20270212,loss_weighted,512,0.01,1489.0,34.93809442825377,0.0838807441426013,18.255613327923022,19.80306774087683,22.25402283519045,0.9915756734088992,0.9965336829528796,0.9920505700198128,2.172478528488034,7.021996265671136,0.0207828978534383,-0.4787072016327963,-0.1563250070493473,-1.579446225804373,1.6577842057794376,0.981752709076206,0.7575113789363002,0.9838527766089744,0.9966282505778188,0.4917304932949946,0.9976390680763636,0.9858118327403986,0.6387099712718509,0.9876093182553216,0.9924855785551544,1489.0,26.9518691112401,0.0599627870607836,14.029808474751269,15.097730750150768,17.36739038966901,0.9909704612218596,0.9973924087052602,0.9937955241639944,1.4952461090353932,4.818701009788945,0.0132358731040042,-0.4570470263765769,-0.3551449564420856,-0.9755598709365314,1.1343442979041347,0.983188949354418,0.879744906850064,0.9872420933069276,0.9974447374045896,0.4015863753558051,0.9983499378798966,0.9913417577392056,0.5016198166199786,0.9929448181249976,0.9959726743605376,266.0,26.802780092680045,0.0637619225000692,13.103794065308248,14.978648140275649,17.953264373934203,0.9944904808024134,0.9972667092720874,0.9947251900174108,2.0382853634005933,5.495703453679067,0.0181204631599731,2.585010775013638,3.4015783214361863,0.5732225672349365,4.310637991688544,0.9747647638242573,4.513035486395978,0.9915192585622516,0.9969664362845642,4.149153746046238,1.0072255954169893,0.9899831121130231,2.18379719816528,0.9962027948811354,1.001874655394546
8,20270212,naive,1024,0.01,1489.0,22.0978102558489,0.0530532874936549,11.933116507999811,13.790910989124184,12.478971215611372,0.9964201066593044,0.9983236021325268,0.9974985403553868,1.1752995617530375,4.310861268942555,0.013563348472245,0.7401528877233114,-0.3069315110327878,-0.3167550047570265,0.8616072090626048,0.9925277780951728,1.2463814339475476,0.9959831521735844,0.9999683854815832,-0.3008551512605777,0.9993499376619578,0.9926444823786588,0.8331952809953975,0.9949892969518668,0.997479396040554,1489.0,16.268029510229795,0.0361932742176177,8.721225827963549,10.082618858228669,9.323615241045744,0.996524001455276,0.9988402204864542,0.9982093758114337,0.6761787605211913,2.8208343189943164,0.006593844820501,0.4011060690027231,-0.2302205605461481,-0.2105181806715613,0.5081392422183748,0.9932722618188388,0.9360866790219404,0.9975849825093028,1.000488067658547,-0.3747599475833567,0.999643335607122,0.9956093253406784,0.5385732891741952,0.9973304804388528,0.9988563158909602,266.0,19.323127911089685,0.0459683577623468,9.499474281991166,11.323366604458649,12.44687227279015,0.9970672428842828,0.9985218994611178,0.9974690419984374,1.411559210465616,4.18471109704767,0.0134331130632504,1.5742582204067703,3.468371161615748,0.0732134795135081,3.8096256604591137,0.9843726352065568,2.7682215059379303,0.9946495658432972,0.9915726721802716,5.545157332647648,1.0052835768543094,0.9923138905968188,1.3090317251597412,0.9960421498283668,1.0010925276564453
8,20270212,loss_weighted,1024,0.01,1489.0,22.133626856369727,0.0531392773895983,12.180450835798483,13.762896154209391,12.333561720044822,0.9962736496692368,0.9983331547979388,0.9975540341514172,1.2861567901167832,4.367516969653875,0.0144887420472227,0.8355757762092428,-0.4187545312417606,-0.2380188061880933,0.9644662707022938,0.993645308984032,1.2660937714844351,0.9971553320633794,1.0005406560248251,-0.5226694628725568,0.9994662393550628,0.9937991189147416,0.73141738348545,0.995857505680741,0.9979851913006268,1489.0,17.325328548010603,0.0385455636562593,9.8132220962251,10.496256321594052,9.679684117680065,0.9956104078849836,0.9987452866066536,0.9980699145859772,0.9085750357328662,3.2431872032602165,0.0092478720667523,0.5784655636413387,-0.3533608016624674,-0.2598035178389866,0.7259367275127674,0.9950702525658311,0.970472389495086,0.9995413944456332,1.000876483459189,-0.6129280557528887,0.9994949057926032,0.9962297284607528,0.3834411924144092,0.997455117421624,0.998959864262818,266.0,19.94182589419677,0.0474401966056837,10.508644769133095,11.31694257755753,12.616323387060676,0.9963467690874164,0.9985155212140432,0.997399987775858,1.5107103873380388,4.191025151498969,0.016106212804634,1.443370840396755,3.411998107479889,0.2541879625656278,3.713443413957892,0.9852360908654564,2.5713643115006874,0.994782195689221,0.9921892140844972,5.336846947017449,1.0053850524279238,0.9923538088673458,1.4835879119758886,0.9965792223713325,1.0013367999212188
8,20270212,naive,1280,0.01,1489.0,19.47544004646458,0.0467573984882528,10.35448220800642,12.429457908184228,10.84370966580125,0.9973000577270548,0.9986336734241226,0.9981113133919036,0.9885876864202284,3.8932450914400047,0.0114692940448743,0.4301378043614206,-0.1095579535466044,-0.0976905313372099,0.4544941317983436,0.9943959702025784,0.8097999575307853,0.9966409986551352,0.9979997041721652,0.2749020258980295,0.998564801887178,0.993891832733638,0.857250922816462,0.9963043457453712,0.9975700075350804,1489.0,14.411696285719389,0.0320632855553934,7.605660014783808,9.190216783460766,8.086460353228286,0.9973538569719572,0.9990330637603746,0.9986528177883716,0.5897953872711118,2.5650848661935126,0.0060000702644658,0.1998196124147737,-0.1176179277662724,-0.0495509300527663,0.2371015586340937,0.9952877810964011,0.5745288647234474,0.997934739522036,0.998633072049309,0.2871926034316061,0.9992804219025024,0.9964620664911475,0.5540546699969298,0.9982326964854324,0.9988885968804836,266.0,17.613927882904363,0.0419022915051368,9.79971463932771,10.372661147626172,10.325887330802544,0.9968656341437572,0.9987652908965848,0.9982600506929196,1.32079112514746,3.87708430479638,0.0138841615058597,1.6075403260106746,3.114517923343098,0.3523314323840467,3.5225765048926485,0.9848312912964332,2.7664613290306197,0.9951016873347154,0.9907400678800152,5.396486701923095,1.0040833709291734,0.9946990150186992,1.2046552305695286,0.9981299990795746,1.0011352604366186
8,20270212,loss_weighted,1280,0.01,1489.0,19.5278638041918,0.0468832594970133,10.535298290479016,12.425968373127631,10.767556114352304,0.9972046267778322,0.9986345466397496,0.9981357944550217,1.0420047611848586,3.816082344270871,0.0122133325302884,0.389457669448046,-0.1194510767039214,-0.0221579253445817,0.4079666771602868,0.9957169289189972,0.6796274307757244,0.9976010768558308,0.99810977516017,0.2438530870873592,0.9986110476475654,0.9949619289932976,0.7654863292200389,0.9971161940753108,0.9979901241022134,1489.0,15.5105592839379,0.0345080469075354,8.600796565510503,9.759329389679095,8.447439706976354,0.9966179268350986,0.99890974203598,0.9985293315181532,0.8015976671464209,2.733727240390347,0.0087029107840295,0.1304636560003058,-0.2093766495504666,0.0030084576427223,0.2467152158488265,0.9963451545718108,0.4210920044954349,0.9982852016220196,0.9981891578949506,0.3268973757848812,0.998926004755542,0.9969074171267738,0.5306329413212154,0.9986031967180988,0.998785957917621,266.0,18.100784761853763,0.043060489665061,10.124416009768757,10.800165016737612,10.415903468606675,0.9966446225262704,0.9986516614071358,0.9982294401639492,1.435241921955485,3.902785552403482,0.0148172786976061,1.683043104118811,3.0366283750898813,0.3329261789866012,3.48777662979978,0.985499474865832,2.7909134878947413,0.9958606487338604,0.9893126509454776,5.670362246159158,1.0033331361293,0.9945488844261922,1.2093888640545458,0.9979933503702032,1.00075683205054
8,20270212,naive,1536,0.01,1489.0,17.42288842714524,0.0418295522494385,9.855811875947094,11.115660855518728,9.102862031019708,0.9975536793584509,0.998908360515788,0.998671148034046,0.9102149071978716,3.17684516930995,0.0090262897157112,0.2182824489902239,-0.376560879388667,0.0536323170362775,0.4385450362891088,0.9973701407237668,0.3964503159431274,0.998469229740802,0.9977194475496056,0.0617648602346037,0.997846413443264,0.9946244149644796,0.8940429945591859,0.997140469832448,0.9977080937863072,1489.0,12.861535272430215,0.0286144718806853,7.128838346163607,8.210499212109427,6.8692398477695065,0.9976774188210252,0.9992289104507692,0.9990288066918253,0.5391699161360745,2.246591634165339,0.0050475615010559,0.081754913727043,-0.2651171261659749,0.0526703463756004,0.2823917879336214,0.997898936382676,0.2488286412440601,0.9990453349518712,0.9987750821536954,0.0976376509132705,0.9989951634448904,0.996647957061782,0.624561221105921,0.9986439096116696,0.9989066310229512,266.0,16.11974123081518,0.0383477268972225,8.779917797198964,9.763036586155833,9.351054349123114,0.9975730744676924,0.99895121723939,0.998572391408818,1.1632623493804164,3.655147416017518,0.0104343775526571,2.1201170624610963,3.4167852598391018,-0.0663156934153034,4.02165583330866,0.986454959001578,3.154986464109399,0.9981677417330024,0.9907201898854224,5.703652666449358,1.004822988654194,0.999174101394582,0.0664771816388452,0.9993634353590451,1.0023036023994307
8,20270212,loss_weighted,1536,0.01,1489.0,17.354764432373116,0.04166599749727,10.108525354897743,10.769480492393368,9.111742620185844,0.9974304217511007,0.9989760347183952,0.9986669311720658,0.9524007095447812,3.163416002514095,0.0099306424163502,0.1940267689226864,-0.4616558751648062,0.0566306051627889,0.5039638474869644,0.998589682871138,0.2895730199511632,0.9993924733168988,0.9979716940052116,-0.0718122979236568,0.9978240742656558,0.9952932720959716,0.7924731898494599,0.9975234847805848,0.997948743754348,1489.0,13.710057194190547,0.0305022719104689,7.699278687282019,8.604360502938269,7.392682618577426,0.9972951661773796,0.9991537743639108,0.9988743574381558,0.6991031207263808,2.3727590543302504,0.0075503641053549,-0.0017112950340987,-0.3602466280736321,0.0547792189106705,0.3643917183383545,0.9988201762144412,0.0921066912663945,0.9992445284053836,0.9987597816592324,0.0070393324436395,0.9987756487490164,0.996804427813109,0.5999746734165683,0.9987218074691068,0.9988014784466492,266.0,16.670086957709668,0.0396569605463123,9.113367179963028,9.915954461644382,9.824061529498357,0.9973873029015956,0.9989178173873756,0.9984266263245892,1.308867377483223,3.852416390244513,0.0114872857056316,2.3436028577017143,3.5095743015771665,-0.2481075574060162,4.227427526636084,0.9882833598028684,3.2387786221417656,1.000307218145169,0.9910794575043732,5.707905693130527,1.005192772267535,0.9995991718806856,-0.1836600356192548,0.9990760888949156,1.0026695526811729
8,20270212,naive,1792,0.01,1489.0,15.687211437964484,0.0376624710211636,9.065195374874945,9.275673806705631,8.824551600299275,0.9979282602571437,0.9992421774538608,0.998754393558022,0.8046162094075892,3.042140401277318,0.0073508154973074,0.1377485199304434,-0.3096849265359278,-0.092515581216536,0.351338214879088,0.9964263752814372,0.3798546657423429,0.9974794557669292,0.9963752943177816,0.386989161709721,0.9971708020638688,0.993890520184396,0.8626310748622075,0.996318174255147,0.9969412611154158,1489.0,11.504246447901382,0.0255947621741232,6.468993469100929,6.880809953893009,6.569190529219564,0.9980864894209992,0.9994592125547525,0.9991134292548912,0.4199570658818759,2.0770165077774685,0.0040704729511524,0.1497880205522352,-0.2739855643614194,-0.0447065841632001,0.3154413087199323,0.9971891464987204,0.3733032763926047,0.998909022232449,0.997971776285615,0.3266652005843866,0.9987080998089746,0.9959862962490073,0.6400700106986505,0.998031811287066,0.9985465560415624,266.0,15.370564577958122,0.0365654885057887,8.315290345879143,8.979458363316029,9.299437048035966,0.9978952250868862,0.9991067174206006,0.9985869409774352,1.164641549069439,3.264879474537977,0.0097513990628612,2.2717213201079733,3.251016709394957,-0.0340786889286975,3.9662310520237503,0.984204104768664,3.4785606828279896,0.9971181460679,0.9945281640206374,4.599467076484331,1.0059007637241235,0.9985254085114664,0.2030148743830864,0.9991036161018654,1.0027062613408129
8,20270212,loss_weighted,1792,0.01,1489.0,15.71722532624229,0.0377345295385085,9.12960241270468,9.19754842938426,8.893066660659876,0.9979004172468536,0.999254521573144,0.9987321204561658,0.8378366482809294,3.1085696145058144,0.0076384916876187,0.1337558524493184,-0.4836202523046482,-0.0765971216874989,0.5075887070793291,0.9977632305673472,0.2852926446582273,0.998554154422809,0.997428787212161,0.0105708577324605,0.9974505170176468,0.99468524496256,0.7543034877102173,0.9968080388032686,0.9974002464878317,1489.0,12.160325470575277,0.0270544133237065,6.844220999118261,7.249695508548654,6.962188556688191,0.997861061627074,0.9994009288350506,0.9990032171397152,0.5422194468499794,2.051200264059053,0.00541478349677,0.179069538072508,-0.4824783457648458,-0.0749336604445701,0.5200637528852647,0.9983626775003622,0.3092672012495825,0.9997875274502672,0.9984581394951246,-0.0258622017346397,0.998399844496242,0.9960856201410272,0.5928973198962808,0.9979803822195517,0.9984075540293936,266.0,15.729335884484476,0.0374189801272877,8.518882347865826,9.025478373442231,9.66340473335758,0.9977928489848736,0.9991033176289332,0.9984745003904518,1.1399026798878251,3.3793340283254265,0.0110220947553223,2.377090188551848,3.38240023040658,-0.0841004985308906,4.135004471220931,0.98422042583736,3.582682587560356,0.9975210162586242,0.9958189265715178,4.412761889770707,1.0067298807591756,0.9985681446221902,0.1461216994893277,0.9989843145014834,1.0031827255092822
9,20270222,naive,512,0.01,1489.0,33.96742414432053,0.0806643668702819,19.701419496812072,18.27136630816455,20.779729210066023,0.9908424116346798,0.9971778560614656,0.9933960478368804,2.042101809456179,6.852290212353823,0.0215259392055455,0.7281835954080038,-0.2279944869948571,-0.243998335343786,0.8011042518748194,0.9865100911252938,1.6119180196648557,0.9906469754265734,0.9933400462953228,1.0687423363115442,0.9954826441632414,0.9881502858643898,1.5089170396804548,0.9922328396076742,0.9937845024446622,1489.0,24.36609979228652,0.0536525839948415,13.790246349283365,13.338285906258657,15.020853963628158,0.9915505978647624,0.9979530310836392,0.995542525671114,1.0528762969138858,4.425724888922224,0.0096858244276079,0.4706427950227955,-0.1564676355487972,-0.1071537162237686,0.5074137171792504,0.9876366078164788,1.4412788937820409,0.9941254352680736,0.9963708787796388,0.9411460848767206,0.9984798856251462,0.9922430736869025,1.2019807058588867,0.9960106235665596,0.9974670915538624,266.0,26.39521653391711,0.0627923575535288,12.522280318072957,14.464198571679082,18.184798904222475,0.9949537272005564,0.9974521002216492,0.9946037027948677,1.915537322450645,5.330237609480446,0.0168966441756128,2.5930346514783595,3.309564011215005,1.130796546253065,4.353819412552031,0.9793472010090656,4.170951598101155,0.9948317206441242,0.9965078537894958,4.170150084563062,1.0068189282741171,0.988264044053323,3.0177731332635176,0.9968589774889004,1.0022407152070127
9,20270222,loss_weighted,512,0.01,1489.0,33.91654338665119,0.0805435374519003,19.73057238095817,18.115846097825692,20.80510872305783,0.9908237782277076,0.9972259002488248,0.9933866388881823,2.159159642932999,6.841061188107551,0.0220938758257156,0.6249068081014716,-0.3212044268822936,-0.4395697626666284,0.828795740162284,0.988502134145724,1.378140944468626,0.992039044564598,0.9938017567175416,0.88563433815753,0.9955772625436146,0.990136444469858,1.0195353215001148,0.9928949180199228,0.9942408612541814,1489.0,25.8227491417422,0.0568600321395562,14.642070159186613,13.899881943182807,16.100230950405184,0.990494018953444,0.9977781238933828,0.9948834377086428,1.4409286846566318,4.557868153970772,0.0138695369488071,0.4767577510588265,-0.345311482581185,-0.0367393310173103,0.5898201010822585,0.9895826058841,1.294615717044266,0.995411136392848,0.9963800064189208,0.7495416185366253,0.998059648325622,0.9935695692849044,1.048522776440734,0.9968561127717852,0.997521522162459,266.0,26.73850896634707,0.0636090260258205,13.004237457466838,15.017064355202294,17.897638057714538,0.9945762006909054,0.9972239619762132,0.9947594459210578,2.059976636631625,5.173348143891072,0.0168482410248248,2.61073479862114,3.043098629887685,0.6536881041611556,4.062473827297534,0.9754599598095977,4.48564508580489,0.9921127685927708,0.9975431652187564,3.648548021123276,1.0065645312712113,0.9894256249598878,2.353898825266441,0.9961297749485816,1.0015475820676494
9,20270222,naive,1024,0.01,1489.0,21.47037323978773,0.0509869119453292,12.751577218383996,12.626979176063976,11.7870099001668,0.9961679956939248,0.9986529058010892,0.9978865709131386,1.2264815007716308,4.555624868150733,0.0136590312036202,-0.11880173343053,-0.1479436231565775,-0.4559271012472983,0.4938326529813094,0.9896122439442324,0.5617082464757885,0.9910538321629856,0.9975100869619904,0.3368588343965939,0.998185416268078,0.9986203524521108,-0.2518373340906521,0.997938976721071,0.9970828174382996,1489.0,15.6877314696158,0.0345433753262608,9.076505275718077,9.26826477251706,8.821634698237917,0.9963421554950936,0.999012419493472,0.9984669117762864,0.6835375817298291,2.7852978018773222,0.0067432435778244,-0.0197825221120872,-0.1582375842654198,-0.1991320062778633,0.2551157329125706,0.990546095098322,0.722432982790906,0.993798583559018,0.998552414492317,0.2795790711296604,0.9991789210297696,0.9987337214542972,0.0145774922028749,0.998779413892393,0.9986197216357624,266.0,19.374259732510417,0.0460899967573855,9.352109300249271,11.413801004659408,12.554885043081905,0.9971717376747832,0.9985171910444828,0.997426939354188,1.3552556752057348,3.912121786169549,0.0143157992281146,1.6935379684544811,3.6618055716179754,0.2681619139311718,4.043365146386436,0.9849159625337668,2.845989912227836,0.9954816058025914,0.990878854888308,5.9095724126790685,1.0054908089148458,0.9918619837568852,1.576640420943335,0.9963524205364036,1.0014054493617863
9,20270222,loss_weighted,1024,0.01,1489.0,21.58350333100152,0.0512555683834201,12.945590877655352,12.6581016996348,11.748691596489468,0.9960479929173915,0.9986469967383512,0.9979021126811936,1.349425555078238,4.61821898674878,0.0145685826255731,-0.0128439541006145,-0.317960922730493,-0.4795616474580239,0.575537565457911,0.990136477912836,0.6333230507179621,0.9917618609374012,0.997733000153898,0.1234388691038077,0.9979804684619964,0.9991118192396478,-0.3481740297648912,0.9981697931698564,0.9971436572720178,1489.0,16.904174989693185,0.037221905689852,10.123182409594124,9.748702789099598,9.393354241912444,0.9954449498310756,0.9989085269992856,0.9982614680939376,0.9382590069161748,3.121077621093087,0.0096912063731359,-0.0004018800592019,-0.3234824769418876,-0.1339800577447344,0.3501310187191692,0.9906442596341486,0.7341068368783965,0.9939493053238416,0.9987895478000376,0.0426141238395416,0.9988850414543567,0.9986480599748832,0.0941865061793123,0.9989432829832824,0.9984829331884404,266.0,20.01257190164979,0.0476084963652165,10.304469502573316,11.470765206075637,12.757056399354964,0.9965016610614322,0.9984955245181462,0.997343540521094,1.5806574662285156,4.286907827311211,0.016503825781674,1.57025342008439,3.6466454857231296,0.4120301189328983,3.9916773317415655,0.9859190885045228,2.646064446103793,0.995742515103378,0.991426067692628,5.759560092608325,1.0056671026456323,0.9921119234590916,1.6803218385738037,0.9968976557574206,1.0017094706427068
9,20270222,naive,1280,0.01,1489.0,17.85456295502442,0.0424002423732046,10.23953558912826,11.17457981032704,9.437483525629991,0.9975315224049184,0.9989452470225536,0.9986418750315031,0.9923788886925636,3.827235960305922,0.0093588506521957,0.2947208036576549,0.1489689798601501,-0.1446053449486881,0.3605035573429434,0.993423814301917,0.7255318443903604,0.995285845286446,0.9974726795576188,0.6410549052666568,0.998757856373935,0.9983184645502172,0.1041423724932428,0.9986002340719842,0.9982094494545576,1489.0,13.150426111946969,0.0289563921823281,7.330747319241623,8.22757000694743,7.17641571036597,0.99761667930854,0.9992215533214348,0.9989844167231036,0.564119559723838,2.3971218803058383,0.0055940512843831,0.1952500503679353,0.0426468106405449,-0.0964488544489945,0.2219092475563268,0.9937769845858284,0.6838120335574018,0.9968555964452132,0.9981723748710952,0.5954049841690221,0.9995066132084162,0.9984912874002564,0.1581761758312438,0.9989870829062184,0.9991468424877608,266.0,17.78256328652366,0.0423034632305757,9.750775940286193,10.596852493956268,10.433055296646708,0.9969119061962808,0.9987220728472508,0.9982240861220514,1.2811483849291685,3.766732354100348,0.0137477486867494,1.7612776632938871,3.3416733682124846,0.4078920964794706,3.799375721011146,0.9853677179306244,2.879214551904852,0.9960567065736032,0.9908972767406868,5.584900425242012,1.004706449817463,0.994764721609552,1.249651199371698,0.9983238588945584,1.00165986911874
9,20270222,loss_weighted,1280,0.01,1489.0,17.7247757669981,0.0420920293834431,10.063781097210798,11.109161708569534,9.45909679359704,0.9976134038325466,0.9989573054164972,0.9986359597902306,1.0626427504120053,3.7743003350424416,0.0105501692092691,0.2053673301419588,0.0305278466122778,-0.1007287241783908,0.2307682074789016,0.9948572953015208,0.5422699154777888,0.99624899628943,0.9978358782194106,0.4518966019294623,0.9987418334369752,0.9986995847374068,0.0916402968484817,0.9989475284129676,0.9984464054243152,1489.0,14.061285186029268,0.0309620452575541,7.892903275873836,8.790206235757,7.625883115640114,0.9972339736053344,0.9991114439111224,0.9988531138277164,0.7737750038441572,2.518822663082667,0.0080710049445118,0.1033305263557518,-0.0970886820077043,-0.0008424144160919,0.1417889964454163,0.9949264740549668,0.501647376386984,0.997184956629688,0.998317590803264,0.4117494927402276,0.99924027699702,0.998520867171016,0.2487904457009335,0.9993006886849484,0.9990822723149284,266.0,18.30243690235069,0.0435402058777031,10.084790280693062,11.011851327311776,10.583729583854124,0.99668266806641,0.9986046946531552,0.9981720890938724,1.387467673989958,3.987594089221769,0.0152085911399747,1.803051864868432,3.242555521633114,0.3653657523300816,3.72808992263527,0.9860247114077154,2.8707930806421444,0.996682435617613,0.9897635926561374,5.765161698530193,1.004018478088075,0.9944525635461468,1.257315479639118,0.998033529502767,1.0012519433413225
9,20270222,naive,1536,0.01,1489.0,15.133795087237122,0.0359390807460058,8.205687662585744,9.72060940460242,8.198060534646325,0.9984140795822436,0.9992045581119164,0.9989747195287548,0.9231198757560208,3.052180031633799,0.0085458635522434,0.0668939032565456,0.478606994287264,-0.0078333429107794,0.4833226774472134,0.9956363926617252,0.3527572144612492,0.9965417214469764,0.9970987639992304,1.0434967400910296,0.9991907498919342,0.9977656637840168,0.3226895930139619,0.998638738692202,0.998639209307531,1489.0,11.291228042028358,0.0248625576556824,5.942537558716386,7.253208161553193,6.290393423746314,0.9984330721653776,0.9993965961547128,0.9992197467627428,0.471991302344906,2.2245359822533963,0.0050708094626186,-0.0057155911283802,0.279225931082677,-0.0975247263693567,0.2958223467291689,0.9959912480636788,0.3090070418356276,0.9973824384741192,0.9976295873825952,0.9961480877017266,0.9998618477828256,0.998364260204028,0.1785386505459882,0.9989238808935283,0.9994073487937152,266.0,16.20472166966011,0.0385498893645828,8.71900454956897,9.9286326523161,9.380523317550573,0.997589088917837,0.9989271919681209,0.9985655796981578,1.1919376290855297,3.4939934369015058,0.0111298006445028,2.0467083007776763,3.586776960970069,-0.1076176931348285,4.131048947191692,0.9876917418870642,2.9870849087296705,0.998781195656288,0.990321688654184,5.971848906893229,1.0050876269636522,1.0000137386623398,-0.1098266767309894,0.9997009408030344,1.0026321466966592
9,20270222,loss_weighted,1536,0.01,1489.0,15.19996509989976,0.0360962184245814,8.338164912606942,9.69947080573278,8.211833596528772,0.9983616043881464,0.9992070367852808,0.9989713822313818,0.9579234675742496,3.167135633753013,0.0091614786575705,0.0158481496830301,0.4250992085979272,0.0771646060150217,0.4323365325997946,0.996475646484628,0.2467312900891727,0.9971088665294146,0.9976680596188048,0.8791433500650214,0.9994305524137894,0.9982249570099132,0.3397447925953258,0.9991441767803156,0.9990080388629472,1489.0,12.343737493559445,0.0271801157480741,6.653428846228388,7.875318175679615,6.788159067810017,0.9980352257402838,0.9992875122867751,0.9990911766815532,0.6596132043045759,2.2077406661571013,0.0069430213230689,-0.0473524258525674,0.1992992599773734,-0.0534250583209791,0.2116995137411789,0.9967809023225876,0.2053753340330644,0.997705529132224,0.9977986643279444,0.865084746379523,0.9997372259193656,0.9984028563062468,0.2161244645324416,0.9990802878959316,0.999393946425272,266.0,16.873349504752046,0.0401405078024875,9.085556158030842,10.14960527256346,9.957314177022637,0.9973760566907685,0.998868521830632,0.9983878682371116,1.2971262587821053,3.731167455269188,0.0118075036413654,2.1885128127623354,3.632135357542236,-0.3039312254739734,4.251396215004135,0.9889984309204568,3.029055651419384,1.000243699681533,0.9910222159688812,5.844573050863062,1.0054734531752694,1.0006819330478918,-0.4135764645262156,0.9995040240314904,1.0029571914889162
9,20270222,naive,1792,0.01,1489.0,13.423245563320885,0.0318769418637428,7.211627260468186,8.592811202494177,7.371536430594133,0.9987777987755914,0.9993826601259268,0.9991739833651232,0.7654200024201329,2.8664397086254563,0.006654657757193,0.1883231365344103,0.4735214336057106,0.4336125355164163,0.6691098435945633,0.995404689993041,0.4893654698074101,0.9966606151114012,0.9957785882300576,1.2954580913003326,0.9983757022865452,0.9981887118678712,0.7015544266938321,1.0000868504503764,0.9986564196507492,1489.0,9.90660678008352,0.0218137107252822,5.203258031410136,6.3287748177429615,5.568983126214806,0.9988004154132244,0.999542674624213,0.9993892298608285,0.4141361252426754,1.7868976461100616,0.0038628101652581,0.030815995447434,0.1727429429186877,0.1725237816998253,0.2460776405032246,0.9957279161707304,0.3662125209367701,0.9973766531842424,0.9966815894763168,1.1763834111300184,0.99931773779259,0.9980178381539936,0.5070527172608763,0.9996071701578968,0.999229180070388,266.0,15.52863823137544,0.0369415345727879,8.269652161433372,9.201222085091088,9.385572470055688,0.9979235416901766,0.9990694895525845,0.9985627465579512,1.1435438024400455,3.3619986078798734,0.0102741427262598,2.2830512356210777,3.434412976976211,-0.1582541721664327,4.127052195441877,0.9841886483662544,3.4910714997436827,0.9971491356588388,0.9947839979032204,4.719816992862064,1.006454173695534,0.999430652347814,-0.0667110806257085,0.9992406522145788,1.0030657995164216
9,20270222,loss_weighted,1792,0.01,1489.0,13.404073469264002,0.0318314128056044,7.331272596407324,8.441770211581046,7.393114592744852,0.9987348885821912,0.9994021458839728,0.9991702242784776,0.7919081088814486,2.816907277375001,0.0072657325468099,0.1622536431767505,0.3560608860109091,0.4993027986607047,0.6343570635071498,0.9963311968696034,0.4025997902313065,0.9973644434315176,0.9963416749174174,1.0683608593393783,0.9984835080062872,0.998941039937586,0.6559536134988093,1.0007158001197478,0.9990107122159853,1489.0,10.664216778420917,0.0234819191959705,5.840004246183439,6.620712604298285,5.982142969956462,0.9984867152839404,0.9994983118667892,0.9992959135386856,0.5701392506919336,1.986060988143584,0.0054728440418586,0.0696905067076154,0.0084644908593947,0.2838875043491675,0.2924389328667979,0.9964181445180434,0.3508979762853954,0.9979979334340215,0.9968285781523258,0.9676488007507942,0.9989969747249982,0.9980903319055434,0.6061816884495101,0.999990378833282,0.999171845774188,266.0,15.86149455893434,0.037733376288016,8.496436701979892,9.209568664548454,9.725297837357983,0.997826383876114,0.99907761168036,0.998457551502945,1.2246911259970916,3.293426947747813,0.0098372964335821,2.430905022265799,3.5814929446166386,-0.2145468785926738,4.333869091554301,0.9833021964488634,3.706652062959037,0.9970630194407556,0.9959318246669068,4.584032593462723,1.0072662612105927,0.9995053648805956,-0.1350165110904413,0.9991208237390716,1.003475538804412
10,20270302,naive,512,0.01,1489.0,35.920874021710766,0.0841861435175664,18.97963188584984,20.193042093304644,22.8544047172372,0.9916748538698726,0.9964500403150666,0.9924736345090734,1.9505638011330764,6.600225128221534,0.0202205299410164,-0.463453340209037,0.025904609724654,2.241146640977252,2.2887110594654616,0.9766160879818432,1.1842068518177058,0.979751111366652,0.9981296681816304,0.4076654749702584,0.9989703931202312,0.9902104125147482,3.694383981936341,0.9999222861806638,0.996455928641559,1489.0,26.045205972214628,0.05729503989221,13.579371349060304,14.730160435903526,16.642589985694745,0.9921579418382176,0.9974607972984753,0.994900756251508,1.0713690854926494,4.200443301686878,0.0097143021573205,-0.2194536824009999,-0.1428440140801599,0.96787275273348,1.0026674406610478,0.9805544874270932,1.3075780832303252,0.9862731006224472,0.9986862254009584,0.2574506056000132,0.99926516973281,0.9932616001417433,2.056301200912003,0.9995055640282072,0.9981981349101268,266.0,26.453755530519867,0.0629316176956375,12.421669431493552,14.6671607668826,18.176295146196026,0.9950784895021176,0.9973852037990516,0.9946124291600948,1.8917821978273075,5.408106760867516,0.0172582261197903,2.7968189954442217,3.4182135029136167,1.2332454064512215,4.585550596963427,0.9794295231590322,4.368446357997996,0.9956472355477148,0.9962547473296104,4.341173795816559,1.0069886934590435,0.9897949758557628,2.8740697004027425,0.9979806268882702,1.002789805481154
10,20270302,loss_weighted,512,0.01,1489.0,35.627959929470244,0.0834996538794587,18.84552915343269,20.053912311448546,22.62826022185066,0.991779969960794,0.996503516565162,0.992627470237043,2.002575765137689,6.6691171695552365,0.0211597728283045,-0.3080236648081854,-0.1249551225520122,2.217231579291834,2.242009865487397,0.978492493150606,1.2074226316872083,0.9816889770924748,0.9990001886333792,0.0791203514653773,0.9991633578412512,0.9913698070595942,3.4983599883870795,1.0005663687627722,0.9970439074205524,1489.0,27.05468239439281,0.059515716969621,14.241874175902542,15.096563114178338,17.355651574022176,0.9913603621440268,0.997337615533522,0.9944605814067714,1.4258655935595883,4.380187583771532,0.0131489084758186,-0.0597252168680707,-0.2774218814580276,0.9704449941985672,1.011085302339376,0.9825371326386206,1.3116119016497834,0.9882733874934196,0.9995013805709744,-0.1254972858290557,0.9992191674368308,0.9944437243578091,1.8679293528139735,1.000115696642932,0.9984988449504056,266.0,26.81825623462426,0.0637987391496792,12.898295492065088,15.251033807106351,17.89577628044773,0.9947006268482652,0.9971531240826416,0.9947652579602636,1.9983444396528165,5.389888058729994,0.0179759272066978,2.79650657723736,3.279211613760708,0.8129512399077742,4.385723151639021,0.97595155342308,4.633858086363659,0.9931545980609128,0.9977470268088005,3.8344224311488233,1.0072279842063376,0.9908803498715104,2.279262663738507,0.9973719282678772,1.0024399917912947
10,20270302,naive,1024,0.01,1489.0,22.93425367349869,0.0537499830894561,13.525538614262992,13.802715477962735,12.35009482509655,0.9957937050225214,0.9983617331200904,0.9977837093869426,1.19966652310762,4.221760724118024,0.0120528093849115,-0.8092397777797206,-0.5440470192994309,0.0314050661727346,0.9756241362998768,0.98668524686781,0.1289346682043088,0.9870265835180012,1.0034357235361222,-1.2453262131903386,1.0008674981935202,0.9969734819874344,0.4806833422565262,0.9982371123832277,0.9980281975376049,1489.0,16.727037290062025,0.0367966477145543,9.656640787572575,10.120201954004797,9.171945137923194,0.9960482319673346,0.9988143492637244,0.9984473534020304,0.6959202989216428,2.633855951961237,0.0069259348590778,-0.2851691226400321,-0.2970869517703874,-0.0005529894850277,0.4118038261319056,0.988240045993642,0.6383253474976414,0.9910317230658906,1.003012953618797,-1.2151052509750002,1.000280474912773,0.9978312811656844,0.3497520272879626,0.9988933040962914,0.9991197343601296,266.0,19.270925183513956,0.045844171157134,9.222492560784977,11.308657430793328,12.58683659653294,0.997265209634855,0.9985352430150828,0.9974104195145642,1.3693059141960369,4.202559298041544,0.0145954425654658,1.7249329518819725,3.632552627429356,-0.0510890706112587,4.021621858487952,0.9843009318423784,2.9243745240859056,0.9951575753860452,0.9928125119341046,5.403799235964584,1.006173895887222,0.9926886561811544,1.1244721421633983,0.9958912704219418,1.0016056690279462
10,20270302,loss_weighted,1024,0.01,1489.0,23.031926460400317,0.0539788944252685,13.754372313999044,13.820343301131077,12.259077851293164,0.9956430843422874,0.9983617893659488,0.9978189500752042,1.289692771802364,4.195961955569012,0.01381060904836,-0.8964099510192454,-0.7508637884767168,-0.0500752380442817,1.1704079453750835,0.9888827310019755,-0.1130730329759757,0.9885833858309636,1.0037220601482326,-1.5105882869479217,1.0006067871541482,0.9983207844121328,0.1991996981556099,0.9988444447333756,0.998302433365658,1489.0,17.652487247928125,0.0388324808083969,10.454965176905947,10.548220437855464,9.541438821391544,0.9953569123899542,0.9987143561697516,0.998320467580984,0.94050167795864,2.8943723042130536,0.0095531315365115,-0.2769694026793138,-0.5004320911401418,-0.0071186763396606,0.5720096182899899,0.9898967821687042,0.5164236490922889,0.9921553295793464,1.0031581275171824,-1.4626834958439758,0.9998689050380272,0.9982597147658536,0.2739830683822504,0.999091665057826,0.9989985707682524,266.0,19.94135684370917,0.0474390807676723,10.064763488084989,11.523026827664532,12.789765495347494,0.9966675606865192,0.9984717781893068,0.9973254931020172,1.5255576768335126,4.082185318198972,0.0163035021981691,1.5421617972490795,3.6502343398394874,0.1184163710564501,3.964403635046777,0.9858799408016156,2.6209637894743736,0.995610182044254,0.9932290359946214,5.318834958176183,1.0063803380612255,0.9929020209217008,1.2596715356716004,0.9964896971722612,1.001966015994674
10,20270302,naive,1280,0.01,1489.0,20.605778993719102,0.048292841276858,13.101152696314069,12.123736816522433,10.294315497863684,0.9960515216256584,0.9987353244872846,0.9984607549506882,0.9822599197900884,3.4368648890318645,0.0098259315419664,-1.0006959582790511,-0.9144048554589692,-0.1448131413389933,1.3632679437687347,0.9922484433405658,-0.4545114137908257,0.991045187415548,1.00218980035586,-1.3613737143307958,0.9993822512680274,0.9979053099437964,0.1661378371365174,0.9983420565552176,0.9978407998333184,1489.0,14.982072356264055,0.0329580205369033,9.25797409223635,8.962507534050006,7.643681475435043,0.9963671228811304,0.999069906953732,0.9989217547378632,0.565608104967887,2.217046404825622,0.0056704107307647,-0.4428573314193778,-0.5558034414131812,-0.0456135856372514,0.7121240626978665,0.9937964276857114,0.044301438440371,0.9939901773314782,1.0022040317701952,-1.2273509502909974,0.9994440154392664,0.9982968192270016,0.2294948146828517,0.998993680822168,0.9988541892589016,266.0,17.382334396868742,0.0413513469442717,9.619258392192997,10.349843706349136,10.124038340649246,0.9970123898238092,0.998780289261752,0.9983258310395756,1.3161835555014316,3.844984871539165,0.013036636585726,1.8785877406952416,3.263576696570694,0.2570230175583494,3.7743987051508654,0.9856501115541312,2.9749491670967103,0.996694511784568,0.9912733050752184,5.414137316293306,1.0046602508700284,0.9953587792021964,1.0032660181620656,0.9982161857279664,1.0016736943032958
10,20270302,loss_weighted,1280,0.01,1489.0,20.60363714019416,0.0482878215106871,13.114784822573094,12.190801618809813,10.192970045733407,0.9960446231532376,0.9987221523147484,0.99849135164445,1.0654764635906806,3.2634302673513336,0.0110663069975375,-0.9907798457323864,-1.018238422846835,-0.1769209768114349,1.4316966230689423,0.9940190364818796,-0.569353546697414,0.9925117519391664,1.00201738434562,-1.4300147642171908,0.9990682774217812,0.9981939374055034,0.0911840486950836,0.9984336439345496,0.997912919692814,1489.0,15.825662797556497,0.0348137765650222,9.792410571451574,9.570643489887669,7.934927937389115,0.9959393790451944,0.9989398818014912,0.998837870622988,0.7684405975796041,2.376786028020425,0.008024530753338,-0.4576424489032765,-0.7411132127442128,-0.0274426627949579,0.8714576896691627,0.9952575532993256,-0.0852240448323584,0.9948848311241912,1.00179282164677,-1.287368909704469,0.998897839397502,0.9979471623748412,0.3041444970225484,0.9988706979224709,0.9985421508189996,266.0,17.961090060926132,0.0427281658291224,10.080642414110882,10.791893246224308,10.223328462767215,0.9967050856379164,0.9986643818116449,0.9982928661417274,1.4275261480177994,3.787701152084454,0.0147670955227878,1.9499773919496828,3.1988571383026105,0.2051560596085048,3.75195786612517,0.985961222221065,3.0225693140894947,0.9971824106696796,0.9896666846337424,5.745344816557719,1.003872571026814,0.9949578028268864,1.0158704194770962,0.9978511080055744,1.0011695947862411
10,20270302,naive,1536,0.01,1489.0,17.917236887305467,0.0419918255641903,11.680301823367586,10.507719031037784,8.61311603054447,0.996854531837297,0.9990387311276028,0.9989224810917816,0.8346387655892437,3.0926204583228176,0.0089249530216184,-0.6014323274342798,-0.4736881607378093,-0.1381816581925329,0.7779431140944827,0.99183058366313,-0.0258048584332897,0.9917622688796904,0.9990706159050294,-0.2839878772069824,0.998484950193098,0.9975416963322374,0.2267467609866571,0.9981377729468032,0.9973944618084548,1489.0,13.0625819614356,0.028735466917564,8.255405699855686,7.8011236756635585,6.4514954566375,0.997109121247902,0.9992882559731702,0.9992319560615284,0.4873384152363935,2.006273395844704,0.0052989395102757,-0.2739843796842709,-0.3433329702835376,-0.0484114899003574,0.4419147442087259,0.993154223622574,0.2636058715134624,0.9943070878641388,0.999548638556302,-0.2058074331212083,0.9990858272664204,0.9982584835000552,0.2328891365665413,0.9989656519623537,0.9986396530485896,266.0,16.117110025429117,0.0383414674452803,8.560036458026214,9.937169772066094,9.366945517626624,0.9976791984874364,0.998922274682305,0.998570206565498,1.202291377770394,3.62226232900148,0.0108281486630635,1.9706022153787144,3.603122403323228,-0.1653467988477311,4.110122103840037,0.98697980643715,2.965372177559061,0.9979886524111896,0.9908966109615096,5.846513531457788,1.005352646182248,1.0000926561312475,-0.1802446010464677,0.9995793006602746,1.002650460755298
10,20270302,loss_weighted,1536,0.01,1489.0,17.921189004834343,0.0420010879650239,11.69790620440988,10.489200696410157,8.620015924013876,0.9968421903799328,0.9990431092727704,0.998920673321298,0.9089796954574236,2.948942616451812,0.0097602118951064,-0.5633013477870926,-0.5691297705916573,-0.0785493446991922,0.8046036935940202,0.9934863093850156,-0.1043384197212162,0.9932100878910616,0.999187567546769,-0.4033009517410164,0.998355843526198,0.9983986025222136,0.1591737070578744,0.998817041683232,0.9977466227580084,1489.0,13.76397936501476,0.0302784223567044,8.608640821688265,8.248992499144338,6.876958187511038,0.9968568638136732,0.9992054940903168,0.9991273736621747,0.6677408939972211,2.1377746523651244,0.007198685833334,-0.3284365396545032,-0.5044311772633964,-0.0368335496157321,0.6030572804907132,0.9945442655927432,0.0999954553105766,0.994981589632927,0.9993392359903616,-0.3031026707375872,0.9986576311722888,0.9988092529366012,0.1555033561261041,0.999281439277515,0.9984987922057058,266.0,16.822350481275848,0.040019184724388,8.927159879781607,10.314755328148491,9.84393796791364,0.9974749265826552,0.9988283509412416,0.9984242761428156,1.2929772903592995,3.701156743229807,0.0114928351045698,2.143019589025452,3.724018421628098,-0.3078885027268881,4.307625969566491,0.9878730922648098,3.069540649627825,0.9992686602405711,0.991799803480006,5.744831554422063,1.0060044207858738,1.0006589401983244,-0.4138368150865403,0.999480289676304,1.0031355369193231
10,20270302,naive,1792,0.01,1489.0,16.268636133515564,0.0381280738197912,10.070593113643923,10.158856715394142,7.749148741652038,0.9976608748759418,0.9991038701711316,0.999128125624348,0.6870460914447207,2.523514004851903,0.0071276070621103,-0.4641520389944363,-0.5852551935881758,-0.1779414707642646,0.7678697311018162,0.994120408777315,-0.0498685608712605,0.9939883886794256,1.0000187790522477,-0.5890882606215655,0.9988039074917412,0.9985035486379336,0.044202618714479,0.9986197494039496,0.9980427952269724,1489.0,11.793401107699635,0.0259434840965102,7.135798040392512,7.390576284840237,5.791724975495513,0.9978409003293508,0.9993628055896924,0.9993810560065626,0.410843429873409,1.7456206668094996,0.0040829991596662,-0.2457792730365047,-0.3508210986615547,-0.0450827895011069,0.430714931514632,0.9949393024922571,0.1516309686118262,0.9956024513084148,1.0006246808827275,-0.5411554197508508,0.9994077528347808,0.9989091652984284,0.1311156472829395,0.999307298298702,0.9990512399950072,266.0,15.457582215630792,0.0367724973254051,8.44034048503092,9.199363539364926,9.114231230352706,0.9978390912342412,0.9990788139313542,0.9986443218494788,1.2349601068043452,3.3326674655439343,0.0100898956741855,2.305980062320101,3.560507768019201,-0.1616810361428739,4.245103104918787,0.9832850184239909,3.58303953996527,0.9965869340192332,0.995634336311508,4.636358876411066,1.0070981543378847,0.9993298429527446,-0.0539292123002326,0.9991762469170308,1.0033429776380387
10,20270302,loss_weighted,1792,0.01,1489.0,16.409957042883367,0.0384592813051903,10.257151739070274,10.0714165616596,7.914802384930004,0.9975720902409684,0.9991206873577062,0.999092248031944,0.772354150976316,2.4942207845537783,0.0076949335814315,-0.4512548046849201,-0.632051073321999,-0.2722844180818376,0.8229570234033374,0.9952917746627596,-0.1195072571727848,0.9949753957756458,1.0004825558278565,-0.7305474623383361,0.9989759541945826,0.9997633189848356,-0.2371497722501203,0.999139894717284,0.998441952372348,1489.0,12.48860301277596,0.0274728104887446,7.638985068193275,7.670170877515157,6.227326155610868,0.9975255758681594,0.99931433913264,0.9992849643326962,0.5695531587825042,1.8288200884829229,0.0057639033928494,-0.2805388982009751,-0.3890191945685712,-0.0814960632173248,0.486497292352711,0.9957232488908784,0.055309013899162,0.9959651394982252,1.0008173766192263,-0.6380660730570185,0.999382519880466,0.9995492406841424,-0.0086866020720606,0.999522863794604,0.999121701754899,266.0,15.814948847827347,0.0376226473257944,8.732557620052258,9.1807639650353,9.46406981642528,0.9976799690033348,0.9990996573025,0.9985407112177512,1.2295502909036815,3.351821006760465,0.0104485917088149,2.3952698878194174,3.75780027552845,-0.3680900425833259,4.471450662336009,0.9831970321981232,3.6790516967537457,0.9968553897448073,0.9967284460146056,4.564024765662339,1.0080134113885395,0.999540760857786,-0.2942508501788552,0.9987027036682732,1.0037391974563763
1,20261202,naive,2048,0.01,1489.0,15.550573197554623,0.0365922167775463,8.171709511965583,10.169281070593334,8.463404334653287,0.998684146803112,0.9991365510978536,0.9989428685456142,0.6809227666556709,2.591793268331008,0.0071513750949511,0.0471112337915126,0.2390706639150073,0.4489651382524784,0.510826728020557,1.0008281235381669,0.0030678746611698,1.0008339294063886,1.0004236724502034,0.1551190788398742,1.0007342076997496,0.9954387989788734,1.0909250876826206,0.9983079392508428,1.000030781012805,1489.0,11.136819041871444,0.0244548477100001,5.765691209080176,7.245886924546227,6.187298758716595,0.9987568112425598,0.9994064102492056,0.9992546377870262,0.3593085897284374,1.6931387408291854,0.0036873725976806,0.0627830896757791,0.1423305846557324,0.3012643566734596,0.3390574055813455,1.0009209260620058,-0.0041342940658211,1.0009047701546758,0.9998419610504904,0.1905908533254887,1.0002654477469866,0.9966624397334428,0.8373050326460714,0.9992804969135268,1.0000788215499112,266.0,14.71290230461736,0.0350009563655043,7.765433506230986,9.118305422220589,8.545410634523215,0.9981381128525816,0.9991383470854206,0.9988080378224248,1.001153950082899,3.291560497260627,0.010406673905817,2.002419065696842,3.966075096976605,-0.0763665411962978,4.443564519407644,0.986396833066035,3.041729410133186,0.9976891527364872,0.9953115396572156,5.1214745084640185,1.0079748501033663,0.9995104750123068,0.0023421890282406,0.999517145811569,1.0040747586196048
1,20261202,loss_weighted,2048,0.01,1489.0,15.482709185605234,0.0364325252597419,8.16934760268186,10.137494099158069,8.37897707731178,0.9986915625049362,0.9991430722801202,0.998961137780392,0.7049213123159098,2.570344061629247,0.0078547006800002,0.0278398259907083,0.1550113669404861,0.4339911725730582,0.4616837853588633,1.0024113419945733,-0.1004062587518603,1.0022213259178687,1.0010060245188095,-0.0443345025819894,1.0009172706019749,0.9970811419843426,0.8448018199104865,0.9993029764170692,1.0006418532530914,1489.0,11.695979762916483,0.0256826839734034,6.055122684574192,7.583993127080226,6.527976726192184,0.9986344412906254,0.9993501913173778,0.9991692033399878,0.4826025565614074,1.7786363411667396,0.0051456098249138,0.0331891015531475,0.1179231133591001,0.3596105975413474,0.3799041444762787,1.0022017475092586,-0.1267967964007539,1.001706253657157,1.0002241431587546,0.0494766380088549,1.000334078644212,0.997576962660616,0.7487710829188643,0.9999181948680472,1.0003541022016562,266.0,15.141345257788998,0.0360201919179868,8.055720709990632,9.27678950997027,8.849117269304482,0.9979778950998542,0.999112680753206,0.9987226563811172,1.0636592847037931,3.192854606848691,0.010811052561334,2.0362071458325994,4.0928915715137535,-0.0931582058587984,4.572371311281149,0.98700634751559,3.0289493142272192,0.9982512215033632,0.9957484801327232,5.140613679292443,1.0084591139154404,0.9998060769889224,-0.0619781142455906,0.9996295568388384,1.004449281512517
1,20261202,naive,2560,0.01,1489.0,14.266035280789074,0.0335695571422954,7.173984741200369,9.802028774730337,7.481573194529436,0.9989826006696384,0.9991969261387462,0.9991736357885982,0.5686226166443733,2.3762696804254237,0.0060479417930909,-0.0136483968318507,-0.1744600821542826,0.5091766381591244,0.5384082538821137,0.99954721011125,0.0104330194806934,0.9995669543130012,1.0000976835537363,-0.1938162833139074,0.9997096797804084,0.997386797981255,0.8769681536030021,0.9996932300865812,0.9996825958000404,1489.0,10.22564832657964,0.0224540482899416,5.07351231052818,6.984284111113679,5.481161554729531,0.999034611305672,0.9994484337152332,0.9994158770745856,0.3212389000072733,1.4352881242076592,0.0030618991408271,0.0369607790883994,-0.1074622530360299,0.3910623192225367,0.4072394535578674,0.999888939400476,0.0450307915069032,1.0000649097796996,0.9998953331645244,-0.0755001980076031,0.9997275741725206,0.9978207708215878,0.7410651322354909,1.0001379083219175,0.999859448390218,266.0,14.163761018295752,0.0336945879955459,6.9908460903968574,9.396468214922471,7.965336289807795,0.9984863128829442,0.9991179913028404,0.9989663793925044,0.9686386400818684,3.0357739889378004,0.0087478180577244,1.740722880252892,4.396925935087187,0.1344730342053352,4.7308727335880265,0.9878019660813476,2.6726781297166866,0.9977241950989728,0.9954348094684776,5.521947385160161,1.0090883254412757,1.000490326055517,0.0556355035461422,1.0006487817871166,1.005068433390093
1,20261202,loss_weighted,2560,0.01,1489.0,14.54017330054038,0.0342146341898273,7.3605225822699,10.003705548144778,7.560768627041794,0.9989356071828402,0.9991659621491912,0.9991552766646996,0.5864504173870775,2.4323213924572618,0.0066488106813426,-0.0856591211200471,-0.363521767043979,0.4880844954774982,0.6145828136804345,1.0018182857209943,-0.1823637881418278,1.0014731672793111,1.0008231463156032,-0.5266299368352634,0.9997688778137735,0.9987641753738216,0.6620189287224605,1.000505289581066,1.000252295349006,1489.0,10.814462363178688,0.023746998955693,5.352248131690756,7.415352157675362,5.772225612281669,0.9989317336291276,0.9993794161992068,0.999352021139384,0.4041381452427514,1.5646498505736903,0.0044196192380213,-0.0045180049424899,-0.2830589573714404,0.432414480086513,0.5168414343929448,1.001876432911652,-0.1408655212033238,1.0013259615928916,1.0001672118160787,-0.3341203393520686,0.9994248072553382,0.9983126455915804,0.7034180052536385,1.000512069323019,0.9998645488151492,266.0,14.504337766599004,0.0345047960469327,7.257710311884907,9.532795794022062,8.174794151893057,0.9983508461857428,0.9990674842357948,0.9989122227753976,0.9794521093150632,3.1108318097662107,0.0105845814753082,1.78606453864032,4.231681444000966,0.1463585867304798,4.595495100160624,0.9889090894157164,2.633433254720956,0.9986856231350018,0.9950021665379376,5.463321133492258,1.008510723783725,1.0007746816901688,0.0218006710075826,1.0008367722807754,1.0049146769752888
1,20261202,naive,3072,0.01,1489.0,14.05030785222604,0.0330619266690931,7.194021649688168,9.760656262667288,7.098365485673202,0.9989765254723416,0.9992070273834815,0.9992568661975288,0.4757951693534345,2.305950387651297,0.0056864936435427,0.0047666755182671,-0.3528960334255854,0.4656006544854664,0.5842450693504422,0.9992807260426654,0.0430209211180425,0.9993621419498876,1.0012343083885684,-0.5974768307895317,1.0000382104092933,0.9968561341402388,0.9080797206347596,0.9992443898747976,0.9996977842137722,1489.0,9.95219584555748,0.0218535860974451,5.047158073974656,6.879194070385818,5.123386230474196,0.9990439537417696,0.999466635600302,0.9994892257162146,0.264471513283354,1.35345593730506,0.0027512464544608,0.0478398525529534,-0.1681031736972102,0.2903437443528559,0.3388905699251593,0.9994584965641072,0.0871871950943017,0.9997992048499436,1.0009393676858405,-0.4549573766581716,0.9999284671461468,0.9975831533235195,0.6785099564102097,0.9997046954066056,0.99986145518283,266.0,14.116120005936205,0.0335812533889346,6.779485489760095,9.373226998232507,8.089872443724307,0.9985828846529652,0.9990743556604088,0.9989396790889904,0.9003278785725511,2.961603100059805,0.0081719841964648,1.6538568567581322,3.93518163975285,-0.0680967391973002,4.2691374077655455,0.987190002604939,2.632567393026534,0.9969633218413674,0.9952750176455368,5.099581342959738,1.007884195253386,1.0022327235602642,-0.4270872724463288,1.0010163343501552,1.004418062913243
1,20261202,loss_weighted,3072,0.01,1489.0,14.25481400419631,0.0335431522387342,7.368396734570773,9.907596377440086,7.123621682678983,0.9989335346016096,0.9991872056597728,0.9992493924100768,0.5095247772501921,2.2831349139050965,0.0058334654609483,-0.0469527726839327,-0.4944023848558559,0.4061795104576426,0.6415762431149373,1.001895615725584,-0.1477701994652491,1.0016159646968008,1.002211139785249,-0.9325443733312966,1.0003442649826693,0.998395682616693,0.6319769487830627,1.0000577862159068,1.0004572669698837,1489.0,10.299758429922049,0.0226167833837055,5.255108363562625,7.08103878461883,5.322381941639311,0.9989697086074288,0.9994367375394848,0.9994477079127364,0.338748483272872,1.381537035102849,0.0036689273354223,0.0052388203911606,-0.3247945582705466,0.2868032880802973,0.4333302163188258,1.0017588705138656,-0.1225662423429128,1.001279908731865,1.0013811581795893,-0.7465580857381156,0.9997223303189908,0.9983223124527448,0.5562542328055997,1.0000615894561884,0.999946006311408,266.0,14.408911693117023,0.0342777841518679,6.998602330293404,9.380502126435674,8.404908176678203,0.9984878693061578,0.9990746543899464,0.9988570904882892,0.995904097400472,3.0547691536684947,0.009658934308989,1.7768666038872307,3.954763241543728,-0.0180530830111399,4.335635263543441,0.9877053800096596,2.7162012308092898,0.9977891870982828,0.9952526103771302,5.124684873664876,1.0079238587425492,1.002602519949488,-0.436501672476254,1.0013593175436817,1.0046462007255532
1,20261202,naive,3584,0.01,1489.0,14.182865160839532,0.0333738486613317,7.487545742235448,9.836658107138676,6.952012673445758,0.998891353365834,0.9991950954490414,0.9992858977202072,0.5041815278921893,2.268622308621866,0.0054575023626455,-0.0002366329204854,-0.4188132417736509,0.3324522297841314,0.5347233607843729,0.9992331023431876,0.0405504566361969,0.9993098429644832,1.0012534544820857,-0.6671878777456755,0.9999178008947928,0.9968649735631238,0.7736872035459612,0.998899776079506,0.9995215379186186,1489.0,10.041913393308237,0.0220505928871676,5.233894891192228,6.957376322636035,5.004126654260324,0.998972107298414,0.9994545008829,0.9995120395529477,0.2667151449884729,1.3950737069042984,0.0028187218350008,0.038076929678356,-0.1957943699486622,0.2025359692125097,0.2842641495197288,0.9995511539588132,0.0706914945366463,0.999827400693219,1.0009151765828388,-0.475261348849358,0.9998591612752588,0.9976062321357976,0.5869955269637046,0.9994416299826112,0.999752901929974,266.0,14.486257526954986,0.0344617844326532,7.034616837194295,9.137531576239112,8.76763022625588,0.9984405428386598,0.9991047576011248,0.9987583322812332,1.0279164579885842,3.0782296445323194,0.0085419148066289,1.4318059806549972,3.7026688908062,-0.0016511577002517,3.9698649860549646,0.9868434639105272,2.4369927964249314,0.9958907189359552,0.9966038585453694,4.539596059028384,1.0078284217254834,1.003008161775538,-0.4853212452645152,1.0016259161216343,1.0044564349035492
1,20261202,loss_weighted,3584,0.01,1489.0,14.482563542271496,0.0340790720638338,7.670571665814572,10.05314325655567,7.059836240218582,0.9988450370008768,0.999164845838604,0.9992613039847916,0.5428013363444402,2.3935947329224203,0.005395049919771,-0.0859551433642323,-0.5866306940765971,0.2508082985148021,0.6437613381583628,1.0020512236098085,-0.1950485019510424,1.0016820996969311,1.0024545136817844,-1.072997730865325,1.0003064631607976,0.9985831634985824,0.4502189985887241,0.9997672424739784,1.0003607471473,1489.0,10.446703240866963,0.0229394529862125,5.477711600360447,7.208527175187667,5.212045681936965,0.9988819318258342,0.9994167087011064,0.99946943139661,0.3252592364401772,1.4750796202903615,0.0036557527774881,-0.0482392775910227,-0.3362254146990111,0.1786635271847739,0.3837905852651029,1.0020628917675596,-0.1981354806873696,1.0012886221065702,1.0015380332129695,-0.805893786396382,0.9997473633493704,0.9984242515452476,0.4317421832654133,0.9997742084650943,0.9998921992459342,266.0,15.087919212900587,0.0358930951272106,7.349501020540726,9.464100247219209,9.168475742165151,0.998276031003,0.9990223595317952,0.9986427591685028,0.9786135684485174,3.140578492678949,0.0094836328753497,1.374819154495726,3.651544374101943,-0.0501200302218577,3.902104053076152,0.9870472318722282,2.3644376727148995,0.9958251284044476,0.9961460980006636,4.601279633954675,1.007523179416967,1.00313000665279,-0.553381059646,1.0015539195308851,1.0042536236273865
1,20261202,naive,4096,0.01,1489.0,14.720337771353464,0.0346385810944109,8.121725972976662,9.965486860432993,7.17042418251176,0.9986946783135984,0.999173404637314,0.999239784165003,0.525119553376954,2.433256864390203,0.0053864046765928,0.0516433956122602,-0.3915074963583264,0.2125044672570717,0.4484454354983906,0.9982761751760932,0.1433242044505007,0.9985474122818774,1.0011650277647048,-0.6223601927198388,0.999919115403702,0.9964294109532972,0.715042100051619,0.998309976455526,0.9992288481094848,1489.0,10.413064938656172,0.0228655881281507,5.663120048541544,7.046384875660812,5.168118895356005,0.9987956443065686,0.9994401345968388,0.9994795059465836,0.2707956475605338,1.4557313271364911,0.0029458419729701,0.0735518123566413,-0.2164763842242081,0.1680322590133538,0.2837370862204382,0.998613717157217,0.1742834832171809,0.9992947784845402,1.00070449721891,-0.4316083195300848,0.9997454775271004,0.997312006204501,0.5997470135264393,0.9991872749700964,0.9995668161136692,266.0,14.891760075863804,0.035426446382186,7.125187607312885,9.40009175478815,9.09035173792796,0.9983635672055732,0.999007605512328,0.9986803879378828,0.9735463174547704,3.019605037597905,0.0088407360700694,1.4276631532876778,3.332250239301598,0.2313143702591576,3.6325776074943343,0.9908060136855664,2.130102896149211,0.9987139501226936,0.9973883158715754,3.975859886041377,1.0072189902104074,1.005169236717564,-0.59982616086387,1.0034608690908804,1.0050277506875984
1,20261202,loss_weighted,4096,0.01,1489.0,15.163468160005158,0.0356813158564202,8.246279969560062,10.360948195815714,7.387853936478809,0.9986616053759936,0.999112484456324,0.9991903366439432,0.5484319978172109,2.4609864706526983,0.0056083284247586,0.0139222815894658,-0.5294297893861926,0.1467691094912633,0.5495733830117895,1.001255075990774,-0.0528283420190547,1.0011550998098662,1.002545757124751,-1.0338769058710966,1.0004760231799257,0.9984703417400924,0.3620587524224561,0.9994225586788384,1.000269535598832,1489.0,10.867567128361712,0.0238636093576707,5.821410075380647,7.368197666883334,5.470362251756261,0.9987335570419088,0.9993903049407884,0.999415717379614,0.3446861081688326,1.5221933001209185,0.0035680610469717,0.0420895260582564,-0.3283405763794779,0.1977732264403162,0.3856077169840212,1.0011829916607715,-0.043870368218748,1.0010115559592492,1.0014893169707162,-0.7831324954871093,0.9997492219575208,0.9981037709702062,0.5023237992388374,0.9996744201100642,0.9998438745276,266.0,15.346018820932418,0.0365070958818979,7.3610059651901265,9.723000792136588,9.315532213940264,0.9982421834138414,0.9989261383705074,0.9986173741280822,0.954806343472,2.965678905262294,0.0090369370311392,1.4225476408974211,3.2998386126700474,0.3166090610773298,3.607328368453206,0.991440947537276,2.0764771123406973,0.9991498000284982,0.996535118587375,4.153705693188726,1.0068055328221548,1.005541445665144,-0.5743774316998156,1.003905558680154,1.0049873783158954
2,20261212,naive,2048,0.01,1489.0,14.781127141015714,0.0352199245313638,7.3776530850123,9.318155804053994,8.787714545173536,0.9987542739763904,0.9992647385924832,0.9988454937208228,0.6791699234934071,2.935165663810017,0.0071032435992647,0.1041608320704542,-0.2775489671037206,0.2297475355741742,0.3750557800919191,0.995240891196385,0.4037661896805105,0.9962271125810211,0.999194529864311,-0.1242979276314883,0.9989461057729788,0.9979853680402296,0.5266661230720899,0.9993925342225086,0.9986880405785172,1489.0,10.619109210083602,0.0234451756431775,5.2631506229632645,6.715424543481451,6.322009106011374,0.9988140844637212,0.9994909746087668,0.9992047388947012,0.3647929700633718,1.8628054043268216,0.0036891520774231,0.0836811241536598,-0.0375998883469199,0.0674439767600818,0.1138638315907888,0.9956790238528592,0.4188767152196107,0.997516709669898,0.9995097431858102,0.1085602259908,0.9997527669193322,0.9982627860672598,0.3640702781222558,0.9994078184526842,0.9994687518096212,266.0,15.09786756568209,0.0359167615564715,7.748219220378819,9.449031761283583,8.867158660928627,0.9981717522638298,0.9990411798056924,0.9987168438102424,1.0309721582379574,3.3203908392689203,0.0114811581342214,2.0413320240841,3.7565758824659135,-0.0317423519420876,4.275500715727067,0.9846890621011056,3.211119634468531,0.9966102373679406,0.9943563450706312,5.14736840437908,1.0070836805240506,0.9995924095227942,0.0337924618447686,0.999688653987621,1.0035012360297615
2,20261212,loss_weighted,2048,0.01,1489.0,14.82829955522928,0.0353323252199387,7.3982571785377615,9.129374646149897,9.044267631492485,0.998745751747952,0.999294891440731,0.9987785085631032,0.7109016240637551,2.963497432162248,0.007549433836107,0.196148920054886,-0.3153140814513051,0.2600647339976795,0.453355307313659,0.996582657217052,0.4112846206262901,0.9975872427876136,0.9997279105717158,-0.263545572767498,0.9992011836126516,0.9991811857100196,0.3807424494607971,1.0001984675809592,0.9992773403344738,1489.0,11.348486267566672,0.0250555153510088,5.609452450203749,7.00785560437253,6.943496496889518,0.9986516532060258,0.9994458859754232,0.9990410555755216,0.4982257791085911,1.900695597172317,0.0055444062379918,0.1621753760360144,-0.1325785695515181,0.1520498219900863,0.2588379378374938,0.9965945090332216,0.4263530800102302,0.9984649949774564,0.9995112947054856,0.0131189906991266,0.9995406629761452,0.9985289408004228,0.4032306588643735,0.999797135956526,0.999515822890774,266.0,15.523305725509026,0.0369288489176205,7.990251944442428,9.598144201739627,9.219789715311697,0.998032075974506,0.9990185495485612,0.9986136984202332,1.1017684675816393,3.2210203893090465,0.0112770529052787,2.016668577236211,3.916540215883144,0.0320249315521667,4.405367749607611,0.9850105222943436,3.161895957949227,0.9967489562927546,0.9948599940912136,5.183216132464935,1.007675966305158,0.9998846545200534,0.0505708617743039,1.0000286856223053,1.0039601035921768
2,20261212,naive,2560,0.01,1489.0,13.278340638682469,0.0316391402857523,6.533484525584633,8.215840801192716,8.13190445100589,0.999023201607724,0.9994285508952064,0.999012269645657,0.5961618342129827,2.4682336615783385,0.0053663544865415,0.130658991689149,0.2302723894931526,0.2689717507280125,0.3774161471927287,0.9961226463300096,0.3747542584323327,0.9970380044582912,0.998050784099112,0.6011357520575586,0.9992522249100544,0.998959172779181,0.422369966583858,1.0000876766022868,0.9991898585687706,1489.0,9.487317670103348,0.0209463736324493,4.5970063544049085,5.927913518584476,5.808319074155588,0.9990953487273044,0.9996037146683976,0.9993288686490468,0.3186082254419616,1.5484707689754054,0.0030666166114517,0.018808060474711,0.0536206575555684,0.0691199757929777,0.0894789869697559,0.9964008184175054,0.2980111286740623,0.997708245649876,0.9982909017821224,0.5631535874595102,0.9995515816132629,0.9990877877230316,0.2248786585174969,0.9997950504749415,0.9994571340138912,266.0,14.271469624749454,0.0339508191698325,7.013260192178569,9.350226774791668,8.189156610232754,0.9984870005700096,0.9991084763859952,0.9989069476694256,0.9342358674279146,3.0347556718410957,0.0100918369256589,1.6144114158019205,4.204216872408437,0.2222096064068985,4.509006635490222,0.9853402077883574,2.734450136697518,0.9954917633355512,0.995194258582788,5.388518412625757,1.0085178593136142,1.0000361294565905,0.2164004981419509,1.0006524607031158,1.0044878345723185
2,20261212,loss_weighted,2560,0.01,1489.0,13.444117363118744,0.0320341469498585,6.490142880642449,8.192596476871026,8.455986047133552,0.9990344865692344,0.9994311586343636,0.9989338276346164,0.616631206462213,2.478254590962208,0.0058714276537085,0.1338480240837116,0.1320609316556015,0.3025623342321833,0.3562293493199104,0.997486675235796,0.2920720941443804,0.9982000775772072,0.998814370868044,0.3576421032596215,0.9995291608586522,0.9999493627520122,0.3100253053591757,1.0007776999209332,0.9997256894949692,1489.0,10.111860976692022,0.0223252583609195,4.798557356273425,6.265810528254968,6.32164520789568,0.9990126515022982,0.9995570209820692,0.999205366455149,0.4361119903488872,1.6406270393780626,0.0044294535525127,0.0082540311230927,-0.095049256231089,0.1024057979684926,0.1399622720501062,0.9974368009362352,0.2070917464774879,0.9983453488490216,0.9985051289520188,0.3506161929157088,0.9992900209827597,0.9993361366876492,0.2157593206645174,1.0000147183364787,0.9994003822181652,266.0,14.505328800948272,0.0345071536477172,7.235711235975948,9.434459486245444,8.30903247891018,0.998363584883022,0.9990691923135304,0.9988753617949536,1.0078966287682254,3.0822761878286538,0.0097146903373432,1.611984600391371,4.023642272254915,0.2849963850104474,4.343893924400623,0.986504523657204,2.6430671589052395,0.996316822926627,0.9950669139521062,5.239325950869215,1.008021622783475,1.0000796134445098,0.2721956633237141,1.0008548551556686,1.0043686910182636
2,20261212,naive,3072,0.01,1489.0,13.703511981692705,0.0326522228789036,6.780092326734191,8.87498242963362,7.940483332080621,0.998952075196056,0.999332543298192,0.9990596988424216,0.4872932825279889,2.482309991804382,0.0055672049875122,0.3047708679744929,0.1880781055245897,0.4307627731092234,0.5601921299343582,0.9949654706671563,0.6217150740029851,0.9964840443288528,0.9986550750281292,0.4439673568064393,0.9995423962353068,0.9986206164697676,0.6340577756670029,1.000314715673121,0.9993367341773144,1489.0,9.71423937681106,0.0214473779225229,4.727581989466933,6.29103455967497,5.695550840070659,0.9990454803706332,0.9995532213886016,0.9993551374529358,0.2806092351497214,1.384390397976104,0.0027762558092913,0.1514577205705908,0.0586056378204503,0.1773061546402796,0.2404402927508277,0.9956414211048056,0.4895703088451029,0.9977892521498812,0.9988776033103672,0.3932254202301806,0.9997578806759296,0.9985837980610752,0.4191202082856762,0.999901967218822,0.9996263334945498,266.0,14.087617257036094,0.0335134473606001,6.8477975170311085,8.91327583842718,8.492475668177923,0.9985728184984628,0.9991588038038742,0.9988273313468332,1.002086364047103,3.04908664235084,0.0090177192495511,1.5509894396475508,3.6644556221250286,0.0904848800112578,3.980199839446834,0.984311402415734,2.7496310381943374,0.9945193165568308,0.9945998626482446,4.995236958000447,1.0069510392960446,1.0011992725432284,-0.1023412707342004,1.0009077939029098,1.0035723968788086
2,20261212,loss_weighted,3072,0.01,1489.0,13.972914014578013,0.0332941441056339,6.67042896889722,8.932594115923843,8.423566096959775,0.9989829177835734,0.9993241135314992,0.9989434708555904,0.5384375511577871,2.452138672870258,0.0061409648960144,0.3103667722111587,0.1235676915447588,0.4678050460828168,0.5748374281716705,0.9963888506555284,0.5377033882414466,0.9977022211001771,0.999587214140729,0.2021055034508663,0.9999911458635232,0.9997387860421684,0.5063030352653755,1.0010915453672886,1.0000008240798135,1489.0,10.227436831601548,0.0225804300674023,4.794725267478513,6.53383269976057,6.238597919832828,0.9990153645892828,0.9995180458844916,0.9992264429855054,0.3539547575514583,1.4841894795735788,0.0035567783191977,0.1081819438400186,-0.0037338819079074,0.2007700524142591,0.2280918428912605,0.9967602450948964,0.3595028313768864,0.9983374472414998,0.9993668295825794,0.1850330213291613,0.9997810458874724,0.9989928144088348,0.3727452657498702,1.000165130377605,0.999758264513905,266.0,14.482686167596588,0.0344532884207528,7.075419587897349,9.014869973207876,8.855436502535998,0.9984684289759428,0.9991378580661744,0.9987266589470838,0.984615967804342,3.015041037395992,0.0087804479849174,1.6062124378275575,3.6809105556354447,0.1506984252769435,4.018921612746551,0.9843127880282668,2.804748172684981,0.9947253227052716,0.994321499506174,5.08029023446656,1.0068829780977937,1.0015451058443523,-0.0977328542875568,1.0012667524559509,1.0036726835929344
2,20261212,naive,3584,0.01,1489.0,14.58355772015047,0.0347491634029198,7.180837156093444,9.618275851316824,8.282783539523637,0.9988231921778024,0.999216609900739,0.9989772084133782,0.4854440639898272,2.687850092697941,0.0051288107273898,0.3497949212404835,0.3250384721810834,0.4854521481576512,0.680933391363889,0.9951317059369836,0.6562739373522959,0.9967346915453336,0.9981133842937095,0.6839913436320728,0.999480421791909,0.9979490487376635,0.7877235128536881,1.000053717786449,0.9992581764144812,1489.0,10.230612440961671,0.0225874412693543,4.97248146183707,6.749647007683668,5.86362723069205,0.9989432471198156,0.9994859853682756,0.9993169926300656,0.2540761913870745,1.3849288675089644,0.0027640511214633,0.1747708860120083,0.1263180131834013,0.2388075729143176,0.3217610292332673,0.995707508884773,0.5077567779766952,0.9979351271683624,0.9983560873204764,0.6164171984391373,0.9997360034693656,0.9984044139249733,0.511251160327646,1.00001234286298,0.9996539143531324,266.0,14.690393563240548,0.0349474096581001,6.685279568220061,9.169588446302482,9.329166514918397,0.9986174753310996,0.9990929601689964,0.9985878454577484,0.9781592192597728,3.1308634078720448,0.0080487962254518,1.2870597630666851,3.6385794775620472,0.1975844665165706,3.864559880458525,0.9847620145296468,2.4512736556541626,0.9938622867718754,0.9957054788209432,4.696898601566005,1.0073189868111565,1.0016981823860114,-0.0754593671034911,1.001483266218127,1.0038872693620535
2,20261212,loss_weighted,3584,0.01,1489.0,14.902306082512778,0.0355086652433271,7.164379017495741,9.542047077783314,8.927470942878001,0.998825939404246,0.9992288172839712,0.998812374810054,0.528277972913981,2.7437149945575725,0.0057316305212888,0.3658178922700788,0.214605492202678,0.4893381046845676,0.6475569691422999,0.996959097716024,0.5572551242904566,0.9983202243638698,0.9993248653656884,0.3430585283955452,1.0000105083592146,0.999167547375598,0.6120258522890936,1.0008027808646978,1.0000112881852543,1489.0,10.686720733692328,0.0235944503153886,5.127056221504138,6.868639725848369,6.382874184719821,0.9988739944897852,0.9994673423742386,0.9991903960733736,0.3253894059974848,1.4539188753110368,0.0039790534875924,0.1711262619921729,0.0471091452090458,0.229289058277998,0.2899602409844355,0.9971533885883148,0.3919494191174948,0.9988729396216808,0.9990206421196246,0.3390848110850015,0.999779719912788,0.9988426605355588,0.4269027881058491,1.000185306577225,0.9998088978029652,266.0,15.174616086727331,0.0360993408722723,6.858919210959988,9.49086872699198,9.65130102339024,0.9985312935264912,0.999017315311261,0.9984901621992008,1.0134065650374535,3.301233275795872,0.0089948670749646,1.2398908174840917,3.658362043749983,0.2121745029736607,3.868586318300788,0.98477246404281,2.4033063454570964,0.9936946592349654,0.9957382222492344,4.708612050173372,1.0073806928040108,1.0019769240839844,-0.1056870736822759,1.0016759162470177,1.0039641005041429
2,20261212,naive,4096,0.01,1489.0,15.250350359996194,0.0363379723096688,7.769766432326777,10.355002704681434,8.06088299603488,0.998619963890861,0.9990916445942868,0.9990301689919464,0.5270835259052662,2.560860310820833,0.0052811669823445,0.3400489340319373,0.2818671924801501,0.3721425008355724,0.5775572981627476,0.9951442963127256,0.6457353345129135,0.996721540797252,0.9976909703194854,0.7211897483789187,0.9991323532237132,0.9975442547569888,0.7340728302307014,0.9995055779117896,0.9988964590135502,1489.0,10.693420768612148,0.0236092428457603,5.385570485272212,7.245733403036423,5.730988198807661,0.9987589010548584,0.9994075852733644,0.9993469776500968,0.2811734713165212,1.4169980553335637,0.0026232211355518,0.1612987169242049,0.0899876867970005,0.1331343189434649,0.2276835671211476,0.9955950679016278,0.5030071105926766,0.9978018485590848,0.9980502235774936,0.6712739363673563,0.9995529424300288,0.9980927891067498,0.4587873099312389,0.9995357147160648,0.9993974546707052,266.0,14.856430491719,0.0353423997945406,6.626462793431775,9.375769983991498,9.428597722345918,0.998624422102232,0.999005985025275,0.9985772133557728,0.9866521907079836,3.037190473749976,0.0082377612205253,1.349632371455306,3.2297887758629864,0.3603036208555629,3.5189290663456445,0.9869873213226408,2.3438281807001147,0.9956887057984946,0.9963723694222631,4.123762901305156,1.006568747387094,1.004711419781085,-0.3972263885342784,1.0035800774907468,1.0043467275564195
2,20261212,loss_weighted,4096,0.01,1489.0,15.472194738278466,0.0368665749112341,7.784469136853549,10.24460458157237,8.592958003144952,0.9986130316754974,0.9991107571081044,0.9988977816752184,0.5622757498723342,2.616995401612874,0.0055845912713613,0.3721084350373373,0.1480010953562306,0.3601836895921984,0.5386105289546701,0.9972985445281412,0.5421761023491456,0.9986228398258692,0.9991503688905352,0.3096543273311454,0.9997692496422907,0.9988036855956696,0.536497770888559,1.000237120341119,0.9997480200012429,1489.0,11.065364012053925,0.0244304298680677,5.51661994607583,7.303852885659996,6.217951279517438,0.9986958168331724,0.9993976581122652,0.9992308234520662,0.3546183172308881,1.5617877944336915,0.0035483079456732,0.1680759775653037,-0.0260826980067949,0.100350518529052,0.1974843485922258,0.9973785563096732,0.371431964107046,0.999008093659527,0.998838637133935,0.3201540586862279,0.9995553364032485,0.9983337053619435,0.3848674718824156,0.999544146713198,0.9995052077407892,266.0,15.14028408546544,0.0360176674639108,6.862438931540596,9.549176671532372,9.536684905947968,0.9985224498226624,0.9989571134393428,0.9985477674279468,0.9904277121519708,2.9678400795991777,0.0079957211255735,1.4218086919387785,3.150679425620129,0.4762255914562607,3.489285258252256,0.986848693135348,2.426595984018689,0.9958573503391376,0.9964001823168768,4.037799488167678,1.006384007942382,1.0049761287299526,-0.3238658923592652,1.0040537248036272,1.004413492953926
3,20261222,naive,2048,0.01,1489.0,13.447421239308603,0.0317494176845165,6.919991586102713,8.797896531916091,7.452776063278344,0.998924171822487,0.9993027919576456,0.9991800657695156,0.6254178132065028,2.619342480042683,0.0068230147832725,-0.0866863633080556,-0.1312170847730267,0.1615627801099597,0.2254661412202885,0.9965042542243988,0.0995906582739962,0.9967158116617046,0.9979039709129424,0.3115310018240222,0.998561264491304,1.0008412174660308,0.0412624178145222,1.0009501026348746,0.9990248601343928,1489.0,9.779260439459772,0.0214629148923533,4.935150077255782,6.396303806553733,5.510492362031859,0.9989815977803332,0.9994977393214872,0.9994127648679964,0.3533180583908034,1.6326456639250615,0.0034087549114093,-0.0573730576452073,-0.1508538974305022,0.1046992124214075,0.192381109247233,0.9971382449413706,0.1489719812336858,0.99776430668458,0.9985876073502298,0.2888878670287909,0.9992410543527344,1.0003556972888374,0.0462527169613053,1.0004996346644217,0.9994391108049866,266.0,14.821267071607808,0.0352587484994057,7.624361011918953,9.198501401494678,8.770783815290198,0.9982078592252662,0.999096169613544,0.9987433315570792,1.0098385364749995,3.3280292153163016,0.0115907876523968,1.8044663485101344,3.724356854466071,0.0478475062153703,4.138746448644195,0.9845606586175244,2.9840642530264603,0.9956388983025164,0.9950337569772496,4.948211562892993,1.0072686590685496,0.998894766994041,0.2255534225388373,0.9995371667263202,1.0034440438865786
3,20261222,loss_weighted,2048,0.01,1489.0,13.52490369130314,0.031932354077139,7.017598923827477,8.755091940015618,7.551469414967812,0.998893151534383,0.9993094016213546,0.9991612852749372,0.672937343231372,2.621527277971031,0.0075488943664177,-0.1476960485224662,-0.1254885334911256,0.1645556205111538,0.254244069800487,0.9983809946444216,-0.0614244730356361,0.9982505124854674,0.998181812379822,0.2585705880539422,0.9987273657471784,1.00185446591112,-0.1006468152215802,1.0015888744589112,0.999525123576408,1489.0,10.619214360973528,0.0233063937159876,5.422496968603061,6.754856695399717,6.14297576866543,0.9987708570734188,0.9994401217040422,0.9992711323482082,0.4956335444147263,1.720859582093774,0.0051008138632513,-0.0971074419695285,-0.2216565382941072,0.1876371046325643,0.3062175032379505,0.9986723288820836,-0.0013765555616487,0.9986665438427264,0.9984620716469176,0.2571701730360587,0.999043775130807,1.0005393734156751,0.0990098171049851,1.0008474896554866,0.9994713476326288,266.0,15.193391639732718,0.0361440065879736,7.9496813772960735,9.407286568440483,8.896329295670837,0.9980228535948532,0.999057815384388,0.998707424997266,1.0974180869692025,3.196160704366973,0.0108123423790894,1.7511201243819534,3.8612471939637296,0.0766359419570389,4.24046278730375,0.9847431259682796,2.9167771424795177,0.995571564484415,0.9955770461089612,4.951216597375037,1.0078193784206957,0.9990347519427788,0.2318342481631532,0.999695040123188,1.00379727019987
3,20261222,naive,2560,0.01,1489.0,12.150823516810668,0.0286881450488348,6.4873680643058265,7.811137770479997,6.674031350352253,0.9990540382311478,0.9994524252372784,0.9993412601095262,0.5460361235017658,2.127435965383955,0.0054244445859335,-0.0239279020663013,0.0053472620649626,0.0396905550496042,0.0466527369940023,0.9971873177680814,0.1259508655704522,0.9974548714002024,0.9967694354970208,0.6877453552756663,0.998220496877506,1.0004144839239462,-0.0195837327889876,1.0003628054677562,0.998760611373789,1489.0,8.783901439069355,0.0192783626304547,4.584873698913703,5.699812484928495,4.8629204489634885,0.9991208180687472,0.9996019873680508,0.9995420590342,0.3028017890288059,1.3652566133160828,0.0030338987651077,0.0351485847214348,-0.0512426808388544,0.0189876197724568,0.0649751110202666,0.997823884289473,0.1920560319677093,0.9986310087780638,0.9977512404404336,0.6488979611626746,0.9992190086510346,1.0000070286298697,0.0178327085694434,1.0000625236026988,0.9993849494393124,266.0,14.189273031132403,0.033755279273827,6.948250984443017,9.47624223500126,7.953496747518438,0.9985020577429006,0.9990916076641272,0.9989681845791616,0.905881225077923,3.054843993050803,0.0097727539110967,1.5911893653141098,4.299744291373573,0.1517954628461291,4.587235161840846,0.9865643720650104,2.6176993805641047,0.9962824942977112,0.9942483817723132,5.717142718470683,1.0083845359187988,0.9998937089815042,0.1688855630665386,1.000374712724558,1.00441599173289
3,20261222,loss_weighted,2560,0.01,1489.0,12.314959037391263,0.0290756696981368,6.642944247648126,7.804014745921757,6.828386460994967,0.9990081596751448,0.9994525654149592,0.9993125960424338,0.5522960184136927,2.085185590865215,0.0059053192404896,0.0246541988770103,-0.0711139723805611,0.0938589553601902,0.1203101412654667,0.9990214938757056,0.0767956353926564,0.9991846285321234,0.9972475279025484,0.5102957809874908,0.9983241916629584,1.0013193386148618,-0.094816291846854,1.001069133016312,0.9992737300446464,1489.0,9.34411083614216,0.0205078755047365,4.8811218904193,6.006781391994058,5.235039036891015,0.999004513409774,0.999558196046362,0.99946942542547,0.3884645149955381,1.4492958033873578,0.0042693114963156,0.0737127905325715,-0.191274816154987,0.0821034710744386,0.2208180489581729,0.9994011483419892,0.1168926106511065,0.999892395024664,0.9977008614611272,0.5245510825316728,0.9988873645014464,0.999961480841704,0.0884327569057461,1.0002366815170576,0.9993136040368444,266.0,14.440143984930511,0.0343520835701829,7.251309882225979,9.50212829607469,8.10221087990145,0.9983554876219698,0.9990667992991852,0.9989308213769154,0.8990625481870731,3.215432767079891,0.0104844738694547,1.6851883733632855,4.1068145945747165,0.2656652110678984,4.447062398067115,0.9873648609460246,2.650539367432202,0.9972049005420688,0.993642199923106,5.673597275909202,1.007670684011533,1.0002392011603178,0.2272050301370995,1.0008863048437364,1.0042842264360203
3,20261222,naive,3072,0.01,1489.0,11.791206776721582,0.0278390884242042,6.313500934359787,7.674725025747417,6.345932475405752,0.9991074307374652,0.9994737342525816,0.99940387249518,0.5213339387065384,2.050848293119895,0.0053709671716912,0.2251913356618705,0.00107601862743,-0.0422530683709133,0.2291235851238821,0.995930016472704,0.4420676356045447,0.9968690874430656,0.9959331961017004,0.8601145003238173,0.9977479359972756,1.0000480800213107,-0.0491288694763625,0.9999184364974608,0.998280734933491,1489.0,8.516534972657418,0.0186915632759234,4.454572687973218,5.572238683630816,4.651699276684632,0.9991722711372788,0.9996203715668732,0.9995811113023388,0.272923606921249,1.330432317441215,0.0027165671432062,0.1317997955268585,-0.0202734493241933,-0.0723121572514039,0.1516945843950077,0.9965724992602336,0.3789375689962639,0.9981650021795658,0.9973450139799916,0.8063438778356158,0.9991689153967558,1.00008023620581,-0.0854961909389828,0.9998141740552016,0.9992500595888107,266.0,13.708367893284054,0.032611239885997,6.81059486693002,8.824263612748691,7.979192913377074,0.9986014153596696,0.9992016975491432,0.998962758868397,0.9172249863317942,3.1175752460640056,0.0090751862490993,1.6742199701709664,3.87348238853256,-0.0633662713360407,4.220295440740401,0.9845367694747258,2.855643055055296,0.9951382497165132,0.994100362928621,5.32735779791966,1.0072727384898557,1.00056869119458,-0.1548038137302967,1.0001277937460875,1.003576733975816
3,20261222,loss_weighted,3072,0.01,1489.0,11.990887002127549,0.0283105342699862,6.52222240878984,7.686629947182417,6.492896580352212,0.9990444544594425,0.9994700287272236,0.999378315835342,0.5416500426468935,2.087588659284332,0.0055750867728637,0.2079776652915185,-0.0769311241326181,-0.055090550202742,0.2284908659926257,0.9984977476734864,0.2880278482884506,0.9991095965608484,0.9967327580868368,0.6132144060199778,0.9980265679769466,1.001273370798733,-0.2371920573751822,1.0006474574716997,0.9989697565883764,1489.0,8.968208090342364,0.0196828674490814,4.713266858921649,5.756726486351149,5.007391739180815,0.999071436018778,0.999594018019801,0.9995150867944192,0.341177881273286,1.4393452041346846,0.0035543065825986,0.1053278330670997,-0.090026327533112,-0.044805208239826,0.1456234828354416,0.9988559985299748,0.1878153356568219,0.99964530129328,0.9977526105580848,0.6096877348246608,0.9991316875919616,1.0004914248898875,-0.1255538208864663,1.0001007043298802,0.9994205903312494,266.0,14.008981772202022,0.0333263790910994,7.014833465378552,8.877758883582583,8.2600895244461,0.9985117141616509,0.9991938925866976,0.9988885600502492,0.9570716884464052,3.15929372781705,0.0093771577664139,1.7795524622611398,3.9068068268913656,-0.0010674855176247,4.293011494057522,0.9848519396278792,2.936895889664214,0.9957550683264552,0.9938516248296192,5.4219799400424336,1.0072579622232911,1.0005950067874287,-0.0967362049718758,1.0003194919604927,1.0037014843775478
3,20261222,naive,3584,0.01,1489.0,11.88943106124912,0.0280709963700275,6.425890995272608,7.50297803277873,6.616027245765379,0.9990777897370648,0.9994971537287768,0.9993520200588496,0.520751910365575,2.125065516061982,0.0052353101469893,0.4308603589888657,-0.1023418574735488,-0.1586360047612427,0.4704039612351914,0.9960839399943316,0.6395345707361528,0.9974424840304712,0.996037614747668,0.7346400812136835,0.9975876184550408,0.9996849694155016,-0.1135842851052757,0.9993852379718112,0.9981103692511414,1489.0,8.588898523017772,0.0188503823126295,4.531929531466136,5.459414000647667,4.83999910434436,0.9991447143878508,0.9996358326997704,0.9995464812471364,0.272371404264648,1.3348198278495589,0.0027776503422071,0.2164602872122213,-0.1338127765825728,-0.079555995763386,0.2666272146249118,0.996355865863374,0.4792182747746238,0.9983698031554652,0.9974005247142318,0.6755215462900424,0.998928513875184,1.0000100255106927,-0.0812033402430358,0.9997573226112496,0.9990931349406602,266.0,14.504182376402444,0.0345044263846202,7.189696633667019,9.040960023160148,8.771579708547392,0.9984020404966656,0.9991578244063882,0.998747101819118,0.9456963067824856,3.1897410951905862,0.0081380445595359,1.491263020839543,3.935909236379656,0.1671872627117333,4.212267619128112,0.9840961543527432,2.706350020635327,0.9941433891499408,0.9941029485402786,5.389147461282107,1.0074281046509872,1.0005139088944868,0.0845579433653824,1.0007547387589533,1.0037487998167338
3,20261222,loss_weighted,3584,0.01,1489.0,12.17716140303725,0.0287503289081677,6.737419252897591,7.525966983761242,6.800754561491006,0.998983364602445,0.9994929993436896,0.9993178194258684,0.5532587024027845,2.122125697222708,0.0054825098057873,0.4064098608981624,-0.2731709213793904,-0.183156721910376,0.5228170923979855,0.9989146871621872,0.4642426828166108,0.9999008639177864,0.996638520574898,0.436880572079815,0.9975602869251412,1.001045111050098,-0.3326153851487845,1.0001673902501491,0.9986751550245015,1489.0,9.042456424448991,0.0198458230923732,4.847450548255299,5.663022555342254,5.118438913180773,0.9990190034628308,0.9996084849061232,0.9994932141059518,0.3442350444003478,1.4203278742002508,0.0037254512179612,0.2049926476958966,-0.3107414349002393,-0.0575081735668446,0.3766821139903353,0.9986999662834644,0.2987307567536561,0.9999553963098,0.9976283284706848,0.4276672669494132,0.9985956861397062,1.0003800050257616,-0.1199488013421898,1.0000067271557476,0.9990669366300162,266.0,15.088912361813051,0.0358954577583917,7.528467719928613,9.422237460533676,9.067463332695832,0.9982281544819588,0.9990718451030346,0.9986627157726482,0.9626909417641458,3.284602164526317,0.0098073417744176,1.500069260772522,3.9655476916780255,0.205134536761179,4.244744569495292,0.9841804001401568,2.7087197065835653,0.9942364323179356,0.9935926210613992,5.544548325911791,1.0073020199110214,1.0008722498899345,0.0648890273363917,1.0010570606248796,1.0037851073994004
3,20261222,naive,4096,0.01,1489.0,12.243881588675183,0.0289078555449934,6.464223781867807,8.050347265915848,6.581668189265924,0.9990675168075116,0.9994189858378228,0.9993584051673984,0.5199279147052841,2.165138410610806,0.0051697204805565,0.3681876092914272,-0.2977027194940262,-0.1860161482309733,0.5087150796197838,0.995268103050913,0.6203351413749019,0.9965858623172376,0.9967188738093636,0.3953756121749734,0.9975530696017628,0.9987941734407236,-0.0135739703112847,0.9987583538225938,0.997781929887902,1489.0,8.874897823018552,0.0194780758558366,4.577296000606184,5.877358787129844,4.823777190045333,0.9991287232297816,0.999576990205902,0.9995495108826232,0.2761091704485521,1.4079980480022964,0.0027640603987814,0.180599213062836,-0.2394592660966034,-0.1593671655285818,0.3396390868658288,0.9955143462065466,0.5040344433479618,0.9976325746118264,0.9980204382605474,0.3768679091435842,0.9988728908335924,0.9993872608939004,-0.0586847748926402,0.9992046352442144,0.99885475979748,266.0,15.146253614357466,0.0360318685519046,7.61681308052929,9.473504374089565,9.03581052926744,0.998147140022842,0.999021793790822,0.9986774694771,1.0634874343074965,3.2515999519036485,0.0083562888292061,1.53279199957627,3.594668311764765,0.2664615484127519,3.9168984340104207,0.9877344357622966,2.469906706355673,0.9969038825879892,0.9938482016497436,5.110685015289761,1.0064848340949792,1.0020831664292316,-0.0684823024900822,1.00188812167092,1.003900365291427
3,20261222,loss_weighted,4096,0.01,1489.0,12.559104374273984,0.0296520978577424,6.724971811020906,8.248581052581237,6.668340681449912,0.9989850958666316,0.999389524329702,0.999343335749408,0.5388102498173855,2.261339098985926,0.0057230118517055,0.3026081654621406,-0.4717125408476266,-0.2085742771311235,0.597986331012722,0.998335552188503,0.3913012229116859,0.9991667815966472,0.9975899513241968,0.0373664821517252,0.9976687901833168,1.0005984048154644,-0.294150622139,0.9998221866039892,0.998528777880364,1489.0,9.27827708316681,0.0203633876627466,4.878310702869095,6.100780310186968,5.006894239458861,0.9990053964727692,0.9995449014533184,0.9995152961250654,0.3373955338509228,1.4664658445833494,0.003568531796085,0.1488090259612491,-0.3953194647742974,-0.1909421434343846,0.4635520548722546,0.9981202368073704,0.2843481623022938,0.9993152233054696,0.9984230056193588,0.0956702692761837,0.9986394060218068,1.0000436239476933,-0.1981102241052781,0.9994271095544311,0.9988955996246688,266.0,15.670062240842768,0.0372779723117137,8.088781197067366,9.83812374095617,9.1287343391891,0.9978961565092208,0.9989281694210198,0.9986545771380984,1.0117031972686872,3.130087313663676,0.0094040982248015,1.620143495554166,3.538796231283869,0.3644826019949599,3.909065269331328,0.9882797012008284,2.515598784825798,0.9976187783541808,0.993207798603113,5.212630480249061,1.0060965004610194,1.0027636692490856,-0.0798765274154789,1.002536172546754,1.0039716352570542
4,20270102,naive,2048,0.01,1489.0,13.102982603662223,0.0316876252413378,7.133811125216297,8.280390263943433,7.227172961705419,0.9987132932606916,0.9993979263338332,0.9991886645311572,0.6986084690998244,2.6503464378939467,0.00659922313999,0.0995094644641439,0.1112620197261828,-0.218551478905808,0.2646622743864453,0.9955996079639406,0.3769765183428717,0.9966011009736708,0.9978406314426028,0.5201264969022077,0.9989023798463234,0.9968352469445952,0.2547925510199036,0.9975345432325678,0.9981469866675444,1489.0,9.64399133110228,0.0214605634051864,5.0925973075474245,6.146439885899402,5.412328351695014,0.9987806998416092,0.9995640309072004,0.9994097237063748,0.3795263081068019,1.708920090873425,0.0036837565144585,0.0853228821230489,-0.0760385985816825,-0.0511982743329945,0.1252322880998607,0.996462395572602,0.3606358544291623,0.9981440338460676,0.9982924750670727,0.4335369927087527,0.9992699954189428,0.9975885651280776,0.3531209423084362,0.9987078130744204,0.9990296767050412,266.0,14.725371860686389,0.0350306205594772,7.544358266010982,9.115767652987964,8.764816876940705,0.9982560585410658,0.9991380545937985,0.9987448541308864,1.0245318134411825,3.3386759477803123,0.0106567823250397,1.8164046920767047,3.9225237754801694,-0.0415343424098816,4.3228744923031135,0.9842035868294,3.0232836264374754,0.9954274271389432,0.9942975268497036,5.327811149194503,1.0074710233631026,0.9987639769616824,0.1572007708529952,0.999211701194697,1.0034295741290205
4,20270102,loss_weighted,2048,0.01,1489.0,13.32626826657878,0.0322276085888152,7.104093158582446,8.602692376519324,7.288001796239013,0.9987229060502028,0.9993495709840448,0.9991739002462904,0.7449052249145506,2.6340865400652347,0.0073788737394499,0.1498463919460075,-0.0620533539514961,-0.2230337292270522,0.2757691140950927,0.996738428563116,0.355505026492942,0.9976828794284422,0.9985029022906616,0.2214138059796937,0.9989548803315051,0.997799225608606,0.1061304744698929,0.9980905082483084,0.9985028241626724,1489.0,10.683170305218992,0.0237730256936422,5.551571448819627,6.863679999194551,6.016650154996569,0.998551722213085,0.9994563217505456,0.9992695628590296,0.5109738461995544,1.803931684976468,0.0053742157070477,0.2062210558609048,-0.2059403066303638,-0.0282438925497213,0.2928075327612917,0.9971460494563406,0.4283288757472263,0.9991433390276367,0.9986512277031208,0.1965729612257973,0.9990944518649734,0.9982138411497772,0.2712368670295575,0.9990735503032776,0.9990930170815612,266.0,15.20236635571447,0.0361653568039926,7.828931908518648,9.341250277786743,9.08629799384144,0.998107233408398,0.9990918977318628,0.998650982177184,1.089991055004575,3.2191537330737288,0.0106738513936768,1.834751144750347,4.012399935746144,0.0093280584419584,4.412000908908866,0.9841084110818844,3.048901704859176,0.9954273576589072,0.9946950121538728,5.319733129850448,1.007848535031442,0.9986099924268376,0.2328217182888465,0.999273093025419,1.0036621131106045
4,20270102,naive,2560,0.01,1489.0,11.735814486451352,0.0283813313805816,6.440394846608338,7.415305060876482,6.423698835898343,0.9989557075192744,0.9995169556761738,0.9993593996702272,0.5986191937553929,2.292289456396464,0.0059500359552287,0.4094349603630809,0.0623164198230722,-0.3065235124752875,0.5152445891489505,0.9961083825295788,0.6548211953831284,0.9978480103787672,0.998418271288852,0.361807991237498,0.9991568398090828,0.9978527536211392,0.0146346431279198,0.997892919440643,0.9985723296388188,1489.0,8.579784438677878,0.0190924070364166,4.580172304784027,5.470156298223674,4.765722688708645,0.999015888186504,0.999654634303504,0.999542862709214,0.3170268925592268,1.3968748191427076,0.0031588728686238,0.2005232570532248,-0.0883048480762297,-0.1781287625765044,0.2823777237496548,0.9966792570055472,0.4589590552976403,0.9988193745336936,0.9987310090133148,0.2903993335802397,0.9993857887980122,0.99810336470716,0.1398753041243594,0.9985467118104548,0.9991191825627044,266.0,14.234343685928946,0.0338624991811735,7.025769451505231,9.169269956078931,8.317427021380434,0.9984837796566186,0.9991454510552376,0.998871587247342,0.965939179060278,3.2294596387371,0.0101421356484711,1.6113215074095777,4.165390160746121,0.2300579457778859,4.472108993517131,0.985073002320147,2.7517752837513854,0.9952888769018412,0.9959871852777986,5.154287032951771,1.0087316276681624,0.999579506476085,0.297667387924946,1.000427294322347,1.00451284147295
4,20270102,loss_weighted,2560,0.01,1489.0,11.840914407716651,0.0286354999938421,6.433367007718859,7.539286413832223,6.479058830190622,0.9989563369596706,0.9995004451289864,0.9993481890525124,0.6171527025525819,2.252234882476124,0.0064068443654656,0.4059366734809057,-0.0238267201523452,-0.3315881312380359,0.5246932287040634,0.9976231005844496,0.5558122465649262,0.9990996967451444,0.9991263980678754,0.1415849674516494,0.9994154193234316,0.9989826040484852,-0.1794188177752858,0.9984901763351924,0.99907670516365,1489.0,9.185194072134449,0.0204396118791879,4.815877175980314,5.959980565714752,5.06495299336017,0.99891042657871,0.9995903186426408,0.9994831568054544,0.4050802512848047,1.4747210287984602,0.0045906306439695,0.1840465379196733,-0.2252056143271806,-0.1899299688595097,0.3473673702518342,0.997909688315614,0.3467243993609941,0.9995264577331548,0.99890519403412,0.1015166411746122,0.9991340893405656,0.9986251608743896,0.0405858475729417,0.9987538012950046,0.9990669014679304,266.0,14.542006681540771,0.034594407737469,7.227303074287914,9.286146357533935,8.544210579382057,0.9983749770788036,0.9990990572118572,0.9988104981579852,1.0174635497292133,3.189952096992408,0.0097559580189335,1.6372775759280938,3.985233014014673,0.2836913556185868,4.317781933108962,0.9861010869863688,2.699183538091958,0.9961217164545312,0.9958086536871036,5.018126268772278,1.0082164262327693,0.9999428298837076,0.2928835059138635,1.0007769927337775,1.004430968918697
4,20270102,naive,3072,0.01,1489.0,11.6656418152854,0.0282116291552678,6.561386188036683,7.331191664985293,6.268096922130903,0.9989234828769704,0.9995282157313248,0.9993887978203913,0.5133931451310184,2.1690249739898437,0.0054569471074047,0.5493031890608754,0.1012327112602346,-0.1757820236363769,0.5855607356843914,0.9944299736938074,0.9005216206327873,0.996822340497286,0.9980674042840388,0.4671590068396654,0.9990210287056936,0.998792079989786,0.0048834865797005,0.9988054830662256,0.9986471279778952,1489.0,8.424359916847987,0.0187465442405124,4.611363909120157,5.317545482789167,4.629133066215274,0.9990085861139588,0.9996736930333155,0.999567877766447,0.2852587280473937,1.365867305523753,0.0028125104053487,0.3024576423484947,-0.0594545095175451,-0.0614420639918634,0.3143097060934677,0.9949574367290764,0.694893571987123,0.9981977125149888,0.9986317824042767,0.348861806636819,0.9994183808300464,0.998561587291498,0.1797329751021834,0.9991312667955174,0.9992422884916572,266.0,14.070668172822655,0.0334731266852698,6.721544319388459,8.957591165882123,8.518574135211349,0.9986388909263856,0.9991681727047992,0.9988185923308204,0.97304425392389,2.994964806867386,0.008385454142338,1.5160736872422906,3.886304610194491,-0.009755891170192,4.171563031500293,0.9835775211817824,2.7707853437201493,0.993863969981356,0.9951948356905046,5.070463931033345,1.0077320178552442,1.000781104108507,-0.1353464413961091,1.0003956232909732,1.0037729435648228
4,20270102,loss_weighted,3072,0.01,1489.0,11.828650934390511,0.0286058425976087,6.5640253702597615,7.463318450872007,6.413223180828603,0.9989175331558058,0.99951057246457,0.9993608793452144,0.5586936669170859,2.2003960683932475,0.0060366669641433,0.5113867082379178,-0.0204895064831476,-0.144607195043427,0.5318340211914464,0.9959380516873882,0.7675131674425231,0.9979770621685936,0.998537606836278,0.2564065399387232,0.9990610164993212,1.0000618232261138,-0.1538539370417311,0.9996395601472574,0.9990949413300544,1489.0,8.813212933644726,0.0196118503711133,4.752014343670432,5.543493320168326,4.9356624378661,0.9989432766706708,0.999645474236778,0.9995085087080424,0.3520370010076271,1.4280986885747224,0.0039968918816131,0.3007535097685219,-0.1606258780554046,-0.0437270290043021,0.3437519445831503,0.9962007141076448,0.5964317612892671,0.9989818643038222,0.9987804004978038,0.2033384339641202,0.9992388791532822,0.9989271098199886,0.1361617675687796,0.9993586865419056,0.9992490211523316,266.0,14.373874950089386,0.0341944342125758,6.965524343130267,8.943312933298444,8.83781112511257,0.998522759560544,0.999171091253498,0.9987302578882926,1.0074128503501785,3.046545140303981,0.0086786439569479,1.5329614821309037,3.883530296282393,0.0209295996919481,4.175190596366045,0.983675469811688,2.7801896588589443,0.9939968318196736,0.9952291424619027,5.059235237519943,1.0077385606630358,1.0012649194490062,-0.1824516498264756,1.0007452780723285,1.0039038187981923
4,20270102,naive,3584,0.01,1489.0,12.333075110953018,0.0298257178544923,7.085711115420058,7.5189578563421,6.7351846623365095,0.998745314339451,0.9995063103887274,0.9992941656608746,0.5027074966990943,2.1138604776299377,0.0055164793846145,0.5412463179696154,0.1337016508225637,-0.1683659738184134,0.5823837302742647,0.9932111944037798,0.9693149701948583,0.995786320756859,0.9965530225408484,0.7863677424193725,0.998158256460335,0.9985461319584046,0.0490853551608836,0.9986808502086848,0.9979955626116266,1489.0,8.815662016164241,0.0196173002609867,4.917991267392668,5.42859417830272,4.905061052055139,0.9988721267003556,0.9996611636448428,0.999514804061706,0.2651219591071175,1.3349188334640143,0.002742142213589,0.2320938467505952,-0.05897523207418,-0.0732013635949491,0.2504078100416441,0.9938653395361744,0.7095219032353981,0.9971738269582896,0.9975834035428622,0.6622081280102066,0.9990765216231884,0.9984785009581528,0.1819045519258111,0.9990550634662904,0.9989136504226216,266.0,14.449909423788387,0.0343753148601268,6.96725412173072,8.873232822113122,9.029008342198445,0.9984871666914736,0.9991583625423353,0.9986711446785788,0.9189438583051708,3.001964598865607,0.0084166051806362,1.3102012484568717,3.624375285000477,0.0011219697520267,3.8539232966934303,0.9846316037645946,2.4843787956699828,0.9938547777424436,0.9968424001994418,4.402517507509145,1.0077280242223798,1.000181168226936,-0.0280073320356279,1.0001014004167248,1.0036756195567684
4,20270102,loss_weighted,3584,0.01,1489.0,12.601644184221149,0.030475212431609,7.064854050659856,7.652666339947187,7.094080016325519,0.9987458630779592,0.9994868271471448,0.999217932072864,0.538530686484573,2.1643923701349976,0.0056726635436951,0.5121838497678635,-0.0420133490237267,-0.1831990351940853,0.545581619884012,0.9950302963507364,0.8255488906350905,0.9972234871807536,0.9972306842377956,0.4823412533299063,0.998215300593282,0.9998433980657888,-0.1597764839441424,0.9994048801354952,0.9984567615610374,1489.0,9.222249839534712,0.0205220712695501,5.010412052545178,5.664535651385975,5.278134047244852,0.9988232008015018,0.9996310504865078,0.9994380321114334,0.3275510516205674,1.3856462080584264,0.0035379582486521,0.1800593862051134,-0.2344584716640793,-0.0882407674132744,0.308510276213454,0.9952709904594532,0.5480930935887187,0.997826738348303,0.9978188811062514,0.4164514673499866,0.9987578777587796,0.9989993359944432,0.079538048244899,0.9992514388478516,0.9988102099263946,266.0,14.892360089174865,0.035427873771513,7.174833168414807,9.121151265927384,9.33320725234012,0.9983844996721892,0.9990852568028716,0.99858084111221,0.9508304804494124,3.087828176032648,0.0094488693840534,1.2867495761807692,3.457720218977049,-0.0668776645771713,3.6899900008730886,0.9844990445309948,2.4710549255005105,0.9936727540822252,0.9971805133925792,4.152539611429461,1.007448044384399,1.0003368749099752,-0.1210424101473108,0.9999921334691324,1.0034615892616128
4,20270102,naive,4096,0.01,1489.0,13.019808941138264,0.0314864820415237,7.242180801472557,8.18656341139544,7.074349554109401,0.998690367318727,0.9994165638837016,0.999220823120058,0.525584175644523,2.258355971290261,0.0053831737172148,0.602565338836349,0.1811176839785186,-0.0406477032672968,0.630508397087313,0.9930831943721804,1.038705042770907,0.995842665556431,0.995570913090436,1.0197407608231115,0.9976525377172552,0.9986691219401882,0.1584083283226789,0.9991038848700172,0.9978638718103042,1489.0,9.285623703203123,0.0206630957450805,5.043889818152658,5.873959135149645,5.126264442887798,0.9988139684433922,0.9996040632320816,0.9994698365952192,0.2816940482056897,1.3238733162782252,0.0029038571855359,0.271428425629432,-0.0001812871940043,0.0183182414308059,0.2720459172158923,0.9937615808896688,0.7569314667424436,0.9972911382235592,0.9969259221220008,0.9172138396044148,0.998994015987828,0.9985647569953716,0.2589618242528786,0.9993855593190212,0.9989558436741004,266.0,14.870473728112207,0.0353758076629579,7.156557245153147,9.521090514316132,8.903005824637026,0.9983794050273512,0.998958741121692,0.9987213487784256,1.003767621014414,3.285532639495968,0.0081690170292676,1.476751986155972,3.0991790920927302,0.1569478083328325,3.436617535894969,0.9874198534391838,2.4379014389746487,0.9964704817699768,0.9976679718157886,3.673871804542955,1.006751953220636,1.0032427319351862,-0.3644378604144833,1.0022047748014506,1.0041017219672776
4,20270102,loss_weighted,4096,0.01,1489.0,13.437587273724358,0.0324968171413535,7.318450998299499,8.394271866938032,7.519656012636526,0.9986566370968614,0.9993834308384256,0.999121374707666,0.5663415994029354,2.311346549993327,0.0061645589559463,0.6214326187628801,0.0896093067289795,-0.0178231433716269,0.6281130407455214,0.9948290391656,0.9474879467168336,0.9973461788527388,0.996447444675616,0.7622659823887545,0.9980034790150164,1.0001540473957424,-0.0408636188285527,1.0000418942859064,0.9985619104129734,1489.0,9.751496190091263,0.0216997916213357,5.217341901913312,6.108918780226191,5.527398371793353,0.9987256960266389,0.9995706531634936,0.9993835609576012,0.3502078246303429,1.4350303366628876,0.0038839336741127,0.2886619213683534,-0.0760912443233179,0.014747619963405,0.2988863907997909,0.9951878929146992,0.6631626695156001,0.9982802080932776,0.9973210473976708,0.7233868950855822,0.9989521087006614,0.9990959382340036,0.1663293812123356,0.9996231338659628,0.999072352254193,266.0,15.363085962486265,0.0365476974073103,7.45042090271591,9.929809855272763,9.050663782355649,0.9982359775752828,0.9988475341694186,0.9986840147600782,1.0099705774822685,3.461341589964401,0.0082712860314157,1.5550507765399026,2.980119090562186,0.3043525682287666,3.375192320051998,0.9877590524578728,2.490284716400652,0.9970041519707866,0.996885160927302,3.7477235850765,1.006151747560849,1.003959869320379,-0.3323387016708921,1.003013333947179,1.004083660454255
5,20270112,naive,2048,0.01,1489.0,15.671709948874236,0.0372229525270555,8.81105555339087,9.005468318475547,9.320371941163971,0.9981246071970872,0.9992802347518356,0.9987428513999512,0.6595796127837497,2.6828654266117,0.0074713629156827,-0.2502893304814746,-0.5138871919261815,-0.007167914064615,0.5716433975571471,0.9906304864000546,0.3712117174951999,0.9916182984756216,0.9968384872905904,0.10432952667378,0.9970548399878352,0.99477365325235,0.7951572360091177,0.9968769273185082,0.9962320777583568,1489.0,11.4535381670593,0.0252019748021804,6.237629835363587,6.644671951849091,6.937135232469958,0.9982772625693856,0.9994888320492546,0.999076726296104,0.368431617948758,1.618622265728511,0.0034868687790545,-0.1494143207475961,-0.3370993502784126,-0.0243533758993323,0.3695317281645619,0.9916556731030056,0.5020306597453157,0.9939196137342518,0.998293598295809,0.1782941402469191,0.9986945971418868,0.996684773526403,0.5391914387198824,0.9983531096050268,0.9982035316482344,266.0,14.70088830853228,0.0349723759165865,7.618618078354679,9.09176918461532,8.684037582241778,0.9982414298755602,0.9991184316799951,0.9987681024729446,1.067193622661866,3.2641613248104493,0.0117649530006414,2.0136595431787074,3.67751007588983,0.0809695460956646,4.193502257242846,0.9843405863746196,3.2100714263578283,0.9962578702035684,0.9946004016347672,5.008158586772566,1.0069835281822184,0.9988943032716636,0.2587500224526593,0.9996312503916844,1.0033853665230483
5,20270112,loss_weighted,2048,0.01,1489.0,15.620566187642083,0.0371014774740708,8.55423272115425,8.977673423137569,9.498872063688946,0.9982271290585272,0.9992847984134576,0.998691089974996,0.7045496545681901,2.704980144050697,0.0077349857410106,-0.2573686053341293,-0.6053000084931972,-0.0299432065919996,0.6584248589736802,0.9921108586893568,0.2659359973967241,0.9928185270553476,0.9974088287886734,-0.0986104864712729,0.9972043359149416,0.996193778552233,0.5543707208500734,0.9976601470984762,0.9967368229710416,1489.0,11.918661331832164,0.0262254159526389,6.301013410079217,6.944801841839452,7.356727895368743,0.998237664137922,0.9994422180025996,0.9989605164121338,0.4834142511773484,1.7296560986032892,0.0053921656582844,-0.2067592510301222,-0.4426763794120999,-0.0490069426970301,0.4910330388155694,0.9927324882490884,0.3606183348731662,0.9943587206013236,0.9985978949180474,-0.0191911997524698,0.9985547322602903,0.9974742885231048,0.3803307261965472,0.998651086644806,0.998228656844422,266.0,15.110498454204103,0.0359468095489656,7.935860441961443,9.31681771375898,8.862628857669892,0.9980593404976468,0.9990836561423498,0.9987177093627634,1.1663477325392897,3.2647371514748524,0.01176725415595,1.9527117173445052,3.88977573200358,0.1316944708069914,4.3543979756080695,0.9844987784839316,3.137037393215124,0.9961449258842674,0.9951859106253568,5.0761344987725465,1.0077371137833802,0.99923351743225,0.2549340830096867,0.9999595963577252,1.0039021701444912
5,20270112,naive,2560,0.01,1489.0,14.204746547613851,0.0337386671987678,7.375811337160995,8.025002935577776,9.108872569342656,0.9986858462687372,0.9994294994806876,0.9988015028313258,0.6049451534476121,2.5607419372023057,0.0059728012731384,-0.0960547482970165,-0.524011031440493,0.1569043588305805,0.555367494152987,0.9925584972486604,0.3975569754221055,0.9936164153114246,0.9970566989145836,0.0515355837801507,0.9971635705060728,0.9943291810790292,1.0274628696784305,0.9970469278464252,0.9966265630104714,1489.0,10.27252115087753,0.0226033052339974,5.198612464603976,5.954591378479672,6.560637221598673,0.9988039606782896,0.9995892566603772,0.9991753500152968,0.3088256382286967,1.5012461083981976,0.0032531396032847,-0.0634278354784657,-0.2718766300366706,0.0317895908331482,0.2809814413069286,0.993337382981812,0.4567253736447867,0.995397016413842,0.99866400349233,0.1316414288860983,0.9989600763806832,0.9963316542770518,0.6553600246668907,0.998359432715514,0.9985016600460526,266.0,14.33535068046649,0.0341027876936113,6.951719670747061,9.429409316767789,8.26208888164199,0.9985311341164084,0.9990968941093216,0.9988846421190534,0.9314910642970916,3.175071523739787,0.0094093996325157,1.682234434223468,4.249108071297301,0.0422757301876096,4.570188106699101,0.98481525718733,2.842380476643129,0.9953675005461176,0.9943955679451484,5.630234715113943,1.0083168341672786,0.99883945845888,0.2288744807535181,0.9994913169122196,1.0039890029003165
5,20270112,loss_weighted,2560,0.01,1489.0,14.24116723802992,0.0338251724770547,7.261667302290293,8.04634500735645,9.237714236485925,0.9987222948872716,0.9994258893682236,0.9987636234748016,0.6335818996228103,2.599357870539363,0.0063537636359468,-0.1012563568888345,-0.5516170922183407,0.0253329059826082,0.5614053993001314,0.9936296384482028,0.3213041461937678,0.99448464409749,0.997577696986002,-0.0779488332511846,0.9974160510851858,0.9954440723606132,0.7247383422253222,0.9973610810865902,0.99698582541839,1489.0,10.624083324019194,0.0233768706510488,5.25992242873096,6.235083332027791,6.806474738225728,0.9987717760562012,0.9995498904063862,0.9991111367210884,0.3957750067948528,1.5209596516990331,0.0048123453875119,-0.0691013046832998,-0.3354000118385511,-0.0899590784349085,0.3540632627696533,0.9942176983221016,0.3823253292755595,0.9959418198085078,0.9988533624655744,0.0109249594642051,0.9988779336384268,0.996928015582412,0.4322377919479265,0.9982654216520694,0.998468910329124,266.0,14.752568096063571,0.0350953184843349,7.22168589605642,9.657932389226302,8.497638508010688,0.9983923177214112,0.9990322273014792,0.998820601945751,0.9346631472038128,3.260901065167189,0.0103845857085061,1.719952550820188,4.150946621062241,0.0325977736441767,4.493290246893412,0.9856643427743008,2.815226682299212,0.996115778571122,0.9937743111338392,5.685172513179793,1.007831416046758,0.9991375907870544,0.1712610406711405,0.9996253601387168,1.0038451813939857
5,20270112,naive,3072,0.01,1489.0,13.81992697129449,0.0328246558453452,7.025988696568519,7.424080720489836,9.301015524299238,0.9988143146968584,0.9995110029834554,0.998756555313894,0.5126268149016894,2.4982314559862413,0.0060173137525556,-0.1821149592553659,-0.2771749496105735,0.1856722432684889,0.3800868229714896,0.9918697838802348,0.3571806813145315,0.992820258699679,0.9970003288359433,0.3093945297410982,0.9976419337885992,0.992693575614506,1.307321518496849,0.9961515777824616,0.9964759235825018,1489.0,9.956717804956432,0.0219084223209393,4.963520111570289,5.440279240556916,6.700974506319156,0.9989143818741572,0.9996571704649314,0.999143165542394,0.2678962514577801,1.3853898800759097,0.0028632678105422,-0.0718937832839584,-0.1645835318365441,0.0524815478998671,0.187111645539869,0.9927559402598723,0.4936528946388279,0.9949821008024814,0.9982900027255368,0.3518959477078738,0.9990814469579432,0.9949481398298816,0.9112312067014728,0.99776762060969,0.9983883806430476,266.0,14.038169429424793,0.0333958144680029,6.695937099839816,9.11911028530774,8.311224632304206,0.9986321152029553,0.9991443324100502,0.9988716640108471,0.9818297686161512,2.996243691574017,0.0088077417270868,1.603358646097904,4.0031734721568135,-0.1443286885292823,4.314740729931467,0.9857513656581391,2.691984047629333,0.99574526725646,0.994610692652912,5.331285918865177,1.0077927808496232,0.9988419547719763,0.0418686900147804,0.9989612011791186,1.0035680456770446
5,20270112,loss_weighted,3072,0.01,1489.0,14.023023617480012,0.0333070446110912,6.935772248356025,7.713907144402507,9.435883173443408,0.9988378802110296,0.9994706926000037,0.9987137926546504,0.5429837709169927,2.46467091145363,0.0063467060899187,-0.2242415689275717,-0.2618065114295735,0.1113310584961749,0.362245131434366,0.9934230219473648,0.212024274398189,0.9939872286485356,0.9975547061164896,0.2163574877778558,0.9980033760907732,0.9939937432809662,1.0333844652370772,0.9967271532880396,0.997020753180596,1489.0,10.382402552493906,0.0228450845230147,5.064089385022059,5.803594788800076,6.9618653383954126,0.998863650636041,0.9996094219234566,0.9990729891776582,0.3574824812193343,1.4875171077959306,0.0041002747034375,-0.1112680626382106,-0.1552104347262022,-0.0097261163891378,0.1912209668189462,0.9940297272058534,0.3548335524987891,0.9956298726974434,0.9985041765272394,0.2965810039147527,0.9991712126966484,0.9953362985337776,0.7830416776523919,0.9977591424220172,0.9984987859353484,266.0,14.422218522635372,0.0343094401602945,6.920448807149422,9.250353098684524,8.633582279212295,0.99851949234552,0.9991205903683408,0.9987831987824662,1.005264781726411,3.1193863833663227,0.0088539202127436,1.615360802061623,4.074385693997998,-0.1112668831865685,4.384334570215504,0.9864376582491232,2.651552017305264,0.9962814572742748,0.9946040632300563,5.404131860671157,1.007966269627943,0.9993704500085776,-0.0100441025657005,0.9993418433542136,1.0038499605875406
5,20270112,naive,3584,0.01,1489.0,14.394560820834062,0.0341895080900351,7.63278888189611,7.604610104478569,9.545355952920588,0.998606432821485,0.9994875972112168,0.9986927034808056,0.5209072726493398,2.3931980146550016,0.0057522694614388,-0.4158829355424068,-0.2699587216000632,0.2204511569685052,0.5426186875256533,0.9905497118157744,0.2109760734686858,0.991111129204305,0.996573954773158,0.3999859006719077,0.9974034230093236,0.9920145259839008,1.44634506484158,0.9958402599744074,0.9960067696694896,1489.0,10.31949415714077,0.0227066630351381,5.380903018184079,5.561679969436197,6.826826369971049,0.9987258914364346,0.9996422441707896,0.9991111711915548,0.2768179522641921,1.4353037506160278,0.002714368813944,-0.1914680120659812,-0.2109128606623811,0.0482671106678054,0.288918584396203,0.991860004902142,0.4440247021092602,0.99386236381164,0.9979370405339468,0.4121736478719526,0.9988640544949856,0.9946732166297528,0.9537500907326546,0.9976242569692244,0.998115045632923,266.0,14.68409822148156,0.0349324334842867,7.005576828958158,9.156195668773432,9.0944331734758,0.9984675792828076,0.9991300801230552,0.9986506731724182,0.9679319926355584,3.3398654939790813,0.0085016025854657,1.37727052813795,3.979387450636617,-0.1972433984806199,4.215602394463425,0.9852148871786904,2.5068840051642667,0.9945216110012474,0.9955505280454756,5.075891825596187,1.0081011311720505,0.999458569984951,-0.1101890701800698,0.9991447399912092,1.0036580907694963
5,20270112,loss_weighted,3584,0.01,1489.0,14.47482197084502,0.0343801418489785,7.551782119144141,7.770863583255936,9.597121291463363,0.998627435911997,0.9994634673686132,0.9986699096989242,0.5621797216454455,2.417364101499904,0.005989720202932,-0.469001432791421,-0.3260402924532306,0.1267354060275893,0.5850867281047929,0.9923357795408198,0.0393836606815796,0.9924405813392752,0.9973336003659512,0.1953597409331848,0.9977387263952876,0.99372652284869,1.0898112867413658,0.9966091877011338,0.9966238497313666,1489.0,10.60828917604504,0.0233421177464476,5.49325853835334,5.798262145750749,6.981408594442555,0.9986643136994784,0.9996110632173076,0.999067530321436,0.3520106197338229,1.5273498694212202,0.0037394694482121,-0.2249340122917237,-0.2830628066990379,-0.0303723784927147,0.3628255004782532,0.9933296947603774,0.2958194193928563,0.994663712095922,0.998195533640434,0.2619496679768076,0.9987846809587008,0.9954112205389594,0.7496596619412514,0.9977307756559224,0.99815893852657,266.0,15.17297834760285,0.0360954448064624,7.263418011844853,9.49291422932002,9.345940838503427,0.9983307602555856,0.9990508340580572,0.998574938379258,0.9797183410037924,3.360737017477049,0.0090714337058031,1.3511675213152283,3.983318792123156,-0.1963310628950612,4.210822741056209,0.9857723823395218,2.4381872045258746,0.994824071565457,0.9950261463973152,5.209049011684726,1.0079059927492129,0.9993776643277008,-0.0962682432810311,0.9991034823045922,1.0035700697160508
5,20270112,naive,4096,0.01,1489.0,15.907072991854816,0.0377819794235505,8.799206965770352,7.954067556799636,10.5991385142191,0.9981529887221658,0.9994389035366954,0.998393256267572,0.5683096039591642,2.5750615212898014,0.0056767468918194,-0.5433304268317345,-0.2900716186835078,0.3043078078559416,0.6869881648244851,0.988145773586681,0.2429872469985667,0.9887923742339172,0.9965929066756364,0.3761670615162984,0.997372980744486,0.9900568581559348,1.8307340396842733,0.9948993411936632,0.995356431131069,1489.0,11.3439957969683,0.0249609415065701,6.172188889035799,5.771671138341564,7.568232107337383,0.9983265352878996,0.9996145080673042,0.9989101018748516,0.27845602921688,1.5541820631551115,0.0027002352268667,-0.3001996833994392,-0.1998465123993216,0.1098440609983916,0.3769936288160771,0.9900302371454944,0.4781437406353745,0.9921864581271964,0.9979138011580728,0.4302591071801771,0.9988814908715696,0.9933185062005032,1.2456099625451884,0.997172603078119,0.9978657750144307,266.0,14.953083648834577,0.0355723308349804,6.912464992107965,9.39259804274586,9.359040567778967,0.9984555247239426,0.9990284706370456,0.9985795165210828,0.9503916188889068,3.557355191166856,0.0090805838397929,1.2940973565937566,3.512801417830792,-0.2373953826264479,3.751108947651258,0.9905251256582772,2.0179975309715275,0.9980168746409442,0.9954668525694226,4.629926335296688,1.0069147655542037,1.0017952020167735,-0.5260386077711985,1.000296989056859,1.0037641445635976
5,20270112,loss_weighted,4096,0.01,1489.0,16.08211263683041,0.0381977280825376,8.776476859137912,8.318719989293717,10.602202532702451,0.9981478582591214,0.9993846429272212,0.9983803557419216,0.6073060203245819,2.6632670932555333,0.0060746938306832,-0.584399842237869,-0.3771058443520623,0.2748626509058857,0.7478512354172713,0.9903998178509218,0.0524019727948541,0.9905392619984816,0.9975101362130124,0.1097735585271664,0.9977377784369414,0.9920710696046898,1.492076237471224,0.9960177673304818,0.996162333613134,1489.0,11.690765722789564,0.0257239622260396,6.271677026012225,6.116789241455202,7.741121355602151,0.9982618853833992,0.9995669057550296,0.9988551814712368,0.3699743484705332,1.6551128471775494,0.0035703655984131,-0.357304640139378,-0.2897464091438423,0.1024000459721387,0.471280550088774,0.9918458389699428,0.2792940141002162,0.9931053338918386,0.9982333325569898,0.2438494597621456,0.9987817709512404,0.9942090179056904,1.0867906922195232,0.9975717050545204,0.9979841139576052,266.0,15.506064611989004,0.0368878335251769,7.299187635984207,9.877457285262178,9.465502479197502,0.9982605817069372,0.9988997739327844,0.9985472468025176,0.9525676042791668,3.4070110591735427,0.0096812378470952,1.324558440816975,3.4113436713787806,-0.063803444617553,3.6600261729857366,0.992164227534562,1.9232278109358845,0.9993041470710738,0.9950463445367832,4.632096368097393,1.006499623124573,1.0020177736066993,-0.3882330497582416,1.0009120452855798,1.0038764152186537
6,20270122,naive,2048,0.01,1489.0,15.186414707756228,0.036008699936902,7.5233486870493085,10.150392906455648,8.425908856236386,0.9987261437559272,0.9990976887526332,0.998914849899396,0.6256593264562967,2.770674770994816,0.006491938662283,0.3714871991516063,0.5472548404013347,0.3507213642544878,0.7486628579145119,0.9931150118540836,0.8024975229896825,0.9950522885818548,0.9971273055314712,1.1165860803246233,0.9994277849422432,0.9966127402595354,0.8654242105298522,0.9989719377874032,0.9986470066864404,1489.0,11.07682889668701,0.0244996797054957,5.3959863440011056,7.298046819808932,6.349644273320414,0.9987986258243856,0.9993880090247238,0.9992120380317796,0.3682567458898798,1.7211032190004267,0.0039527171083311,0.1318971439000071,0.1677154275843151,0.1154491437034266,0.2425980750142574,0.9938536863640532,0.598646646503326,0.996405612317633,0.9977252878169248,0.8500774953306518,0.9996361118139364,0.9976336322225148,0.5083788234178712,0.9992219653733122,0.9992469007312808,266.0,14.852272315978205,0.0353325077878752,7.531845395973844,9.348973694022344,8.744025889005497,0.9982934760295272,0.9990896891847946,0.998751734704066,1.0128489691781677,3.3250226669592817,0.0106885183030501,2.0365205013017724,4.02696738981997,0.0622347242649458,4.513064953199789,0.9841016878778004,3.251184728234378,0.9961716034779876,0.9952697825362752,5.192657205711583,1.0081090986605072,0.999347141382223,0.1672052040426876,0.9998233592870708,1.0040715667847748
6,20270122,loss_weighted,2048,0.01,1489.0,15.064986014992114,0.0357207788280941,7.475078126909678,10.047188310427336,8.374426409212564,0.9987348909475146,0.9991146968375788,0.998926928325464,0.6643451765990491,2.6143263512768407,0.0067502905512007,0.2916248241062987,0.4545265320113995,0.3042786887434226,0.6198587958243039,0.9950530254878328,0.601312661081387,0.9965046299988192,0.9978580703902646,0.879029539170233,0.9996691169293128,0.9976108395540758,0.6673177751870867,0.9994299872349108,0.9991328129258772,1489.0,11.746130356245496,0.0259800376254874,5.685223519021085,7.604210875982618,6.915619194133599,0.9986597774498271,0.9993348189355552,0.9990648549480164,0.4968278294512563,1.8190736346988845,0.0050147554495879,0.0974650773111963,0.0910212162968005,0.1124610260199514,0.1744470850570069,0.9954779291207896,0.440869995873129,0.997357280807122,0.9982029883674208,0.6300839524506046,0.9996193057538802,0.9978155989199796,0.4751755731443836,0.9993001948167956,0.9993392050402208,266.0,15.23043639334879,0.0362321334427601,7.772424788258868,9.506493194321012,9.010116136267648,0.9981570747524,0.9990716942814124,0.9986755705681124,1.111453624619074,3.2534040210036976,0.0108005871119446,2.0041722087592917,4.239970571173402,0.1200408096946335,4.691318203103659,0.9843904607745028,3.1967735836962845,0.9962583768030936,0.996252475776604,5.163490653605294,1.0090196749541724,0.9996527093668404,0.1758802569998465,1.000153634729613,1.0047007971360786
6,20270122,naive,2560,0.01,1489.0,13.666536355502515,0.0324048971578994,6.46187873839217,9.618803884333817,7.24547796638094,0.9990544735167524,0.9991919177947952,0.99919622434182,0.5301985755864514,2.3906849090188245,0.0054204967269889,0.2442787752634435,0.5404098425915563,0.1384329606244575,0.6089980316891765,0.9961126496780136,0.4876325887547779,0.9972898237362938,0.996165752659495,1.3003085427342853,0.998844751693176,0.9978275512039728,0.4685421534167631,0.9991048247960368,0.9986995546977424,1489.0,9.975786325023568,0.0220643987600675,4.655625179926395,6.982196991156906,5.393550979015762,0.9991013297479908,0.9994408855145543,0.9994312903488792,0.3164436503607841,1.4145987951544283,0.0030079962612218,0.1220143586054574,0.0950584522311144,0.0774115750007748,0.172962900619112,0.997048565254314,0.3461455665311774,0.9985241232652158,0.9970209633862024,0.9887018761367016,0.9992433904957184,0.9985209900727724,0.3229976172590341,0.9995301348276068,0.99925525986997,266.0,14.00954936455542,0.0333277293532559,6.8789712521232165,9.131301798076848,8.097317789417437,0.9985518342292948,0.9991525145363098,0.9989326228036004,0.898760319035211,3.1293884357723183,0.0090860415848134,1.5526348090091082,4.140029628136531,0.205951694900019,4.426390885656987,0.9847942920357484,2.714382632765208,0.9948713476393783,0.995662493656834,5.2089417890189225,1.0085420748909613,1.0006181629276207,0.1065597939182794,1.0009216563630754,1.0045152397028794
6,20270122,loss_weighted,2560,0.01,1489.0,13.671789453446388,0.0324173528448565,6.700094235637614,9.461479299123258,7.246169578833058,0.9989808149963127,0.9992161181234144,0.9991961445727836,0.5532639165687214,2.419199360724723,0.0055402826102347,0.1964014858166614,0.4338661671516032,0.1648872523101489,0.5039853178458733,0.9984261730709132,0.2949253525241246,0.9991381404047768,0.9968926372113556,1.04970566165116,0.9990553242666134,0.9988638859704758,0.3375227067761273,0.9997839928102624,0.9992957516487452,1489.0,10.46190930117095,0.0231396033447168,5.075948661239161,7.214273398091336,5.62499340017242,0.9989312638040848,0.9994023591900204,0.9993816777380244,0.3937084956282557,1.4952629330136973,0.004275203286344,0.1013220029321368,-0.0268576152286939,0.146362719483862,0.180026457579613,0.9990640166978518,0.1724003381097674,0.9997989291872108,0.9972408895235876,0.8008129550673857,0.9990409755393518,0.9985194734830076,0.3922005878260393,0.9997448297856524,0.9992900303141772,266.0,14.282180847441229,0.0339763004127779,7.107353139587287,9.23254947666168,8.25991835729687,0.9984313171496476,0.9991147699997236,0.9988916446802536,0.9272398417075604,3.01459060887729,0.0094821985925382,1.5708139640724126,4.00821687190539,0.3018494662701884,4.315596378513578,0.985740018222107,2.6603063333995323,0.9956163173557504,0.995603691751774,5.091619863792744,1.008193183879956,1.0011040610327229,0.1243319867530203,1.001458171531712,1.0045766253027333
6,20270122,naive,3072,0.01,1489.0,13.266166993046909,0.0314555763001443,6.541140785208814,9.126180474820616,7.065231337789861,0.9990356414543298,0.9992743062653996,0.9992362157876484,0.5193627447569935,2.24351749489458,0.0048393998635168,0.2436227992623426,0.7118947317821112,0.0774624298813504,0.7564037318143446,0.994442206191262,0.591548817225096,0.9958702402027334,0.9966621906496772,1.3734057824229922,0.9994917904277624,0.9971921042812472,0.5041294200804032,0.9985663908647612,0.9986737829742742,1489.0,9.62680367769494,0.0212925205301091,4.648805159115827,6.570038689507589,5.281907918530235,0.9991069767714668,0.9995058377990118,0.9994546262502688,0.2802656688744935,1.2923261868807492,0.0028417440372368,0.0563139717393296,0.257423079888871,-0.0143391884804603,0.2639005831725429,0.9953319381833352,0.4108054051583991,0.997083129777605,0.9971472431083108,1.113185451003062,0.9996494872973224,0.9982873081445022,0.2700491760980128,0.99913102554378,0.9992910337394896,266.0,13.920504608531948,0.0331158981621267,6.54898577381935,8.830966045453227,8.538458443684268,0.998699898217703,0.99917985018349,0.9988138929516628,0.9248528809142834,3.0291459104490155,0.0079282381594125,1.4743767972019546,3.714107068697719,-0.0530000988076776,3.996396785649728,0.9846414847898268,2.6477994134649663,0.9944713523975356,0.9953647472384936,4.856394284794675,1.0073726227781707,1.0010171974520503,-0.2165511367551857,1.000400437171003,1.0036425074787791
6,20270122,loss_weighted,3072,0.01,1489.0,13.313866690827922,0.0315686776566876,6.662806034901412,9.013432882492229,7.184990582821007,0.9989926523289115,0.9992889670321142,0.9992092328389786,0.5378666283224615,2.3034826095588707,0.0052354922294451,0.2123499339393571,0.5334035074916946,0.0630221437249641,0.5775669544288192,0.99702072519858,0.398856892230107,0.9979835894478676,0.997663664740787,0.996435223734494,0.9997165998048736,0.9981980088758102,0.3368393386402033,0.9991162528136844,0.9992757972763496,1489.0,9.870988209274518,0.0218326067649453,4.844245454203429,6.579998044690848,5.538349929259678,0.99902581356951,0.9995028881807728,0.999400238472698,0.3581083240044183,1.3382382100381067,0.0036177141007672,0.0142843459459245,0.1004489332938618,0.0483209476115518,0.1123785776607619,0.9974232845755436,0.2099594634149326,0.9983183050471656,0.9976320645160814,0.8107758771238878,0.999454545420136,0.9985081612549412,0.2960371842248435,0.999433073253462,0.9993499407042582,266.0,14.182606559989289,0.0337394202093976,6.720878885929468,8.828622828984951,8.833545991256534,0.998622486566974,0.9991785674583472,0.9987322590355626,0.9193152098497592,3.0458544489523773,0.0085656902157094,1.513701887563514,3.698781365784116,0.0578030902962891,3.996951112227038,0.9847990129058326,2.675089026992424,0.994730192299727,0.9954826444515898,4.812014615190918,1.0073807872311489,1.0014532307336037,-0.1758559641764066,1.000952374559332,1.003853596741738
6,20270122,naive,3584,0.01,1489.0,13.803665159586794,0.0327300449991773,6.756469546659745,9.55285532437404,7.323540554583439,0.9989749329085358,0.9992038415249428,0.9991797753609156,0.499407623394771,2.202357349006237,0.0049581770978821,0.2348281481708135,0.7289301299627848,-0.0356534031690863,0.7666515236392826,0.99324697581764,0.6575773349579705,0.9948344065962148,0.9968796378861132,1.3473459241835144,0.9996555470725064,0.9966797029284592,0.468874293005598,0.9979578819526654,0.99842063019052,1489.0,9.92565057448827,0.0219535087353713,4.787524442259362,6.843591495542192,5.363152476272795,0.9990557801717684,0.9994631224142042,0.9994380498869192,0.2650336990824818,1.316301700886645,0.0028155786162437,0.0608940855908755,0.1989195666364708,-0.0633938438204765,0.2174761207239204,0.994290565134542,0.4944671248860146,0.9963983920079722,0.9971592758886112,1.0510723765465286,0.9995219008619026,0.9979176403644864,0.2823769667938052,0.9987998736061564,0.9990619657954862,266.0,14.223354057192076,0.0338363556298925,6.537389063190083,8.659372718752184,9.196826028062912,0.9986740648122528,0.9991985096327158,0.9986267007499704,0.8939044633264089,2.8005621020267397,0.007775951312631,1.246564717936983,3.5284206973137606,-0.0317604578242335,3.742283385837935,0.9853910126235303,2.3627218433924213,0.9941625391962308,0.9964662166745089,4.399267601432399,1.0073438050097747,1.001633297710774,-0.2943717486173796,1.000794896189867,1.0037163113331498
6,20270122,loss_weighted,3584,0.01,1489.0,13.790099432620648,0.0326978791324372,6.9353896515241535,9.351440935496637,7.390383289993414,0.9989087294678138,0.9992339957130422,0.9991633230841142,0.5178597783018053,2.1686685334863176,0.0055920483976172,0.1561341280362002,0.532413932302373,-0.0584060015166939,0.5579011760701607,0.9962112499490624,0.393315420405564,0.9971607367559332,0.9982267188429346,0.8838555391091063,1.0000477082907218,0.998238163590021,0.2093095810985801,0.9988087538742756,0.9992385351523244,1489.0,10.08649646977968,0.022309266954022,5.025394137683086,6.811588010605278,5.484988019093282,0.9989518541532364,0.999466658991361,0.9994117579833254,0.3358888204363043,1.3806432590857625,0.0036547612627847,0.0152527268090782,0.0188402522053386,-0.0463265736972077,0.052285296296339,0.9968928641232764,0.2512078392361161,0.9979637192068784,0.9979124077937938,0.6450705705009341,0.9993624124494276,0.9984797292029034,0.2061107367943861,0.999123683083171,0.9991784490502786,266.0,14.61411306585219,0.0347659437375528,6.739504280572348,8.784460962825433,9.538586286565463,0.9985807741984818,0.9991726195740284,0.9985247807137372,0.9313295726432452,2.8432482626214624,0.0089434810343889,1.230369893759771,3.553717713985184,0.0245404120572581,3.760760813716614,0.985271997203086,2.3556200457299923,0.994017158587229,0.9964933658515652,4.417874118259476,1.0074169604880467,1.0020365357052077,-0.3029058745339341,1.0011738281013232,1.003861706455102
6,20270122,naive,4096,0.01,1489.0,14.25121041971918,0.0337912252244255,7.443490184972275,9.480697537474027,7.603145828949217,0.9987586221130876,0.9992149929008226,0.9991155324525528,0.4991389833224889,2.333193047882552,0.0055061337228104,0.0985766345960542,0.655703821922046,-0.0246528257658952,0.6635304188880159,0.9915864198404598,0.6252790532998489,0.9930958806470276,0.9969229587218004,1.2655339815176774,0.999530312439901,0.9967178904339504,0.4740721805430326,0.9980102392066792,0.9981158411957428,1489.0,10.275263506390251,0.0227267810258786,5.274174417332529,6.793426705143141,5.622586410466119,0.9988569548188052,0.999470698713112,0.9993822141185412,0.2795885057528253,1.4472806498489572,0.0028568707190556,-0.0053520376848592,0.2044735498783519,-0.0274712864456468,0.2063801068083205,0.9928079217070528,0.5408125684108,0.9951133111006304,0.9973674489788628,0.9941791537769404,0.9996021880406548,0.9978265706369084,0.3334214334632577,0.9988682826271832,0.9990201744604242,266.0,14.785517278345225,0.0351737022639212,6.602085505306671,9.154908530182706,9.550478415914707,0.9985977675000308,0.9990524050651644,0.9985368558362228,0.961307042334716,3.047168345167718,0.0079501589145983,1.221900409458108,3.1590248791316715,0.034276265965711,3.387278208239665,0.9899413786254444,1.99040007546175,0.9973306729687644,0.9967121933929456,3.9692545795324463,1.0065265355120667,1.0045772491061775,-0.7016809867297411,1.0025787882850257,1.0041942540785542
6,20270122,loss_weighted,4096,0.01,1489.0,14.41752483852614,0.0341855754458073,7.698554962544055,9.369920988699844,7.797554400177575,0.9986551980406556,0.9992296899221972,0.9990685082559072,0.5409961159074826,2.34439477069609,0.0056927831415891,-0.0144816940637061,0.3739256740403018,-0.0267782700371411,0.3751629045036714,0.9951745180024912,0.2876005338708154,0.9958688027886756,0.9986964882654192,0.6322649997965186,0.9999991308827808,0.9983027056313386,0.2311299830799669,0.9989327796205612,0.9990627744135908,1489.0,10.57095785620393,0.0233807964420891,5.541263694936604,6.833079110335448,5.860765865713653,0.998726353140552,0.999462910208153,0.999328358191744,0.3542679997852385,1.5301142131025147,0.0034759072430073,-0.0757346787471075,-0.0430257942827467,0.0402956123094867,0.095972375765036,0.9958599123482348,0.238662530157768,0.9968772889733506,0.9984141565850876,0.4326912655602086,0.999386770091587,0.9982719953554388,0.3272266286936371,0.9992943528538952,0.9991440435477495,266.0,15.274251876518026,0.0363363673853765,6.875029306360936,9.488645415459777,9.79807892413951,0.9984721530421536,0.9989616697778444,0.9984663577082308,0.9855044097309908,3.1588965497359203,0.0077081745960451,1.271602004310227,3.0168892344414893,0.1386201089363236,3.2768594484439304,0.9903956498314276,2.0053944020836525,0.9978406101156077,0.9961942797728626,3.95475083275656,1.0059727600620063,1.0053845227945803,-0.7271353942166741,1.0033135651592773,1.0041760445111267
7,20270202,naive,2048,0.01,1489.0,14.030010086999235,0.033335410069577,6.66690301490571,9.157113627210077,8.278940587388279,0.9989508628902776,0.9993069539475686,0.9989733543893288,0.7031653457359461,2.624241529767363,0.0063549007382439,-0.231596528982326,0.6980251224500643,-0.0364058671485606,0.7363432697940053,0.9958070574921052,0.0300704434861458,0.9958820650272636,0.9987805010364882,0.9313500437004336,1.000621907180738,0.9985715891052884,0.1752431881273253,0.9990407479527844,0.9994584147933836,1489.0,10.273234298234064,0.0227275913400201,4.848427928885083,6.649547935097395,6.1494391470817735,0.9989940474535728,0.999515518713759,0.9992607713838664,0.3753245848874466,1.729821427022052,0.0037503554192437,-0.1516437578015838,0.2723765268688095,-0.0474794090086525,0.3153396517235212,0.996295275385403,0.1315606747187416,0.9968697811294652,0.998003780072783,0.8627081914578412,0.999922428669028,0.9986709812338468,0.175925549693602,0.999220229209744,0.999475840536922,266.0,14.880483447266728,0.0353996200784898,7.654827719827396,9.476175590722232,8.546022254706655,0.9982301567611964,0.999058575322156,0.9988075295238328,1.0535369585851249,3.200957474067974,0.0113042416819715,2.0285023884209945,4.0269358114300005,0.1183054099799294,4.510546545512815,0.983877529723198,3.260292766197665,0.995981258612598,0.9953238176141074,5.179309508049471,1.0081301303446963,0.9992428345821348,0.2400469555768438,0.999926513412016,1.004094217089343
7,20270202,loss_weighted,2048,0.01,1489.0,14.028095038740751,0.0333308599004322,6.676065382302771,9.037091478543966,8.39932015317844,0.998946658630224,0.999323590081854,0.9989447759317148,0.7219469287236756,2.5577755532420787,0.0068051101180186,-0.2947286973189378,0.5151428380825668,-0.0457224624288474,0.5952543088644021,0.9983588852000344,-0.1923124251254506,0.9978791822320482,0.9994649206301288,0.6175187773604307,1.0006858395300766,0.9997318245691628,-0.0059866435583444,0.9997157972027227,0.9999863352417064,1489.0,10.926069130688957,0.0241718651542672,5.188878625075804,6.921781489357435,6.67408917204544,0.9988469017063688,0.9994739337622672,0.9991292284823652,0.5059296458416328,1.7590474245949776,0.0051386904046718,-0.1954152118241849,0.0694509825587261,-0.0411235956300076,0.211427751509124,0.9984834976815652,-0.0794875186251005,0.998136387603808,0.9981606971773744,0.6133783736040073,0.9995248404266625,0.9986173309237109,0.1912998552301701,0.9992145782164296,0.9993241203669924,266.0,15.28299397150787,0.0363571642124707,7.941749544690856,9.714188955026902,8.725425596988488,0.9980760563140576,0.9990255266080464,0.9987577743108912,1.1400385934007622,3.197272728566327,0.010429477722992,2.0363807873714057,4.284970770715908,0.1771736715536127,4.747547969947945,0.9838221734170832,3.2724005024673914,0.9959708518762868,0.9960507993165654,5.258190935094319,1.0090521535332444,0.9995017096666378,0.2572917460300914,1.000234503462923,1.0047114657186724
7,20270202,naive,2560,0.01,1489.0,12.76648001257133,0.0303332530572076,6.043197648540345,7.948318056423188,7.955313580619993,0.9991368382975748,0.9994767649122984,0.9990527944392344,0.5613683478119232,2.247365491953188,0.0054620706329026,-0.0282802974871857,0.4380584085504251,0.0943949982124477,0.4490048554472689,0.9964806869387344,0.1913478019146524,0.996957983756328,0.998132811261348,0.795304850278427,0.9997052374911636,0.9993477271242552,0.1910429154501685,0.9998591848019692,0.9993653135944716,1489.0,9.272834377456888,0.0205143953867339,4.3554224351137245,5.791763261360013,5.785432665567434,0.999187002343644,0.9996325254407706,0.9993457900847592,0.3077130059156643,1.5492493299941958,0.0030261895208446,-0.0036206552178109,0.1721578407291004,0.0181643814437769,0.1731513096166113,0.9972306194831512,0.2080822159259412,0.99813928332622,0.9980443900884536,0.7504801180642744,0.9997134453255446,0.9991573390079104,0.1598137312740277,0.9996562851165096,0.9995635117068375,266.0,14.36591645380333,0.0341755015115033,7.0320267340527804,9.546854249211805,8.110963537923881,0.9985135583146828,0.9990653130158538,0.9989292011134432,0.9350675734196788,3.2137844853481496,0.0087383225501164,1.8285658277984265,4.254521674234532,0.3143735408243491,4.641490965874434,0.9845295358246182,3.010541578648059,0.9957060717038548,0.9954117757574188,5.385219430441339,1.0087272194554433,1.0003340790901525,0.2606583237435131,1.0010764612517902,1.0047663461647824
7,20270202,loss_weighted,2560,0.01,1489.0,12.848200540989582,0.0305274216507462,6.09320507352181,7.864384353855443,8.13022556933858,0.9991218856669364,0.9994864560594078,0.9990126925080166,0.5816809662977728,2.2599535641481823,0.0061201068513269,-0.0791188723278258,0.2615731673456132,0.0889657969292004,0.2873938601586517,0.9995909498019312,-0.0535914708156965,0.9994572715562728,0.9987751871009348,0.4959147959746701,0.9997556783335372,1.0004130703289915,0.0277607576668117,1.0004873910784131,0.9999421544780536,1489.0,9.715081785319796,0.02149278428212,4.593229595661214,6.017481504270138,6.088922098595223,0.9990964502319092,0.9996024209343112,0.9992756564268412,0.4078367922497345,1.57234226768451,0.0043323686527964,-0.0285578968322552,0.055982906671516,0.0208174445481272,0.0662042695631314,0.9998575423375043,-0.0176678454350991,0.9997803895050994,0.9985353192882794,0.4891252628080451,0.9996231256962476,0.9994967754713536,0.1054083155751754,0.999825865271404,0.9996900257684485,266.0,14.550746817079409,0.034615199903167,7.213483755120006,9.54076692478969,8.286353331605245,0.9984252560472048,0.9990539739981796,0.9988838313020096,0.9092654541357904,3.272615659929436,0.0100719511747248,1.9052416908676784,4.13045864447616,0.3880974884863273,4.565222248140561,0.9851968143755993,3.036235967769244,0.9964687398232592,0.9951983789827312,5.313744775087571,1.008337095109764,1.0005556516275125,0.2987565250050465,1.0014065414500637,1.0047405820550837
7,20270202,naive,3072,0.01,1489.0,12.121534458184252,0.0288008575425411,6.218517827125947,7.355332099658536,7.359396942576039,0.9990873834429068,0.9995527396564254,0.9991899342588354,0.520385180718048,2.1748000234409344,0.0050295009219511,0.0334909634252184,0.4259021572822243,0.2898130378960333,0.5162420838553649,0.9956974881954316,0.3019957749725961,0.996450784658097,0.9977316568966998,0.8599008664096459,0.9994317982662768,0.998517717589968,0.5094442888874937,0.9998815953988116,0.999151296082276,1489.0,8.797548387620859,0.0194629148662822,4.443383491030479,5.323917975718523,5.413787784166405,0.9991553769374188,0.9996900388809548,0.9994274374871476,0.2795880628253444,1.394260279907217,0.0027503639777519,0.0031069393588223,0.2037505323776957,0.1271792810876077,0.2402051249543493,0.9961968777133096,0.293833295850689,0.9974800036673525,0.9979778269001004,0.8017571928036773,0.999760921494233,0.9985157004619988,0.3766865758180984,0.9996917339584184,0.9995472651476852,266.0,14.053003475403168,0.0334311036166197,6.880305781130389,9.127815691610529,8.17504004502889,0.9985974079588557,0.9991389804642372,0.9989118467959512,0.950360195143216,2.955096763839937,0.0087429456553585,1.7339641288982743,3.9457923027915234,0.1238151007658331,4.311755869277902,0.9829391603813074,3.037447882832353,0.9942155850234912,0.9939632244783484,5.433463387763567,1.0073979557385215,1.0007018705135755,0.0109641977591081,1.0007330976952598,1.0037332889329775
7,20270202,loss_weighted,3072,0.01,1489.0,12.253124996714408,0.0291135176572508,6.232735459570536,7.40917992603607,7.509735927430723,0.9990807202294324,0.9995441969329392,0.9991569274841016,0.5412234241007218,2.305266171260576,0.0052329901263295,-0.0637658679298009,0.2070810122263592,0.2550676291047367,0.3346761523542511,0.9992000739892216,-0.0138452651442833,0.9991655384422964,0.9985156076823278,0.4910875845879729,0.9994865548592154,0.9995677367163924,0.3191165074385083,1.0004220713952274,0.9997335160217762,1489.0,9.17105416053182,0.0202892258724779,4.571328772594155,5.507724779243773,5.733773227497308,0.9991043328803348,0.9996670818222372,0.9993574422039492,0.3484447015547539,1.4076922118313246,0.0035727732341555,-0.092638254812686,0.0721500268199726,0.0734011970732268,0.1384745765714617,0.9990134472315162,-0.0172220913955669,0.998938240940178,0.9985561591450036,0.4991295212687419,0.9996662148565512,0.9989382105485975,0.2518855304642784,0.9997246092155692,0.9996192317751698,266.0,14.3905368983653,0.0342340718117725,7.188461577927566,9.277097337264024,8.327606940820461,0.9984564949597812,0.999112840323643,0.9988724317539716,0.942905912297103,3.0158369485190506,0.0086953137892375,1.8361756598509384,4.029322555021549,0.1775455036153205,4.431535141696209,0.9830890180300343,3.128209976659747,0.994702393938838,0.9937721858085166,5.564072201089772,1.0075298592111177,1.0011037065349873,8.502234612706161e-05,1.0011039486875195,1.0039828684353458
7,20270202,naive,3584,0.01,1489.0,12.276767434932903,0.0291696922692554,6.304582551287584,7.567681471483631,7.328127636142291,0.999060561752995,0.9995251168054246,0.9991979933620608,0.529303772818021,2.2676764850934368,0.0050133766704064,0.170182171716583,0.3294553930373453,0.403885006381269,0.5482936493806598,0.9966191964336442,0.381166374827707,0.9975699755691166,0.998308335708785,0.6531190035362044,0.9995996411144944,0.9983926209744958,0.6420519466348082,1.0001115143279815,0.9994729038688566,1489.0,8.896042408464597,0.0196808142921287,4.506729364656191,5.50479157720238,5.340995287257601,0.9991299316862092,0.9996677113194148,0.9994434024278832,0.2818262740547461,1.4496188581178873,0.0028018539695447,0.0818456375889391,0.1238921803030479,0.2108551865509523,0.2578912375944941,0.9969676751024512,0.3136490619093308,0.9983373335362644,0.9983704866220257,0.6057796375787916,0.9997177304094184,0.9983187696684224,0.493466088940437,0.9998593943872108,0.999636792429701,266.0,14.354041079583167,0.0341472508342203,6.913704944083109,9.31869191434266,8.449920725432083,0.9985298683261626,0.9990825932571596,0.9988386304419414,0.9636621173860096,3.1124010846888632,0.008381171458331,1.4473631096120685,3.899399359619893,0.3573107867485726,4.1746672125089,0.9843502456850312,2.6430370013161597,0.994162432995404,0.995768627006397,4.942156578227241,1.00798855759868,1.0004486537875952,0.2851735704270481,1.0012608579352131,1.0042288370391876
7,20270202,loss_weighted,3584,0.01,1489.0,12.643989782955655,0.0300422153453004,6.516082570558157,7.800418568544931,7.520945134798858,0.999000178187942,0.999494432586267,0.9991556230886462,0.5679350802964095,2.2750404292054998,0.0057418602617085,0.09370159045194,0.1456114030754238,0.3566617212191316,0.3964722589813947,1.0013043600164346,0.0123010141581332,1.0013350435928965,0.9993270225071752,0.2743711849323915,0.9998694917851412,0.9997773481328844,0.3896522686203525,1.0008205202597082,1.000373636210805,1489.0,9.435056074192598,0.0208732802639656,4.812893511373874,5.863246671975102,5.610586211342516,0.9990104896627272,0.9996224163672528,0.9993850675916108,0.3474369991543047,1.4783413660605471,0.0039832264765331,0.0093297967643872,-0.0718734748467216,0.1473015414006285,0.164166335139724,1.0008917794716718,-0.0588415048791688,1.0006348274408725,0.9988956134404252,0.2547209785872724,0.999462108638732,0.9986813555924172,0.3689625945938246,0.999833274450226,0.9996603944377208,266.0,14.796697820407925,0.0352002999845325,7.1739649319763545,9.606438204679549,8.671380430064824,0.9984050132169312,0.9990227225737832,0.998777920322025,0.9306274776343484,3.190686156961492,0.0090480624729138,1.521208526577139,3.998508192321592,0.4382221999414432,4.300486233196822,0.9847255401441896,2.6882091383379247,0.9947054275168188,0.9956226284721108,5.077244518836267,1.0081765762554658,1.000420334237972,0.3706383687328696,1.0014759510677516,1.0044668489265198
7,20270202,naive,4096,0.01,1489.0,12.804200319760133,0.0304228767923505,6.489543767316157,7.976653963139872,7.629309213353348,0.9990045683232178,0.9994721432101256,0.9991310997728092,0.5584104201099879,2.4868711057525537,0.0051427392115867,0.243803124415502,0.3526321246305537,0.4451956283707692,0.618052203552955,0.9989918420534356,0.3067187587584001,0.9997569194987308,0.9987013791190168,0.6010953245638291,0.9998898266113624,0.9978304623732897,0.7666581646611519,0.999882949918166,0.999868906066319,1489.0,9.280609010118742,0.0205315952936793,4.6335211523118485,5.785962688385073,5.584158047404423,0.9990803030501506,0.9996326411057552,0.9993920621821296,0.2956353450329485,1.466402948274894,0.0028026881799618,0.1448436587346204,0.1351795600353059,0.2624516776473674,0.3288374705335262,0.9989716647190964,0.2234538497651499,0.9999474541827594,0.9985607317544196,0.5608068206488497,0.9998079567487532,0.9980227917864386,0.5948157725314616,0.9998798350622086,0.9998388499978876,266.0,14.759274953695472,0.0351112736253713,7.273952926035635,9.794060304364075,8.306755608724744,0.9983255090325852,0.998941354175456,0.9988826446849745,0.9637798817820538,3.167443442782453,0.0075680175831222,1.533140238547782,3.646773534793318,0.4686297306574793,3.983602644539162,0.987540445405508,2.4850762134561397,0.9967662085237844,0.9954649303050528,4.764372164940795,1.0072452728032797,1.0015333811693043,0.2220836138702111,1.0021658985236763,1.004401997896602
7,20270202,loss_weighted,4096,0.01,1489.0,13.387139097178698,0.0318079437360096,6.801947815728624,8.409436491525096,7.888623264823921,0.9989222638572156,0.9994130945008464,0.99907079536396,0.6214109684483087,2.4052261372686323,0.0057997287344667,0.1151312136595571,0.1315159546360774,0.4109673976534866,0.4465936011819251,1.003779076376769,-0.120707811648927,1.003477983530224,1.000121346974361,0.1082988186778663,1.0003354685191843,0.999178898946208,0.532630753039939,1.000604851263713,1.000863488817984,1489.0,9.930699118031198,0.0219697969230691,4.967333133983723,6.236037121950528,5.920829969062446,0.9989554098199352,0.9995728203958538,0.9993158725753828,0.3852630580103801,1.5846280776318131,0.0036014799885879,0.1095351357298906,-0.0402907068416508,0.2445477787655758,0.270970299325115,1.003074124469901,-0.1254636203354948,1.0025262436483129,0.999521634523326,0.101173810307273,0.9997466433861664,0.9984159729425178,0.5108190372101546,1.000010774395326,1.0000543973657643,266.0,15.340111223713986,0.0364930421249854,7.666435178930389,10.30099811528277,8.392509864880415,0.9981339922784328,0.9988198907396422,0.9988630500067076,0.9523893954506628,3.35127872704039,0.0083928300126728,1.6730564920681608,3.734088191792257,0.6368807091262922,4.1410324422046,0.9880227288550326,2.5881450048763384,0.9976311314470528,0.9947659364111676,5.023943186413703,1.0071880918135303,1.0016969854988886,0.3640293181149161,1.002733779061436,1.004651912262255
8,20270212,naive,2048,0.01,1489.0,13.962530390901744,0.0335217892809691,7.419819151843362,8.456883415485565,8.269199572369665,0.9986133967689016,0.9993702636243044,0.9989076711892652,0.683777192533231,2.813736077911231,0.0069454556101594,0.1030521790545129,-0.4977953758208838,0.1326075374727835,0.5253615391243768,0.995809083452472,0.3869786494169034,0.996881913934116,0.9977148149523676,-0.0585792437796328,0.997594397517469,0.9940914914815472,1.0563346507695996,0.9970642746211134,0.9973242902757298,1489.0,10.30947473354139,0.0229366221542706,5.363740701634849,6.285033696364528,6.165541857997268,0.9986849185939648,0.9995491178874104,0.9992194900831252,0.3702945517850077,1.7975561193165202,0.0035713152266615,0.1029237579740326,-0.3459968606582411,0.079557091754614,0.369643691126073,0.996272283198173,0.3993467392078429,0.9981121458769696,0.9989438504924514,-0.0332221873778735,0.9988689656316824,0.9961887713559892,0.7297894793443334,0.9985210089701002,0.9987123617731009,266.0,14.97283926848082,0.0356193280600619,7.675803053457298,9.294171315403815,8.881798399210702,0.9981934997087144,0.999047753561914,0.9987107450760778,1.0291953624997576,3.197613031447693,0.0100145215124493,1.9216092775026323,3.451935359766342,0.0133510027338078,3.950774378860855,0.9847392765812132,3.0875603968059977,0.9962017422714255,0.9951151658594352,4.655728093111833,1.0066268760316726,0.9984225302100416,0.2669859493791762,0.9991829341111352,1.0030344301222034
8,20270212,loss_weighted,2048,0.01,1489.0,14.0479306926213,0.0337268216668351,7.553586027027214,8.363758075038962,8.386611099795392,0.9985617741867592,0.9993847068558984,0.9988722483783984,0.7027057683735399,2.89272494379334,0.0071471115918127,0.0854864309987983,-0.5992382508926076,0.2051950777100731,0.6391396022264518,0.9970523662743628,0.2851829007686319,0.997842985884125,0.9982608311458044,-0.2649672832535259,0.9977161556170208,0.9954658516790672,0.9140568364219916,0.998038230375478,0.9978371510214789,1489.0,11.096969361877932,0.0246886480533116,5.896056222256027,6.597137543711005,6.697538821971265,0.9984102608693876,0.999504990510339,0.9990769622323208,0.4969051845362571,1.865180945372516,0.0052636746263694,0.1326569972517755,-0.5367557490448608,0.1607618805040331,0.5758029135700515,0.9971462575646212,0.3595827229275556,0.998802920226164,0.9989927740143184,-0.2384695913187897,0.9984552488375324,0.997008238191284,0.6711853175859517,0.999153190520714,0.9986693817974192,266.0,15.387996464448864,0.0366069577336676,7.983856977789713,9.54161371380842,9.055720329413464,0.998026502033938,0.9990023466643424,0.9986600591883048,1.105880865466031,3.1402363386830885,0.010700197651335,1.9185691866320265,3.634057127688759,0.1080866812994384,4.110834667299778,0.9846391271158296,3.092171934109075,0.9961187129855114,0.9958313311245954,4.661361874489302,1.0073569713324997,0.9984751914840122,0.3532544360538736,0.9994812970557791,1.0035318890936484
8,20270212,naive,2560,0.01,1489.0,12.22895147991291,0.0293597452009098,6.093116077582881,7.344043582689682,7.6476280387267614,0.9990660044873196,0.9995244877840076,0.9990633846070408,0.5721026191835332,2.327479349540008,0.005157498906851,0.2110846746472801,-0.2290895298085629,0.1179083535315211,0.3330782676359577,0.9970361939923847,0.4118767851648215,0.998178050191615,0.9976758635995508,0.2176131130252088,0.9981231963266404,0.9954600754446978,0.8276731598202218,0.9977893494231592,0.9980240229126884,1489.0,9.01385421748853,0.0200541127151289,4.403628948878881,5.462883626702042,5.658137716231591,0.9991142576781684,0.9996587253116936,0.9993417954392902,0.3308416125345863,1.508334650248602,0.0029962736479236,0.1292324816217351,-0.1619567153178355,0.0734962070020734,0.2198470022227871,0.9972749070735384,0.3459281729373913,0.9988686607528456,0.998898896245495,0.1641309877976482,0.9992688576218874,0.9971230320576882,0.5643347026373817,0.9989265146477928,0.9991442041112112,266.0,14.223430026463376,0.0338365363554282,6.837178684952628,9.433234654575228,8.159229945249145,0.9985606748114108,0.9990692928488992,0.998913155626488,0.9801993285398858,3.074347262258729,0.0105547603300733,1.5932249276544197,4.037439962818618,0.0931669291627496,4.341424558846307,0.9860883620154322,2.656103104155676,0.9959490567997502,0.9956502536475282,5.109368486966275,1.0082836308570218,0.9994653013012004,0.179138956522479,0.999975507780958,1.0041927007551714
8,20270212,loss_weighted,2560,0.01,1489.0,12.461108906780026,0.0299171178350652,6.339169215709135,7.302588720172197,7.859158149907156,0.9989882538133552,0.9995297208538122,0.9990081024593463,0.5966389287161146,2.4201673338023912,0.0058476096439069,0.1770416655737074,-0.3435265960328029,0.1900444830298127,0.4306636495701325,0.9987805682101494,0.2596558049901176,0.9995004184208752,0.9983853582030998,-0.0331899231224781,0.9983171318971762,0.99683857190044,0.6842972784995425,0.9987643512076816,0.99862700882534,1489.0,9.607041642754693,0.0213738420118824,4.780447334112567,5.779963226322425,6.002882433777898,0.9989553148703524,0.9996180639450328,0.9992579074816872,0.4265089323083408,1.5918879567831772,0.0044043625737523,0.0910285675848937,-0.2009007378529425,0.0589748351011176,0.2283097408382268,0.9986467822705292,0.1986346049940692,0.9995619278334328,0.9996491465143496,-0.0969968080028138,0.9994305097226268,0.9978515948301449,0.4255134906342164,0.9992114370808998,0.9993838471630202,266.0,14.472569173472491,0.0344292208056381,7.113373565515023,9.497720737193418,8.28543757424221,0.9984188816537912,0.9990421406398204,0.9988809291170118,0.9928365008728708,3.031895489872392,0.0108782803419312,1.646041323639093,3.90828273668316,0.10884155227968,4.242166011896022,0.9874361684434264,2.6059442760831786,0.997110650240158,0.9949793816863448,5.145537404695403,1.0077021898269012,1.00021481854264,0.0743017531990801,1.000426437705079,1.004144097708724
8,20270212,naive,3072,0.01,1489.0,11.917151568168103,0.0286111637728511,6.041857076977146,7.143462231329822,7.381423433839647,0.9990816244699916,0.9995505382617482,0.9991272047471748,0.538158428855695,2.3306116924633824,0.0048871949601684,0.2567205018797178,-0.2573170168668847,0.1200179562449386,0.3827816258336584,0.99816939518319,0.380740428874418,0.9992249312917224,0.9975713225533044,0.2094785781850987,0.9980019336609884,0.9957997456121104,0.776679252191343,0.9979855103071178,0.998168942753687,1489.0,8.732097588425217,0.0194272577581775,4.360743623983979,5.272201511269581,5.425618357775573,0.9991312694344318,0.9996824582270794,0.99939492842483,0.2939485798669756,1.41534507217655,0.0028043026722008,0.1501841211839876,-0.212807693030316,0.0678005481585828,0.2691454974531364,0.998318996742714,0.2838552189305261,0.9996267690924469,0.9987934769635944,0.1444995308236798,0.9991191878243458,0.997203497196172,0.5449109146258024,0.9989449058727834,0.9991164974780804,266.0,13.736457612691536,0.032678063346314,6.630433794815718,8.736094245720826,8.270929377507732,0.9986677274968606,0.999199690900594,0.9988888924376932,0.96844073120701,3.042274319605622,0.0092663752295477,1.6075771552547553,3.695926340919882,-0.2006774759534078,4.035399271070638,0.9853552392242882,2.7264674430736733,0.99547715928585,0.9953538049861264,4.840910107914397,1.0073233944934288,1.0014019689883813,-0.426094363065971,1.0001884076880108,1.0036641436757976
8,20270212,loss_weighted,3072,0.01,1489.0,12.45970429632684,0.0299137455913304,6.432628560646464,7.253345592763942,7.82652532511029,0.99896002640337,0.9995360958410788,0.9990161048460078,0.5570810621171954,2.306498357782887,0.00515143976363,0.22120022104068,-0.3448700663294965,0.1833230423938866,0.4488565899160976,0.9997911025331204,0.2353526193922448,1.0004435764212771,0.9983589205887494,-0.0294520426867848,0.9982983779937272,0.9970299331918784,0.647658708560158,0.998852602634368,0.998778010899598,1489.0,9.374063565915478,0.0208555100641544,4.768826206119417,5.497553471176119,5.908322112513168,0.9989618001642524,0.9996549404605912,0.9992815918147074,0.3686550099689797,1.4902367401009649,0.0036517724419443,0.1202305469968007,-0.2867671512574295,0.0834972448956902,0.321966727126612,0.9995924886563412,0.1526352960149637,1.0002957070804157,0.999150215840072,-0.0351067934381603,0.9990710829609284,0.997450619691285,0.5184461287982458,0.9991074530613137,0.999185315581012,266.0,14.016405744296698,0.0333440401968394,6.8709225813830015,8.721372361976934,8.55498199841119,0.9985602677292108,0.9992167746556332,0.9988121013840334,1.0051844175474154,3.0700295712025367,0.0089094096778284,1.7244261360004731,3.843287953590445,-0.0949955099586093,4.213494029857792,0.98604076683486,2.790940683631632,0.9964020416661604,0.9955553204684352,4.938611309140185,1.0077664850612014,1.0017381996230232,-0.3744735522329563,1.0006716597896113,1.0041761786091623
8,20270212,naive,3584,0.01,1489.0,12.18671005001093,0.0292583303232009,6.509664986004355,7.403453556684143,7.16442873138168,0.998932264976682,0.9995175820224252,0.999180239212276,0.5136232721410137,2.5235451615571387,0.0048944587780471,0.1210679349363999,-0.2322601500146916,0.2148756310151135,0.3387827607165906,0.9978340623409409,0.2678060118194594,0.998576507571654,0.9971526664569316,0.315001800046474,0.9978001945966376,0.9952746641742296,0.9536273495012324,0.9979584039379126,0.9979602034994556,1489.0,8.912150482571711,0.019827841231881,4.658960417543011,5.439466021937919,5.304028982571028,0.9990073621049964,0.9996619201033295,0.9994224793409494,0.2736959696136602,1.4955765251254434,0.0027290602136502,0.0662918696119707,-0.157743815907141,0.1064878929645587,0.2015375765995707,0.9978452520638432,0.2376345013081078,0.9989400772050688,0.9984589039077152,0.2986459502318439,0.9991320703114782,0.9969550973399032,0.6259776721370542,0.9989555765381828,0.9990690295971834,266.0,14.55783868178865,0.0346320709488723,6.928284605263497,9.053394962408516,9.053484366148025,0.9985005643659888,0.9991202645694062,0.9986657304170145,0.9604922361426054,3.235414583206826,0.0076267128068881,1.431983840134505,3.6614950211722137,-0.090418342159931,3.93259443434919,0.9860546890006596,2.497434705242128,0.9953263326102868,0.9968104610665448,4.447508154951208,1.007807328547747,1.000712855982966,-0.2050355540750956,1.000128893285513,1.0039005230316762
8,20270212,loss_weighted,3584,0.01,1489.0,12.939544059133787,0.0310657636687933,6.968957327785655,7.728971112039878,7.68950191956671,0.9987778848912862,0.9994730981193548,0.9990518354546628,0.5643917002808961,2.6363681336668217,0.0057129778539043,0.0535974073364235,-0.3198834779081726,0.2617694110388952,0.4167989276227387,0.999579192922978,0.0821062709053705,0.9998068181686968,0.9980179039906372,0.0610784680264941,0.9981434589137248,0.9963914989634584,0.8259169002746489,0.9987158303995524,0.9985610320669508,1489.0,9.658604272390209,0.021488559064283,5.114878797621057,5.811832785561738,5.774881041973986,0.9988043101192684,0.999613928906834,0.99931410175574,0.3556813768748645,1.6641232443518694,0.0038164839816292,-0.0012543502272219,-0.2247296097337659,0.0957117182393215,0.2442656420659822,0.9990984644493168,0.0704345332981546,0.9994229690874936,0.998869129957464,0.1101732667516444,0.9991174673004364,0.99724732614032,0.5653444438561053,0.999054035628753,0.9991268050766746,266.0,15.098619508757718,0.0359185503759875,7.138234523469693,9.358632134327491,9.45673958256848,0.9983825694282766,0.9990464402230984,0.9985450677077587,0.9920484955799864,3.1915068150720103,0.0078192702611753,1.347347263412775,3.647748741125476,-0.0531163771784787,3.888989184368215,0.9867396033654964,2.3604692415866992,0.995502767228616,0.9968881256046483,4.414622636208236,1.0078036806567177,1.0009023179090506,-0.1981964010090564,1.0003378338346625,1.0039857685106737
8,20270212,naive,4096,0.01,1489.0,13.210173081636734,0.0317155004150474,7.662496859803931,8.066339553533687,7.122428021917286,0.9985199548982492,0.999428370317243,0.999189798172502,0.5391449877095713,2.418758105930795,0.0053576534740216,0.0768807659232335,-0.2487157369385092,0.1342985044577097,0.2929270528124472,0.9968061790770232,0.2932559409825614,0.9976191797758558,0.9963305979927832,0.4565490547176125,0.9972690953602342,0.995179569538968,0.8879171716240251,0.9976783848483132,0.99744946443709,1489.0,9.64633260567306,0.0214612569378441,5.43699830336061,5.9215957581492855,5.331555670307998,0.9986476880934588,0.999599921170606,0.9994169814457676,0.2773247932499917,1.5732296813911728,0.0028594563096002,0.0399551641596546,-0.2037323561749697,0.0756522783004335,0.2209673172839728,0.9971533338461552,0.2663181935309922,0.9983803099470098,0.9978534479828712,0.4319608870998195,0.9988271144823148,0.9966271047062244,0.6511007661281383,0.9987078714757112,0.998757433258811,266.0,15.46807538511708,0.0367974598351616,7.223793994570887,9.724190557859806,9.618642026715444,0.9983170554276908,0.9989263776603692,0.9985105535936878,1.017479448505213,3.5376758608458885,0.0089655558252951,1.3716637654135375,3.293706331703085,-0.0256792537469185,3.567999763021634,0.9896527005739186,2.1622190370433856,0.9976798671201902,0.995893253481974,4.305751259705488,1.006539614176622,1.00384135998789,-0.6433158904521861,1.0020091290638555,1.004060301310562
8,20270212,loss_weighted,4096,0.01,1489.0,14.073728003796212,0.0337887568608874,8.334994927138222,8.505620677843508,7.500139756968456,0.9982511337036928,0.99936255984055,0.9990974822091448,0.5781130117482578,2.7239119228134143,0.0055997540305351,0.0256734148475642,-0.3805349419428251,0.2318066743070229,0.4463186087568461,0.998866340655038,0.1024766374262355,0.9991504391717206,0.9972792925157844,0.1423892820148466,0.9975719926428428,0.99672404591778,0.7439642853541102,0.9988177427233602,0.9981932254839035,1489.0,10.38719160329295,0.0231095274207925,5.984766745006336,6.319335121846178,5.669419725967292,0.998363377044578,0.9995438931570568,0.9993392211621523,0.3579967163613989,1.6768857252428817,0.0036843935076458,-0.0282823074707521,-0.2802797205380761,0.1070436142540013,0.301355182489586,0.9988223460075886,0.0653631398232619,0.9991234858184918,0.9984407432362292,0.1814882596227107,0.9988498289745776,0.9971603084203582,0.5915224026757926,0.9990506765828993,0.9989262818583292,266.0,16.09790254563314,0.0382957742062231,7.554962527677238,10.322610926163328,9.772855838553442,0.9981490037293264,0.9987636927072348,0.9984661888567148,0.9754468911289352,3.542647127723306,0.0090660169185219,1.4454817538579212,3.195375174421073,0.0134689508925805,3.50713863693479,0.990716269572938,2.154778134225978,0.998715812013998,0.9957014893916992,4.254677432303453,1.0062215654136428,1.0043909671217777,-0.69253677976738,1.002418549958214,1.0041323673575964
9,20270222,naive,2048,0.01,1489.0,12.499447073339256,0.0296831452427956,6.840615756828883,7.772584474028142,7.002077106168601,0.9989023704655048,0.9994923523593132,0.9992535293666832,0.7223408157379763,2.5529014892192805,0.0061617049106307,0.0654726163287696,0.330212570172536,0.3002545140743119,0.4510873288077237,0.9947364686085444,0.4102906523132361,0.9957894532751402,0.9971327436445372,0.8884862553750281,0.9989139669495029,0.9986860207901674,0.494630035122185,1.0000243009264014,0.9988065403472944,1489.0,9.200869964078416,0.020259723664499,4.890244804831209,5.73290698463077,5.279705612084204,0.998941177205121,0.999623272801688,0.9994505886648026,0.3762043467551558,1.7010572313883725,0.0034624079867809,-0.002133861974507,0.0577583977876415,0.1210382723280803,0.1341299714832155,0.9957442019281728,0.3319840869045549,0.9972388380224726,0.9977390461679944,0.7415751667990094,0.9994008361157712,0.9986293178328828,0.3523679426484136,0.9997337979576044,0.9993049641773778,266.0,14.913425954838903,0.0354779879794132,7.612796507625667,9.063001245885673,9.072905348399695,0.9982510285550844,0.9991215317116016,0.9986550152026852,1.0086544193646083,3.302341114372961,0.0107797872479459,1.980641742976131,3.6549196834820807,0.024658199633026,4.157161006448201,0.9834847342250046,3.2424425166041573,0.9955221946541216,0.9950391410126188,4.877447578660679,1.0070990727317612,0.9986522894110348,0.2413510995551746,0.9993396825793334,1.0032717036489602
9,20270222,loss_weighted,2048,0.01,1489.0,12.799496543552882,0.0303956897219327,7.04847752434193,7.777051579303002,7.3255406005379164,0.9988310760419952,0.9994904492206552,0.9991836692324112,0.7457566027955898,2.583734877466374,0.0067565460115851,0.0302924367679436,0.2484255752185189,0.3254757926925405,0.4105695918803894,0.995895405171119,0.2991876369949864,0.9966632510686908,0.997715995974422,0.6931361927213402,0.9991055845387034,0.9994938547596276,0.4003493097825412,1.0005770472283269,0.9992077089052648,1489.0,10.21184095927276,0.0224858167486775,5.4333944102705605,6.25061718776557,5.97408618383858,0.9986900603738602,0.9995515149306748,0.9992971861273472,0.5321643465942295,1.8252110068465568,0.0052726274015864,-0.0274536718923761,-0.0750155106357085,0.2303158625218249,0.2437753627122366,0.9969110766577876,0.2150542464641915,0.9978792792062736,0.997917009628656,0.5549768958659911,0.9991606529814656,0.9988836909593006,0.418715046924774,1.0001961328453997,0.999322637373037,266.0,15.408951526818896,0.0366568083483502,7.921938392662074,9.34947943128875,9.341622643985874,0.9980823084422564,0.999068603009327,0.9985746222853628,1.1152449932120256,3.1723150352624803,0.0115059148915244,1.9731052890948264,3.8293073019121344,0.0902251444081305,4.308698117879116,0.9835010188407342,3.233661884094076,0.9955058814625374,0.9955953507000624,4.91476581854198,1.0077475551535786,0.9987901058049408,0.2847591073175124,0.9996011295182846,1.0037191054229848
9,20270222,naive,2560,0.01,1489.0,12.340439225856525,0.0293055402972423,6.702480228497409,6.835037516118148,7.787519581157864,0.9989430334428456,0.999610294062528,0.9990769123960952,0.5914122258380655,2.272336786713318,0.005740533374492,0.0279919267431007,0.5190874275948979,0.3407491413089062,0.6215667966941578,0.9962324778415008,0.2748052341227378,0.9969377478645928,0.9969406618086708,1.1147607105575048,0.9991755165912772,0.9988943795127748,0.5043023822410362,1.0002588293295795,0.9991874079074377,1489.0,8.954005429715314,0.019716143843429,4.735032423928035,5.105034685041643,5.629591640984565,0.999006049878976,0.99970297879509,0.9993754520645288,0.3189636514301872,1.4339069118060417,0.0031560558743079,-0.0006327120970405,0.320149488767203,0.1550189674474026,0.3557063054697767,0.9967140608310084,0.2573426985674842,0.9978726515618768,0.9977049726344456,1.0142716666243246,0.9999778460198724,0.9989267768219804,0.336146562091443,0.9999804118207636,0.9998005232039732,266.0,14.39226255061658,0.0342381770167075,6.931396260059628,9.264351083946238,8.559483991765862,0.9985223969790352,0.9991295127875068,0.9988034163141266,0.9417450597572352,3.096926199798515,0.0095966092347379,1.6231790563320565,4.224519395246314,0.1136254267452347,4.527050376053965,0.98578811179658,2.7089969761950954,0.9958451733286064,0.9958652947838152,5.243454317199166,1.008830211375544,0.999019019071642,0.2713533572628819,0.9997918618070644,1.0044302242170982
9,20270222,loss_weighted,2560,0.01,1489.0,12.650563796737725,0.0300420106888376,6.889477755173003,6.961145417463106,8.00714150700735,0.998881832854564,0.9995939145998504,0.9990246184350942,0.6200323090494875,2.213369844026427,0.0066688242075695,-0.054604499750616,0.4514982994699523,0.2993472260207752,0.5444640736941299,0.997503888132532,0.1089177304264552,0.9977834185079202,0.9974716069216768,0.9437930741546836,0.9993637084692012,0.9996771084791428,0.3471122189056359,1.0006162616939105,0.9995224287894444,1489.0,9.599241024349416,0.0211369111074836,5.072981279142272,5.563913172437289,5.954255570145071,0.9988580781152444,0.999645883451784,0.9993014930684492,0.4149820835101647,1.4981190784480254,0.004736191794801,-0.024657762566151,0.3111036310230784,0.1627808074629809,0.3519816270330206,0.9977421188874588,0.1526059593968511,0.9984291710207296,0.9980936516821788,0.8876713295091463,1.0000828273697564,0.9992439364512206,0.2903814545540513,1.0001541229532394,0.9999616244484396,266.0,14.629326574860947,0.0348021356019421,7.152288112544584,9.337618008571946,8.69889997155267,0.9984056320883844,0.9991012749603,0.9987648726686124,1.0040181303482874,3.138194021124362,0.0100842003537265,1.624501046381214,4.11207403925736,0.1262981740654918,4.423133254018047,0.9865980882141534,2.6484350774689176,0.9964303157034188,0.9953082748373864,5.268278015705022,1.00833457027618,0.9994074198286164,0.2215767278030966,1.000038493518467,1.0042976071846934
9,20270222,naive,3072,0.01,1489.0,12.188434491525443,0.0289445660413198,7.168837302823532,7.123523292551751,6.813304850094824,0.9987898060802716,0.9995759505167204,0.9992934493404364,0.5187663649997067,2.2612626003814755,0.0049376205870429,0.024050482581204,0.3209542453863869,0.3147255493805079,0.450157999792069,0.9964449132019472,0.256946984243342,0.9971043511711304,0.9964395857558208,1.0141903340110616,0.9984728186254151,0.9986942086563978,0.5078898482470322,1.0000683647873247,0.9987677886181742,1489.0,8.745848863484866,0.0192577964776642,4.989996339379244,5.180038965694735,4.97564118378581,0.9988954989840976,0.999693693106187,0.999511944056628,0.2732556471709771,1.343960715313117,0.0026568209608492,-0.0171448025448274,0.156993793134167,0.0885937636377179,0.1810796794023299,0.9969454597312816,0.2226637391500361,0.997947921218302,0.9974243660081292,0.9359843631957006,0.9995218059921956,0.9988513902796436,0.2824443252858657,0.9997366982372122,0.9994448352141873,266.0,14.052726006012186,0.0334304435365182,6.697999077786231,9.016815238935424,8.44470008353926,0.998647475712968,0.9991566797475088,0.9988410183089056,0.9815212960186228,3.1496229074334194,0.008387213366429,1.5361380685849857,3.9149778620565896,-0.1979681163942485,4.210221276994581,0.9839052157679856,2.7658131747573265,0.994173205555,0.9953979556967444,5.0490813610451255,1.007882267516928,1.0012106188742729,-0.3926185975246028,1.0000924000545417,1.0037968305846676
9,20270222,loss_weighted,3072,0.01,1489.0,12.39614371275488,0.0294378248987593,7.246395606676626,7.229945864845261,6.991567238482153,0.9987629004522656,0.9995616976595368,0.9992571275878832,0.5297743421785218,2.3313021951056045,0.005528725259574,-0.0123177451884783,0.2338060407820383,0.3202852731256502,0.396736244542735,0.9979961174767464,0.1189581577411758,0.9983014159654195,0.9967825206834408,0.860270441740056,0.99850717736792,1.000049535043042,0.3129576078707998,1.000896278912919,0.9992142043127904,1489.0,9.162493229648312,0.0201752205644948,5.18451581715842,5.410285846447894,5.27265445337649,0.9988076039365404,0.9996653173787268,0.9994527049298056,0.3536570105828744,1.429158524350283,0.0035659123793001,-0.0411500171167723,-0.0191111737166334,0.1904503882210493,0.1957802626494468,0.998355607719135,0.0879493825169248,0.998751567425538,0.9973962144622426,0.7683937228554214,0.9991181019009602,0.9996249181712196,0.253752850218774,1.0004202941000049,0.9994270635233972,266.0,14.365758455457271,0.0341751256445872,6.918982603286312,9.077973073722854,8.72313593891132,0.998540618219336,0.9991591882693822,0.9987651026228171,0.9424085070524044,3.015789905387917,0.0090314745741168,1.5912383133406918,4.078035388114436,-0.0886295723551002,4.378386369160771,0.9844990482794242,2.7755433762726085,0.9948031611172276,0.9954095678096948,5.209277259300194,1.008289978524533,1.001775076533709,-0.3740369029960106,1.0007097803229816,1.0042974128374027
9,20270222,naive,3584,0.01,1489.0,12.609189546047038,0.0299437569112618,7.374080265373683,7.491169163284547,6.963977729360066,0.9987197661206412,0.9995340314295366,0.9992627195341672,0.5140220595795066,2.234238911810857,0.0056384500249866,-0.080939711078378,0.5108673385968426,0.4017121424451393,0.6549116885980402,0.9961491289795326,0.1713338450863375,0.9965888463133972,0.9956581461979273,1.3562548527182514,0.9983771446478408,0.9985154764826322,0.6213160981522776,1.000196520765101,0.9986806936644844,1489.0,9.033989342984986,0.0198922632741758,5.135939439263606,5.435929232647478,5.06811236093198,0.9988299880233426,0.9996641916648022,0.9994937839726388,0.2723183437055067,1.3412050497686856,0.0028081589258784,-0.0302906992819193,0.2048819033520753,0.1236990915117937,0.2412376132053207,0.996732010337024,0.2262755157318423,0.9977507325180252,0.9966964358479142,1.204032143716404,0.9993945419911724,0.9987503207352592,0.3346071336924581,0.9997991304708322,0.9993611814556544,266.0,14.779879814723577,0.0351602911357734,7.018316714732748,9.000670132029965,9.390208464339862,0.998466908951993,0.9991618461276428,0.9985650944023357,0.958424385041159,3.3554707709885427,0.0082789115460604,1.2650605306045506,3.9479518966617175,0.1309982014167524,4.147753952830706,0.9839663295613928,2.490066415412187,0.9932106186391184,0.9961554248833632,4.895388688788586,1.008259717625278,1.0007479000776327,0.010746392162531,1.0007785069262032,1.0041168218573606
9,20270222,loss_weighted,3584,0.01,1489.0,12.767989659762488,0.0303208685396668,7.52316991324748,7.459224284733498,7.126250590475462,0.998666892238938,0.9995357837560775,0.9992284555791898,0.5414705458609868,2.266858400706769,0.0063011373479989,-0.1317657665494487,0.4492078954195964,0.3870341514251909,0.6074087461595236,0.9977236549846412,0.0173593661881028,0.9977682066855266,0.9962311489033032,1.1830280111980471,0.9986028648991612,0.9997228961630212,0.4280258218367692,1.0008809707126545,0.9991851362729932,1489.0,9.406145091003674,0.0207117262863094,5.380510346582937,5.639637073789956,5.264994545036147,0.9987155581954092,0.9996376621482602,0.9994539102060168,0.3397820077800785,1.4437476923360253,0.0039233037887725,-0.037985312804566,0.0644676196853942,0.1561548714439705,0.1731568706475267,0.99803780937391,0.1160640796323093,0.9985603451505116,0.996700385294414,1.0624233651836903,0.999081161441714,0.9993693380005452,0.2625915319021032,1.0001924183458406,0.9993272328547574,266.0,15.254985232487815,0.036290533398781,7.211647898716087,9.293816305526988,9.712450128957473,0.998367461466772,0.9990988410447528,0.9984653140546462,0.99480361093237,3.325816890161672,0.0101771643852355,1.2461466661337703,4.005028113610962,0.1719221207220765,4.197938651281611,0.9841097604449792,2.4601941320859595,0.993243149660448,0.9959892527254044,4.993415494944912,1.0083359256405195,1.0007476771815311,0.0517061500247564,1.0008949417034312,1.0042007948984475
9,20270222,naive,4096,0.01,1489.0,13.073674477714318,0.0310467955984033,7.548356166332605,7.81216807010712,7.274153805070808,0.998660021794446,0.9994980980679768,0.9991946878552256,0.5213325865998154,2.220814897476312,0.0051737167385955,-0.2498242070003405,0.5917199614450789,0.337246195565508,0.7254513378575599,0.9958461734880292,0.0222961990835131,0.9959033952541748,0.9943871656870872,1.6845757468478837,0.9977643767143966,0.9979750980729876,0.6367877440075915,0.9996980027255364,0.9980926901787393,1489.0,9.329577596136591,0.0205431295890682,5.253007681997612,5.632501820032442,5.265154476607421,0.9987767616529816,0.9996418552938297,0.9994538509410966,0.2748539696393318,1.3690714340846095,0.0025271179748389,-0.1261227957692126,0.2529257850513361,0.1344704989369076,0.3129867847702489,0.9965152089494504,0.1474642538113357,0.9971791124468152,0.9958507512395354,1.5078500745440238,0.9992296805899442,0.9982685072748404,0.4266940726305961,0.9996059590277296,0.9991545382541168,266.0,15.052990140939544,0.0358100013297882,6.93178656381534,9.311752237954378,9.583011920888122,0.998472429606702,0.9990413562721456,0.9985155130921826,0.9369771044689544,3.3824019598811743,0.0078852336721666,1.2939375405159868,3.470204817873628,0.2130802574505835,3.7097168399845706,0.9873251636027665,2.262321494460693,0.9957239572060632,0.9969552985789728,4.220524959841697,1.0073909295137504,1.002743965558318,-0.2281107957226709,1.002094282159801,1.0043398853609111
9,20270222,loss_weighted,4096,0.01,1489.0,13.341749862196885,0.0316834094043521,7.720064295974778,7.8035273997302355,7.583393486632854,0.998598636543628,0.9994956246347716,0.999124474051916,0.5569207142353325,2.252935555408766,0.00544459944446,-0.3475769027432012,0.5245755988688535,0.29966457440162,0.6969850209297738,0.9977433468249164,-0.1997417977804758,0.9972307223009228,0.9950807417840466,1.4823875529518489,0.9980526090924432,0.9990889622954396,0.4344333950899965,1.000264373293322,0.998616263417918,1489.0,9.729479243610191,0.0214236872865929,5.49049059067598,5.780728490171287,5.5767784202406725,0.998663766210325,0.9996210480301564,0.999387494959782,0.3504853582073867,1.431743478644934,0.0035789912206304,-0.1709797534502661,0.1462025825971812,0.2037566572373876,0.3035227283360402,0.9980339962858724,-0.0166309997343887,0.9979591213341268,0.996069876720349,1.3348532152920711,0.9990611387720502,0.9985021519113578,0.4565480868248244,0.9999331796152056,0.9991956200253036,266.0,15.484415283917777,0.0368363313013821,7.122576947189259,9.661248116194995,9.782448525472198,0.998384138574057,0.9989553503711333,0.998455705402751,0.9774295064045678,3.3986999460069742,0.0082249017107751,1.3739079730624,3.442264371497469,0.3666421157162475,3.7244104986886426,0.9876219326446818,2.3196181528287667,0.9962334381940788,0.9957463841877616,4.49050299288578,1.00684956030712,1.002952175716557,-0.1080262013082915,1.0026445057995217,1.004269657693342
10,20270302,naive,2048,0.01,1489.0,16.063155750878266,0.0376464986506488,10.293535658330804,8.86526693909858,8.571764020676909,0.9975577920217024,0.9993146512581608,0.9989371348768452,0.6326924417344276,2.3722788887757496,0.0071117084860518,-0.5736841854247899,-0.218491210572305,-0.4291377658465747,0.7490067928795077,0.9956027808673954,-0.2638505307828467,0.9949042731845286,0.998119826812738,0.1652784156143525,0.998460679041712,0.9998574567855032,-0.4079776176463383,0.9987849567149972,0.9980413405732892,1489.0,11.576057660503787,0.0254653653405794,7.218802515441283,6.526244783207605,6.269141108000578,0.9977909006028112,0.999500833149016,0.9992765805352276,0.3683996711759545,1.6072525370866777,0.0040603483513274,-0.2681530546451909,-0.1307926191284649,-0.2612739909661433,0.3965814774915827,0.9965184929682764,0.0052453353318355,0.9965414331232296,0.9989755587767982,0.1813448739584942,0.999383359669882,0.9996525741587748,-0.2051555982948514,0.9990296186567836,0.9990453553789848,266.0,14.970741074998507,0.0356143366058267,7.710967016146101,9.356776869802358,8.781503437298536,0.998172192458163,0.9990772176489788,0.998740508452396,1.0768252593625882,3.4455858273553845,0.0105503237938815,1.9847060348322327,3.904341699506454,-0.0207472449553124,4.379882715253649,0.9857050366825656,3.076871066789053,0.9971278185892,0.9946523514338956,5.222187976190355,1.0075646850677666,0.9990785401857396,0.1274105278993715,0.9994414186918198,1.0037538363231342
10,20270302,loss_weighted,2048,0.01,1489.0,16.18220039009602,0.0379254982394707,10.25403425210732,9.034492720257356,8.665814001549462,0.9975790193712428,0.9992883291583132,0.9989158895055535,0.6581756449054403,2.3375011739148466,0.0074985098164805,-0.5953109847377321,-0.2764314347127208,-0.4810026107370824,0.8137401416807646,0.9971410265235088,-0.3938640761273291,0.9960983260128676,0.99865180301009,-0.0012455856914357,0.9986492342496276,1.0005140788364946,-0.5573162003051948,0.999048994385123,0.998400304192489,1489.0,12.275713569886074,0.0270044897875753,7.426183916012219,7.040190024508574,6.780904107437033,0.9976655559237522,0.9994192975624666,0.9991536929367236,0.4666758900721384,1.7238144683077343,0.0056679008341347,-0.3196927679384586,-0.152465465837183,-0.2505687859729015,0.4338593097411142,0.9977396960465872,-0.1421939273240724,0.997117819556362,0.999411799079006,0.0267537580210159,0.9994719618295492,0.9998008537344958,-0.2184014368569649,0.9991376772096356,0.9991813510344072,266.0,15.34239117798726,0.0364984659753163,7.942325136611807,9.55294015281257,9.002764737540737,0.998040035078718,0.9990490893780116,0.9986774704365896,1.1602564595754623,3.379721051566887,0.0107626754467497,1.964537411377768,4.122834109699899,0.0814227500022437,4.567690663894147,0.986057680230587,3.0297597402760346,0.997305562898219,0.99558899464969,5.20985897782316,1.0084708437163614,0.9995953548441192,0.1464839975617735,1.0000125565862064,1.004468122900518
10,20270302,naive,2560,0.01,1489.0,14.012304789057133,0.0328400111108228,9.428094237582489,7.838515185167367,6.783318084875421,0.9979473133292808,0.9994655948756724,0.9993333078394736,0.5161755011554854,2.096367021873556,0.0055175055929167,-0.3046337958992032,-0.0039257272525643,-0.3342491024559894,0.4522605702811748,0.9955612042161642,0.008129402486233,0.995582725681658,0.9970496442525464,0.5982831171181999,0.9982834782850748,0.9990539262543998,-0.1938070566109786,0.998544442221724,0.9979695918253592,1489.0,10.099988959011585,0.0222182643107062,6.605005115635026,5.765490767763195,5.014259726163817,0.998148520362432,0.999610900888633,0.9995366944589674,0.3103327752431903,1.4202682390838313,0.0033047925062541,-0.1097474979815263,-0.0720682552582672,-0.1831479634911915,0.2253475610255117,0.9963362128870183,0.1779651186469806,0.9971145325062132,0.9981728937066056,0.4846336473079304,0.9992627179176596,0.9990094033210472,-0.0231405984307002,0.9989391368343824,0.9989927586414884,266.0,14.208642921878486,0.033801358877074,6.937916609667048,9.370381587505031,8.120763246351927,0.998524664722956,0.9991052103182488,0.9989261000998216,0.9323455613715176,3.2034629821768927,0.0097134140444771,1.7126561628914718,4.226976674644716,0.2574929287979496,4.568022060877288,0.9862252587886456,2.765075140206875,0.9964905086468407,0.9954945432697362,5.337277642134097,1.0086914465459202,1.000341059273816,0.2026553963977733,1.000918243033324,1.004786981398471
10,20270302,loss_weighted,2560,0.01,1489.0,14.202827598887229,0.0332865308865396,9.742061610313971,7.698965119968636,6.89481569485841,0.9978100250150468,0.999483627615926,0.9993138298902114,0.5341669742837305,2.14976703997278,0.0056589152975675,-0.3235502684816219,-0.1272502447222394,-0.4523474485786014,0.570522230287278,0.9975088473183564,-0.1480204810526402,0.9971169836259466,0.9977529360784948,0.3314069082548769,0.9984363936428492,1.000304536583767,-0.4975550669675215,0.9989965534461582,0.9984172502579752,1489.0,10.627431667906905,0.0233785488974072,6.921985415950373,6.030691061212711,5.353427601229897,0.9979685599142112,0.9995739855981624,0.999472600967604,0.3878150321966052,1.4343331966884074,0.0041481587339314,-0.1365915433330526,-0.1652512410622562,-0.2431258303190271,0.3241533460432538,0.9979189190056283,0.0268331426114514,0.9980362721223396,0.998800785325212,0.2001380597426987,0.9992508475614444,0.9997658158911716,-0.2052989498248791,0.9991424251018908,0.9991173991678192,266.0,14.449474185207242,0.0343742794582549,7.096124438934784,9.40947858840194,8.360265239245006,0.9984449027257573,0.999078855661092,0.9988646203389114,0.9267473706675354,3.170748680459742,0.010489549134125,1.7856205662666458,4.06693484905633,0.3208526577773177,4.453239977942578,0.9873382835873882,2.753002126004006,0.9975587127803028,0.995389823416317,5.203042424294409,1.0082548179358528,1.0010687520194748,0.1490123707796726,1.0014931548328645,1.0048487928289689
10,20270302,naive,3072,0.01,1489.0,13.871163173115326,0.0325092238273954,9.362848619358289,7.613607944328997,6.839532701597504,0.997975274039736,0.9994993519815232,0.9993219129812598,0.4547744086714368,2.075183025518988,0.0053986826262814,-0.245333693861898,0.2817486035850715,-0.2637765103393821,0.4573280489680065,0.9950614347267908,0.1026438985988704,0.9953331702111122,0.9960002555717652,1.0981523447219388,0.998264965534408,0.997728326230816,0.0734472136253998,0.9979214057978916,0.997729797795892,1489.0,9.918632082469257,0.0218193099124456,6.517112022208128,5.568668632588597,4.989633547446394,0.9981973287854092,0.9996387790673912,0.9995414261960464,0.2549680797673597,1.3063496006408666,0.0028194647110536,-0.0614053606237586,0.0063433393445321,-0.1461984222223358,0.1586973059874493,0.9958421244805894,0.2651074001932016,0.9970015555664834,0.9971196688478896,0.8839528348607928,0.9991074656222416,0.9981763373459236,0.1483709643279667,0.998626866160794,0.9988007595777112,266.0,13.985280853192949,0.0332699962772341,6.551318363826818,8.959140156097405,8.508943289379346,0.9987096528887676,0.9991656506949536,0.998829975402428,0.93287956169772,3.0479405629407808,0.0083223511800742,1.602571017105574,3.864391513621322,-0.0298495815486606,4.183616453851132,0.9848656749688964,2.7588650357884177,0.9951078700201624,0.9951842535438712,5.051158642802051,1.007673701631692,1.0028756849931617,-0.492219266503838,1.00147379305348,1.004229387767248
10,20270302,loss_weighted,3072,0.01,1489.0,14.159407694921809,0.033184769602431,9.71771972837181,7.726016279087657,6.8090690998914605,0.9978199988864164,0.9994820788260392,0.9993286862510744,0.4805061611703464,2.147663757441812,0.0051772946433072,-0.2756526468057186,0.1847824345070813,-0.3800182034820741,0.5045223134521457,0.99734876152326,-0.0888430105779463,0.9971135619757224,0.9966530245262252,0.8679469084654556,0.9984429838338698,0.9990164074639812,-0.2340065963755648,0.998401246042726,0.9982356867267328,1489.0,10.362784847050792,0.0227963707347743,6.8649737608981445,5.810729104496983,5.147317002341818,0.998000857863994,0.9996061096029284,0.9995116989427304,0.324838826971856,1.366340553945368,0.0036594660843021,-0.06261969078065,-0.11912568462572,-0.1583453712561838,0.2078109982875531,0.9977254683979596,0.1159964292740767,0.9982327717242908,0.9973187751502172,0.6978180150803155,0.9988879995983516,0.9985403800101302,0.0774215695491307,0.9987754708052354,0.9988020974432084,266.0,14.27478747659624,0.0339587121052515,6.718583421902792,9.07282192542029,8.735793988787435,0.9986349589702568,0.9991440328511254,0.9987690579138134,0.938231102494295,3.0282068023188997,0.0080726504703672,1.6951151503221225,3.918921320888725,-0.0437722025105172,4.270043992499427,0.9855103691494668,2.8021531880912818,0.9959132700321324,0.9953805022292126,5.057325960260272,1.007885199569073,1.0033089536484765,-0.5758053909910359,1.001668999686111,1.004504851269539
10,20270302,naive,3584,0.01,1489.0,14.898604526797897,0.0349171921080315,10.354091796207328,7.91634450552937,7.217526556335605,0.9975220999804568,0.9994582774819928,0.9992450689093858,0.4660672932636869,2.2896075428905363,0.0056770634754792,-0.140960102834076,0.4640984633380096,-0.2416027956723256,0.5418754885952848,0.9940245016902968,0.280081110662465,0.9947659775821333,0.9963578998768116,1.2075020031182078,0.998848120682255,0.99711218226993,0.1870858048988566,0.9976039973359186,0.9978654538235766,1489.0,10.629310110562114,0.0233826811529547,7.201125771365359,5.768631108946852,5.277207233032082,0.997798585852512,0.9996121073023696,0.9994874955280328,0.2762946269302115,1.4116487477171096,0.003023208281516,-0.0422024598234521,0.1407705059409658,-0.1867938261183947,0.2376748123676017,0.994871828226513,0.3605064514674296,0.9964484812591784,0.9972202460533188,0.987735083961411,0.9994414240804496,0.9977733509164451,0.1728684464732452,0.99829826639887,0.9988870832835536,266.0,14.535803352513188,0.0345796504554508,6.948112469931651,9.169262932949309,8.884701991319455,0.9984808104843454,0.9991194103008556,0.9987179596910196,0.9334094012674122,3.0475251956236087,0.0079958095238029,1.334993195629902,3.8713925769578745,0.2049386752533514,4.10023013718953,0.9861336289353324,2.394412884975821,0.9950228074500684,0.9945061544842252,5.225266857988828,1.0074261009327214,1.0013987255748151,-0.0199567165937821,1.001341886759191,1.0040376805533444
10,20270302,loss_weighted,3584,0.01,1489.0,14.98531281956916,0.0351204064500598,10.522262319024131,7.80780118887992,7.271852348948919,0.997441271436122,0.9994709872977418,0.999233502773058,0.51758630230777,2.308547261022362,0.0058705068098465,-0.1494015014839041,0.3962780076588811,-0.3390277105448881,0.5424913423429407,0.9962453695596862,0.1151545363370303,0.996550225222132,0.9971545122325768,0.977081831594404,0.9991695395363608,0.9983888119389968,-0.0998512736332486,0.99812632082826,0.9984630415059758,1489.0,10.904537832185987,0.0239881355043891,7.416235097692708,5.844113363136517,5.454790675006285,0.9976657009352086,0.9996009210887968,0.99945209235393,0.332045304848392,1.4851902381059037,0.0040484499190548,-0.0164678783696801,0.0814828880719638,-0.216398570244638,0.2318167234486552,0.996820742763504,0.2331952134640005,0.9978406078422412,0.9976170419573376,0.8075475296759009,0.99943302162426,0.9981620220772472,0.0804831079473729,0.9984064092415744,0.9990303782678296,266.0,15.028605082520423,0.0357519909965428,7.197614900713796,9.508588687012898,9.145493515857511,0.9983557148265352,0.9990363015971891,0.998642463863832,0.9351465554750624,3.0591240832550697,0.0091657217047605,1.3447362511341137,3.846956982478285,0.2229575622818281,4.081311515276838,0.986460325265688,2.3791956590046794,0.9952930103331138,0.9941381125410717,5.291529576693591,1.007221899574262,1.0015638465267829,-0.0284869553291571,1.00148271269928,1.0039989642526004
10,20270302,naive,4096,0.01,1489.0,16.303668808351286,0.0382101783306597,11.227243745106817,8.210335282984877,8.50582206734541,0.9970864131547992,0.999418140138638,0.9989527720055348,0.500374063937255,2.3077725595291163,0.0055786673585881,0.0129801810828385,0.5785863902669608,-0.260481317327541,0.6346504650433862,0.9923726089554068,0.550415858374123,0.9938297585950358,0.9961985827250408,1.3545087874558135,0.9989919743343038,0.9954903563368842,0.4089628830060121,0.9965654464935172,0.9974846636957164,1489.0,11.561424666364385,0.0254331752329698,7.788606811624313,5.978059778157562,6.104665882643601,0.9974250040587214,0.9995839985455648,0.9993144060178784,0.2746377721337135,1.5191312189478037,0.0028970111936558,0.0595378236879579,0.160902123068195,-0.1923438776507215,0.2577409803020596,0.9934512296429696,0.5738045638171343,0.9959607289931676,0.9968551339687588,1.119112879189572,0.9993717489776798,0.9969354791800188,0.302656673023904,0.997854496946249,0.9986847796491022,266.0,14.623527990806949,0.0347883411796552,6.950512751365821,9.229900738977593,8.963641879260704,0.9984715309800846,0.9990754198689148,0.9987065933021966,0.9793844550858144,3.0996537055143394,0.0079591499461714,1.4113112570313422,3.5091779721970897,0.2858280917611589,3.793128946241677,0.9876232916383072,2.3569176068484268,0.9963732701751176,0.9933214121793636,5.155013891318475,1.0060676517929945,1.0035528061474914,-0.2854131474666701,1.0027399196594131,1.003875396647749
10,20270302,loss_weighted,4096,0.01,1489.0,16.17439744857393,0.0379072108349259,11.12297860646332,8.038348034795538,8.560107511947088,0.9971388428195698,0.9994393457871444,0.9989377888597883,0.5477338126142842,2.353849868337169,0.0059721114454674,0.0415751185553188,0.4466664164583081,-0.3708402215714936,0.5820325145640834,0.9946616677707572,0.4177207993595857,0.99576752564711,0.9971613580539472,1.02607291256993,0.9992774192349516,0.9969842072148304,0.0768459239996275,0.9971862213826248,0.9981156745059198,1489.0,11.643405532338765,0.025613519246813,7.7901293047642275,5.984291167699942,6.250682924748233,0.9974233925702608,0.9995818679148356,0.9992805195042403,0.3421131320762022,1.5318925162934012,0.0036020206124864,0.0979411211176163,0.0316847956317103,-0.2226318865777884,0.2452781001255189,0.9953713409756592,0.4614239213752,0.9973893504232552,0.997313738884124,0.8501629976959748,0.9992255504625772,0.9974464161511148,0.1898389320736271,0.9980228625567228,0.998756397874888,266.0,15.048619832170568,0.035799604673618,7.233681355995786,9.566863508059065,9.089000798288229,0.9983494337307977,0.9989921477822332,0.9986726653920694,0.9668771539455794,3.0668578957042776,0.0085518353188386,1.53854663026896,3.4309698357543823,0.3537658168401551,3.7767486017119287,0.987212222583432,2.5155595138059965,0.996551153944424,0.9921944561228668,5.3545268550344645,1.005434009643145,1.0038605250237658,-0.2669522879748456,1.003100216993872,1.0036538233463934
