replicate,label_seed,role,label,alpha,geometry_gamma,geometry_cap,geometry_ess,loss_gamma,loss_cap,loss_ess,elapsed_seconds,n_basis,selected_regularization,parent_validation_nrmse,unweighted_validation_nrmse,parent_n,parent_rmse_3d,parent_normalized_rmse,parent_rmse_x,parent_rmse_y,parent_rmse_z,parent_corr_x,parent_corr_y,parent_corr_z,parent_median_direction_error_deg,parent_p90_direction_error_deg,parent_median_abs_relative_speed_error,parent_mean_residual_x,parent_mean_residual_y,parent_mean_residual_z,parent_mean_residual_magnitude,parent_calibration_slope_x,parent_calibration_intercept_x,parent_calibration_slope_origin_x,parent_calibration_slope_y,parent_calibration_intercept_y,parent_calibration_slope_origin_y,parent_calibration_slope_z,parent_calibration_intercept_z,parent_calibration_slope_origin_z,parent_vector_gain_through_origin,unweighted_n,unweighted_rmse_3d,unweighted_normalized_rmse,unweighted_rmse_x,unweighted_rmse_y,unweighted_rmse_z,unweighted_corr_x,unweighted_corr_y,unweighted_corr_z,unweighted_median_direction_error_deg,unweighted_p90_direction_error_deg,unweighted_median_abs_relative_speed_error,unweighted_mean_residual_x,unweighted_mean_residual_y,unweighted_mean_residual_z,unweighted_mean_residual_magnitude,unweighted_calibration_slope_x,unweighted_calibration_intercept_x,unweighted_calibration_slope_origin_x,unweighted_calibration_slope_y,unweighted_calibration_intercept_y,unweighted_calibration_slope_origin_y,unweighted_calibration_slope_z,unweighted_calibration_intercept_z,unweighted_calibration_slope_origin_z,unweighted_vector_gain_through_origin,query_primary_n,query_primary_rmse_3d,query_primary_normalized_rmse,query_primary_rmse_x,query_primary_rmse_y,query_primary_rmse_z,query_primary_corr_x,query_primary_corr_y,query_primary_corr_z,query_primary_median_direction_error_deg,query_primary_p90_direction_error_deg,query_primary_median_abs_relative_speed_error,query_primary_mean_residual_x,query_primary_mean_residual_y,query_primary_mean_residual_z,query_primary_mean_residual_magnitude,query_primary_calibration_slope_x,query_primary_calibration_intercept_x,query_primary_calibration_slope_origin_x,query_primary_calibration_slope_y,query_primary_calibration_intercept_y,query_primary_calibration_slope_origin_y,query_primary_calibration_slope_z,query_primary_calibration_intercept_z,query_primary_calibration_slope_origin_z,query_primary_vector_gain_through_origin
1,20261202,primary_unweighted,Primary unweighted,0.0,0.0,1.0,9922.0,0.0,1.0,9922.0,5.069021200004499,2560,0.003,0.03286082029869805,0.02240831530006258,1489.0,14.497364383691488,0.034113900078907675,7.434807935593294,9.885019778322933,7.561983140455295,0.9989164025007228,0.9991858813673632,0.9991557741766774,0.568979315519329,2.3668638438321405,0.0062968448689668865,-0.05328662946554239,-0.25787730557413935,0.5015567805985184,0.5664798087966828,1.0024005554086513,-0.18095903473197694,1.0020580954240703,1.001125132388209,-0.48082464936342717,1.0001625621899146,0.9994727492734955,0.5757639572074709,1.0009870123291575,1.0007018266276764,1489.0,10.408547449837155,0.022855668374522232,5.257199306549744,7.06144902519284,5.552985965345815,0.9989720238895674,0.9994373827931166,0.999400074820688,0.32464254704509854,1.424135206930867,0.0031324996160372294,0.01985808468484161,-0.1305936884621022,0.39690396754432683,0.41830827680780475,1.0025076101508912,-0.1623527546696124,1.0018731714734637,1.0006947019723158,-0.3427344546049653,0.9999331571267815,0.9993018250840018,0.5090368202957336,1.0008934642720415,1.000344939358067,266.0,14.386160256455105,0.03422366008950625,7.131771651533611,9.539112530983434,8.068752825314755,0.9984214497367472,0.9990866071899237,0.9989420009530837,0.9811649729205152,3.137453344766396,0.009295603970629578,1.8119024620300976,4.439311599424812,0.14483195758579595,4.7970255684785075,0.9883312992495621,2.7034155526900463,0.998367639931724,0.9959614388226115,5.434553292103743,1.0093988649701642,1.001336210582196,-0.07001190305709315,1.0011368093615272,1.005474451046429
1,20261202,primary_loss_weighted,Primary loss weighted,0.0,0.0,1.0,9922.0,1.0,50.0,6033.731809484177,6.272973500017542,2560,0.01,0.03306644650324834,0.023482526642267236,1489.0,14.54017330054038,0.03421463418982732,7.3605225822699,10.003705548144778,7.560768627041794,0.9989356071828402,0.9991659621491912,0.9991552766646996,0.5864504173870775,2.4323213924572618,0.006648810681342694,-0.08565912112004714,-0.363521767043979,0.4880844954774982,0.6145828136804345,1.0018182857209943,-0.18236378814182785,1.0014731672793111,1.0008231463156032,-0.5266299368352634,0.9997688778137735,0.9987641753738216,0.6620189287224605,1.000505289581066,1.000252295349006,1489.0,10.814462363178688,0.023746998955693013,5.352248131690756,7.415352157675362,5.772225612281669,0.9989317336291276,0.9993794161992067,0.9993520211393839,0.4041381452427514,1.5646498505736905,0.0044196192380213835,-0.004518004942489906,-0.2830589573714404,0.432414480086513,0.5168414343929448,1.001876432911652,-0.14086552120332385,1.0013259615928916,1.0001672118160787,-0.33412033935206864,0.9994248072553382,0.9983126455915803,0.7034180052536385,1.000512069323019,0.9998645488151493,266.0,14.504337766599004,0.03450479604693271,7.257710311884907,9.532795794022062,8.174794151893057,0.9983508461857428,0.9990674842357947,0.9989122227753975,0.9794521093150633,3.1108318097662107,0.010584581475308276,1.78606453864032,4.231681444000966,0.14635858673047986,4.5954951001606235,0.9889090894157165,2.6334332547209556,0.9986856231350018,0.9950021665379376,5.463321133492258,1.008510723783725,1.0007746816901688,0.02180067100758265,1.0008367722807754,1.0049146769752888
2,20261212,primary_unweighted,Primary unweighted,0.0,0.0,1.0,9922.0,0.0,1.0,9922.0,5.284290399984457,2560,0.03,0.03456033454395153,0.02350932460756265,1489.0,13.979136905338176,0.03330897178019817,7.2281747332393325,9.133730441010995,7.729471319236337,0.998822833931639,0.9993021926371474,0.9991133718277482,0.6072307410072393,2.754711552417228,0.005794522776326612,0.0849163051051188,0.4299641486219273,0.24771925596100436,0.5034329923105537,0.9911599052705996,0.6414364125456302,0.9927266493990202,0.9946342023692701,1.4508760708291675,0.9975339495846831,0.9947189666005739,1.0260435398990637,0.9974603879824352,0.9968074466602048,1489.0,9.917595411778517,0.021896353242730072,5.037435926192938,6.485738202317228,5.560408079649723,0.9989293463289378,0.9995304828026218,0.9993888026766756,0.31673704875151704,1.6121528349605856,0.0030168752006808092,-0.01657961587174538,0.0984502694188277,0.03474545496145209,0.10570991368633638,0.9919224720986235,0.6100268839223304,0.9945987673231232,0.9958044160522413,1.3492784308422188,0.9988249208350104,0.9959532997475078,0.7257125868706282,0.9982357283455324,0.9983047406227298,266.0,14.037022255404873,0.03339308542195996,6.819172525457463,9.141959981350567,8.182997468297453,0.9985753880523968,0.999150968538042,0.9989060308129989,0.8924514018775068,2.9960816376282766,0.010347662548834357,1.414213917566585,4.092604408567987,0.19140873226055596,4.3342876176431515,0.9840815202032458,2.6304189969263803,0.9938468635903233,0.9939544896261677,5.582428064390797,1.0077575495663966,0.9973308625932645,0.6205684715189648,0.9990983064896038,1.0033708744236438
2,20261212,primary_loss_weighted,Primary loss weighted,0.0,0.0,1.0,9922.0,1.0,50.0,6033.731809484177,5.556699500011746,2560,0.03,0.03552048282665502,0.0249572790006737,1489.0,13.452743524468405,0.032054701048935874,6.727085925001686,8.468886707535203,8.000036326649047,0.9989668268687243,0.9993940628040291,0.9990437752125647,0.6218569033495841,2.5136613833413732,0.005562474292771216,0.0834958092691995,0.16728346174644115,0.2550632738660718,0.3162476567734065,0.9948971946337029,0.40473827076171887,0.9958857903804682,0.9968653430393353,0.7636922127669834,0.9983916721393377,0.997436595852492,0.632860486390797,0.9991274960937209,0.9982554248582786,1489.0,10.030745760501427,0.022146169846685545,4.876900462570725,6.341120763191748,6.051602255321582,0.9989846914931846,0.9995490486609957,0.999272742962876,0.43298040918676584,1.6290648580139455,0.004380101278922879,-0.04273890533445164,-0.19219496044589143,0.04669011592376756,0.20234990431171407,0.9949208678453401,0.3512699127447263,0.9964619507299904,0.9968106466214459,0.7586459885851582,0.9985089572032876,0.9968426177972327,0.5858077151686416,0.9986850335224581,0.9983791203014089,266.0,14.340199187883748,0.03411432195062164,7.118597156642109,9.311811331017552,8.261782919271218,0.9984217994213415,0.9990947274753555,0.9988851629712995,0.9520936953281778,3.044308978151542,0.009918674156638144,1.5146297897011862,3.94606139537512,0.23292415228022612,4.233173466400303,0.9855608449759603,2.6178113689799716,0.995279382961945,0.9940335044256476,5.4164130612175825,1.0074260772062849,0.9983241205604985,0.5023819859121943,0.9997549569877148,1.0035605441348066
3,20261222,primary_unweighted,Primary unweighted,0.0,0.0,1.0,9922.0,0.0,1.0,9922.0,5.165692000009585,2560,0.01,0.032366535803509275,0.022121203145491288,1489.0,12.150823516810668,0.028688145048834855,6.4873680643058265,7.811137770479997,6.674031350352253,0.9990540382311478,0.9994524252372785,0.9993412601095262,0.5460361235017658,2.127435965383955,0.005424444585933581,-0.023927902066301306,0.005347262064962608,0.039690555049604226,0.04665273699400238,0.9971873177680814,0.1259508655704522,0.9974548714002024,0.9967694354970208,0.6877453552756663,0.998220496877506,1.0004144839239462,-0.019583732788987618,1.0003628054677562,0.998760611373789,1489.0,8.783901439069355,0.019278362630454765,4.584873698913703,5.699812484928495,4.8629204489634885,0.9991208180687472,0.9996019873680508,0.9995420590342,0.3028017890288059,1.3652566133160828,0.0030338987651077737,0.03514858472143483,-0.0512426808388544,0.01898761977245685,0.06497511102026661,0.997823884289473,0.19205603196770937,0.9986310087780638,0.9977512404404336,0.6488979611626746,0.9992190086510346,1.0000070286298697,0.017832708569443412,1.0000625236026988,0.9993849494393123,266.0,14.189273031132405,0.03375527927382705,6.948250984443017,9.476242235001259,7.953496747518438,0.9985020577429006,0.9990916076641272,0.9989681845791615,0.905881225077923,3.054843993050803,0.009772753911096775,1.5911893653141098,4.299744291373573,0.15179546284612913,4.587235161840846,0.9865643720650104,2.6176993805641047,0.9962824942977111,0.9942483817723133,5.717142718470683,1.0083845359187988,0.9998937089815042,0.16888556306653868,1.0003747127245581,1.0044159917328899
3,20261222,primary_loss_weighted,Primary loss weighted,0.0,0.0,1.0,9922.0,1.0,50.0,6033.731809484177,5.809830900048837,2560,0.03,0.03295765995753296,0.02319241216083393,1489.0,12.198240819751454,0.028800097499029512,6.488789228154882,7.827975879536437,6.739101355420281,0.9990566131866135,0.9994529784564206,0.9993268368674146,0.5619757390775969,2.0992115520520374,0.005752883376799772,0.02961408989826457,-0.07134346803960087,0.05406356328090498,0.09428549001330196,0.9955067104922526,0.26904700073832544,0.9960782389365612,0.9956946136792345,0.8380912184111651,0.9974628870540113,0.9986935687622213,0.24089295944219202,0.9993292482001075,0.9978330817353426,1489.0,9.19998319265452,0.02019155308291733,4.695713611784627,5.947901638665915,5.216553509548386,0.9990799801840275,0.9995711723329166,0.9994736124318927,0.3873832866611658,1.4406219043238098,0.004216870909297336,0.04867235598781774,-0.34578504536550686,0.0625428556763753,0.3547504822152979,0.9960416265896828,0.33408836767131334,0.997445648635427,0.996208083237226,0.8348102856963919,0.9980963739586709,0.9975208533587856,0.4699045012606575,0.9989831851985195,0.9982681426112094,266.0,14.19210561637084,0.033762017794227675,7.061535219290389,9.311444846521978,8.052799329619823,0.9984452488870785,0.99910777127708,0.9989407624215043,0.909171145040951,3.1526938128063353,0.009590302947297897,1.5786356107233162,4.011863036782988,0.2093066320790615,4.3163578030072625,0.9866001769076115,2.602410061271584,0.9962615380489342,0.9927668249078316,5.79436851484229,1.0070939268433354,0.9984388657227933,0.46031505812067053,0.9997498911409507,1.0034859677365904
4,20270102,primary_unweighted,Primary unweighted,0.0,0.0,1.0,9922.0,0.0,1.0,9922.0,6.444836299982853,2560,0.003,0.037845529440798685,0.024797492421297137,1489.0,11.807032933281786,0.02855356265964955,6.357226995798379,7.572321195675381,6.4538084354138,0.9989805913117543,0.9994962538553358,0.9993531254033214,0.5985278142482803,2.3886792912929855,0.005939521111490238,0.38729892163426194,-0.03568253420340235,-0.29507829594912854,0.4882057954249219,0.998022142336389,0.512012886757482,0.9993823791204554,0.9996231178292005,0.035678017562077,0.9996959483395094,0.9994098365895703,-0.20680906226263573,0.9988422344011212,0.999380330426453,1489.0,8.660134975748843,0.01927120933271189,4.5477928958470315,5.58879972135776,4.804251788699584,0.9990287138695856,0.9996394308142618,0.9995349168339461,0.31663557873932613,1.422411497401181,0.003204864107795201,0.18765557331031446,-0.11101751019754871,-0.17326374061782673,0.2784956473228391,0.9984265776619636,0.3101066809646227,0.9998725993405146,0.9996517846220465,-0.007099814066009458,0.9996357762701396,0.9992338387780298,-0.04480341656142173,0.9990918304008213,0.9995128633893459,266.0,14.377393277102385,0.03420280406426876,7.119548598138133,9.26420593524637,8.378302548402282,0.9984391840828246,0.9991236275761216,0.9988572705801568,1.0000130015593847,3.2298465501740967,0.009832992106120403,1.675329375937181,4.181643210675574,0.25159292491213864,4.511780963115678,0.9855573587177043,2.778777312622779,0.9958734774370754,0.9964688348118786,5.0518449148447075,1.0089599797695974,1.00047819401808,0.17470605517058857,1.000975775131263,1.0048849624752958
4,20270102,primary_loss_weighted,Primary loss weighted,0.0,0.0,1.0,9922.0,1.0,50.0,6033.731809484177,5.9530840999796055,2560,0.01,0.03813914201733878,0.025727752277613435,1489.0,11.840914407716651,0.028635499993842142,6.433367007718859,7.539286413832223,6.479058830190622,0.9989563369596706,0.9995004451289865,0.9993481890525125,0.6171527025525819,2.2522348824761234,0.006406844365465622,0.40593667348090573,-0.023826720152345292,-0.3315881312380359,0.5246932287040634,0.9976231005844497,0.5558122465649262,0.9990996967451443,0.9991263980678754,0.1415849674516494,0.9994154193234316,0.9989826040484852,-0.1794188177752858,0.9984901763351925,0.9990767051636499,1489.0,9.185194072134447,0.020439611879187972,4.815877175980314,5.959980565714752,5.06495299336017,0.9989104265787099,0.9995903186426408,0.9994831568054545,0.40508025128480474,1.4747210287984602,0.004590630643969583,0.18404653791967335,-0.2252056143271806,-0.18992996885950975,0.34736737025183423,0.9979096883156141,0.3467243993609941,0.9995264577331548,0.9989051940341199,0.10151664117461223,0.9991340893405657,0.9986251608743895,0.0405858475729417,0.9987538012950046,0.9990669014679305,266.0,14.542006681540773,0.03459440773746905,7.2273030742879145,9.286146357533937,8.544210579382057,0.9983749770788037,0.9990990572118573,0.9988104981579852,1.0174635497292133,3.189952096992408,0.009755958018933598,1.6372775759280938,3.985233014014673,0.2836913556185868,4.317781933108962,0.9861010869863688,2.699183538091958,0.9961217164545313,0.9958086536871036,5.018126268772278,1.0082164262327693,0.9999428298837075,0.2928835059138635,1.0007769927337777,1.004430968918697
5,20270112,primary_unweighted,Primary unweighted,0.0,0.0,1.0,9922.0,0.0,1.0,9922.0,5.457429100002628,2560,0.01,0.031929536067487635,0.021605820100242312,1489.0,14.204746547613851,0.033738667198767815,7.375811337160995,8.025002935577776,9.108872569342656,0.9986858462687371,0.9994294994806875,0.9988015028313258,0.6049451534476121,2.5607419372023057,0.00597280127313843,-0.09605474829701657,-0.524011031440493,0.15690435883058054,0.555367494152987,0.9925584972486603,0.39755697542210555,0.9936164153114246,0.9970566989145836,0.05153558378015077,0.9971635705060727,0.9943291810790292,1.0274628696784305,0.9970469278464251,0.9966265630104714,1489.0,10.27252115087753,0.022603305233997433,5.1986124646039755,5.954591378479672,6.560637221598673,0.9988039606782896,0.9995892566603772,0.9991753500152968,0.30882563822869674,1.5012461083981976,0.003253139603284754,-0.06342783547846574,-0.2718766300366706,0.031789590833148224,0.2809814413069286,0.9933373829818121,0.4567253736447867,0.995397016413842,0.99866400349233,0.1316414288860983,0.9989600763806831,0.9963316542770518,0.6553600246668907,0.998359432715514,0.9985016600460526,266.0,14.33535068046649,0.03410278769361131,6.951719670747061,9.429409316767789,8.26208888164199,0.9985311341164084,0.9990968941093216,0.9988846421190534,0.9314910642970915,3.175071523739787,0.009409399632515775,1.6822344342234679,4.249108071297301,0.04227573018760961,4.570188106699101,0.9848152571873299,2.842380476643129,0.9953675005461176,0.9943955679451483,5.630234715113943,1.0083168341672786,0.99883945845888,0.22887448075351813,0.9994913169122197,1.0039890029003165
5,20270112,primary_loss_weighted,Primary loss weighted,0.0,0.0,1.0,9922.0,1.0,50.0,6033.731809484177,6.153921500022989,2560,0.03,0.032404285108440074,0.02283722622909831,1489.0,14.344992285139783,0.03407177446320035,7.589925431439875,7.923383085885133,9.240770318550908,0.9986176847618724,0.9994467245244435,0.9987742637378206,0.6242051627582345,2.5387819218607497,0.006208980065764322,-0.1598464108475569,-0.5513368223784504,0.09359810620213938,0.5816216745065815,0.9907336593932317,0.45481093892659885,0.9919439329821238,0.9960232454058743,0.22629603942866083,0.9964925253888961,0.9923589192905939,1.2666223089410948,0.9957092677919598,0.9955964317298233,1489.0,10.629523723821192,0.02338884152124846,5.4375744623902955,6.048830550440004,6.843333071924976,0.9986999925250178,0.999579542442785,0.999108732205644,0.40723635734866265,1.5067922969648577,0.004602200576191005,-0.13270314860232982,-0.48562419162100695,-0.0626169905543246,0.5073084551262761,0.9914102892090232,0.5378990518799185,0.9938359807388544,0.9973294665783171,0.32097107746790243,0.9980513581195125,0.9941778320224901,0.9270748448899155,0.9970463353039711,0.9974307047074407,266.0,14.518533234328679,0.03453856606295724,7.062023846637524,9.491583705894197,8.415786666725406,0.9984681179407645,0.9990667313674272,0.9988421418564687,0.9456209156367873,3.146697464759782,0.010192066212028944,1.6267407063126893,4.04653126796026,0.02593517430357814,4.361349935675987,0.9850426768424535,2.769511412441503,0.9953243962143572,0.9928892740930985,5.798861015342396,1.0072274841437394,0.9974781774770914,0.4314087530171662,0.9987068747157398,1.0031189213224514
6,20270122,primary_unweighted,Primary unweighted,0.0,0.0,1.0,9922.0,0.0,1.0,9922.0,7.252271500008646,2560,0.01,0.04741802072730938,0.030365089253635152,1489.0,13.666536355502515,0.03240489715789947,6.46187873839217,9.618803884333817,7.24547796638094,0.9990544735167524,0.9991919177947951,0.9991962243418199,0.5301985755864514,2.3906849090188245,0.005420496726988919,0.24427877526344358,0.5404098425915563,0.13843296062445754,0.6089980316891765,0.9961126496780137,0.4876325887547779,0.9972898237362938,0.996165752659495,1.3003085427342853,0.998844751693176,0.9978275512039728,0.4685421534167631,0.9991048247960369,0.9986995546977425,1489.0,9.975786325023567,0.022064398760067595,4.655625179926395,6.982196991156906,5.393550979015762,0.9991013297479907,0.9994408855145545,0.9994312903488791,0.3164436503607841,1.4145987951544285,0.00300799626122184,0.12201435860545744,0.09505845223111442,0.07741157500077489,0.17296290061911201,0.997048565254314,0.34614556653117745,0.9985241232652158,0.9970209633862024,0.9887018761367017,0.9992433904957184,0.9985209900727724,0.3229976172590341,0.9995301348276068,0.9992552598699701,266.0,14.00954936455542,0.03332772935325595,6.8789712521232165,9.131301798076848,8.097317789417437,0.9985518342292949,0.9991525145363098,0.9989326228036003,0.898760319035211,3.1293884357723183,0.009086041584813428,1.5526348090091082,4.140029628136531,0.20595169490001905,4.426390885656987,0.9847942920357483,2.714382632765208,0.9948713476393783,0.9956624936568341,5.2089417890189225,1.0085420748909613,1.0006181629276207,0.10655979391827941,1.0009216563630754,1.0045152397028794
6,20270122,primary_loss_weighted,Primary loss weighted,0.0,0.0,1.0,9922.0,1.0,50.0,6033.731809484177,6.89567860000534,2560,0.03,0.04694118459479104,0.030723725923212396,1489.0,13.719903891067695,0.032531437596279376,6.5052912990849565,9.672836121356193,7.235550377377717,0.9990469638509376,0.9991864188384786,0.9992006303561183,0.557205139885058,2.350265668873575,0.0058763228770189364,0.2593498159308215,0.5356185900029434,0.14898402107991027,0.6134703248872201,0.9943275770649873,0.6144517847869935,0.9958109002017004,0.9948626025317302,1.5537849500637435,0.9980638338110508,0.9962519960229743,0.7185028837112668,0.9982106773337037,0.9977813871216308,1489.0,10.328027462448443,0.022843484103580492,4.824823936681212,7.187742496041729,5.632546764627264,0.9990381583672769,0.9994120081820203,0.9993839737559582,0.40113651493137414,1.4529642198832862,0.004325806052031413,0.11025870878063582,-0.13754388032778547,0.15824539212400993,0.23689007156501704,0.9951674628998233,0.47724035362020345,0.997201855060228,0.9952871284292498,1.276210709799102,0.9981558245927433,0.9959714415235308,0.8271778408037278,0.9985558017006927,0.9981766801202334,266.0,14.049430062704822,0.03342260271996858,6.944282985478483,9.120045924105835,8.123310978082065,0.9985091855785078,0.9991379475731089,0.9989233298379604,0.9449581464444816,3.079655946350492,0.009813286952158395,1.4769563786119542,3.9429953560006994,0.18970144610130307,4.214807132054626,0.9850538377132165,2.61887437092102,0.9947763220586928,0.994603289677007,5.272932153002898,1.007641092892587,0.999581028871153,0.2570661085420909,1.000313180028279,1.0038015778459763
7,20270202,primary_unweighted,Primary unweighted,0.0,0.0,1.0,9922.0,0.0,1.0,9922.0,5.985517299966887,2560,0.01,0.039325216182638366,0.026107367422776015,1489.0,12.76648001257133,0.03033325305720769,6.043197648540345,7.948318056423188,7.955313580619993,0.9991368382975748,0.9994767649122984,0.9990527944392344,0.5613683478119232,2.2473654919531874,0.0054620706329026845,-0.028280297487185763,0.4380584085504251,0.09439499821244772,0.4490048554472689,0.9964806869387345,0.1913478019146524,0.996957983756328,0.998132811261348,0.795304850278427,0.9997052374911636,0.9993477271242551,0.1910429154501685,0.9998591848019693,0.9993653135944717,1489.0,9.272834377456887,0.020514395386733976,4.3554224351137245,5.791763261360013,5.785432665567434,0.999187002343644,0.9996325254407706,0.9993457900847591,0.30771300591566436,1.5492493299941958,0.003026189520844662,-0.0036206552178109784,0.17215784072910048,0.018164381443776932,0.17315130961661138,0.9972306194831511,0.20808221592594123,0.99813928332622,0.9980443900884535,0.7504801180642744,0.9997134453255446,0.9991573390079104,0.15981373127402776,0.9996562851165096,0.9995635117068377,266.0,14.36591645380333,0.0341755015115033,7.0320267340527804,9.546854249211805,8.110963537923881,0.9985135583146829,0.9990653130158538,0.9989292011134433,0.9350675734196788,3.2137844853481496,0.008738322550116478,1.8285658277984265,4.254521674234532,0.31437354082434915,4.641490965874434,0.9845295358246182,3.010541578648059,0.9957060717038547,0.9954117757574187,5.385219430441339,1.0087272194554433,1.0003340790901523,0.26065832374351317,1.0010764612517902,1.0047663461647824
7,20270202,primary_loss_weighted,Primary loss weighted,0.0,0.0,1.0,9922.0,1.0,50.0,6033.731809484177,6.450098100001924,2560,0.03,0.039611700618921775,0.026956052521257098,1489.0,12.719900356390037,0.030222579441859247,6.121576011980743,7.896762594565528,7.871677885375139,0.999120403977696,0.9994851646076274,0.999072102889332,0.5983161879974078,2.285078984298108,0.006203951832350383,0.03731656552877511,0.4004944067603404,0.13728516823621864,0.42501236843982226,0.9943092085976788,0.39245908284000564,0.9952881561967676,0.9968714252986899,0.9990799469292426,0.9988467427051967,0.9977160512032694,0.4757001207657936,0.9989895895518759,0.9983887570742426,1489.0,9.59025241673587,0.021216622871404824,4.536268014214671,5.973367466040909,5.9761270933243305,0.9991233305956745,0.9996115124080673,0.9993034667626295,0.41289401592046393,1.5651696123026906,0.004381009624147211,0.012611651814988412,-0.04598553425518306,0.050147133016914335,0.06919868547922868,0.9947935794668393,0.410611915247884,0.9965866601453527,0.9965735583917583,0.9672980977894667,0.9987248131912965,0.9968186426283354,0.5849258963680768,0.9986448092379584,0.9985205382671477,266.0,14.324791482970765,0.034077668107879634,7.049992347335928,9.399518678281236,8.194285054215458,0.9985012017618424,0.9990812497666735,0.9989046019752467,0.9220890919852944,3.244040194907877,0.009566265758896544,1.8025558849830536,4.027041210633881,0.3257763664685852,4.424070396318316,0.9845493334386743,2.983019056799904,0.9956236928672997,0.9941738343686914,5.462810706264207,1.0076811295368413,0.9988809774340381,0.5056994500163512,1.0003212623459123,1.0039254338590267
8,20270212,primary_unweighted,Primary unweighted,0.0,0.0,1.0,9922.0,0.0,1.0,9922.0,6.3979161999886855,2560,0.01,0.034850183720092354,0.02349699341029751,1489.0,12.22895147991291,0.02935974520090989,6.093116077582881,7.344043582689682,7.6476280387267614,0.9990660044873196,0.9995244877840077,0.9990633846070409,0.5721026191835332,2.327479349540008,0.005157498906851061,0.21108467464728015,-0.2290895298085629,0.11790835353152113,0.33307826763595777,0.9970361939923849,0.4118767851648215,0.998178050191615,0.9976758635995508,0.2176131130252088,0.9981231963266404,0.9954600754446978,0.8276731598202218,0.9977893494231592,0.9980240229126883,1489.0,9.01385421748853,0.02005411271512897,4.403628948878881,5.462883626702042,5.6581377162315905,0.9991142576781684,0.9996587253116935,0.9993417954392902,0.3308416125345863,1.508334650248602,0.002996273647923606,0.12923248162173515,-0.16195671531783554,0.07349620700207347,0.21984700222278714,0.9972749070735384,0.3459281729373913,0.9988686607528455,0.998898896245495,0.16413098779764823,0.9992688576218874,0.9971230320576882,0.5643347026373817,0.9989265146477928,0.9991442041112111,266.0,14.223430026463376,0.0338365363554282,6.837178684952628,9.433234654575227,8.159229945249145,0.9985606748114109,0.9990692928488992,0.998913155626488,0.9801993285398858,3.074347262258729,0.010554760330073383,1.5932249276544197,4.037439962818618,0.09316692916274963,4.341424558846307,0.9860883620154322,2.656103104155676,0.9959490567997502,0.9956502536475282,5.109368486966275,1.0082836308570218,0.9994653013012004,0.17913895652247902,0.9999755077809579,1.0041927007551714
8,20270212,primary_loss_weighted,Primary loss weighted,0.0,0.0,1.0,9922.0,1.0,50.0,6033.731809484177,6.156760399986524,2560,0.03,0.035225926782733195,0.02443096081202963,1489.0,12.116964363911242,0.02909088215104054,6.1092765124720305,7.231130274177318,7.563618237875886,0.9990626059739554,0.9995416619704334,0.9990883752997038,0.6076181140068528,2.3120227636685806,0.006035552640985762,0.15709440905923175,-0.2798455173727325,0.09015714755708037,0.3333473836809144,0.9958149458879463,0.4406237107848767,0.997036497900124,0.996502933965341,0.3922960314384625,0.9973093506887184,0.9941594849453531,1.0032542675402851,0.9969828869506443,0.9971663815881817,1489.0,9.30110163801024,0.02069318363965047,4.578352371175614,5.6347589982889446,5.813662552741525,0.9990442002919422,0.9996391145130512,0.9993092004011098,0.4232800655316537,1.5642721623958367,0.004316514543351894,0.050321943251233715,-0.35029747407508294,-0.013110416884041336,0.354136275107249,0.9956999652059955,0.3922548745359222,0.9975071543811626,0.9977213838688684,0.3245060559669355,0.9984528405470015,0.9953051288614412,0.7878799080203294,0.9978230099886647,0.9982056164441605,266.0,14.245222117537306,0.033888378202332356,6.9664206635069315,9.341752802269875,8.193106303369964,0.9984925592072414,0.9990743013618977,0.9989029812100744,0.9679306337933269,3.0746576452810954,0.01038856777591006,1.566109495129459,3.8136370570925546,0.08141568801101248,4.123488216088233,0.9863772896567811,2.6069129968211513,0.9960553677971613,0.9940023440191038,5.291667728994611,1.0070864726463946,0.9985350371038559,0.31696110914441533,0.99943777548559,1.0033580336916208
9,20270222,primary_unweighted,Primary unweighted,0.0,0.0,1.0,9922.0,0.0,1.0,9922.0,5.613528300018515,2560,0.01,0.033998866550508024,0.0227434349829997,1489.0,12.340439225856523,0.029305540297242354,6.702480228497409,6.835037516118148,7.787519581157864,0.9989430334428455,0.9996102940625281,0.9990769123960951,0.5914122258380655,2.2723367867133186,0.0057405333744920605,0.02799192674310072,0.5190874275948979,0.3407491413089062,0.6215667966941578,0.9962324778415007,0.27480523412273783,0.9969377478645929,0.9969406618086709,1.1147607105575048,0.9991755165912772,0.9988943795127749,0.5043023822410362,1.0002588293295795,0.9991874079074377,1489.0,8.954005429715314,0.019716143843429065,4.735032423928035,5.105034685041643,5.629591640984565,0.999006049878976,0.99970297879509,0.9993754520645287,0.3189636514301872,1.4339069118060417,0.003156055874307939,-0.0006327120970405749,0.32014948876720306,0.15501896744740265,0.3557063054697767,0.9967140608310083,0.25734269856748426,0.9978726515618768,0.9977049726344455,1.0142716666243246,0.9999778460198725,0.9989267768219803,0.336146562091443,0.9999804118207636,0.9998005232039731,266.0,14.39226255061658,0.034238177016707505,6.931396260059628,9.264351083946238,8.559483991765862,0.9985223969790352,0.9991295127875067,0.9988034163141266,0.9417450597572351,3.096926199798515,0.009596609234737945,1.6231790563320563,4.224519395246314,0.11362542674523471,4.527050376053965,0.98578811179658,2.7089969761950954,0.9958451733286064,0.9958652947838151,5.243454317199166,1.008830211375544,0.9990190190716421,0.2713533572628819,0.9997918618070643,1.0044302242170982
9,20270222,primary_loss_weighted,Primary loss weighted,0.0,0.0,1.0,9922.0,1.0,50.0,6033.731809484177,5.383287800010294,2560,0.03,0.034310800099076354,0.02378399288789283,1489.0,12.45604812064385,0.029580083290640102,6.863963823049269,6.974981584564339,7.706410793271687,0.9988940634643463,0.9995962127975487,0.9990959563164571,0.622777580457991,2.202072625858999,0.006167076050005467,-0.023745542611329003,0.44031396775137827,0.325681222167027,0.5481865553468788,0.9949480587846201,0.30721105634125934,0.995736496273781,0.9958821378345531,1.2420888358687137,0.9983722580450827,0.9974292438880845,0.7059703888458841,0.9993393303791491,0.9982910159446611,1489.0,9.40192394427094,0.020702431592798297,4.9854120893109,5.459123877677768,5.8085976484670025,0.9989007446881307,0.9996617212126565,0.9993373291635537,0.420600165945091,1.46107998855865,0.0046720638765710195,-0.021186768195065687,0.08274361711905415,0.21828579778837068,0.23440152481714263,0.9951356774121383,0.360705760142082,0.9967596222631011,0.9963900755807844,1.1745513390545739,0.9990221184211799,0.9967685923956067,0.7636496127762769,0.999162214849521,0.9988673997710316,266.0,14.43623757844799,0.034342790504816915,7.008001595106089,9.22607705222974,8.61233831724603,0.99847824036859,0.9991217156553677,0.9987875507911336,0.9920962761577871,3.1060500942356186,0.00957558347753334,1.5709205887859687,4.020475476549816,0.10801750274327834,4.317833060078749,0.9858981670586919,2.6483300569312576,0.99573000466269,0.9943496279127371,5.41292333938739,1.0077335720394909,0.9975367354460433,0.5040757839815626,0.9989723959872724,1.0035364483311124
10,20270302,primary_unweighted,Primary unweighted,0.0,0.0,1.0,9922.0,0.0,1.0,9922.0,5.725716200016905,2560,0.01,0.04091560130626599,0.027638484141865413,1489.0,14.012304789057131,0.0328400111108228,9.428094237582487,7.838515185167367,6.783318084875421,0.9979473133292807,0.9994655948756724,0.9993333078394735,0.5161755011554854,2.096367021873556,0.0055175055929167095,-0.30463379589920325,-0.0039257272525643275,-0.33424910245598943,0.45226057028117483,0.9955612042161642,0.008129402486233062,0.995582725681658,0.9970496442525464,0.5982831171181999,0.9982834782850747,0.9990539262543998,-0.19380705661097863,0.9985444422217241,0.9979695918253592,1489.0,10.099988959011585,0.022218264310706254,6.605005115635026,5.765490767763195,5.014259726163817,0.9981485203624321,0.999610900888633,0.9995366944589674,0.31033277524319036,1.4202682390838313,0.0033047925062541185,-0.10974749798152637,-0.07206825525826727,-0.18314796349119158,0.22534756102551176,0.9963362128870183,0.1779651186469806,0.9971145325062133,0.9981728937066056,0.48463364730793046,0.9992627179176597,0.9990094033210472,-0.023140598430700265,0.9989391368343824,0.9989927586414885,266.0,14.208642921878486,0.03380135887707402,6.937916609667048,9.370381587505031,8.120763246351927,0.9985246647229559,0.9991052103182487,0.9989261000998215,0.9323455613715175,3.2034629821768927,0.009713414044477125,1.7126561628914718,4.226976674644716,0.25749292879794966,4.568022060877288,0.9862252587886456,2.765075140206875,0.9964905086468407,0.9954945432697362,5.337277642134097,1.0086914465459202,1.000341059273816,0.2026553963977733,1.0009182430333239,1.004786981398471
10,20270302,primary_loss_weighted,Primary loss weighted,0.0,0.0,1.0,9922.0,1.0,50.0,6033.731809484177,5.453709100023843,2560,0.03,0.04122100457568194,0.02842371083912353,1489.0,14.021808836413813,0.03286228532091812,9.522585268730019,7.7203231033115385,6.806475154231643,0.9979075928107657,0.9994838614151772,0.9993288595582583,0.5466388287738291,2.1250939968704756,0.006044984693411613,-0.31169227556895795,-0.10564072200059235,-0.29571300260976613,0.44244572176329744,0.9939948071900702,0.11144125019372098,0.9942898324425028,0.996180503458433,0.6739719061919232,0.9975704298177677,0.9976082114726514,0.059341426890625826,0.9977642094533528,0.997150935978993,1489.0,10.448088253742716,0.022984023775206065,6.7415128485920075,5.951007489671852,5.319780308258491,0.9980727248219247,0.9995887523767735,0.9994797778333112,0.3916488694852009,1.4437602630933934,0.00440668686708457,-0.14813366535162376,-0.3810656482896972,-0.1430763942330684,0.4331575529800796,0.9946033967768854,0.27565483172745076,0.9958089564128999,0.9970582259915399,0.5152649009236825,0.9982169325057333,0.9971731205967093,0.31353882997947835,0.9981251820605296,0.9979840778925912,266.0,14.267398902974776,0.03394113520998138,6.952194786365542,9.301927396402725,8.288534600343423,0.9985139073791454,0.9990989396676343,0.9988794426747767,0.8865074931244179,3.1949431685832357,0.009935925448909448,1.7073539853320834,3.975085933991297,0.2992464880222787,4.336578636948542,0.9865216917975155,2.7371248620951434,0.9966831771741413,0.9943166917445936,5.37565041220094,1.0076084751767236,0.9992393622329121,0.42154633851697554,1.0004399702838052,1.004045775216928
1,20261202,legacy_geometry_only,Legacy geometry only,1.0,0.25,20.0,8308.538165163573,0.0,1.0,9922.0,5.485953699972015,2560,0.003,0.032634620495158466,0.021979760827792016,1489.0,14.492297898156062,0.034101978078692155,7.490437718624987,9.870088874880103,7.516740434142089,0.9989012421415163,0.9991875392531263,0.9991647365295644,0.5982219445845324,2.5475010492100094,0.005931706710571854,-0.045014971069400556,-0.2500313921698412,0.4341706110633846,0.5030369411901284,1.0026454384961576,-0.18571136764980878,1.0022939848525414,1.0008293963176509,-0.4143780129823824,0.9999998466540609,0.9992725134233567,0.5365597063455141,1.0006836690372238,1.000559468032509,1489.0,10.307594131472316,0.022633989453714656,5.260916709553263,6.986555272179043,5.4550249846442425,0.9989710825677967,0.9994489978288372,0.9994200166795818,0.315324083220084,1.4314494600535208,0.002934354493148611,-0.000635442554089951,-0.10505372842656577,0.3208751358951682,0.3376352210290047,1.0026229361194852,-0.19122622945720025,1.0018756662850243,1.000586981050055,-0.28429981470861776,0.999955276079724,0.999112742031236,0.4633763413727081,1.0005616115713822,1.000277629185602,266.0,14.85205607113714,0.03533199335665772,7.47997301441737,9.946651244891356,8.105411911574315,0.9982208804915687,0.9989899182865154,0.9989275276245572,0.9446062325823948,3.302812465819873,0.008867358058305365,1.5474714405234777,4.468546247866247,0.0059641193420742426,4.728912031247235,0.9876503467172065,2.4910107258469765,0.9968981415161388,0.9949877189141527,5.70374633347862,1.0090907492831538,0.9996091914076076,0.06880064217818926,0.9998051428306383,1.0047040589801088
1,20261202,legacy_geometry_plus_loss,Legacy geometry + loss,1.0,0.25,20.0,8308.538165163573,1.0,50.0,6033.731809484177,5.230054099985864,2560,0.003,0.03302460234688739,0.023712338617441882,1489.0,14.696431066724994,0.03458232597718225,7.629020304913065,10.06792162382668,7.51133073847151,0.9988657587916662,0.9991564965647861,0.9991663888123302,0.6140287780326406,2.4141606640765403,0.006670654626079758,-0.11037535252098461,-0.3739139540632402,0.42644345518920146,0.5777961439478833,1.0036511112381923,-0.3045579787563071,1.003074743659401,1.0012698032252942,-0.6255281278095026,1.0000175489267233,0.9997382283066253,0.46328615128234674,1.0009566739809417,1.0007715608299195,1489.0,10.854753857607324,0.02383547326389144,5.544212382387325,7.413025058682423,5.668725592897467,0.998861802075626,0.999380470335164,0.9993735665918297,0.4061749589955374,1.5407278846894654,0.004230505193448381,-0.06301521019575371,-0.18182293272835628,0.3232564768620613,0.3761984122975904,1.0034824301440166,-0.3160595358095577,1.0022473393425366,1.0008519318931748,-0.4419769148989303,0.9998698735186402,0.999113950025274,0.46556366818282413,1.0005696588252326,1.0002563524800312,266.0,15.063330461829002,0.035834600223518635,7.5666172047011955,10.024324447051358,8.316438423990991,0.9981661419564744,0.9989635728124789,0.9988704587672721,0.9738486041624949,3.1568458633554948,0.01101487293004144,1.498000188383514,4.382180880976366,-0.06451291723653096,4.631595378968483,0.9881658110216632,2.4021569250394634,0.9970837390285956,0.9939560031737952,5.871631546113491,1.008474144964985,0.999215930023934,0.06155450276202146,0.9993912436842183,1.0042456472905514
2,20261212,legacy_geometry_only,Legacy geometry only,1.0,0.25,20.0,8308.538165163573,0.0,1.0,9922.0,5.373941000027116,2560,0.03,0.0347187360317258,0.023394837016474622,1489.0,15.086056033973287,0.03594649784982189,8.320596496070602,10.055622998893016,7.5657918761946705,0.9984333885595056,0.9991548123633125,0.9991517695077861,0.6063541997313546,2.7344284967588606,0.005679106266027598,-0.1912575379057517,0.31379204039394815,0.053172593092360526,0.3713114798609558,0.9904141239983598,0.41221254987532063,0.9914209760877438,0.9935632505453541,1.5384663033357242,0.9966380571872164,0.994314577339441,0.8910961937357058,0.9966954413708471,0.9958925994816756,1489.0,10.591195565389548,0.02338354709319784,5.748550255098244,7.0419409962559945,5.434948065454377,0.9985999752211008,0.9994466757387324,0.9994169489293402,0.32956863830588623,1.515650975954285,0.002855069731339562,-0.12952347344689855,0.059460207013218615,-0.07038345868814469,0.15895180920238064,0.9914173946460384,0.5362639265623557,0.9937700788039928,0.9952775211915843,1.4673713723819901,0.9985623897161714,0.995800088157717,0.6467442895670956,0.9978341546584545,0.9979566156495674,266.0,14.384367345357527,0.03421939488052204,7.074836029520816,9.36058138550934,8.320831401178499,0.9984553631184955,0.9991154435712907,0.9988698661564581,0.9249576831596217,3.1844205293278156,0.009957711065129656,1.28457151861588,4.1843831691366615,0.15186101408215422,4.379754360713776,0.982922874919334,2.589299515833517,0.992535563595037,0.9925508653250107,6.020108586505131,1.0074361300714154,0.9960804595917644,0.7820679623518174,0.9983078709251146,1.0027843205147637
2,20261212,legacy_geometry_plus_loss,Legacy geometry + loss,1.0,0.25,20.0,8308.538165163573,1.0,50.0,6033.731809484177,5.045398799993563,2560,0.03,0.03489897147012814,0.024313234439028747,1489.0,14.091092763680654,0.033575736069825626,7.528468069881295,9.087619268198239,7.700405173216748,0.9987038990256134,0.9993028702113179,0.9991133000608113,0.6461185047905276,2.7090558402224043,0.006010987596136039,-0.12833220410745164,0.056796872213901575,0.07294035196345144,0.1581623667277114,0.9947010494144993,0.2052584009068994,0.9952024044796937,0.9961625646176825,0.7869182450497476,0.9977353136868272,0.9975551804872467,0.433260435685753,0.9987127818717066,0.9976707894396315,1489.0,10.33312486182005,0.022813771149298525,5.388030801450772,6.635196377618846,5.806613688115924,0.9987589357065814,0.9995065355232277,0.9993306409187027,0.42209082374653184,1.5977764066159112,0.004142536604447798,-0.11514095277683052,-0.22673178149753,-0.04126303377414302,0.25761866722667065,0.9948492237997654,0.28442558360140424,0.9960970488566281,0.9965497301584779,0.8018961129797049,0.9983448607921361,0.9969132564978528,0.4857931284173844,0.9984411177325667,0.9981765928979004,266.0,14.756707634325466,0.03510516615375316,7.325498370916396,9.608972632863377,8.47143073887424,0.9983125370095243,0.9990493667102182,0.9988273458265653,0.9527538336271516,3.1774397510834915,0.010636312538810009,1.3141867116760264,4.117746078935933,0.08255338544652384,4.323162562891521,0.9843700072775453,2.5083507764683333,0.9936821764399782,0.9921455297391559,6.053360257883128,1.0071130122603082,0.9966614592712569,0.619343760132864,0.9984254150615073,1.002773165378567
3,20261222,legacy_geometry_only,Legacy geometry only,1.0,0.25,20.0,8308.538165163573,0.0,1.0,9922.0,5.356781299982686,2560,0.003,0.033342018385742384,0.02264763512385161,1489.0,12.601974924572747,0.029753315405968126,6.745744257226348,7.837272945862904,7.202906301466336,0.9989766872093123,0.9994473432039447,0.9992376555014817,0.5212110654458004,2.3690370269192917,0.005672866298379304,-0.006712912010918857,-0.1896552849066097,-0.011857794075950535,0.1901441494262216,0.9981158267544165,0.09368860539390766,0.9983148466384639,0.9978327824060688,0.2681300811827043,0.9983985051736104,1.0021460585966855,-0.31876015537221747,1.0013048996152991,0.9992648033738389,1489.0,9.054353543261835,0.019871934151601586,4.750889717788277,5.695823333423354,5.193068604420881,0.9990560054521879,0.9996016903075436,0.9994797718156251,0.29944167936525623,1.387078511165569,0.002818124927787348,0.02831688401391547,-0.09690619670478957,-0.04775032580952671,0.11168146889686249,0.9986715207487751,0.12410604036300299,0.9991930822083798,0.9987180925045792,0.3022096327365489,0.9994016725409124,1.0011808207383623,-0.24177720228490784,1.00042841572825,0.9996455709154136,266.0,14.727286529363482,0.03503517542115133,7.394582255803525,9.742266291274012,8.203741176440957,0.9982676907502934,0.999030507447325,0.9989003987082399,0.9324425728784533,3.192530440919895,0.010042663676680193,1.4294350421384727,4.299624262064867,0.011795804646534873,4.531025543476613,0.9861278246861427,2.4892981882363188,0.9953692617459274,0.9930904325794616,6.002381574198154,1.0079318656793834,0.9989330347077949,0.18334881103919543,0.9994552312934175,1.0037605400209384
3,20261222,legacy_geometry_plus_loss,Legacy geometry + loss,1.0,0.25,20.0,8308.538165163573,1.0,50.0,6033.731809484177,5.24748499999987,2560,0.01,0.03364021446463947,0.02359315920131303,1489.0,12.599861946229456,0.029748326655278635,6.776876497587597,7.8195648877432244,7.189219079069661,0.9989674208401609,0.9994507337818979,0.9992378098921075,0.5792633555041828,2.3398885335146877,0.006027578123000706,0.046999983895915455,-0.20635337035752052,0.008648304136135727,0.21181478963602954,0.9973533791881444,0.18802987386403203,0.997752805388764,0.9972317703976783,0.3783848698019767,0.998030117732659,1.0012959491122286,-0.17668207000977532,1.0008297123271916,0.9988370738434553,1489.0,9.403211669470526,0.020637586351854947,4.951093150560142,5.906590308716761,5.386952500284033,0.998974637985978,0.9995729116003755,0.9994379279443092,0.3808551295972907,1.504013194025859,0.004137918919284661,0.0512457388971468,-0.23458101726024172,-0.030491926119292575,0.2420416017390993,0.9978298659637866,0.20772188129953406,0.9987028269194791,0.9978616481870555,0.4311846955617966,0.9988369620683156,0.9997981944781595,0.0026678023527040295,0.9998064966168112,0.9990724635728914,266.0,14.864028231950323,0.03536047428241576,7.497715584707702,9.749469134801195,8.346942427057126,0.998213268855676,0.9990157206052372,0.9988611458222899,0.9377456765189882,3.269828852033015,0.010511588157287477,1.4375411925187107,4.122607191252787,0.06988371598334252,4.366611783444569,0.986313335862102,2.4832308975995545,0.9955322483063915,0.9919462008510457,6.107342928915841,1.0070471604247286,0.9981215423198107,0.3719132803676075,0.9991807902312364,1.0031928294860337
4,20270102,legacy_geometry_only,Legacy geometry only,1.0,0.25,20.0,8308.538165163573,0.0,1.0,9922.0,5.221443000016734,2560,0.003,0.037749336417507454,0.02452516590587498,1489.0,12.236470048124305,0.029592092799806173,6.983805370736589,7.606070089972835,6.5654672011011135,0.998769184804526,0.9994918803341768,0.9993298852748641,0.6316355956279298,2.2358465935130374,0.005703359286549381,0.4006367927299643,0.13218736081230062,-0.25139443500061326,0.49110334960856383,0.9979802916326025,0.527989657157427,0.9993829730334953,0.9983740223416485,0.44005722531704805,0.9992723231575248,0.9988599332313848,-0.08087756079487463,0.9986379590103264,0.9990855016681066,1489.0,8.816358705016906,0.019618850587483607,4.910898783975639,5.531766107357645,4.796959212101276,0.9988673529525646,0.9996466835362426,0.9995360879477604,0.32891517448574903,1.394515919809722,0.0030747769552508532,0.19955470951752835,-0.0038558136779313535,-0.13272709354114898,0.23969445289706845,0.9982993322176344,0.3319086545889718,0.9998470160932013,0.9987698525933191,0.36325630283982946,0.9995889071029526,0.9988637145853745,0.057791022486696875,0.9990468883241291,0.9994682582172987,266.0,14.977312566084255,0.03562996971940188,7.477353967408079,9.681509879511763,8.641610717984705,0.9982468344893385,0.9990384859050039,0.9987802743908637,0.9522837798012391,3.332700471447228,0.010508911448177255,1.5035351253911586,4.3043406927734384,0.12927119427287256,4.561214499935194,0.9848607464716959,2.660205691546196,0.994736671975793,0.9950223174236454,5.531014504388992,1.0086982526714896,0.9989043563196681,0.3054352819608255,0.9997742679403907,1.00422106802014
4,20270102,legacy_geometry_plus_loss,Legacy geometry + loss,1.0,0.25,20.0,8308.538165163573,1.0,50.0,6033.731809484177,5.685772299999371,2560,0.003,0.038036195388680125,0.025794867216102618,1489.0,12.386587327818338,0.02995512923548488,7.006885185804436,7.744328687117359,6.6600659762884735,0.998761853111204,0.9994729272068412,0.9993108660629446,0.6492549646803807,2.2399968261710517,0.006486586579508015,0.42191222459244376,0.06845370168234541,-0.26680863096706864,0.5038677208286731,0.9985267934214999,0.5148053772346373,0.9998944488631126,0.9988626011866251,0.28381386777257944,0.9994419581754653,0.9994723150231041,-0.1878841369789086,0.9989566536388429,0.9993500955653055,1489.0,9.42552908906908,0.020974424146467635,5.177892384354512,5.946699597578212,5.163990023334099,0.9987411190555145,0.9995915700301959,0.9994623513272823,0.43406685357285063,1.5663810418353388,0.004742189963040601,0.203331540357008,-0.06152314812470791,-0.14284432978203296,0.2559947569971044,0.9986366961500702,0.30943024154973386,1.0000795636042266,0.9990865090553168,0.2110893796919413,0.9995624642060486,0.9991001972195465,0.008023338078601228,0.9991256278966638,0.9994907721749737,266.0,15.277298229027531,0.03634361444303057,7.582279408091037,9.792791273391892,8.94461397892978,0.9981840599874372,0.9990024510396489,0.9986929903885707,1.0380291030146647,3.2002583581726065,0.01055389363106837,1.5022082603691016,4.219283850267648,0.15131647388932723,4.481281350453333,0.9855283702000338,2.6078709803056057,0.9952100048223645,0.9945985507367204,5.550388486692128,1.0083223899138096,0.9985642048880377,0.38217212572774883,0.9996526710637608,1.0040253442047282
5,20270112,legacy_geometry_only,Legacy geometry only,1.0,0.25,20.0,8308.538165163573,0.0,1.0,9922.0,5.9547654000343755,2560,0.003,0.03313352098339623,0.022313459267905598,1489.0,14.599083841389636,0.03467528473531927,7.633944795979059,8.007947488600617,9.525172590545719,0.9985841311403192,0.9994331078201127,0.9986859899636533,0.6082866791281669,2.650497871862468,0.006237376115955186,-0.30871809884293516,-0.7482383968903992,-0.0011468961848360854,0.8094250295766555,0.995017063742981,0.021811343555910412,0.9950751047679094,0.9981606504023887,-0.3885635269431873,0.9973548692416272,0.9949738514709602,0.7704447274799691,0.9970117583670228,0.996921938921707,1489.0,10.455458364748722,0.02300583404100158,5.373096316341876,5.879784651819229,6.773077442384538,0.9987147889535106,0.9996000787421436,0.9991200047374519,0.3163902242800094,1.5664100938471766,0.0031591035431586642,-0.14543468204642115,-0.3519520252799783,-0.051819211274487756,0.3843263008144669,0.9956762999200302,0.19211833439491954,0.9965426703195289,0.9996297359140595,-0.24011921404894565,0.9990896871630385,0.9967609937563775,0.49876916862953635,0.9983042575012644,0.9986672832089102,266.0,15.049625760355084,0.03580199770578559,7.439711865964399,9.826672976206007,8.635879868135872,0.9982772845672888,0.9990205967224841,0.9987809837135099,0.9685902389961117,3.3443873044092483,0.010252416145278151,1.456701474034977,4.382477658487561,-0.11473704830744184,4.619659533109837,0.9836190357268404,2.708241332626912,0.9936732919571525,0.9926707326622051,6.188663602185557,1.0079727649796073,0.9978846534919709,0.2253809064805523,0.998526561880477,1.0032893839995511
5,20270112,legacy_geometry_plus_loss,Legacy geometry + loss,1.0,0.25,20.0,8308.538165163573,1.0,50.0,6033.731809484177,6.011344900005497,2560,0.01,0.03350766714768921,0.02357064890385325,1489.0,14.661099139429863,0.03482258152057329,7.79545076905334,7.929233440038546,9.555419003729305,0.9985274532463053,0.9994445759473473,0.9986810094492308,0.6276250485693862,2.574447200799381,0.006402848121872089,-0.3502307388929271,-0.7302681234748705,-0.06270544161137359,0.8123331059588005,0.9936676697566331,0.06980706140545578,0.9938534296746696,0.9976581387416282,-0.2723298149373363,0.9970933965072849,0.9938392632252468,0.8830630456385222,0.9961750573532058,0.9963370999920503,1489.0,10.767245726739503,0.023691880319969664,5.6050790780301165,6.037501896980626,6.932909916692599,0.9986039488602425,0.9995786673422156,0.9990801350289105,0.41664259109658913,1.6169648196691278,0.004530117966078359,-0.1624145284821653,-0.40909054302577874,-0.09155443280764548,0.4495728702023069,0.99433663022827,0.2797270433919721,0.9955980779245417,0.999047036207248,-0.12126187156786727,0.9987743078354427,0.9956286392776647,0.6515192870486999,0.9976445339199893,0.9982075720354274,266.0,15.359070485260078,0.0365381448703417,7.538837470494458,9.994792847098948,8.89781387242033,0.9982160114324589,0.9989719881496028,0.9987063501222815,1.0150313070900734,3.3658384943357618,0.011197082999821176,1.4260014005007682,4.283587001195333,-0.17517883249171592,4.518106374842556,0.9841135328396389,2.6397606476277247,0.9939135567954803,0.9916758047881514,6.3349577168885105,1.0073395625789239,0.9966867270910128,0.3575488323054117,0.9977050635523458,1.0026977539956845
6,20270122,legacy_geometry_only,Legacy geometry only,1.0,0.25,20.0,8308.538165163573,0.0,1.0,9922.0,5.352839300001506,2560,0.003,0.04556701961253865,0.029219225874936604,1489.0,13.719661861301532,0.032530863716440504,6.72542789656232,9.396850142818593,7.395738542566482,0.9989730215207594,0.9992274088745987,0.9991633597825679,0.564846351649722,2.578756473208706,0.0055221964517176885,0.20127441820179393,0.5661286688326963,0.23859997552586237,0.6464851192546457,0.9980303182341799,0.3245793764314797,0.9988138721446427,0.9973598165994195,1.089379193921502,0.9996042422198889,0.9992579461020175,0.3513569775410019,1.0002157659812492,0.9996806525979003,1489.0,9.916817826013512,0.021933972502522686,4.812775646261544,6.7695319383267165,5.417924298941956,0.9990390953010513,0.9994736207322622,0.999426467655345,0.3194632024499259,1.4532213441571018,0.002969932439500509,0.1236344568931038,0.18849077897149158,0.1227348063894303,0.25666726590662736,0.9987547320507391,0.21819978992883193,0.9996848795930956,0.9979429424204899,0.8055614017393395,0.9997537021053007,0.9995054901523226,0.20484697758794823,1.000145495656793,0.9998495694578224,266.0,14.55909177823598,0.03463505197689567,7.300461697189059,9.510711304191913,8.259345186108286,0.9983346673729093,0.9990729894904209,0.9988867692228733,0.9380865397854192,3.2550292533707537,0.00958677631379762,1.4053755351581045,4.229483086167849,0.07797100624261485,4.457542714188539,0.9843116444541521,2.6039986414645995,0.9939789031468161,0.9949071753737814,5.4845318965940635,1.008468178156008,0.9997150568950814,0.12378584825930261,1.0000676119345335,1.0040967603202209
6,20270122,legacy_geometry_plus_loss,Legacy geometry + loss,1.0,0.25,20.0,8308.538165163573,1.0,50.0,6033.731809484177,6.1527413000003435,2560,0.003,0.045559454868201114,0.030195302214056922,1489.0,13.71726479869425,0.032525180010982924,6.839958290463894,9.30823908359119,7.3983112468262755,0.9989382830889454,0.9992417339287676,0.9991635445287804,0.5913031151406413,2.5109406439043545,0.006147053477342233,0.1959294743434722,0.5634891122336707,0.2737336432895119,0.656382850165168,0.9990067607044478,0.25810770636825,0.9996298480517368,0.9976121412004972,1.0367321340642661,0.9997480991628312,0.9996871300330924,0.3212750410033607,1.0005629447760571,0.9999862186000523,1489.0,10.38817005601212,0.022976507218111817,5.138146152503799,7.027800366940364,5.6677643944125,0.9989066550943069,0.9994324081671383,0.9993730779757757,0.4276098978126128,1.5398711300417027,0.004584101206133572,0.18012546880172597,0.1899817982683439,0.23421400778712684,0.3512754896488276,0.9995931830111954,0.211019048013938,1.0004927203066465,0.9980916623551568,0.7624398133887098,0.9998054923291331,0.9994163853077116,0.3311218241879885,1.0004509126052383,1.0000331907868787,266.0,14.794562389535837,0.035195219945174674,7.387608272946438,9.57225742678384,8.524916894535881,0.9982842673933974,0.9990510501470623,0.9988142069656205,0.99226598001463,3.168376506742412,0.010045489153074802,1.3971401650095967,4.158141155035844,0.11709714381078908,4.38814884056757,0.9847153472333954,2.5649195364283344,0.9942375260432025,0.9946120744253458,5.485913085041489,1.0081764923213383,0.9996831327030954,0.16804494671373504,1.0001617422828777,1.0039924315493334
7,20270202,legacy_geometry_only,Legacy geometry only,1.0,0.25,20.0,8308.538165163573,0.0,1.0,9922.0,5.574948699970264,2560,0.01,0.039515447797211084,0.026156002905024664,1489.0,12.765648830782142,0.030331278162990714,6.705730581345017,7.717117927968041,7.6446751616466875,0.9989521322203052,0.9995095543113318,0.9991253343482949,0.5919889586735808,2.279818482682194,0.005923314253273466,0.10771672057777715,0.6448247657101378,0.2327569344221158,0.6939579676657269,0.9921228942432644,0.5992995198406135,0.9936177833966441,0.9975038439905202,1.1224105790373642,0.9997230028884988,0.9981588204389705,0.5055663313036121,0.999512316228803,0.9987948670157033,1489.0,9.228276573262633,0.02041581965728627,4.784758250076604,5.5792583807833305,5.580237711908949,0.9990288496640132,0.9996606446093389,0.9993915667069753,0.30993298066017344,1.5473967534080963,0.0029710062323148215,0.05613924939393838,0.26817744995579684,0.10890495185556175,0.294840717211804,0.9934243744592413,0.5588071919447231,0.9958646016949402,0.9974000932116024,1.0370342684080356,0.999706440088844,0.9984542821391302,0.36873652358909226,0.9996054951924553,0.9993506787943609,266.0,14.703436180889925,0.03497843712513457,7.312622555048037,9.712389886758979,8.269587025993953,0.9983525594547266,0.9990406475197829,0.9988830789007228,0.9172207533568522,3.1991589965143095,0.009741791511142956,1.595987397583892,4.349770776845729,0.17793115502550189,4.636738194062332,0.9839905101923664,2.8191458317186004,0.9944564957015756,0.993732398420762,5.8943254166720465,1.008306652866156,0.9988134813798847,0.36870665438684114,0.999863596485218,1.003996096542314
7,20270202,legacy_geometry_plus_loss,Legacy geometry + loss,1.0,0.25,20.0,8308.538165163573,1.0,50.0,6033.731809484177,5.811162600002717,2560,0.03,0.03987241080888581,0.026980008270762166,1489.0,12.98170812188956,0.030844636672624423,6.976905670701255,7.867958286575324,7.612014544440967,0.9988843405004509,0.9994923699306887,0.9991345971847949,0.6103661169965522,2.3603923083157383,0.006672608165095959,0.18539792148315348,0.6145626870893004,0.2525328591247265,0.6898061543581674,0.9892565588871087,0.8558587505096682,0.9913914078576244,0.9962196182542609,1.3378574987395666,0.9988647451160385,0.9964527759863573,0.7781285501958735,0.9985359719023569,0.9977064789099142,1489.0,9.681460342235432,0.021418403186887494,5.0661847660638015,5.8731345298661495,5.7940259809975245,0.9989274954858378,0.9996266889769184,0.9993476546548855,0.41601527334492794,1.5825864178589293,0.004327058948169181,0.06830500241174312,0.06512145607285597,0.14589866427689938,0.17376074825259166,0.990340084429674,0.8067487983444437,0.9938630354912671,0.9959030542256333,1.2766897736402711,0.9987423909402836,0.9960491379653816,0.8100293689448677,0.9985780883769914,0.9982810414235777,266.0,14.768545447590158,0.035133327476173586,7.279227366822186,9.701959751663727,8.425838863682362,0.9983681044558186,0.9990303206814574,0.9988398108431115,0.9764956211109024,3.1672568929600815,0.009635368832280576,1.5643468164304115,4.173201717169013,0.15855558861058677,4.459588928246415,0.9838358567939677,2.7993210929743526,0.9942282436173315,0.9924303119222565,6.0386356785820965,1.0073613865849749,0.9973360917151395,0.5868745586471391,0.9990075718244316,1.0031628509762416
8,20270212,legacy_geometry_only,Legacy geometry only,1.0,0.25,20.0,8308.538165163573,0.0,1.0,9922.0,6.258751199988183,2560,0.01,0.035955146643354426,0.024068408958959404,1489.0,12.434352143524116,0.029852879150916025,6.21811139913219,7.704498817144068,7.5225595267681875,0.999029346029871,0.9994761184225945,0.9990927391772599,0.5792544749456415,2.4642732708552737,0.005708723387413419,0.2360367579293917,-0.220336212873784,0.019216640431968992,0.3234666552627508,0.9958415765070171,0.5177618868468699,0.9972769805926941,0.9978697950125931,0.18909250975559644,0.9982584998423951,0.9959006417718875,0.6601039862989921,0.9977583352588902,0.9979600898526181,1489.0,9.119048885133058,0.020288150860307854,4.482133859184215,5.678776790432807,5.551488341178659,0.9990839776806318,0.9996311555471571,0.9993659128147014,0.3262367248493433,1.502581757856872,0.002861242136161292,0.1365747744209823,-0.16632100509152092,0.012400106273334712,0.21556694639574484,0.9961674362174955,0.44133504527144396,0.9982007466190044,0.9989616670681633,0.1411773568261765,0.9992798895436855,0.9974608286095411,0.4456072501984636,0.9988848858472081,0.9990833168805123,266.0,14.62926031327692,0.034801977970309525,7.188591882536436,9.566805127564741,8.41520312952405,0.9983830600726339,0.9990525239099799,0.9988423892088466,0.9565808992875182,3.1813681569441314,0.010333701634125328,1.415478166336278,4.129835553577927,-0.05007041736091467,4.365962343592271,0.9850387405943527,2.5585496100352003,0.9945372712634445,0.9938089162050824,5.655533554655449,1.0077927361036025,0.9980811007314346,0.2584615854061667,0.998817226352587,1.0033813295390175
8,20270212,legacy_geometry_plus_loss,Legacy geometry + loss,1.0,0.25,20.0,8308.538165163573,1.0,50.0,6033.731809484177,5.555404999991879,2560,0.03,0.03652579339908648,0.025012573046223657,1489.0,12.556111917473475,0.030145204780365576,6.236940981223169,7.746953527605528,7.664282400980442,0.9990272633465449,0.9994727540206481,0.9990627377313007,0.604238162011558,2.4365182827337164,0.006265025052349099,0.15935042981417227,-0.2581346908471965,-0.03043088667316938,0.30488049620212576,0.9943025327119249,0.5453427918101426,0.9958144000226418,0.996553963726469,0.4041988582464455,0.9973848482951065,0.9943285136673172,0.8562405434905997,0.9967381832253945,0.996956573024008,1489.0,9.539054518124916,0.02122258357929569,4.658058044120704,5.913344007035782,5.859045913100176,0.999015035314333,0.9996023122503003,0.9992982322123855,0.4166070901761674,1.5990706154960714,0.004238687543701443,0.042513596684540515,-0.3464668210502915,-0.07480021591785305,0.35698982659609213,0.994184096760087,0.5049863296178358,0.9965106601446017,0.9976050129422483,0.36279951780124975,0.998422785446766,0.9953325613829663,0.7215098560720037,0.9976383392448162,0.9980521396002024,266.0,14.67401245417794,0.0349084401555745,7.167975668924109,9.569971295066843,8.506610119588057,0.9983917378536088,0.9990395643446967,0.9988174589452122,0.964851646616437,3.1623524382988673,0.009212837362061873,1.3944793918911842,3.939951471852628,-0.07763159146373143,4.18016949883089,0.9850028241710614,2.5402949252894302,0.9944335849277651,0.9922963428343483,5.838400067923942,1.0067323167802815,0.9967515176943835,0.44467865593895795,0.9980180090041144,1.002515789799264
9,20270222,legacy_geometry_only,Legacy geometry only,1.0,0.25,20.0,8308.538165163573,0.0,1.0,9922.0,6.480155500001274,2560,0.01,0.03544661624492089,0.02343643739515935,1489.0,13.016826914885176,0.0309117964697014,7.454662493052697,7.61521390934325,7.474911849761008,0.9986943205850558,0.9995168413518094,0.99914949984411,0.6194970496565372,2.2802757063961,0.006022449374766289,-0.010292499421180962,0.6415249846126813,0.3398399454083195,0.7260519471234587,0.9946689072124378,0.3389515361786124,0.9955388046090831,0.9965091273995503,1.3212208574676936,0.999157890245448,0.9986379471662994,0.5413269455557668,1.0001025713237597,0.9989281917375223,1489.0,9.323787353550498,0.020530379847445674,5.206355942826672,5.525638918636706,5.412410087167172,0.9987998808291552,0.9996523307116177,0.999422820265916,0.3183430661944315,1.3803256983911751,0.00301992166719494,-0.0017162155738965033,0.3348563673998901,0.16480926726803727,0.37322088200095876,0.9952806330234955,0.36879600976773474,0.9969410012440694,0.997252413982472,1.1658531646322103,0.9998649651523449,0.9986888639035736,0.38608936283480944,0.9998990421746514,0.9996266423370423,266.0,14.837956716053748,0.035298451985836504,7.315598643585252,9.612616904968803,8.61652901299393,0.9983238484079632,0.9990664318253251,0.9987862400721607,0.9668991824871659,3.262226565863915,0.009294779090425113,1.39960031663876,4.364990121289613,0.018230228699338092,4.583923226509106,0.9845137759660235,2.582780153576863,0.9941022617253183,0.9939482212256405,5.856358528640726,1.0084285990952515,0.9979099110900269,0.3542871171036097,0.9989189578454055,1.0037218215249384
9,20270222,legacy_geometry_plus_loss,Legacy geometry + loss,1.0,0.25,20.0,8308.538165163573,1.0,50.0,6033.731809484177,5.346252300019842,2560,0.01,0.035897633160342585,0.024685525214041534,1489.0,13.23403440822468,0.0314276114121377,7.570684441741635,7.505841504532259,7.841348551779016,0.9986501463872636,0.9995284869875521,0.9990646134065154,0.6355741172803546,2.395974306810857,0.006533085733101815,-0.08342858998261533,0.5510065152069885,0.31513768630283534,0.6402189240840518,0.9963192873398182,0.1576977596326543,0.9967240085342046,0.9971732550665589,1.1013923598884503,0.9993813091894853,0.9995918570659266,0.3755138283900692,1.0006078541985945,0.9993769713667586,1489.0,9.86226444362997,0.02171607175345734,5.471909285070503,5.762202544226889,5.8411891401796145,0.9986715491613917,0.9996203759874674,0.9993279153259169,0.42473714002083307,1.5130213489517237,0.004709867821630343,-0.0010349095981110872,0.26076047208363384,0.19617259263141798,0.32631393004113096,0.9965915536729454,0.26655840108989537,0.9977916347106319,0.9975864374382531,0.9907331629972305,0.9998065635763821,0.9990528573312407,0.35602161275198796,1.000168789706645,0.9997307660032039,266.0,15.152569940980575,0.036046894647228926,7.502586216139785,9.764576779193789,8.829757426392119,0.9982172867667968,0.999023562766265,0.9987254200993765,1.011197457046112,3.329359100484562,0.009942052833443195,1.3731462733914575,4.289768321755477,-0.03193707037198334,4.504293831326903,0.9851458742428654,2.508032482749215,0.9944568617504105,0.9931294986695433,5.982898392920646,1.0079227578358474,0.9978593643155493,0.31224702815654837,0.9987486765017043,1.0034234014763224
10,20270302,legacy_geometry_only,Legacy geometry only,1.0,0.25,20.0,8308.538165163573,0.0,1.0,9922.0,6.4006897999788634,2560,0.01,0.04229186191526875,0.028324449226411717,1489.0,14.354814158085508,0.03364273497772276,9.618140372204683,7.704488280429175,7.361584451085781,0.9978654000150828,0.9994834462024206,0.9992132923610729,0.5224381045737386,2.093881528025555,0.00564807807728083,-0.32604626068879455,-0.11025957313142835,-0.1830266712379808,0.3898231649873133,0.9939530102834938,0.10003232828921682,0.9942178319976585,0.9973343105967047,0.4338448916929849,0.9982290251171273,0.9980852416359111,0.10121394235272874,0.9983513149585991,0.9976805498262739,1489.0,10.268199265020426,0.022588298481422315,6.710479439372812,5.648332546045238,5.338700337086438,0.998089844098958,0.9996264875509782,0.9994744212407599,0.3091423457798073,1.3641150392805381,0.003043780432653974,-0.13365551247697363,-0.11646104162225938,-0.11839900183018678,0.21317901835220243,0.9949582078624442,0.2622701141112742,0.9961052302502764,0.9984061207175735,0.36917880987164153,0.9992363148393418,0.9985415602166676,0.11717730464104648,0.998897369403652,0.9988769935086608,266.0,14.734015825213746,0.03505118394112579,7.269070200143226,9.68284759774637,8.396088563245158,0.9983419372538744,0.9990295645828277,0.9988486518542867,0.9422915147209502,3.3764603926772137,0.009279182612855723,1.501654993556237,4.189978071563837,0.12335299507468185,4.452650886971949,0.9858511015759734,2.5826603628098894,0.995439142616014,0.993923611681849,5.687411124946891,1.007986251765494,0.9990203992840683,0.28085900685425713,0.9998203151034807,1.0039159950999121
10,20270302,legacy_geometry_plus_loss,Legacy geometry + loss,1.0,0.25,20.0,8308.538165163573,1.0,50.0,6033.731809484177,5.579111499944702,2560,0.03,0.04277619853206403,0.029130454366688072,1489.0,14.660871790380876,0.03436002854194649,9.73874120192044,7.825327558180622,7.672178964491245,0.9978163472187713,0.9994692371266034,0.9991466828180952,0.5260072501668278,2.1502840283768636,0.006222490339527215,-0.31623817773935314,-0.1869588256235021,-0.12311688052410619,0.38745058240814767,0.9919834536724821,0.24861787590701567,0.9926416350144103,0.9963687812784404,0.5542236679978885,0.9975117518949308,0.9965207520716104,0.3933679065629576,0.9975548458289039,0.9968131443764496,1489.0,10.749562941061116,0.023647217003734428,6.8651936962606595,5.930581842731809,5.7663175375032125,0.9980048753395622,0.9995920270027998,0.999388848741116,0.37970301725760836,1.4453341123686814,0.004300485019875199,-0.14334868056992117,-0.4343070023494245,-0.06626424936408769,0.4621280853342137,0.9928840592636015,0.41545723961807823,0.9947010362250964,0.997102947570594,0.4483973072548224,0.998111284990689,0.9966170152598879,0.4801765835259175,0.9980750726910326,0.997805636862285,266.0,14.825108713966976,0.035267887495492416,7.21878764019499,9.65712644644482,8.626289015798376,0.9983658267278557,0.9990194208144035,0.9987837785234854,0.9784731080469,3.3927302712790217,0.010258656934617943,1.4840087264282038,3.9748015500182508,0.1468894222182976,4.245339299102272,0.9858133186892712,2.5679007870812143,0.995346565293366,0.9926394282480291,5.7887019882562925,1.0069525191823672,0.9975344154740328,0.5433207223130125,0.9990818497032588,1.0030862112394718
1,20261202,full_inverse_geometry_only,Full-inverse geometry only,0.0,1.0,50.0,6033.731809484177,0.0,1.0,9922.0,5.597139600024093,2560,0.003,0.03433772753183627,0.024413403796873158,1489.0,14.567850378754523,0.03427976141265794,7.376360688619409,9.964150890890945,7.650311410179705,0.9989258527649865,0.9991710558633426,0.9991345883310221,0.6038136822938619,2.542775247583156,0.006294345431674646,-0.011494209868400437,-0.11306014253351293,0.4615549143924656,0.4753395120227576,1.0002242247397108,-0.023419496714915056,1.0001799039878028,1.000613537859252,-0.2346339568400424,1.000143820562809,0.9981237769022608,0.7256213476335063,1.000032165896338,1.0001163503707324,1489.0,10.70417103074091,0.023504815103341795,5.351303920422108,7.288693284551865,5.728679953563166,0.9989283128341304,0.9994000210075694,0.9993604972839829,0.35592442907561206,1.554234036854221,0.0036424440256803453,0.021075893164267015,-0.08398575966251681,0.34590157312237707,0.35657495619756696,1.0007708158673942,-0.03493401177880173,1.0006343014714714,1.0004333945282882,-0.2163312127303243,0.9999527135877834,0.9983437465371607,0.6119100208793498,1.0002570461845617,1.000089199119914,266.0,15.872432038563709,0.037759395780250136,7.879101630258993,10.580410722238444,8.826594205446149,0.9980931028494655,0.9989148468642757,0.9987300748823825,1.1386324793974512,3.4702108880905973,0.011232336613964496,1.960238772375486,5.22522843238211,0.14415305855954008,5.582681104952227,0.9843741240158694,3.1540883097679284,0.9960835723790546,0.995660973544602,6.294515201696669,1.0112247335467979,1.0001028109887575,0.12762249815574478,1.0004662932082922,1.00602407831858
1,20261202,full_inverse_joint,Full-inverse geometry + loss,0.0,1.0,50.0,6033.731809484177,1.0,50.0,6033.731809484177,5.772743700013962,2560,0.003,0.035225085107400925,0.02943457643080963,1489.0,14.987894527170289,0.03526817170080002,7.697879994062072,10.22274854296567,7.802245714016782,0.9988372494761425,0.9991292051051731,0.9991012811614118,0.6580490656341472,2.4683554992764893,0.007141627404232803,-0.07716674077059298,-0.3087792416838237,0.5132132139210389,0.6038933092187354,1.0021602599986585,-0.19205914818416403,1.0017967933553755,1.0010079417979663,-0.5085050240946032,0.9999899578353628,0.9994776770033206,0.5867268439894247,1.001020772524491,1.000576569245903,1489.0,12.109317096772799,0.02659031311906077,6.135348026943882,8.120693836194812,6.561051497836108,0.9986008884323854,0.9992562789623929,0.9991634878652068,0.4792878124873059,1.7130072255339832,0.005365179346339563,0.012567083916025238,-0.27986894994519956,0.5054142883152439,0.577865177679695,1.002753972464425,-0.18754521588608952,1.0020210872173176,1.0004982002418057,-0.43200408875435414,0.999538301163612,0.999403004251139,0.6012969029241049,1.0012831191587108,1.0001930506413663,266.0,16.89357546881473,0.04018862394374585,8.604672226253967,11.356796921565644,9.076104433157969,0.9976651466298535,0.9987032747932402,0.9986604329020081,1.1707095666240306,3.4368224081098635,0.01276006740471321,1.9445031167053617,5.275873924802428,0.29305490971618064,5.630436858841044,0.9852855218718963,3.068719955751604,0.9966780430488297,0.9949941816747242,6.509481361823418,1.0110894650139206,1.000743453056827,0.173518118836256,1.001237650803114,1.0062634575044382
2,20261212,full_inverse_geometry_only,Full-inverse geometry only,0.0,1.0,50.0,6033.731809484177,0.0,1.0,9922.0,6.660112600016873,2560,0.01,0.03518749877317706,0.024987295753058678,1489.0,14.005532123158444,0.03337186533159989,7.100153641413242,9.165060692134151,7.857761184373508,0.9988595184126338,0.9992918736332346,0.9990806494720239,0.6596045131143544,2.7897189087139225,0.006686169631585859,0.10438217105776537,0.21099889752422663,0.32373643458571516,0.4002767186203099,0.9921414677085209,0.5991089097468318,0.9936048245561705,0.9958915054061644,0.9926927670711052,0.9978755191651272,0.9958304571251111,0.9382480702817872,0.9983373032981435,0.9973951984894962,1489.0,10.172805003139977,0.022459812340562053,5.0391044580950854,6.707861718457349,5.753084308296757,0.9989213447425207,0.9994942379739442,0.9993427896569778,0.3596054496137765,1.6044313807658759,0.0038109844605733875,-0.0015221642381941384,-0.02530244330065877,0.10649097975733937,0.10946624772334691,0.9932873328001208,0.5192065722954169,0.9955651833450486,0.9968619915140783,0.9102310685656221,0.9988996415892457,0.9971568874568306,0.5919475732964656,0.9990186135647505,0.9986437257992172,266.0,15.710629395530065,0.03737447871009012,7.647102114890897,10.398796267099689,8.956044966584205,0.9982283635048862,0.9989248523623676,0.9986892124680539,1.1517397098985296,3.3138635705195805,0.011475964876858586,1.6722149111565363,4.91346326187641,0.14655639143743246,5.192292625688059,0.9810986698211371,3.1163159851094093,0.9926678896803275,0.9950195028629065,6.140830678979313,1.0102032639373089,0.9981373448427141,0.44604513248611966,0.999407728020536,1.0047119084421863
2,20261212,full_inverse_joint,Full-inverse geometry + loss,0.0,1.0,50.0,6033.731809484177,1.0,50.0,6033.731809484177,6.219582599995192,2560,0.03,0.035855776036294834,0.027481680322836457,1489.0,14.725665367812345,0.03508777226395131,7.678371202973719,9.810054508901864,7.851793854050567,0.9986747913551396,0.9991945333424553,0.9990882442656505,0.6881703040655456,2.9878502700939387,0.0071510064747629075,0.054512574763202856,0.1092849372782663,0.30476188787879416,0.328320920178223,0.9899888590216849,0.6847548315938496,0.9916614107989526,0.9938406261846415,1.2811849219922067,0.9964012255939713,0.9939179090797363,1.2011468758765886,0.9971271780826948,0.9959349894495081,1489.0,11.402678472821535,0.025175162465051568,5.763171536453395,7.737279995784292,6.077946072712187,0.9985923975647978,0.9993304225979892,0.9992690619603288,0.4817802769183402,1.872020497604347,0.005322856115154205,-0.051457740780212244,-0.29614227775927543,0.0837030939303901,0.3120165952255986,0.991358743152663,0.6188794927202395,0.9940738763288575,0.9953727286680555,1.083384711716235,0.9977980017833125,0.9957000001071749,0.8179207052608319,0.9982724311802722,0.9976025682287002,266.0,16.008055105360874,0.03808203348590756,7.966102983968874,10.625201882124445,8.938910250649784,0.9980209988817969,0.9988361804386687,0.9986952606531709,1.0651394623328858,3.2541887106637746,0.012432940755344405,1.462058583201351,4.673742794600074,0.2941702332962677,4.90591715553233,0.9817434820174021,2.8568946595951843,0.9923496087995818,0.9941902179146136,6.105474815679571,1.0092865584088067,0.9966793315224018,0.8280870014676509,0.9990378098911136,1.0040395923833731
3,20261222,full_inverse_geometry_only,Full-inverse geometry only,0.0,1.0,50.0,6033.731809484177,0.0,1.0,9922.0,5.869082799996249,2560,0.003,0.031914973616338486,0.02256111507396102,1489.0,12.633675188709185,0.02982815986193231,6.704869609476046,8.208790627448254,6.87533480846193,0.9989892227552771,0.9993948179157142,0.999302871287813,0.5898227635454943,2.3060843235957846,0.006117413990862472,-0.012446540031128724,-0.11935476195876937,-0.024287909547709808,0.12243519964119275,0.9973868709387742,0.12679868252825344,0.9976562255629362,0.9968036563779643,0.5558147915083964,0.9979763598683965,1.0012765639538272,-0.2068460616784762,1.0007307290380987,0.9987636659404056,1489.0,9.436346044350543,0.02071030762484524,4.925743714790106,6.211370930154356,5.118646959204095,0.9989852335088526,0.9995262380905328,0.9994937668988335,0.3467614036402315,1.4605095557275833,0.003573252870699971,0.06848122952433866,-0.02189736380672563,-0.1096587310931814,0.13112669691491477,0.9982436747560338,0.19511995063267307,0.9990636755066208,0.9984126558748672,0.47231471418979254,0.9994810033876946,1.0006581706486597,-0.2178062178356015,0.9999803627826391,0.9995735183179116,266.0,15.916253096163581,0.03786364298404365,7.888642556299855,10.714701038070716,8.73450702128277,0.9980801682535453,0.9988826557259115,0.9987541374289156,1.038120511823402,3.3459456586269387,0.01141171507782608,1.7779912472878567,5.2341291544197315,0.09799908922354006,5.528739883740913,0.9831222899586346,3.0674835193109686,0.9945102209062423,0.9943847530846254,6.617920955360404,1.01074816315868,0.9991131980807023,0.2405843602175537,0.9997984074951936,1.0053586452384977
3,20261222,full_inverse_joint,Full-inverse geometry + loss,0.0,1.0,50.0,6033.731809484177,1.0,50.0,6033.731809484177,5.775570199999493,2560,0.01,0.033016691416431605,0.02617014760312329,1489.0,12.73669569666241,0.030071391711286213,6.791840835124245,8.310553053947201,6.857771013765803,0.9989638855097113,0.9993806938229559,0.9993040922962463,0.5981399995913435,2.2574917738060316,0.006500727971847333,0.0072751226585642086,-0.10350954725392994,0.010600465194400725,0.10430495503449685,0.9963489459866377,0.20182801949423634,0.9967776831726418,0.996298726680361,0.6783172367165093,0.9977298958454691,1.000171741125634,-0.013959794749155208,1.000134903376205,0.9983232787240974,1489.0,10.448406832034319,0.022931515934657365,5.513504975501503,6.886512322597,5.598787033236871,0.9987289893352724,0.9994176830480803,0.9993928894177173,0.4450416590256687,1.5683647823417741,0.005000038901439875,0.13962332527994564,-0.03648261071591391,-0.005041755705815315,0.1443990067399203,0.99764287319872,0.30958246276306056,0.9989439080288904,0.9980522363314258,0.5699443857059805,0.999341416296872,0.9998134911916976,0.025604489176600964,0.9998931717643725,0.9994488953916739,266.0,16.45523488382115,0.03914584262358612,8.269515586104374,11.142230231136375,8.845370118273848,0.9978488174779808,0.998755111444274,0.9987230549325311,1.075052806092876,3.416209461992232,0.012354724067187775,1.6935893471930092,5.170270688161491,0.26891232984271396,5.447224771103996,0.9836327881434813,2.9440784924513963,0.9945625820169638,0.9938108012391744,6.695504151390509,1.0103660428053332,0.9989052154705064,0.4449382781644715,1.0001724462114825,1.0052687120991293
4,20270102,full_inverse_geometry_only,Full-inverse geometry only,0.0,1.0,50.0,6033.731809484177,0.0,1.0,9922.0,5.923237500013784,2560,0.003,0.037580301375020546,0.025421093450218202,1489.0,12.112244089403875,0.02929167069407288,6.584340448994672,7.715987067156882,6.619400374089745,0.9989054518433207,0.9994767855666679,0.9993189822480066,0.6151996723527412,2.4439597300880957,0.006130002056708012,0.30399653271197236,-0.03344105756422236,-0.25462697523729294,0.39795363140748935,0.9965679290875565,0.5204060246333739,0.9979504634644528,0.9986672709597726,0.2189038051888872,0.9991141252675456,0.9980618116387827,0.0352629067195096,0.998158593195674,0.9986480538152043,1489.0,9.14452799982929,0.02034911855612471,4.7971654223975735,5.91301844671278,5.064169141986601,0.9989180561522094,0.9995963290165715,0.9994833773998021,0.37839697428860003,1.5238973096519446,0.003812760145835776,0.11816661289216271,-0.12550259983331624,-0.18550198335768522,0.2532296127962973,0.9973836977913899,0.32177952447858615,0.998884149721876,0.9990480430930097,0.15858930091042112,0.9994056233499102,0.9984155888313891,0.08015225014023031,0.9986696384518329,0.9991697360210148,266.0,15.953435532540823,0.03795209737640337,7.877529343482438,10.449027486491188,9.125484169076232,0.9981121435257879,0.9989368791869969,0.9986407952530302,1.067867547443513,3.5388238676972423,0.010982982207170266,1.8352936146213792,5.1287357718368085,0.1410736028969259,5.449049002406093,0.9818106953989432,3.2249944483868376,0.9937833804528131,0.9960232762644905,6.1087385718449525,1.0111276866919567,0.9992901207819905,0.25521219289126407,1.000016991793489,1.0055578947920423
4,20270102,full_inverse_joint,Full-inverse geometry + loss,0.0,1.0,50.0,6033.731809484177,1.0,50.0,6033.731809484177,6.925165099964943,2560,0.003,0.03875541655895266,0.029154444072880394,1489.0,12.400647087149895,0.02998913068371677,6.654393409147187,7.947323397277328,6.806992533815944,0.9988811642776754,0.9994450351501516,0.999280323742016,0.6602140337724731,2.45451561034561,0.006874161111866837,0.3016980221746139,-0.08668268148849965,-0.3299245084928609,0.45539627266630806,0.9979554054568848,0.4306200863011398,0.9990994104155376,0.9993146963301754,0.043075772995649686,0.9994026280804124,0.9988800849721535,-0.1624216786749173,0.9984343071166824,0.9990519201769923,1489.0,10.988620511500862,0.024452737370476544,5.545269088492356,6.930502244826626,6.478264437057328,0.9985544362561427,0.9994456141466316,0.9991560032687378,0.4758342211151378,1.6631065406008396,0.005174432013252509,0.09027649652533801,-0.18157076219898677,-0.3702735841989755,0.42216147937248627,0.9985503130753525,0.20309793383670183,0.9994973549587561,0.9993075037654808,0.025090453322150097,0.999364076628172,0.9989187008049479,-0.1889748692351816,0.9983197283030082,0.9991015268940954,266.0,16.900098298400657,0.04020414129504676,8.47491179489595,11.172312013398562,9.432318741412873,0.9977648369878004,0.9987472030139946,0.9985509151336853,1.1359244917821085,3.6343560628069747,0.012914100568831691,1.847820382520614,5.219337243539169,0.37641677369944987,5.549559533456325,0.9823375304530293,3.197269918615362,0.994207289108565,0.996055048521761,6.191510256225257,1.0113641194495824,0.9996740863905573,0.42881909637353033,1.0008954080162982,1.0060212687838663
5,20270112,full_inverse_geometry_only,Full-inverse geometry only,0.0,1.0,50.0,6033.731809484177,0.0,1.0,9922.0,6.957044400041923,2560,0.003,0.03300528884264326,0.023863965496129003,1489.0,14.484969861363059,0.034404244799341656,7.384476003700073,8.408572630242215,9.196726176053922,0.9986774790646356,0.9993728891345387,0.9987754052472333,0.6957417757296659,2.646729105135597,0.006577850794960405,-0.10985310293530591,-0.6058092548448121,0.1997328936115077,0.6472756648218495,0.9938083510247034,0.3008529903749064,0.9946089351734694,0.9977997791515285,-0.1755679627289055,0.9974356961972866,0.9953566614851848,0.9125572526951089,0.9977704708760311,0.9971477944626987,1489.0,10.899080884585812,0.023981965905543544,5.335401296728449,6.466106070231061,6.9651223550008945,0.9987350917936157,0.9995153539168247,0.9990686108098755,0.35844519012608056,1.6173061213242357,0.0039008796074574558,-0.07490986235379776,-0.26805694484549136,0.11002636398793576,0.2992855057134733,0.9944686975471291,0.35692116044671707,0.9960782572455286,0.9993407639087836,-0.06894439749055437,0.9991857020329478,0.9974710613950548,0.5399126021250424,0.999141628857267,0.9989135167301737,266.0,15.957479331612834,0.03796171728904467,7.830981765355561,10.55863541318369,9.046109076336784,0.9981543421874377,0.998896928910413,0.9986626418114302,1.0315518889218847,3.611192770292454,0.011822099322744032,1.8863912753181888,5.0362133308463015,-0.039115310169657906,5.378052320764484,0.9811616818194457,3.3256781010901904,0.9935081515985865,0.9951686182594971,6.226833536952853,1.0105650292041615,0.9983925798140109,0.21933523874440652,0.999017269508642,1.0048890762992013
5,20270112,full_inverse_joint,Full-inverse geometry + loss,0.0,1.0,50.0,6033.731809484177,1.0,50.0,6033.731809484177,6.114188199979253,2560,0.01,0.034029265218287225,0.029362063814522884,1489.0,14.709991855517538,0.034938709961935946,7.54027012442242,8.474684328277354,9.365250256997156,0.9986278740919519,0.9993634700594025,0.9987333123803038,0.6870542437576524,2.6040845519787337,0.007075762917799804,-0.1638490096350229,-0.5899789746455553,0.15958624584331557,0.6327633509808874,0.992155657967722,0.35648395554437684,0.9931042787666795,0.9972053312922327,-0.043496617339911836,0.9971151304566448,0.9940202948261191,1.0775635792813887,0.9968705632111674,0.996471031474722,1489.0,11.860960901059123,0.026098453892426047,5.712062966259553,7.287454385951445,7.412674196173493,0.9985539294476627,0.9993839373603005,0.9989453440811112,0.49321816223178433,1.7219233971002719,0.005844053827227866,-0.12537906311481153,-0.23202310621366803,0.05949777315406078,0.2703601603322484,0.9929603348215843,0.42421044859061396,0.994873340037741,0.9991214190310861,0.0333393293520885,0.9991964020483669,0.9966390273603292,0.6308188331926488,0.9985908718128104,0.9986729834762141,266.0,16.546296666856485,0.03936247217964486,8.184497295680377,11.114159506335975,9.125206620803075,0.9979379397382239,0.9987492862166134,0.9986387877247271,1.1087323209866276,3.6457128072752143,0.011853304370954113,1.7862142491728448,5.080305301179233,0.05192368297477804,5.385421001740866,0.9815077720232782,3.1990590610596286,0.9933841728108685,0.9943840004596454,6.464282575046099,1.010367525697185,0.9979303612211979,0.38469247802760265,0.9990260056238104,1.0047660272398502
6,20270122,full_inverse_geometry_only,Full-inverse geometry only,0.0,1.0,50.0,6033.731809484177,0.0,1.0,9922.0,6.085506399977021,2560,0.003,0.04747106449790414,0.03135700335567584,1489.0,14.147900143636365,0.03354626492250751,6.569816006586914,9.979158760535046,7.577399721932108,0.9990220116633716,0.9991278159557777,0.9991206499569214,0.6197294930177636,2.5883056477513873,0.006474699833823795,0.2768145167985553,0.4468267586189402,0.12066369464150542,0.5392959819365103,0.9965419645029934,0.49329259458470176,0.9977328021518259,0.9966643095948227,1.1079178614790237,0.9989469300520096,0.9985947990327323,0.3341876027142803,0.9995058141818057,0.9989450624738253,1489.0,10.650370936674877,0.023556441931796686,4.896111096183362,7.439824643222918,5.840163225517933,0.9990057609937452,0.9993635263379651,0.9993333260444176,0.35868408062934265,1.6078357468265396,0.003747133699201355,0.160328290998567,0.08133857274747269,0.0488163839172336,0.18629053558855807,0.9976290754809283,0.34037569917418864,0.9990800375564097,0.9978686645055933,0.720690885468855,0.9994886502668276,0.9994552276716864,0.13927451917336953,0.9998903644745477,0.9995574846428692,266.0,15.743498420059588,0.037452671800040395,7.8145021560065855,10.326865952634636,8.95249340421442,0.9981582288707607,0.9989528978932489,0.9986927847526874,1.1325226658780607,3.351705174547277,0.011022816634390895,1.8550794452117085,4.995253410720617,0.13417961174779333,5.330279594315079,0.9812281331003971,3.2892892544309547,0.9934395104917845,0.9956814257349238,6.059500050241212,1.0106640894498082,0.9997810570419676,0.16938255879151143,1.0002634762808142,1.0053351048661863
6,20270122,full_inverse_joint,Full-inverse geometry + loss,0.0,1.0,50.0,6033.731809484177,1.0,50.0,6033.731809484177,7.775892200006638,2560,0.01,0.047575208781668946,0.0337709165233306,1489.0,14.309594309542415,0.0339296600038156,6.77983346944885,10.099768383389868,7.536114783634093,0.9989601505724368,0.9991078539275265,0.9991302836923818,0.6157919025467747,2.4746522140949474,0.006554783108773045,0.2636331091157287,0.42310366798529137,0.12731819897457317,0.5145182736062563,0.9954034779530492,0.551382109404166,0.9967345471439903,0.9958602886363068,1.2435414240488,0.9984223315391116,0.9977982462722791,0.4618803516543153,0.9990573593991543,0.9983752697357511,1489.0,11.75560295093922,0.026000989067289145,5.7340773814330275,8.181283824492626,6.195252400585828,0.9986365982082711,0.9992305731118175,0.999249625460347,0.4827625235029792,1.772963085558896,0.005178400690727442,0.2230336871375586,-0.04446757649948714,0.11523188158133639,0.2549505393026013,0.9969975580359262,0.4510383703237153,0.998920255724141,0.997199170003522,0.7957179036780531,0.9989878032440812,0.9986215864374348,0.34411413936305735,0.999696705757972,0.9991662290942607,266.0,16.33323498132962,0.03885561346449209,8.291473043814813,10.787242350439445,9.036672075045516,0.9978552801246178,0.9988176021454328,0.9986688067393483,1.1421189471547577,3.430127374097601,0.012153921582762139,1.6522887925972631,4.9105279859384225,0.24302304268917135,5.186752698375438,0.981843982570733,3.039446416965518,0.9931278267046801,0.9952153505484345,6.089631733508895,1.0102725175843552,0.9997846668509182,0.27764558324497557,1.000575430503881,1.0051776058820752
7,20270202,full_inverse_geometry_only,Full-inverse geometry only,0.0,1.0,50.0,6033.731809484177,0.0,1.0,9922.0,6.095694299961906,2560,0.003,0.039505414678739685,0.02693044763320292,1489.0,13.168095609225752,0.031287494752102754,6.3017547383074515,8.297468568355905,8.052244690089587,0.9990602806736225,0.999429195943562,0.9990311872799296,0.6319771687119939,2.3303704116080146,0.006110531399895967,-0.13181073107697372,0.42541601453990957,-0.010169692851596988,0.4454843172399705,0.9973724475035575,0.03216569012401749,0.9974526814094519,0.9986356862655424,0.6864481303331331,0.9999928879035881,1.0003200584957752,-0.0575930767775219,1.000165871038828,0.9996881552891984,1489.0,9.8174560131295,0.021719267933311467,4.642469443934539,6.2029171191181875,6.0294062100025405,0.9990757302022065,0.9995778116667811,0.9992902836010537,0.3629893710681711,1.574051948478742,0.003896103370274614,-0.07060596392021282,0.15945565250923022,-0.08985515801330034,0.19617659564749804,0.998249709426488,0.06319346793608815,0.9985256658275489,0.9984173553114227,0.6274828777275161,0.9998128667421018,0.9998606233150671,-0.06642626194766876,0.9996532373498975,0.999660516574287,266.0,16.090073661030182,0.038277149842198606,7.97790170847728,10.844727655810315,8.81109736744269,0.9980940873271583,0.9988343778929081,0.99873582081726,1.0546584760385282,3.5995417359119344,0.010953076847560356,2.0214617574985487,5.169700424572488,0.22780702582319945,5.5555383319592435,0.9809944134627291,3.4735282348234904,0.9938897719654605,0.9956161193113691,6.250040834291582,1.01106991240454,1.0003887163474265,0.16530690653894453,1.0008595277024892,1.0058068792837267
7,20270202,full_inverse_joint,Full-inverse geometry + loss,0.0,1.0,50.0,6033.731809484177,1.0,50.0,6033.731809484177,6.512183699989691,2560,0.01,0.040136038172197734,0.02927579549729938,1489.0,13.247798165284614,0.03147686862805439,6.401579876699069,8.367991520272103,8.031229621111216,0.9990330976616083,0.999419625016633,0.9990343991009203,0.6475614175357683,2.313512421773272,0.006652581269301007,-0.04314247352766619,0.378023891990326,0.04098634824494627,0.38267899952839723,0.9954213615977155,0.2425944395108175,0.9960264877229483,0.9977977091943802,0.7993849133330286,0.9993782022656892,0.9992307999125811,0.15495948610259802,0.9996456554894817,0.9989883686440119,1489.0,10.66382144588616,0.02359169166293664,5.098705646769948,6.824553440082947,6.414495997410081,0.9988853359829558,0.9994887996846813,0.9991958988639857,0.4716159894602082,1.7165704568044189,0.00539910593166987,-0.03753521964973764,0.12712762605236597,-0.04457813801949002,0.1398482620884112,0.9967673901751026,0.20957881074608053,0.9976825894233946,0.9981267280971561,0.6811005152897565,0.9996414842574687,0.9991312812744867,0.10145145609899942,0.9994480175701028,0.9994226680125711,266.0,16.537382883248792,0.039341266917444044,8.315582132310846,11.19557616876747,8.887924430219279,0.9978811179509706,0.9987244033747129,0.9987132856702685,1.1156885000697307,3.6599707800916703,0.011841864966386732,1.917003897291862,5.081269790781103,0.3428023164645157,5.441665191566848,0.9813795209091649,3.339647361965177,0.9937778511065385,0.9949179280233832,6.333668775014132,1.0105784987884123,0.9998332310447084,0.3696164179748962,1.0008859372518697,1.0055251028889516
8,20270212,full_inverse_geometry_only,Full-inverse geometry only,0.0,1.0,50.0,6033.731809484177,0.0,1.0,9922.0,6.942761299957056,2560,0.003,0.03511673420162701,0.0245778304533576,1489.0,12.795838613474679,0.030720750012024428,6.400033383974617,7.83447212222786,7.8354390478220495,0.9989692776034033,0.9994593745038827,0.9990148712835067,0.6179910053382325,2.4070493200750027,0.00579603361966176,0.2504069391318405,-0.4858187985911148,0.12162329188094168,0.5599247854469814,0.9974727181162795,0.42162538662846316,0.9986416006044774,0.9986063047108278,-0.21794838923912607,0.9981582827788417,0.9961257748596493,0.7273136778694891,0.9981726127979588,0.9982309501157668,1489.0,9.725705215680865,0.021637845911792943,4.7311251334601785,6.054193543725523,5.96259485869831,0.9989771330560161,0.9995818769314971,0.9992681588408615,0.35864326998561036,1.6992200606027825,0.003713460235780059,0.1475689281705502,-0.35219294302946735,0.09176140268115261,0.392729694195862,0.9980121621676034,0.30563909492772723,0.9994202967752731,0.9996168418392749,-0.2387221061082414,0.9990787474785683,0.9976041703298204,0.5005130657825418,0.9992036937970824,0.9991409436555638,266.0,16.076649204563207,0.03824521400756156,7.723063556616088,10.833798007149817,9.024508833578041,0.9981837420596853,0.9987928903463716,0.9986699380619235,1.1319626007027157,3.41726390555942,0.012256019749303125,1.814645819276697,4.833693390653614,0.07969201397929997,5.16370816965472,0.9824953220647085,3.1520397469179358,0.994197165206177,0.9963269309866221,5.738865124257188,1.0105167957525114,0.9990123289630625,0.23849561982422074,0.9996915894265055,1.0051575558600876
8,20270212,full_inverse_joint,Full-inverse geometry + loss,0.0,1.0,50.0,6033.731809484177,1.0,50.0,6033.731809484177,6.825294699985534,2560,0.01,0.03601624157474905,0.027537058360895577,1489.0,12.768309500936718,0.03065465704149876,6.310906472145456,7.809797129386092,7.887284438219302,0.9989982442205019,0.9994635028790323,0.9990029934380616,0.6461823245266454,2.3639158441835186,0.006228553481902809,0.23883013360223865,-0.4701631274739277,0.08435108453079389,0.5340489721121547,0.996859104145241,0.4516197379057587,0.9981111407153914,0.9975902340002488,-0.007002342034780895,0.9975758397538964,0.9954891642004862,0.7895681995823622,0.9977112015345316,0.9976945844527005,1489.0,11.128723012383615,0.02475929389148395,5.0133272950411705,6.70141456415798,7.33526196931256,0.998850762840525,0.9994878746901494,0.9988913750938555,0.4663522828837751,1.8889982328189914,0.005195451729421962,0.09440544285314525,-0.4236957348773514,-0.021265987474016864,0.43460638009215,0.9973078167743996,0.30848419941773386,0.9987290592932018,0.9988387869019264,-0.07980687751108917,0.9986588972744661,0.9973776035679334,0.4261401517270542,0.9987394484819402,0.9986861769612563,266.0,16.523527858156672,0.03930830679043089,8.093881291125678,11.17300359571265,9.092857041361512,0.997960819961782,0.9987044724081638,0.998650473583392,1.1566424590533564,3.337541781242002,0.01376002520662665,1.730400658250707,4.890614669785181,0.21758089161067296,5.192276931249584,0.9830546745866214,3.0250588858132517,0.9942851054877875,0.9958380017597835,5.916275540471389,1.0104665298780315,0.9990460531483757,0.37096212296893327,1.0001025920640727,1.0052707565334853
9,20270222,full_inverse_geometry_only,Full-inverse geometry only,0.0,1.0,50.0,6033.731809484177,0.0,1.0,9922.0,6.8208125999663025,2560,0.003,0.034548438936948436,0.023902296636325607,1489.0,12.436494637678551,0.029533648526649664,6.757780502165145,7.214085748298791,7.546904555760336,0.9989254461161998,0.9995641014949102,0.999133808346842,0.6519817654890625,2.2885398171012734,0.006386706501535982,0.06175355886241552,0.549800188578867,0.39338317516028154,0.6788549711777299,0.9962668073638749,0.3063179125261968,0.9970529526566695,0.9976323743412449,1.0107924884737827,0.9996587952634162,0.9990032434743265,0.5408322881948493,1.0004665292777175,0.9995327303153174,1489.0,9.437936563980394,0.020781729064297916,4.917319524662663,5.713950736195835,5.6785017621214555,0.9989275550006808,0.9996263609391121,0.9993648551571777,0.3726366914566295,1.5972898043940666,0.0038263298488670663,0.00034871949330426977,0.3493236485634346,0.1938058556752963,0.3994844712188307,0.9968964622715067,0.24400399697873354,0.9979950004106034,0.9983983996480544,0.8337214997762885,1.0002666795873003,0.9990845782447177,0.3483013455370383,1.000176311819197,1.0000510192625842,266.0,16.21899029168426,0.038583833409511846,7.958897771956186,10.591774831800725,9.355527684194623,0.9980686265436933,0.9988960845516726,0.9985704361446032,1.1401600042087976,3.523336926872799,0.011310813745894228,1.8716058676339593,5.114868235346869,0.0907681040541649,5.447295148735365,0.9820244380259436,3.2449763186020135,0.9940713051110395,0.9961453385886,6.064790640698874,1.0111410837684605,0.9988214929059015,0.2802554627570828,0.9996196897686157,1.005472051843355
9,20270222,full_inverse_joint,Full-inverse geometry + loss,0.0,1.0,50.0,6033.731809484177,1.0,50.0,6033.731809484177,6.5775315999635495,2560,0.01,0.03524538745976669,0.027737883563148682,1489.0,12.829682984565867,0.030467375173912705,7.003970751258059,7.418706645424554,7.778685680056388,0.9988466344667061,0.9995399567420621,0.9990789594513837,0.6777328091086249,2.302422313582304,0.006714136864908505,-0.0041571532285673875,0.5584707366351127,0.3542099774953362,0.6613407244060945,0.9955055606569337,0.29027706438495215,0.996250538140916,0.9969886405084705,1.1448022509423765,0.999283722099907,0.9985581336215003,0.5675037088611532,1.0000935821120478,0.9990967956269431,1489.0,10.667080786161037,0.02348822555674016,5.558299542050676,6.592334907735328,6.279573167308392,0.9986293848531891,0.9995024129720833,0.9992231753620827,0.5036380058529439,1.7444253568797043,0.005569454230017334,-0.0332277046591337,0.38553908081583804,0.20575975817358844,0.4382710819537259,0.996381721722597,0.25083927787053995,0.9975110331967376,0.9980741882431852,0.9679934213810384,1.0002433570735123,0.9988939373298787,0.3924296652979251,1.0001239889696933,0.9999811787152453,266.0,16.80400200770162,0.039975535000516524,8.32188044732127,11.144078700957902,9.430286273607411,0.997843699669144,0.9987529004335088,0.998547157629045,1.2344067534881322,3.4435815690172604,0.013242139933415034,1.769900581629244,5.196050223103687,0.16483970248984506,5.49168991453308,0.9824131804650575,3.113570298918617,0.9939722070552222,0.9956363496463235,6.271405175894159,1.0111429680127126,0.9983635170699535,0.42796313172482314,0.9995824008188714,1.0054496595194315
10,20270302,full_inverse_geometry_only,Full-inverse geometry only,0.0,1.0,50.0,6033.731809484177,0.0,1.0,9922.0,6.860107699991204,2560,0.003,0.040958003635104746,0.028311273688733308,1489.0,14.345384128855159,0.033620634240594784,9.173447546382908,8.516219000803265,7.007989715212747,0.998056122051577,0.9993684386200535,0.9992885275138363,0.5755153993212728,2.12688371998063,0.005816279793716009,-0.2458686271703927,-0.11988128881690488,-0.30368571296629543,0.40871495873640706,0.9962118643496416,0.02104823037879555,0.9962675866200754,0.9971610732348635,0.4595833428505216,0.9981088679376847,0.9996745739941996,-0.255377117322098,0.9990032333017524,0.9981170912066104,1489.0,10.6027078612886,0.023324160712188253,6.533135816978289,6.427264019572831,5.331587719568253,0.9981886071109971,0.9995161094049544,0.9994761292147981,0.3520081718290202,1.503838916348647,0.0037600529035058754,-0.07556696381576689,-0.12349118874012645,-0.17331123748866786,0.225825651237047,0.9970660139047418,0.1548352922616658,0.9977431766354345,0.998308811905136,0.39179773200402224,0.9991898705285847,0.9993874555251874,-0.07436922659809397,0.9991616331773052,0.9990568942187199,266.0,15.898541658783786,0.03782150872432617,7.805328901332578,10.656807936884347,8.847197986620662,0.99815540951838,0.9988845401563449,0.9987239779711937,1.1507676862744998,3.4982004155899857,0.01086011252055475,1.9648729437562704,5.161557091495302,0.19435273008503356,5.526316157944855,0.9827449897604521,3.2831917383702063,0.9949337303254588,0.9960909732241696,6.124877010204671,1.0112352874048864,0.9999281341879674,0.2059077414814965,1.0005145809663538,1.0059115390011812
10,20270302,full_inverse_joint,Full-inverse geometry + loss,0.0,1.0,50.0,6033.731809484177,1.0,50.0,6033.731809484177,6.675487800035626,2560,0.01,0.04160587725578621,0.031640885916333406,1489.0,14.442601399529536,0.03384847800342841,9.370641470146479,8.432733373951136,7.0476110468380755,0.9979718259252356,0.9993811797155313,0.9992797735691548,0.5923881535182892,2.1809393916483493,0.006046163712727216,-0.24568012331188657,-0.09953117913973625,-0.2948810649498846,0.3965097994721797,0.9951408571421309,0.09670126471532114,0.9953968603275184,0.996935664505339,0.5259425246997864,0.9980203111676987,0.9987511035832988,-0.10948582633801607,0.9984632849594628,0.9977741794786533,1489.0,11.562531561555748,0.02543561021483232,6.981898628332096,6.957020268341422,6.045254059305848,0.9979305277584389,0.9994326405717038,0.9993260540089962,0.4669459421668945,1.6974428404411146,0.004906610873512269,-0.04030799676791495,-0.06655627388194948,-0.12332099598525577,0.14581680372058217,0.996217397350622,0.25673505523212725,0.9973402124951933,0.9984795784033802,0.3967017197011842,0.9993716649126406,0.9992217945527828,0.002379610255957232,0.9992290202454466,0.99915842615473,266.0,16.36798285874019,0.03893827621286496,8.15068352938301,11.022647505142768,8.943067865404306,0.997939397829405,0.9987773668750772,0.9986973523306525,1.1419098862798012,3.5592571461879774,0.012102160315504784,1.8665534771671024,5.113000224119505,0.3786509441259943,5.4562046985480865,0.9835409374901284,3.124060204039864,0.9951389075055518,0.9952700599390689,6.278621678331319,1.0107945217625613,0.9996867755221569,0.4290130329796398,1.0009086494996309,1.0058127247970365
