protocol,comparison,left_model,right_model,seed_pair_index,reference_seed,label_seed,run_key,noise_fraction,noise_realization,delta_test_observed_nrmse_radial,delta_test_latent_nrmse_radial,delta_test_hidden_nrmse_tangential,delta_test_hidden_nrmse_3d,delta_test_working_measurement_whitened_residual_rms,delta_test_true_measurement_whitened_residual_rms
retuned_practical,ols_minus_correct,ols,gls_correct,0,20260805,20260804,seed00_ref20260805_label20260804_noise00500_rep000_seed2026090100,0.05,0,-0.0006138678804573083,-0.0011150856079047144,-0.019975630960974322,-0.01476498265126458,-0.28917913169080567,0.023757173004011367
retuned_practical,ols_minus_correct,ols,gls_correct,0,20260805,20260804,seed00_ref20260805_label20260804_noise00500_rep001_seed2026090101,0.05,1,-0.007510289554492261,-0.009304589903061017,0.09278015841821596,0.06664751491030846,-0.31187718324767344,0.0028520475724760352
retuned_practical,ols_minus_correct,ols,gls_correct,0,20260805,20260804,seed00_ref20260805_label20260804_noise00500_rep002_seed2026090102,0.05,2,-0.00042421416054849725,-0.0008716849567041995,-0.01290600973965006,-0.009549844864086499,-0.21839421960043737,0.022199777827957234
retuned_practical,ols_minus_correct,ols,gls_correct,0,20260805,20260804,seed00_ref20260805_label20260804_noise00500_rep003_seed2026090103,0.05,3,-0.010913691472000081,-0.011167979808651238,0.08067415168837377,0.05759282983388542,-0.40083042299749083,-0.10706254246409275
retuned_practical,ols_minus_correct,ols,gls_correct,0,20260805,20260804,seed00_ref20260805_label20260804_noise00500_rep004_seed2026090104,0.05,4,-0.00021385019909103686,-0.0002593051921196271,-0.015279544784224441,-0.011230069196994985,-0.23004498694446074,0.04687065479107533
retuned_practical,ols_minus_correct,ols,gls_correct,0,20260805,20260804,seed00_ref20260805_label20260804_noise00500_rep005_seed2026090105,0.05,5,-0.011308346475460973,-0.010030674338820683,0.0916276557394855,0.06575105341697363,-0.3994246353264006,-0.10503350848034199
retuned_practical,ols_minus_correct,ols,gls_correct,0,20260805,20260804,seed00_ref20260805_label20260804_noise00500_rep006_seed2026090106,0.05,6,-0.0007526543129730001,-0.0009389579807970033,-0.013148371669485237,-0.009738943428314162,-0.24821551638873807,0.02273868730370676
retuned_practical,ols_minus_correct,ols,gls_correct,0,20260805,20260804,seed00_ref20260805_label20260804_noise00500_rep007_seed2026090107,0.05,7,-0.008917344496948948,-0.011235181590940516,0.0852081268184598,0.060909049780645486,-0.3488528501907604,-0.08964298473611487
retuned_practical,ols_minus_correct,ols,gls_correct,0,20260805,20260804,seed00_ref20260805_label20260804_noise00500_rep008_seed2026090108,0.05,8,-0.001010177113839772,-0.0010245985290564807,-0.012524576500697049,-0.009292358239993193,-0.27529092922141807,0.0347946501769254
retuned_practical,ols_minus_correct,ols,gls_correct,0,20260805,20260804,seed00_ref20260805_label20260804_noise00500_rep009_seed2026090109,0.05,9,-0.0013475888809348913,-0.001336553656181655,-0.017052371552165657,-0.012642433719682655,-0.2469304111657391,0.003685176701499593
retuned_practical,ols_minus_correct,ols,gls_correct,0,20260805,20260804,seed00_ref20260805_label20260804_noise00500_rep010_seed2026090110,0.05,10,-0.0011163856675566741,-0.0009558991685166551,-0.01319461913451514,-0.009774349461617038,-0.2975824581484976,0.032381535517153726
retuned_practical,ols_minus_correct,ols,gls_correct,0,20260805,20260804,seed00_ref20260805_label20260804_noise00500_rep011_seed2026090111,0.05,11,-0.007055474021800789,-0.009025790621787239,0.09743493192948027,0.07008751555579157,-0.2948851378613484,-0.026766996459508086
retuned_practical,ols_minus_correct,ols,gls_correct,0,20260805,20260804,seed00_ref20260805_label20260804_noise01000_rep000_seed2026090100,0.1,0,-0.0019477477644481156,-0.002079932870920398,0.011564339729761564,0.008147966753915215,-0.10635549265676225,0.04659431171451911
retuned_practical,ols_minus_correct,ols,gls_correct,0,20260805,20260804,seed00_ref20260805_label20260804_noise01000_rep001_seed2026090101,0.1,1,-0.0008266924070206294,-0.0013713714349514738,0.012383817963290245,0.008827677042478443,-0.08375984142858361,0.051375052980582536
retuned_practical,ols_minus_correct,ols,gls_correct,0,20260805,20260804,seed00_ref20260805_label20260804_noise01000_rep002_seed2026090102,0.1,2,-0.0011559682611748667,-0.0012927728281948436,0.01226182148562771,0.008759296192793586,-0.08773986043480297,0.051313849246363175
retuned_practical,ols_minus_correct,ols,gls_correct,0,20260805,20260804,seed00_ref20260805_label20260804_noise01000_rep003_seed2026090103,0.1,3,-0.0024491599366282535,-0.002291357063535837,0.01764309823665655,0.012546316141024694,-0.11066021445385532,0.03609369252384931
retuned_practical,ols_minus_correct,ols,gls_correct,0,20260805,20260804,seed00_ref20260805_label20260804_noise01000_rep004_seed2026090104,0.1,4,-0.0009362979774346913,-0.001477602393057692,0.014543817417571714,0.010401888425467964,-0.08338957543140202,0.06128913615090381
retuned_practical,ols_minus_correct,ols,gls_correct,0,20260805,20260804,seed00_ref20260805_label20260804_noise01000_rep005_seed2026090105,0.1,5,-0.0017487660836291996,-0.002016088701174479,0.01057868236356796,0.007438319190513187,-0.09628529979397071,0.04422277392494789
retuned_practical,ols_minus_correct,ols,gls_correct,0,20260805,20260804,seed00_ref20260805_label20260804_noise01000_rep006_seed2026090106,0.1,6,-0.0015171788587348412,-0.0013818834631008636,0.013334486252524758,0.009527698665486584,-0.09273343837682746,0.042449943913096755
retuned_practical,ols_minus_correct,ols,gls_correct,0,20260805,20260804,seed00_ref20260805_label20260804_noise01000_rep007_seed2026090107,0.1,7,-0.0008819365359002962,-0.0015009553030775336,0.015806282939341165,0.011316531547082564,-0.08562681276128004,0.06149958979194037
retuned_practical,ols_minus_correct,ols,gls_correct,0,20260805,20260804,seed00_ref20260805_label20260804_noise01000_rep008_seed2026090108,0.1,8,-0.0015506215902565124,-0.0024443288361099547,0.013347717826135419,0.00940860459258891,-0.10837758191451607,0.04472224079745968
retuned_practical,ols_minus_correct,ols,gls_correct,0,20260805,20260804,seed00_ref20260805_label20260804_noise01000_rep009_seed2026090109,0.1,9,-0.001055562131643123,-0.001493290814179482,0.011003023498940556,0.007819065643490664,-0.09030973252235275,0.05462617090958677
retuned_practical,ols_minus_correct,ols,gls_correct,0,20260805,20260804,seed00_ref20260805_label20260804_noise01000_rep010_seed2026090110,0.1,10,-0.0024116708327395486,-0.0026791226244740896,0.016042544330662767,0.011338721847164113,-0.10631753333922056,0.03567460688325963
retuned_practical,ols_minus_correct,ols,gls_correct,0,20260805,20260804,seed00_ref20260805_label20260804_noise01000_rep011_seed2026090111,0.1,11,-0.002284182758700043,-0.0018489661733092078,0.013462887395623402,0.009554963096348235,-0.08969461013784485,0.037299834820524236
retuned_practical,ols_minus_correct,ols,gls_correct,0,20260805,20260804,seed00_ref20260805_label20260804_noise02000_rep000_seed2026090100,0.2,0,-0.00042948500282907753,-0.0004498510890806051,0.00951839390487852,0.006838017239501226,-0.03281999722269857,0.019046418197679715
retuned_practical,ols_minus_correct,ols,gls_correct,0,20260805,20260804,seed00_ref20260805_label20260804_noise02000_rep001_seed2026090101,0.2,1,0.001118147314534107,0.0012518776671150977,0.010690844081435169,0.007924364008812523,-0.019762064484068365,0.022951493681983903
retuned_practical,ols_minus_correct,ols,gls_correct,0,20260805,20260804,seed00_ref20260805_label20260804_noise02000_rep002_seed2026090102,0.2,2,0.0006888862333779833,0.0014135712127981426,0.010764340309592169,0.008007200629269406,-0.01937461235223492,0.022482692449119046
retuned_practical,ols_minus_correct,ols,gls_correct,0,20260805,20260804,seed00_ref20260805_label20260804_noise02000_rep003_seed2026090103,0.2,3,-0.0015750305236204576,-0.000866711303572687,0.020448277495011657,0.01470167476902512,-0.03589910790226236,0.010775270879109344
retuned_practical,ols_minus_correct,ols,gls_correct,0,20260805,20260804,seed00_ref20260805_label20260804_noise02000_rep004_seed2026090104,0.2,4,0.0007827744133639403,0.0004322095189836783,0.014907654817014726,0.010881039289318939,-0.02711549835489424,0.027595335825541634
retuned_practical,ols_minus_correct,ols,gls_correct,0,20260805,20260804,seed00_ref20260805_label20260804_noise02000_rep005_seed2026090105,0.2,5,-0.00028760044480957703,-0.00019831219810764744,0.007434645175330767,0.005362766637048599,-0.0249947447340646,0.017674585688072675
retuned_practical,ols_minus_correct,ols,gls_correct,0,20260805,20260804,seed00_ref20260805_label20260804_noise02000_rep006_seed2026090106,0.2,6,0.00035970747332034203,0.0009085962174819606,0.012621521915434974,0.009280992176383784,-0.02215007473348063,0.01690224990599698
retuned_practical,ols_minus_correct,ols,gls_correct,0,20260805,20260804,seed00_ref20260805_label20260804_noise02000_rep007_seed2026090107,0.2,7,0.0008515867294747459,0.0007519176578036635,0.017489304270395634,0.012794996728140051,-0.018821726421729634,0.02831709839137364
retuned_practical,ols_minus_correct,ols,gls_correct,0,20260805,20260804,seed00_ref20260805_label20260804_noise02000_rep008_seed2026090108,0.2,8,-0.0003166262780358309,-0.0011631893549169103,0.012901066962050178,0.00920358436891311,-0.03737622612997482,0.015611147713510798
retuned_practical,ols_minus_correct,ols,gls_correct,0,20260805,20260804,seed00_ref20260805_label20260804_noise02000_rep009_seed2026090109,0.2,9,0.0006566161694183115,0.000530468870198253,0.008974936356175744,0.006587235991831142,-0.028252618522522477,0.022047235457794745
retuned_practical,ols_minus_correct,ols,gls_correct,0,20260805,20260804,seed00_ref20260805_label20260804_noise02000_rep010_seed2026090110,0.2,10,-0.0007060096089845369,-0.000828080069515319,0.018500372756281802,0.013305830457909673,-0.02923481980842757,0.012402688921512084
retuned_practical,ols_minus_correct,ols,gls_correct,0,20260805,20260804,seed00_ref20260805_label20260804_noise02000_rep011_seed2026090111,0.2,11,-0.0011672531695031685,-0.00014506133622052553,0.013310159618653783,0.00962744784632441,-0.021278420998310787,0.012338567101530584
retuned_practical,ols_minus_correct,ols,gls_correct,0,20260805,20260804,seed00_ref20260805_label20260804_noise04000_rep000_seed2026090100,0.4,0,0.0014561762005273482,0.0026506689434885045,0.0054831583105320325,0.004394737017828776,-0.00321402112341751,0.00827356005365032
retuned_practical,ols_minus_correct,ols,gls_correct,0,20260805,20260804,seed00_ref20260805_label20260804_noise04000_rep001_seed2026090101,0.4,1,0.003092953925613595,0.0063146124109336454,0.005869939616173214,0.005368621975879617,-0.0012535517651435235,0.011040985491608701
retuned_practical,ols_minus_correct,ols,gls_correct,0,20260805,20260804,seed00_ref20260805_label20260804_noise04000_rep002_seed2026090102,0.4,2,0.0034468583007384868,0.00756443794761541,0.00888803172102981,0.007725409138712336,0.004473365727842626,0.012104053990675157
retuned_practical,ols_minus_correct,ols,gls_correct,0,20260805,20260804,seed00_ref20260805_label20260804_noise04000_rep003_seed2026090103,0.4,3,3.575447316855884e-05,0.003330060759141912,0.02342945728528667,0.017367193817362958,-0.003235087917834223,0.004131494676487213
retuned_practical,ols_minus_correct,ols,gls_correct,0,20260805,20260804,seed00_ref20260805_label20260804_noise04000_rep004_seed2026090104,0.4,4,0.0024870993185495682,0.004634695329493621,0.016215216716700676,0.012432197651619958,-0.012075171277924568,0.013018543258988657
retuned_practical,ols_minus_correct,ols,gls_correct,0,20260805,20260804,seed00_ref20260805_label20260804_noise04000_rep005_seed2026090105,0.4,5,0.0012936978708151248,0.003578041097774959,-4.8948248060232125e-05,0.0005975907355181276,0.0024527071124282873,0.008552985060752416
retuned_practical,ols_minus_correct,ols,gls_correct,0,20260805,20260804,seed00_ref20260805_label20260804_noise04000_rep006_seed2026090106,0.4,6,0.002452689436591493,0.005267640199378726,0.010326391411816349,0.008334660943721484,0.0037615050076906797,0.007393284925111265
retuned_practical,ols_minus_correct,ols,gls_correct,0,20260805,20260804,seed00_ref20260805_label20260804_noise04000_rep007_seed2026090107,0.4,7,0.0028690585222249654,0.0065780438666253604,0.020676083270995793,0.01596923626546498,0.003127739462634116,0.014517362544733237
retuned_practical,ols_minus_correct,ols,gls_correct,0,20260805,20260804,seed00_ref20260805_label20260804_noise04000_rep008_seed2026090108,0.4,8,0.0012540123962052063,0.0032434321003473043,0.010486595147954247,0.008082383697980755,-0.009594265915644273,0.005967413286899204
retuned_practical,ols_minus_correct,ols,gls_correct,0,20260805,20260804,seed00_ref20260805_label20260804_noise04000_rep009_seed2026090109,0.4,9,0.002199444701297182,0.004531329658161637,0.00807866309438876,0.006579528845509608,-0.007361275743778872,0.006879677916720617
retuned_practical,ols_minus_correct,ols,gls_correct,0,20260805,20260804,seed00_ref20260805_label20260804_noise04000_rep010_seed2026090110,0.4,10,0.002042094697607466,0.004731446323508887,0.02418116998672737,0.018151062966437426,0.003015889104879488,0.0075107317020353115
retuned_practical,ols_minus_correct,ols,gls_correct,0,20260805,20260804,seed00_ref20260805_label20260804_noise04000_rep011_seed2026090111,0.4,11,0.0001849729055638516,0.004192607450264979,0.013539360375381504,0.010436698703728764,0.0053136743559469846,0.004799030437448781
retuned_practical,ols_minus_correct,ols,gls_correct,0,20260805,20260804,seed00_ref20260805_label20260804_noise08000_rep000_seed2026090100,0.8,0,0.00026089480883484395,0.0017138781045422102,0.05174497189299598,0.03658613509853481,-0.0065256843685754795,0.010015958111132317
retuned_practical,ols_minus_correct,ols,gls_correct,0,20260805,20260804,seed00_ref20260805_label20260804_noise08000_rep001_seed2026090101,0.8,1,0.001908977399287748,0.0034835479020578486,0.004715452963592215,0.004086530628591212,0.001841454692278477,0.012590831256233281
retuned_practical,ols_minus_correct,ols,gls_correct,0,20260805,20260804,seed00_ref20260805_label20260804_noise08000_rep002_seed2026090102,0.8,2,0.0012400630719181516,0.010007108454115399,0.06593243195502296,0.048434379207697664,-0.011399403587662116,0.013267303293928778
retuned_practical,ols_minus_correct,ols,gls_correct,0,20260805,20260804,seed00_ref20260805_label20260804_noise08000_rep003_seed2026090103,0.8,3,-0.0025719583607600738,0.0035930830308704143,0.08358818806138923,0.059506291253508814,0.003921473784767926,0.009387286159613373
retuned_practical,ols_minus_correct,ols,gls_correct,0,20260805,20260804,seed00_ref20260805_label20260804_noise08000_rep004_seed2026090104,0.8,4,0.002552505681088446,0.004623158892584689,0.06255599469387574,0.04487752477904183,-0.011483697191364772,0.029803812324849188
retuned_practical,ols_minus_correct,ols,gls_correct,0,20260805,20260804,seed00_ref20260805_label20260804_noise08000_rep005_seed2026090105,0.8,5,-0.0004760659724947214,0.0002310029989501805,0.014475647284281412,0.01015224806242454,-0.007910791323805011,0.0043814569030302675
retuned_practical,ols_minus_correct,ols,gls_correct,0,20260805,20260804,seed00_ref20260805_label20260804_noise08000_rep006_seed2026090106,0.8,6,-0.0009817912907146287,0.002586092099150672,0.07977175519917923,0.05634042090385438,-0.010158225281301503,0.006127570221601042
retuned_practical,ols_minus_correct,ols,gls_correct,0,20260805,20260804,seed00_ref20260805_label20260804_noise08000_rep007_seed2026090107,0.8,7,-0.0001700477131285627,0.007009882837120729,0.08784982779582406,0.06332755149026414,-0.0033816464020597348,0.022083763204317597
retuned_practical,ols_minus_correct,ols,gls_correct,0,20260805,20260804,seed00_ref20260805_label20260804_noise08000_rep008_seed2026090108,0.8,8,0.004684224478528454,0.00652269160555885,0.05661707744699118,0.04114017368639977,-0.0034350511630136804,0.02062212490912052
retuned_practical,ols_minus_correct,ols,gls_correct,0,20260805,20260804,seed00_ref20260805_label20260804_noise08000_rep009_seed2026090109,0.8,9,-0.0014449260524100893,0.0022562403131217157,0.027011806821466755,0.019472114439819,-0.011310751796203222,0.008176815072278298
retuned_practical,ols_minus_correct,ols,gls_correct,0,20260805,20260804,seed00_ref20260805_label20260804_noise08000_rep010_seed2026090110,0.8,10,0.0019285804612327873,0.0013246575799551463,0.07860285040799087,0.055220727861496566,0.004505826387505962,0.011738763272633568
retuned_practical,ols_minus_correct,ols,gls_correct,0,20260805,20260804,seed00_ref20260805_label20260804_noise08000_rep011_seed2026090111,0.8,11,-0.003461157646875157,0.0013089394794174036,0.018571356002345607,0.013310709868496362,-0.002960932989706011,0.0021779669199391005
retuned_practical,ols_minus_correct,ols,gls_correct,1,20260815,20260814,seed01_ref20260815_label20260814_noise00500_rep000_seed2026091100,0.05,0,0.0030517359025371282,0.005085555672259712,0.131627785849041,0.09818070840133808,-0.3817211291166762,0.23079429155225295
retuned_practical,ols_minus_correct,ols,gls_correct,1,20260815,20260814,seed01_ref20260815_label20260814_noise00500_rep001_seed2026091101,0.05,1,-0.002690113653509796,-0.002379130577728511,-0.00268886257734835,-0.002289257859504179,-0.4580151331603557,0.05515341960850062
retuned_practical,ols_minus_correct,ols,gls_correct,1,20260815,20260814,seed01_ref20260815_label20260814_noise00500_rep002_seed2026091102,0.05,2,0.0018976248607077972,0.0032584483378337303,-0.11195461109591609,-0.08262946562255824,-0.46179950141717185,0.2005988882589933
retuned_practical,ols_minus_correct,ols,gls_correct,1,20260815,20260814,seed01_ref20260815_label20260814_noise00500_rep003_seed2026091103,0.05,3,0.0019933692565593797,0.0017749708588067903,0.011866451162315217,0.00901513013950389,-0.4595080553559465,0.23719647117322795
retuned_practical,ols_minus_correct,ols,gls_correct,1,20260815,20260814,seed01_ref20260815_label20260814_noise00500_rep004_seed2026091104,0.05,4,-0.000290885185668055,-0.0005018225040454571,0.0023582036573414067,0.0016933833867018855,-0.42847157444723294,0.09755668650187221
retuned_practical,ols_minus_correct,ols,gls_correct,1,20260815,20260814,seed01_ref20260815_label20260814_noise00500_rep005_seed2026091105,0.05,5,-0.0021561159219173065,-0.0025364314631271256,0.0007987688645073598,0.00029198044691380876,-0.43279229273396425,0.04093748339466696
retuned_practical,ols_minus_correct,ols,gls_correct,1,20260815,20260814,seed01_ref20260815_label20260814_noise00500_rep006_seed2026091106,0.05,6,-0.0047909165565726275,-0.0037899873252301153,-0.1072379494556065,-0.07992303465948225,-0.5909739545153783,0.06443695246805214
retuned_practical,ols_minus_correct,ols,gls_correct,1,20260815,20260814,seed01_ref20260815_label20260814_noise00500_rep007_seed2026091107,0.05,7,-0.0021040699758928527,-0.0023489917557642237,-0.0021358974114860096,-0.001871351328897708,-0.49615209457853693,0.018240787635865452
retuned_practical,ols_minus_correct,ols,gls_correct,1,20260815,20260814,seed01_ref20260815_label20260814_noise00500_rep008_seed2026091108,0.05,8,-0.010965411265994096,-0.009735220078510382,-0.12169599937679643,-0.0914286166239115,-0.6711409191550528,-0.009523216607141283
retuned_practical,ols_minus_correct,ols,gls_correct,1,20260815,20260814,seed01_ref20260815_label20260814_noise00500_rep009_seed2026091109,0.05,9,-0.0030364961902203946,-0.0026417219913064394,-0.004820891772943869,-0.0039028022932022788,-0.5435485346306401,-0.041247645414509204
retuned_practical,ols_minus_correct,ols,gls_correct,1,20260815,20260814,seed01_ref20260815_label20260814_noise00500_rep010_seed2026091110,0.05,10,0.0036002992926207067,0.001378039772185119,-0.10647402171598108,-0.07875980047241937,-0.44583281477726366,0.21025837116342538
retuned_practical,ols_minus_correct,ols,gls_correct,1,20260815,20260814,seed01_ref20260815_label20260814_noise00500_rep011_seed2026091111,0.05,11,-0.001985680741785678,-0.0012809794103954553,-0.00050196080448206,-0.0005231681895688789,-0.48890709377244557,0.05500496102658037
retuned_practical,ols_minus_correct,ols,gls_correct,1,20260815,20260814,seed01_ref20260815_label20260814_noise01000_rep000_seed2026091100,0.1,0,0.0018060642493222534,0.002855249084305872,0.010792517299830107,0.008373081166903218,-0.18426478607114816,0.1043258386159891
retuned_practical,ols_minus_correct,ols,gls_correct,1,20260815,20260814,seed01_ref20260815_label20260814_noise01000_rep001_seed2026091101,0.1,1,0.0017789373993553903,0.002007135585191111,0.01269019872207744,0.009655792955407472,-0.19642802463259956,0.10279939098268298
retuned_practical,ols_minus_correct,ols,gls_correct,1,20260815,20260814,seed01_ref20260815_label20260814_noise01000_rep002_seed2026091102,0.1,2,0.0015550205549489104,0.0015994120200866213,0.011464998427075268,0.008695024238818239,-0.18902352318380755,0.10821870227785269
retuned_practical,ols_minus_correct,ols,gls_correct,1,20260815,20260814,seed01_ref20260815_label20260814_noise01000_rep003_seed2026091103,0.1,3,0.0025736802103621115,0.0025159913335287,0.009812390049095399,0.007601116052115886,-0.21473260598339938,0.11539362152246779
retuned_practical,ols_minus_correct,ols,gls_correct,1,20260815,20260814,seed01_ref20260815_label20260814_noise01000_rep004_seed2026091104,0.1,4,0.0016033067556797398,0.0012386338457869295,0.012309427456405064,0.009269724098917909,-0.1794873782868387,0.10228892382505905
retuned_practical,ols_minus_correct,ols,gls_correct,1,20260815,20260814,seed01_ref20260815_label20260814_noise01000_rep005_seed2026091105,0.1,5,0.0014174007772608799,0.002118682609796363,0.008031628975264549,0.006230138530073315,-0.21695566615558404,0.0901742976939528
retuned_practical,ols_minus_correct,ols,gls_correct,1,20260815,20260814,seed01_ref20260815_label20260814_noise01000_rep006_seed2026091106,0.1,6,0.001404259263857871,0.0015575396564798671,0.011342722224782609,0.00859465999134107,-0.21333980874505953,0.09408188942103313
retuned_practical,ols_minus_correct,ols,gls_correct,1,20260815,20260814,seed01_ref20260815_label20260814_noise01000_rep007_seed2026091107,0.1,7,0.002561022268200097,0.0026758602324263026,0.014387205291975236,0.011001904598193779,-0.18642872301131175,0.12057052652225675
retuned_practical,ols_minus_correct,ols,gls_correct,1,20260815,20260814,seed01_ref20260815_label20260814_noise01000_rep008_seed2026091108,0.1,8,0.002906260018711998,0.002276068180632418,0.007782287727140957,0.006067344525523932,-0.18583057476601983,0.10947065998631889
retuned_practical,ols_minus_correct,ols,gls_correct,1,20260815,20260814,seed01_ref20260815_label20260814_noise01000_rep009_seed2026091109,0.1,9,0.0008166888367991121,0.0014498687394152165,0.006796210580392925,0.0052239734373780156,-0.19106236036636903,0.0960047284383474
retuned_practical,ols_minus_correct,ols,gls_correct,1,20260815,20260814,seed01_ref20260815_label20260814_noise01000_rep010_seed2026091110,0.1,10,0.0010873750876067845,0.0014231006715834937,0.015782259546999633,0.011858450985078539,-0.19859722551072911,0.10027805751848695
retuned_practical,ols_minus_correct,ols,gls_correct,1,20260815,20260814,seed01_ref20260815_label20260814_noise01000_rep011_seed2026091111,0.1,11,0.0007919972272200926,0.002168936868679444,0.01128486466930545,0.008642829202688107,-0.18918747223718269,0.08753843896428348
retuned_practical,ols_minus_correct,ols,gls_correct,1,20260815,20260814,seed01_ref20260815_label20260814_noise02000_rep000_seed2026091100,0.2,0,0.0023920598466082854,0.005283385841844068,0.009874822994094923,0.008079813705599403,-0.07490900913360754,0.038449973152172134
retuned_practical,ols_minus_correct,ols,gls_correct,1,20260815,20260814,seed01_ref20260815_label20260814_noise02000_rep001_seed2026091101,0.2,1,0.0026106818178088242,0.0037041023387693883,0.014511585092827906,0.011237374604639971,-0.08150888127669464,0.040469294608578066
retuned_practical,ols_minus_correct,ols,gls_correct,1,20260815,20260814,seed01_ref20260815_label20260814_noise02000_rep002_seed2026091102,0.2,2,0.0022434511203038854,0.0028529079228252763,0.011533277253170882,0.008918030860750492,-0.07516838424907513,0.04414950908401227
retuned_practical,ols_minus_correct,ols,gls_correct,1,20260815,20260814,seed01_ref20260815_label20260814_noise02000_rep003_seed2026091103,0.2,3,0.0036884132587490237,0.004439657931128771,0.008005952682585638,0.006552411105347211,-0.09131625379554253,0.048005222891893684
retuned_practical,ols_minus_correct,ols,gls_correct,1,20260815,20260814,seed01_ref20260815_label20260814_noise02000_rep004_seed2026091104,0.2,4,0.002146913612280865,0.0022849269401461203,0.013069933044757231,0.009966079258001803,-0.06462779694749776,0.03720035904301766
retuned_practical,ols_minus_correct,ols,gls_correct,1,20260815,20260814,seed01_ref20260815_label20260814_noise02000_rep005_seed2026091105,0.2,5,0.0018361782124928783,0.0038723007056271908,0.005105844062051279,0.004345826728890612,-0.10560032431822086,0.02935792847690699
retuned_practical,ols_minus_correct,ols,gls_correct,1,20260815,20260814,seed01_ref20260815_label20260814_noise02000_rep006_seed2026091106,0.2,6,0.001773618315904557,0.0024779122999297742,0.011105462705911728,0.008543635702958963,-0.10237568962347066,0.03174296834176471
retuned_practical,ols_minus_correct,ols,gls_correct,1,20260815,20260814,seed01_ref20260815_label20260814_noise02000_rep007_seed2026091107,0.2,7,0.003309125745224517,0.004756558261606925,0.017081849127553395,0.013288153882952014,-0.07214459459075906,0.05050727072355787
retuned_practical,ols_minus_correct,ols,gls_correct,1,20260815,20260814,seed01_ref20260815_label20260814_noise02000_rep008_seed2026091108,0.2,8,0.004189022768632394,0.0042717165980706295,0.004561146590624343,0.003990666758701189,-0.06793413308415097,0.043111307881622096
retuned_practical,ols_minus_correct,ols,gls_correct,1,20260815,20260814,seed01_ref20260815_label20260814_noise02000_rep009_seed2026091109,0.2,9,0.0008180785612755814,0.002614378029537845,0.0023499586430065778,0.00212129940669048,-0.08717763721330796,0.03191543490748061
retuned_practical,ols_minus_correct,ols,gls_correct,1,20260815,20260814,seed01_ref20260815_label20260814_noise02000_rep010_seed2026091110,0.2,10,0.0017172911508669397,0.0028158117942237437,0.02005823366923587,0.01518435848097488,-0.08138777809323638,0.0392229813794549
retuned_practical,ols_minus_correct,ols,gls_correct,1,20260815,20260814,seed01_ref20260815_label20260814_noise02000_rep011_seed2026091111,0.2,11,0.0012120598941265937,0.004036093929289414,0.011375856691633435,0.00897427117691768,-0.0729364385467115,0.027328820157853206
retuned_practical,ols_minus_correct,ols,gls_correct,1,20260815,20260814,seed01_ref20260815_label20260814_noise04000_rep000_seed2026091100,0.4,0,0.0031630040841385543,0.009478491219986757,0.0067110888068949714,0.006665558367463853,-0.03768810709338455,0.0056525062708590035
retuned_practical,ols_minus_correct,ols,gls_correct,1,20260815,20260814,seed01_ref20260815_label20260814_noise04000_rep001_seed2026091101,0.4,1,0.004450017582334653,0.009205905281380433,0.01898612134965294,0.015487769051154565,-0.03457189385731696,0.015650976019504048
retuned_practical,ols_minus_correct,ols,gls_correct,1,20260815,20260814,seed01_ref20260815_label20260814_noise04000_rep002_seed2026091102,0.4,2,0.0037514971120988783,0.005927569084868328,0.011482339974323352,0.00942294941625188,-0.034443302687134913,0.01924909611852721
retuned_practical,ols_minus_correct,ols,gls_correct,1,20260815,20260814,seed01_ref20260815_label20260814_noise04000_rep003_seed2026091103,0.4,3,0.005634416282362165,0.008814082050662864,0.0034234340329725166,0.004053989711630845,-0.042484735451223,0.018268621778791294
retuned_practical,ols_minus_correct,ols,gls_correct,1,20260815,20260814,seed01_ref20260815_label20260814_noise04000_rep004_seed2026091104,0.4,4,0.002662272793183984,0.004816193376886602,0.016228391104581963,0.012667436192078552,-0.022960524795057724,0.009515557743123848
retuned_practical,ols_minus_correct,ols,gls_correct,1,20260815,20260814,seed01_ref20260815_label20260814_noise04000_rep005_seed2026091105,0.4,5,0.00239230815566821,0.007442973125104779,0.001282195136350528,0.0022919733621225014,-0.062398830075848455,0.005425974789875276
retuned_practical,ols_minus_correct,ols,gls_correct,1,20260815,20260814,seed01_ref20260815_label20260814_noise04000_rep006_seed2026091106,0.4,6,0.002753568048210475,0.004749084284888128,0.01099360885196754,0.008858606913826783,-0.053703790553226716,0.009836583387262454
retuned_practical,ols_minus_correct,ols,gls_correct,1,20260815,20260814,seed01_ref20260815_label20260814_noise04000_rep007_seed2026091107,0.4,7,0.0035299605761371367,0.006440385711306756,0.022188078227947772,0.01728430173491624,-0.029753394710415382,0.01794906078791514
retuned_practical,ols_minus_correct,ols,gls_correct,1,20260815,20260814,seed01_ref20260815_label20260814_noise04000_rep008_seed2026091108,0.4,8,0.005828827331607334,0.008463146619591577,0.00029176818560916473,0.001696775208784973,-0.026370836128499553,0.014933506931607887
retuned_practical,ols_minus_correct,ols,gls_correct,1,20260815,20260814,seed01_ref20260815_label20260814_noise04000_rep009_seed2026091109,0.4,9,0.002315988183228479,0.006780508399547719,-0.006438427300070271,-0.0034443830146788645,-0.04317264423115641,0.009947796792955765
retuned_practical,ols_minus_correct,ols,gls_correct,1,20260815,20260814,seed01_ref20260815_label20260814_noise04000_rep010_seed2026091110,0.4,10,0.003091957540736434,0.007025084675755078,0.027878848619361074,0.02152831937176214,-0.03624439134728186,0.017399941301564414
retuned_practical,ols_minus_correct,ols,gls_correct,1,20260815,20260814,seed01_ref20260815_label20260814_noise04000_rep011_seed2026091111,0.4,11,0.002177531220756368,0.00861810277075914,0.014898484272422574,0.012357175204933624,-0.02819172019673588,0.006380153396250421
retuned_practical,ols_minus_correct,ols,gls_correct,1,20260815,20260814,seed01_ref20260815_label20260814_noise08000_rep000_seed2026091100,0.8,0,-0.002090934469193839,-0.002761633230319027,0.04357271686532427,0.030039159026604145,-0.030995902904905615,0.0005847937809841941
retuned_practical,ols_minus_correct,ols,gls_correct,1,20260815,20260814,seed01_ref20260815_label20260814_noise08000_rep001_seed2026091101,0.8,1,0.0008457161147167325,0.005229757365391496,0.09827276514086081,0.0710491682682971,-0.0431286603095522,0.009639866794953988
retuned_practical,ols_minus_correct,ols,gls_correct,1,20260815,20260814,seed01_ref20260815_label20260814_noise08000_rep002_seed2026091102,0.8,2,0.0008275942316562368,0.004160674013383214,0.05314645442295851,0.03896775844601974,-0.031396352865673105,0.008878378537005904
retuned_practical,ols_minus_correct,ols,gls_correct,1,20260815,20260814,seed01_ref20260815_label20260814_noise08000_rep003_seed2026091103,0.8,3,0.0036207371363659036,0.0015031876707756742,0.016526790884429543,0.012163355910669194,-0.03901327713011993,0.005297169343749575
retuned_practical,ols_minus_correct,ols,gls_correct,1,20260815,20260814,seed01_ref20260815_label20260814_noise08000_rep004_seed2026091104,0.8,4,-0.0008564437320833784,-0.0019560527488076684,0.06565135043038828,0.04663620946692659,-0.029455504278407485,0.005930592005612745
retuned_practical,ols_minus_correct,ols,gls_correct,1,20260815,20260814,seed01_ref20260815_label20260814_noise08000_rep005_seed2026091105,0.8,5,0.00014605955872548648,0.0015777882786324748,0.02250440474547688,0.016358947165513893,-0.04233725915451392,0.006642166976968733
retuned_practical,ols_minus_correct,ols,gls_correct,1,20260815,20260814,seed01_ref20260815_label20260814_noise08000_rep006_seed2026091106,0.8,6,0.0002261372516785265,0.0031915714624932146,0.047307860777076716,0.03430511850658813,-0.04925960292001963,0.00738736035722054
retuned_practical,ols_minus_correct,ols,gls_correct,1,20260815,20260814,seed01_ref20260815_label20260814_noise08000_rep007_seed2026091107,0.8,7,0.0020691708602770253,0.002577460135662235,0.08169079635958054,0.05876544265851491,-0.01948082331665213,0.01752287912449524
retuned_practical,ols_minus_correct,ols,gls_correct,1,20260815,20260814,seed01_ref20260815_label20260814_noise08000_rep008_seed2026091108,0.8,8,0.0003822859656358313,-0.0007954608317918277,0.022663376184189676,0.016009688508053843,-0.027593971574081833,0.004639416965291909
retuned_practical,ols_minus_correct,ols,gls_correct,1,20260815,20260814,seed01_ref20260815_label20260814_noise08000_rep009_seed2026091109,0.8,9,0.0020194199209407904,0.004930395018673539,0.013006122127270925,0.010350956050001137,-0.03621946361011852,0.009939903448086707
retuned_practical,ols_minus_correct,ols,gls_correct,1,20260815,20260814,seed01_ref20260815_label20260814_noise08000_rep010_seed2026091110,0.8,10,0.0009273648131693513,0.0060140244700941925,0.06532876026649681,0.04809504685295041,-0.03251901977619487,0.004923951167445262
retuned_practical,ols_minus_correct,ols,gls_correct,1,20260815,20260814,seed01_ref20260815_label20260814_noise08000_rep011_seed2026091111,0.8,11,-0.00032412044041785215,0.00600232524584704,0.0991530176516554,0.07223431142738834,-0.02140456454435502,0.007852957763538004
retuned_practical,ols_minus_correct,ols,gls_correct,2,20260825,20260824,seed02_ref20260825_label20260824_noise00500_rep000_seed2026092100,0.05,0,-0.0029439538155299483,-0.003108207016901593,0.017204380416410037,0.012593013470261982,-0.18505431572147657,0.024324404149851375
retuned_practical,ols_minus_correct,ols,gls_correct,2,20260825,20260824,seed02_ref20260825_label20260824_noise00500_rep001_seed2026092101,0.05,1,0.008533077328251176,0.012251405089002354,0.1030825929538246,0.07924231508053176,0.05469344414366084,0.08817932552999252
retuned_practical,ols_minus_correct,ols,gls_correct,2,20260825,20260824,seed02_ref20260825_label20260824_noise00500_rep002_seed2026092102,0.05,2,0.0008563645270776021,0.0037064810961165706,0.10796687758219048,0.08199208235560357,-0.13383184949111548,-0.010207964427905392
retuned_practical,ols_minus_correct,ols,gls_correct,2,20260825,20260824,seed02_ref20260825_label20260824_noise00500_rep003_seed2026092103,0.05,3,0.007287147928686094,0.0068871173389286056,0.1046128167928625,0.07978271347760502,-0.013809738557532647,0.053967747326664206
retuned_practical,ols_minus_correct,ols,gls_correct,2,20260825,20260824,seed02_ref20260825_label20260824_noise00500_rep004_seed2026092104,0.05,4,0.010118444296454782,0.012004877697394056,0.10690364998635749,0.08211473362117527,0.07647559343698962,0.14873247131383094
retuned_practical,ols_minus_correct,ols,gls_correct,2,20260825,20260824,seed02_ref20260825_label20260824_noise00500_rep005_seed2026092105,0.05,5,-0.0031477430513331683,-0.003188257153560331,0.01447082910014108,0.010525695694737214,-0.24750981386585247,0.00746715294786382
retuned_practical,ols_minus_correct,ols,gls_correct,2,20260825,20260824,seed02_ref20260825_label20260824_noise00500_rep006_seed2026092106,0.05,6,0.008125062608407813,0.007369225614457298,0.10454926821104327,0.07979115231483874,0.02194367345211079,0.11028289764936128
retuned_practical,ols_minus_correct,ols,gls_correct,2,20260825,20260824,seed02_ref20260825_label20260824_noise00500_rep007_seed2026092107,0.05,7,0.004946234053425008,0.006577489464447361,0.10934176398105588,0.08331558649604609,-0.037500387716289385,0.00634541145365608
retuned_practical,ols_minus_correct,ols,gls_correct,2,20260825,20260824,seed02_ref20260825_label20260824_noise00500_rep008_seed2026092108,0.05,8,-0.003137336372667332,-0.003309457365059082,0.01596293380121072,0.011631290654975313,-0.18602362098973435,0.03439250279128947
retuned_practical,ols_minus_correct,ols,gls_correct,2,20260825,20260824,seed02_ref20260825_label20260824_noise00500_rep009_seed2026092109,0.05,9,0.006955514024842485,0.008185177537754273,0.10792866938628365,0.0824346001158287,-0.025887547241621345,0.036179430418569414
retuned_practical,ols_minus_correct,ols,gls_correct,2,20260825,20260824,seed02_ref20260825_label20260824_noise00500_rep010_seed2026092110,0.05,10,0.0075877941703340335,0.00816492635901106,0.1051446799796707,0.0803277893911496,-0.0037517346417907937,0.10965347740388998
retuned_practical,ols_minus_correct,ols,gls_correct,2,20260825,20260824,seed02_ref20260825_label20260824_noise00500_rep011_seed2026092111,0.05,11,-0.0027006187871842224,-0.002871572170380643,0.01772612463822032,0.013016478637000117,-0.20131050631012926,0.04169194685008604
retuned_practical,ols_minus_correct,ols,gls_correct,2,20260825,20260824,seed02_ref20260825_label20260824_noise01000_rep000_seed2026092100,0.1,0,-0.002585227458224093,-0.0034479909577845025,0.01677572397594107,0.01223000379269068,-0.09001549484768923,0.004709173337478445
retuned_practical,ols_minus_correct,ols,gls_correct,2,20260825,20260824,seed02_ref20260825_label20260824_noise01000_rep001_seed2026092101,0.1,1,-0.002769840507098581,-0.002617460642252295,0.016237753888900808,0.011913421593166995,-0.08913272933840877,0.007218509597707312
retuned_practical,ols_minus_correct,ols,gls_correct,2,20260825,20260824,seed02_ref20260825_label20260824_noise01000_rep002_seed2026092102,0.1,2,-0.0031817241951501984,-0.003894308951925024,0.017427585842063276,0.012665953418610876,-0.11843764661265999,-0.0021489852140437193
retuned_practical,ols_minus_correct,ols,gls_correct,2,20260825,20260824,seed02_ref20260825_label20260824_noise01000_rep003_seed2026092103,0.1,3,-0.001948328432984009,-0.0033285300472622736,0.01664552624127824,0.01212987758265549,-0.11477218911831488,0.014360768305101912
retuned_practical,ols_minus_correct,ols,gls_correct,2,20260825,20260824,seed02_ref20260825_label20260824_noise01000_rep004_seed2026092104,0.1,4,-0.0033600001697007553,-0.003401737699063462,0.016913357614063318,0.012335942716148907,-0.10235017104682043,-0.0003257174193829204
retuned_practical,ols_minus_correct,ols,gls_correct,2,20260825,20260824,seed02_ref20260825_label20260824_noise01000_rep005_seed2026092105,0.1,5,-0.0024753708297501342,-0.0030717045716282254,0.012214928690767568,0.00883753871850207,-0.1352218520149131,-0.00638612773468239
retuned_practical,ols_minus_correct,ols,gls_correct,2,20260825,20260824,seed02_ref20260825_label20260824_noise01000_rep006_seed2026092106,0.1,6,-0.0025882342980137474,-0.0034407738982211167,0.017470570571151534,0.012745967932574098,-0.10376556390893943,-0.0014962240218892031
retuned_practical,ols_minus_correct,ols,gls_correct,2,20260825,20260824,seed02_ref20260825_label20260824_noise01000_rep007_seed2026092107,0.1,7,-0.0030611470618092385,-0.0032111167625106796,0.016688332768572733,0.012173192514068565,-0.11090330334623322,0.004782340636057869
retuned_practical,ols_minus_correct,ols,gls_correct,2,20260825,20260824,seed02_ref20260825_label20260824_noise01000_rep008_seed2026092108,0.1,8,-0.0035713287723709575,-0.004313121196085595,0.014379756826202406,0.01032116481228773,-0.09671708427331227,0.009634492805329131
retuned_practical,ols_minus_correct,ols,gls_correct,2,20260825,20260824,seed02_ref20260825_label20260824_noise01000_rep009_seed2026092109,0.1,9,-0.0026170227982051097,-0.0031267245589286508,0.016821037689153995,0.012285034314381327,-0.1301421350210128,0.009231368255007366
retuned_practical,ols_minus_correct,ols,gls_correct,2,20260825,20260824,seed02_ref20260825_label20260824_noise01000_rep010_seed2026092110,0.1,10,-0.0027822689012493296,-0.0028903703405971926,0.016193860791767656,0.011838591297996193,-0.12440138076231344,0.0025408928010459686
retuned_practical,ols_minus_correct,ols,gls_correct,2,20260825,20260824,seed02_ref20260825_label20260824_noise01000_rep011_seed2026092111,0.1,11,-0.003352716789911836,-0.0035745027824827524,0.017967025958104954,0.013120218496203429,-0.12178631544408214,0.007968461065668508
retuned_practical,ols_minus_correct,ols,gls_correct,2,20260825,20260824,seed02_ref20260825_label20260824_noise02000_rep000_seed2026092100,0.2,0,-0.0002987247479032673,-0.001593741960378675,0.016588225396023448,0.012258341250590665,-0.01837627732050251,0.005962882942993852
retuned_practical,ols_minus_correct,ols,gls_correct,2,20260825,20260824,seed02_ref20260825_label20260824_noise02000_rep001_seed2026092101,0.2,1,-0.000968083857572799,-7.407935759887185e-05,0.015520254070349182,0.01163563079669161,-0.020173011983164013,0.005543388014455086
retuned_practical,ols_minus_correct,ols,gls_correct,2,20260825,20260824,seed02_ref20260825_label20260824_noise02000_rep002_seed2026092102,0.2,2,-0.0010562880768524852,-0.0020273644848579353,0.018153840957853995,0.013357181591345246,-0.0371199215935627,0.0006988805846206425
retuned_practical,ols_minus_correct,ols,gls_correct,2,20260825,20260824,seed02_ref20260825_label20260824_noise02000_rep003_seed2026092103,0.2,3,6.303533347240542e-05,-0.0015203189484509216,0.01572590893202641,0.011585935033797845,-0.03442139330680294,0.009317466448839795
retuned_practical,ols_minus_correct,ols,gls_correct,2,20260825,20260824,seed02_ref20260825_label20260824_noise02000_rep004_seed2026092104,0.2,4,-0.0013751434967084752,-0.0015211451999433967,0.016560976717964415,0.012226425331220703,-0.030586113735389553,0.000978147425239495
retuned_practical,ols_minus_correct,ols,gls_correct,2,20260825,20260824,seed02_ref20260825_label20260824_noise02000_rep005_seed2026092105,0.2,5,-0.0002081611838251618,-0.0006276758506134072,0.00731130468389718,0.005405641297404673,-0.0497561992176252,-0.0028752597999202045
retuned_practical,ols_minus_correct,ols,gls_correct,2,20260825,20260824,seed02_ref20260825_label20260824_noise02000_rep006_seed2026092106,0.2,6,-0.0006484560323502531,-0.0015798867957285134,0.01814838458470036,0.013404798768489101,-0.021617946439942637,-0.0011989037668882485
retuned_practical,ols_minus_correct,ols,gls_correct,2,20260825,20260824,seed02_ref20260825_label20260824_noise02000_rep007_seed2026092107,0.2,7,-0.0013728294614279435,-0.000979254766916321,0.01648143738120289,0.012216556699234382,-0.03614639915217355,0.0023391046942009552
retuned_practical,ols_minus_correct,ols,gls_correct,2,20260825,20260824,seed02_ref20260825_label20260824_noise02000_rep008_seed2026092108,0.2,8,-0.002039413302249188,-0.0031149006675750823,0.011553946779068291,0.00826014748984516,-0.02252748422835893,0.006747495657364766
retuned_practical,ols_minus_correct,ols,gls_correct,2,20260825,20260824,seed02_ref20260825_label20260824_noise02000_rep009_seed2026092109,0.2,9,-0.0009681743783553631,-0.001522942209900291,0.015949424633469267,0.011749117429403266,-0.050925838229556764,0.004243668815140822
retuned_practical,ols_minus_correct,ols,gls_correct,2,20260825,20260824,seed02_ref20260825_label20260824_noise02000_rep010_seed2026092110,0.2,10,-0.0008427533638402651,-0.0005110320096067822,0.015250662081758293,0.011357585042056584,-0.048904192156792536,0.0015975909706005265
retuned_practical,ols_minus_correct,ols,gls_correct,2,20260825,20260824,seed02_ref20260825_label20260824_noise02000_rep011_seed2026092111,0.2,11,-0.0018992599732446658,-0.0015905076116070893,0.018668345806704956,0.013816790260825274,-0.044236829974173775,0.004837082745043464
retuned_practical,ols_minus_correct,ols,gls_correct,2,20260825,20260824,seed02_ref20260825_label20260824_noise04000_rep000_seed2026092100,0.4,0,0.0023286982997189343,0.002695527853229157,0.01606241191806368,0.012387542893283254,0.005301211519517235,0.006761055552859219
retuned_practical,ols_minus_correct,ols,gls_correct,2,20260825,20260824,seed02_ref20260825_label20260824_noise04000_rep001_seed2026092101,0.4,1,0.001586714390152233,0.005822909065117676,0.014094400144242236,0.011431768655689567,0.005345468208003412,0.006349480537339858
retuned_practical,ols_minus_correct,ols,gls_correct,2,20260825,20260824,seed02_ref20260825_label20260824_noise04000_rep002_seed2026092102,0.4,2,0.0017300313435343329,0.003096569460738996,0.02034373890698804,0.015598970794051703,-0.0022411011005107895,0.0026646028112435882
retuned_practical,ols_minus_correct,ols,gls_correct,2,20260825,20260824,seed02_ref20260825_label20260824_noise04000_rep003_seed2026092103,0.4,3,0.0025589220331740936,0.0039085750869140845,0.01143368870873751,0.009133396322970277,-0.0007978605327891852,0.006791130760610331
retuned_practical,ols_minus_correct,ols,gls_correct,2,20260825,20260824,seed02_ref20260825_label20260824_noise04000_rep004_seed2026092104,0.4,4,0.001543691724491647,0.003860142234026004,0.015116443548807701,0.011855296192753273,-0.004669086296611891,0.003807588191895084
retuned_practical,ols_minus_correct,ols,gls_correct,2,20260825,20260824,seed02_ref20260825_label20260824_noise04000_rep005_seed2026092105,0.4,5,0.002279439177355569,0.003922595570039017,-0.004879718797294763,-0.002956193109953098,-0.016137190051740413,0.0004740914835812404
retuned_practical,ols_minus_correct,ols,gls_correct,2,20260825,20260824,seed02_ref20260825_label20260824_noise04000_rep006_seed2026092106,0.4,6,0.0020757986360974146,0.0033472833751533593,0.01939352322522847,0.01492331124551488,0.015109028688494508,0.0016768259313217904
retuned_practical,ols_minus_correct,ols,gls_correct,2,20260825,20260824,seed02_ref20260825_label20260824_noise04000_rep007_seed2026092107,0.4,7,0.0006903859782423916,0.0043643758931459775,0.017779692910606992,0.01389497559767,-0.004852383564576179,0.0016308652994383444
retuned_practical,ols_minus_correct,ols,gls_correct,2,20260825,20260824,seed02_ref20260825_label20260824_noise04000_rep008_seed2026092108,0.4,8,0.0006759557898703972,0.001613902195759881,0.0054000980813619925,0.004273682762667763,0.009513438659362716,0.006399354112200273
retuned_practical,ols_minus_correct,ols,gls_correct,2,20260825,20260824,seed02_ref20260825_label20260824_noise04000_rep009_seed2026092109,0.4,9,0.0011648916447464797,0.0018106955504418043,0.011191806934478299,0.00858803914968126,-0.013716164482215909,0.003434737840015245
retuned_practical,ols_minus_correct,ols,gls_correct,2,20260825,20260824,seed02_ref20260825_label20260824_noise04000_rep010_seed2026092110,0.4,10,0.0005983629918399624,0.0026724668765080173,0.011744163206070635,0.009144992744664626,-0.02017839561973256,-0.0008704333084337268
retuned_practical,ols_minus_correct,ols,gls_correct,2,20260825,20260824,seed02_ref20260825_label20260824_noise04000_rep011_seed2026092111,0.4,11,0.000935919111165695,0.004374430356742537,0.018854198260150445,0.014711975716416692,-0.0061877529487806004,0.006983950475109024
retuned_practical,ols_minus_correct,ols,gls_correct,2,20260825,20260824,seed02_ref20260825_label20260824_noise08000_rep000_seed2026092100,0.8,0,0.0001541983075840081,-0.003878498938411634,0.03625106771767517,0.025797706484523397,0.0002247026196144919,0.0012805216955775744
retuned_practical,ols_minus_correct,ols,gls_correct,2,20260825,20260824,seed02_ref20260825_label20260824_noise08000_rep001_seed2026092101,0.8,1,-0.0027987735233344635,-0.0018336029241912133,0.07235104673067738,0.05265254307799805,-0.00028189632058683856,0.004479835979621871
retuned_practical,ols_minus_correct,ols,gls_correct,2,20260825,20260824,seed02_ref20260825_label20260824_noise08000_rep002_seed2026092102,0.8,2,0.0007894528199368089,0.0007298429454338784,0.036679463892106634,0.02673909906741756,0.004738276320918722,0.00340221726959844
retuned_practical,ols_minus_correct,ols,gls_correct,2,20260825,20260824,seed02_ref20260825_label20260824_noise08000_rep003_seed2026092103,0.8,3,-0.0034631555629972555,-0.001614479893235543,0.07476592207185706,0.05415921294940973,-0.004389153513413291,0.000575476922569429
retuned_practical,ols_minus_correct,ols,gls_correct,2,20260825,20260824,seed02_ref20260825_label20260824_noise08000_rep004_seed2026092104,0.8,4,0.0024123109757742123,0.0013280568705448803,0.04280028164484351,0.0314494692864159,0.0005646133299914702,0.008095522771778496
retuned_practical,ols_minus_correct,ols,gls_correct,2,20260825,20260824,seed02_ref20260825_label20260824_noise08000_rep005_seed2026092105,0.8,5,0.00011886156777862755,0.0010912612916432751,0.05904672001599243,0.04322120986659017,0.004388001453312196,-0.00042546474292914915
retuned_practical,ols_minus_correct,ols,gls_correct,2,20260825,20260824,seed02_ref20260825_label20260824_noise08000_rep006_seed2026092106,0.8,6,0.002516822910349603,0.004084638359144799,0.038073781061269685,0.028530841026636944,0.02505619174919116,0.006131755122968485
retuned_practical,ols_minus_correct,ols,gls_correct,2,20260825,20260824,seed02_ref20260825_label20260824_noise08000_rep007_seed2026092107,0.8,7,0.0027348966319643564,0.008126093464036366,0.03692221988819433,0.028561504343652233,0.0005540544049096319,0.004155555408827061
retuned_practical,ols_minus_correct,ols,gls_correct,2,20260825,20260824,seed02_ref20260825_label20260824_noise08000_rep008_seed2026092108,0.8,8,0.0013407212094097565,-4.328118638613487e-05,0.08519140743719555,0.06190542098013174,0.008260997579405682,0.005287933094364261
retuned_practical,ols_minus_correct,ols,gls_correct,2,20260825,20260824,seed02_ref20260825_label20260824_noise08000_rep009_seed2026092109,0.8,9,-0.003588123274117394,-0.005728831492472608,0.020508795987316808,0.013501434067846096,-0.0021816460105197333,-0.0029938837363763238
retuned_practical,ols_minus_correct,ols,gls_correct,2,20260825,20260824,seed02_ref20260825_label20260824_noise08000_rep010_seed2026092110,0.8,10,-0.0007704850564769217,0.00020534481630851698,0.02458474714793324,0.017949952058194496,-0.00670243329632525,0.0006327214298107453
retuned_practical,ols_minus_correct,ols,gls_correct,2,20260825,20260824,seed02_ref20260825_label20260824_noise08000_rep011_seed2026092111,0.8,11,0.0028071342678095412,0.007722271945094283,0.057587946137700685,0.04346900770784756,0.007805480128125986,0.00958541819901293
retuned_practical,ols_minus_correct,ols,gls_correct,3,20260905,20260904,seed03_ref20260905_label20260904_noise00500_rep000_seed2026093100,0.05,0,-0.002129689796710299,-0.0021250708757238335,0.021507524885647333,0.0153328311941896,-0.3301374799148151,0.10154666609974283
retuned_practical,ols_minus_correct,ols,gls_correct,3,20260905,20260904,seed03_ref20260905_label20260904_noise00500_rep001_seed2026093101,0.05,1,-0.002075433599122767,-0.002196453215044747,0.022251259108353016,0.015860214204541534,-0.3387073349581535,0.091340963567756
retuned_practical,ols_minus_correct,ols,gls_correct,3,20260905,20260904,seed03_ref20260905_label20260904_noise00500_rep002_seed2026093102,0.05,2,0.0021828127017631815,0.0018835508706634418,-0.007795993500242182,-0.005518696528702627,-0.26702620344589123,0.15027925045685642
retuned_practical,ols_minus_correct,ols,gls_correct,3,20260905,20260904,seed03_ref20260905_label20260904_noise00500_rep003_seed2026093103,0.05,3,0.00034225145669097845,0.00068829666417633,-0.00816696676175166,-0.005920273064545456,-0.3024321842358413,0.10891731715890796
retuned_practical,ols_minus_correct,ols,gls_correct,3,20260905,20260904,seed03_ref20260905_label20260904_noise00500_rep004_seed2026093104,0.05,4,0.0022724646911493618,0.0023633995598315582,-0.009681081831183103,-0.0068398008301464586,-0.2229833954497713,0.1236020236585329
retuned_practical,ols_minus_correct,ols,gls_correct,3,20260905,20260904,seed03_ref20260905_label20260904_noise00500_rep005_seed2026093105,0.05,5,-0.0019159296780435486,-0.002048849172691186,0.021754772534946842,0.015524370155371114,-0.35083412177274464,0.09600550925558382
retuned_practical,ols_minus_correct,ols,gls_correct,3,20260905,20260904,seed03_ref20260905_label20260904_noise00500_rep006_seed2026093106,0.05,6,0.0026465636915821156,0.0031522643988710908,-0.007341642926052772,-0.005038836657368817,-0.22651599424384683,0.18924643927000906
retuned_practical,ols_minus_correct,ols,gls_correct,3,20260905,20260904,seed03_ref20260905_label20260904_noise00500_rep007_seed2026093107,0.05,7,0.001790957873137461,0.002103038120787687,-0.006252554605398752,-0.004352320445716651,-0.2639537099230371,0.14721210339112467
retuned_practical,ols_minus_correct,ols,gls_correct,3,20260905,20260904,seed03_ref20260905_label20260904_noise00500_rep008_seed2026093108,0.05,8,0.0003350071823531031,0.0006614789352923645,-0.012795760646628573,-0.009318105781760844,-0.26973871637306823,0.07413867717914524
retuned_practical,ols_minus_correct,ols,gls_correct,3,20260905,20260904,seed03_ref20260905_label20260904_noise00500_rep009_seed2026093109,0.05,9,0.0013957529078207354,0.0014489387993377179,-0.011558377006023024,-0.008323207676731004,-0.3113339328830218,0.1230611369107586
retuned_practical,ols_minus_correct,ols,gls_correct,3,20260905,20260904,seed03_ref20260905_label20260904_noise00500_rep010_seed2026093110,0.05,10,0.0011604737389210584,0.0012042512708415054,-0.008838381744482704,-0.006357971193129086,-0.26402664954970234,0.11117693184298094
retuned_practical,ols_minus_correct,ols,gls_correct,3,20260905,20260904,seed03_ref20260905_label20260904_noise00500_rep011_seed2026093111,0.05,11,0.0017175016085041739,0.0017947691063426308,-0.009834312496114883,-0.007031509131993463,-0.22201788886682206,0.12900115969580694
retuned_practical,ols_minus_correct,ols,gls_correct,3,20260905,20260904,seed03_ref20260905_label20260904_noise01000_rep000_seed2026093100,0.1,0,-0.0019726212542708343,-0.002027074209392604,0.020714680281370912,0.014755023639616338,-0.1464881711277819,0.036204184473546785
retuned_practical,ols_minus_correct,ols,gls_correct,3,20260905,20260904,seed03_ref20260905_label20260904_noise01000_rep001_seed2026093101,0.1,1,-0.0015189738272820552,-0.0016728762845534262,0.023191986562094313,0.01660185637447764,-0.1502465464732674,0.03084936976174779
retuned_practical,ols_minus_correct,ols,gls_correct,3,20260905,20260904,seed03_ref20260905_label20260904_noise01000_rep002_seed2026093102,0.1,2,-0.0011747849290740797,-0.0018611605957035704,0.024116920248455354,0.017227963545296765,-0.1582943083933741,0.04486481789897434
retuned_practical,ols_minus_correct,ols,gls_correct,3,20260905,20260904,seed03_ref20260905_label20260904_noise01000_rep003_seed2026093103,0.1,3,-0.002937303052773871,-0.0023810177681808653,0.021938716237875022,0.015593162923946191,-0.1450953432070725,0.022193740736965673
retuned_practical,ols_minus_correct,ols,gls_correct,3,20260905,20260904,seed03_ref20260905_label20260904_noise01000_rep004_seed2026093104,0.1,4,-0.0019208802043316486,-0.0014099405119654684,0.023949416450480765,0.0171682436468788,-0.11691436523515963,0.025030817344013245
retuned_practical,ols_minus_correct,ols,gls_correct,3,20260905,20260904,seed03_ref20260905_label20260904_noise01000_rep005_seed2026093105,0.1,5,-0.0010240265684359207,-0.0016138708901370646,0.021612557074894956,0.015470081653014944,-0.14916153632397133,0.03501574603827495
retuned_practical,ols_minus_correct,ols,gls_correct,3,20260905,20260904,seed03_ref20260905_label20260904_noise01000_rep006_seed2026093106,0.1,6,-0.0019216482504554322,-0.002128074922530976,0.02209126207322487,0.0157136091094901,-0.12546144136923032,0.03183842226178557
retuned_practical,ols_minus_correct,ols,gls_correct,3,20260905,20260904,seed03_ref20260905_label20260904_noise01000_rep007_seed2026093107,0.1,7,-0.0015051172230098608,-0.0016714408235416478,0.021616656766574427,0.015434265118686619,-0.12058457749929574,0.03590978357603358
retuned_practical,ols_minus_correct,ols,gls_correct,3,20260905,20260904,seed03_ref20260905_label20260904_noise01000_rep008_seed2026093108,0.1,8,-0.0017542760068086916,-0.00201472410547332,0.019355969477966917,0.013779428215246081,-0.12296119455183274,0.03112343882796509
retuned_practical,ols_minus_correct,ols,gls_correct,3,20260905,20260904,seed03_ref20260905_label20260904_noise01000_rep009_seed2026093109,0.1,9,-0.0023226634996360573,-0.0024402924795814684,0.015181070348613823,0.010667803727506475,-0.13965643854624488,0.023750394544676645
retuned_practical,ols_minus_correct,ols,gls_correct,3,20260905,20260904,seed03_ref20260905_label20260904_noise01000_rep010_seed2026093110,0.1,10,-0.0017551062106558601,-0.0020199763972305884,0.022163454985404396,0.0158218573719468,-0.11158495388439449,0.030203212416562097
retuned_practical,ols_minus_correct,ols,gls_correct,3,20260905,20260904,seed03_ref20260905_label20260904_noise01000_rep011_seed2026093111,0.1,11,-0.0017289286204641152,-0.002013109143647801,0.01665521039475759,0.011808697111501454,-0.12817070423012522,0.04014360690564911
retuned_practical,ols_minus_correct,ols,gls_correct,3,20260905,20260904,seed03_ref20260905_label20260904_noise02000_rep000_seed2026093100,0.2,0,-0.0008196929485321802,-0.00035870808604085425,0.021243955597300523,0.015315866601543437,-0.05023287777114516,0.012756143718818613
retuned_practical,ols_minus_correct,ols,gls_correct,3,20260905,20260904,seed03_ref20260905_label20260904_noise02000_rep001_seed2026093101,0.2,1,0.0001725987323881184,0.0008524538143375726,0.025590446444112014,0.01863406982936361,-0.05080070882148546,0.009400453205260284
retuned_practical,ols_minus_correct,ols,gls_correct,3,20260905,20260904,seed03_ref20260905_label20260904_noise02000_rep002_seed2026093102,0.2,2,0.0005259360672920099,1.0153199439366656e-05,0.027255584877297623,0.019680099349412616,-0.05632296284709937,0.021684531464484014
retuned_practical,ols_minus_correct,ols,gls_correct,3,20260905,20260904,seed03_ref20260905_label20260904_noise02000_rep003_seed2026093103,0.2,3,-0.0022010942411302414,-0.0009521372228793179,0.02340657205118657,0.016787288771064113,-0.04612043212566852,0.00328110785841762
retuned_practical,ols_minus_correct,ols,gls_correct,3,20260905,20260904,seed03_ref20260905_label20260904_noise02000_rep004_seed2026093104,0.2,4,-0.0003229884243764469,0.0015427283854813345,0.02760215181709713,0.020164807811243635,-0.025319438755393442,0.007252904258592929
retuned_practical,ols_minus_correct,ols,gls_correct,3,20260905,20260904,seed03_ref20260905_label20260904_noise02000_rep005_seed2026093105,0.2,5,0.001293233318488074,0.0011296723278972354,0.02307443194640013,0.016865244326977002,-0.0477017366370458,0.013707652624470379
retuned_practical,ols_minus_correct,ols,gls_correct,3,20260905,20260904,seed03_ref20260905_label20260904_noise02000_rep006_seed2026093106,0.2,6,-0.0001555916479278885,-5.417074367125574e-05,0.023255941526500234,0.01676871199766855,-0.023743368697042744,0.011320926461595215
retuned_practical,ols_minus_correct,ols,gls_correct,3,20260905,20260904,seed03_ref20260905_label20260904_noise02000_rep007_seed2026093107,0.2,7,0.00023163691724609192,0.00045852370952506605,0.02293022344572848,0.01662057993619337,-0.031181097518651724,0.015135465865175446
retuned_practical,ols_minus_correct,ols,gls_correct,3,20260905,20260904,seed03_ref20260905_label20260904_noise02000_rep008_seed2026093108,0.2,8,-0.0003695383192863222,-0.00025441759753827564,0.018016271432056752,0.013010129387817926,-0.02745514052212794,0.011086098719747861
retuned_practical,ols_minus_correct,ols,gls_correct,3,20260905,20260904,seed03_ref20260905_label20260904_noise02000_rep009_seed2026093109,0.2,9,-0.0007320914979371262,-0.0007824226800590695,0.009068768945393879,0.006431589497429335,-0.040348138860699434,0.007547752255006923
retuned_practical,ols_minus_correct,ols,gls_correct,3,20260905,20260904,seed03_ref20260905_label20260904_noise02000_rep010_seed2026093110,0.2,10,0.0001210716663403999,4.507177654555772e-05,0.02318590775392404,0.016801697125242876,-0.01980852792057064,0.011409541996269423
retuned_practical,ols_minus_correct,ols,gls_correct,3,20260905,20260904,seed03_ref20260905_label20260904_noise02000_rep011_seed2026093111,0.2,11,-0.0003316622979448458,-0.00019741382166504895,0.01251904517217639,0.009026470557002897,-0.032720047520788276,0.016667793183739565
retuned_practical,ols_minus_correct,ols,gls_correct,3,20260905,20260904,seed03_ref20260905_label20260904_noise04000_rep000_seed2026093100,0.4,0,0.0011169680650242597,0.00474847809340373,0.02517484374871648,0.018886323652520742,-0.011558151074209766,0.004988212253992819
retuned_practical,ols_minus_correct,ols,gls_correct,3,20260905,20260904,seed03_ref20260905_label20260904_noise04000_rep001_seed2026093101,0.4,1,0.002212751505756838,0.006411896973136183,0.026555980649929922,0.02015911143098309,-0.013119254106277456,0.00245710772099228
retuned_practical,ols_minus_correct,ols,gls_correct,3,20260905,20260904,seed03_ref20260905_label20260904_noise04000_rep002_seed2026093102,0.4,2,0.0030033861604739087,0.0046018562500453886,0.02882505662811463,0.021407852130707394,-0.01635499754467795,0.01262510577219822
retuned_practical,ols_minus_correct,ols,gls_correct,3,20260905,20260904,seed03_ref20260905_label20260904_noise04000_rep003_seed2026093103,0.4,3,-0.0011355627075461117,0.0025364394351961583,0.026980160742539283,0.01976510313833313,-0.0052313347794450404,-0.0007281678291255478
retuned_practical,ols_minus_correct,ols,gls_correct,3,20260905,20260904,seed03_ref20260905_label20260904_noise04000_rep004_seed2026093104,0.4,4,0.0017672676243112861,0.007623109293225516,0.03522490825479396,0.0265352870852264,0.00515270612654839,0.0009712945098492298
retuned_practical,ols_minus_correct,ols,gls_correct,3,20260905,20260904,seed03_ref20260905_label20260904_noise04000_rep005_seed2026093105,0.4,5,0.004662661800199253,0.00786005905830589,0.026643644702663227,0.020504823281484785,-0.014264463511447056,0.006620467977794808
retuned_practical,ols_minus_correct,ols,gls_correct,3,20260905,20260904,seed03_ref20260905_label20260904_noise04000_rep006_seed2026093106,0.4,6,0.0030141969905821964,0.006344790939785572,0.02631128687717188,0.019948907939958016,0.01438544316379331,0.006449129313571111
retuned_practical,ols_minus_correct,ols,gls_correct,3,20260905,20260904,seed03_ref20260905_label20260904_noise04000_rep007_seed2026093107,0.4,7,0.0023626538790075813,0.005476249606942762,0.02671519607343653,0.020062184316538556,-0.0038447797836562714,0.008134652877199056
retuned_practical,ols_minus_correct,ols,gls_correct,3,20260905,20260904,seed03_ref20260905_label20260904_noise04000_rep008_seed2026093108,0.4,8,0.0013315789663596034,0.003505141699967601,0.01470101484976205,0.011166678319636802,0.005676239852573595,0.004663587580265416
retuned_practical,ols_minus_correct,ols,gls_correct,3,20260905,20260904,seed03_ref20260905_label20260904_noise04000_rep009_seed2026093109,0.4,9,0.0016743781687084125,0.00503898577210482,-0.002025590170883773,-0.00047125433229300295,-0.004968741353644335,0.0034496405014377007
retuned_practical,ols_minus_correct,ols,gls_correct,3,20260905,20260904,seed03_ref20260905_label20260904_noise04000_rep010_seed2026093110,0.4,10,0.003256366502901009,0.006025706283975474,0.024029236160779566,0.018308349333269525,0.00980876004798259,0.007061027305933498
retuned_practical,ols_minus_correct,ols,gls_correct,3,20260905,20260904,seed03_ref20260905_label20260904_noise04000_rep011_seed2026093111,0.4,11,0.002060859047616881,0.0049264329895693515,0.002566269475108962,0.002777966332211612,0.005462638359957417,0.008092740425063472
retuned_practical,ols_minus_correct,ols,gls_correct,3,20260905,20260904,seed03_ref20260905_label20260904_noise08000_rep000_seed2026093100,0.8,0,0.0033145347198115793,0.003876947427503663,0.04190186423472597,0.03025455669307686,7.410765283655252e-07,0.0077782311350920175
retuned_practical,ols_minus_correct,ols,gls_correct,3,20260905,20260904,seed03_ref20260905_label20260904_noise08000_rep001_seed2026093101,0.8,1,-0.0007314061252217119,0.0027728938488664756,0.09873864943679633,0.06993955906317695,-0.0014868360238364797,0.0015872824230278582
retuned_practical,ols_minus_correct,ols,gls_correct,3,20260905,20260904,seed03_ref20260905_label20260904_noise08000_rep002_seed2026093102,0.8,2,0.0037545783130138455,0.0015196221299005885,0.046664965567232985,0.033018842458674036,-0.012779721263352917,0.01274150524869544
retuned_practical,ols_minus_correct,ols,gls_correct,3,20260905,20260904,seed03_ref20260905_label20260904_noise08000_rep003_seed2026093103,0.8,3,-0.001954751458811743,0.000632469210534059,0.09101928233437229,0.06413791481789366,0.009989799244759956,0.003994167181557096
retuned_practical,ols_minus_correct,ols,gls_correct,3,20260905,20260904,seed03_ref20260905_label20260904_noise08000_rep004_seed2026093104,0.8,4,0.0014089745411859367,0.005124554554170713,0.04846267220661604,0.03507858728799296,0.00496361152746827,0.00587862721971244
retuned_practical,ols_minus_correct,ols,gls_correct,3,20260905,20260904,seed03_ref20260905_label20260904_noise08000_rep005_seed2026093105,0.8,5,0.0006225000097932476,0.00034024555338846296,0.04896710985292585,0.03445054135368031,-0.001838614209208167,0.002302130495248411
retuned_practical,ols_minus_correct,ols,gls_correct,3,20260905,20260904,seed03_ref20260905_label20260904_noise08000_rep006_seed2026093106,0.8,6,0.004198662187487323,0.0023175281124845903,0.06205390531831434,0.0439232711143982,0.012576180073704979,0.006661776918703621
retuned_practical,ols_minus_correct,ols,gls_correct,3,20260905,20260904,seed03_ref20260905_label20260904_noise08000_rep007_seed2026093107,0.8,7,-0.0020864609889510444,-0.0007601621118616397,0.10899539702775773,0.07618128123739376,-0.001118412552483683,-0.0013225525934053017
retuned_practical,ols_minus_correct,ols,gls_correct,3,20260905,20260904,seed03_ref20260905_label20260904_noise08000_rep008_seed2026093108,0.8,8,0.0006751404844231867,-0.0027644788050029123,0.08662341843591637,0.06023999063829044,0.010208212120786042,0.00664783698824456
retuned_practical,ols_minus_correct,ols,gls_correct,3,20260905,20260904,seed03_ref20260905_label20260904_noise08000_rep009_seed2026093109,0.8,9,-0.0016747895525432988,-0.0038326477766373324,0.0094256130402669,0.005701011308183124,0.004041433920736193,0.00010535963722779762
retuned_practical,ols_minus_correct,ols,gls_correct,3,20260905,20260904,seed03_ref20260905_label20260904_noise08000_rep010_seed2026093110,0.8,10,0.002777992958805986,0.0046423139419602966,0.06025362049111538,0.04363638734814046,0.005759387858343068,0.009091855426255346
retuned_practical,ols_minus_correct,ols,gls_correct,3,20260905,20260904,seed03_ref20260905_label20260904_noise08000_rep011_seed2026093111,0.8,11,-0.0016231423847303805,-0.0004333616133222473,0.07547806263406298,0.05244297087872518,0.004763683007746211,0.0027970742620861966
retuned_practical,ols_minus_correct,ols,gls_correct,4,20260915,20260914,seed04_ref20260915_label20260914_noise00500_rep000_seed2026094100,0.05,0,0.0002475405188374358,0.00218163589607967,0.11314421241634953,0.08441402078586097,-0.317050109740463,0.03164410974636889
retuned_practical,ols_minus_correct,ols,gls_correct,4,20260915,20260914,seed04_ref20260915_label20260914_noise00500_rep001_seed2026094101,0.05,1,-0.0019034395263854142,-0.0021468939865747216,-0.018528160393602944,-0.014044770560832975,-0.32908082200119493,0.023383107741357545
retuned_practical,ols_minus_correct,ols,gls_correct,4,20260915,20260914,seed04_ref20260915_label20260914_noise00500_rep002_seed2026094102,0.05,2,-0.0007327686870173822,-0.0005820571870517599,-0.018655025108282874,-0.013968759935124253,-0.31082852013630635,0.05257489929026127
retuned_practical,ols_minus_correct,ols,gls_correct,4,20260915,20260914,seed04_ref20260915_label20260914_noise00500_rep003_seed2026094103,0.05,3,-0.002759863885759467,-0.002666046282234269,-0.02130519534528441,-0.016168493350951496,-0.32628692012777405,0.018450279269649705
retuned_practical,ols_minus_correct,ols,gls_correct,4,20260915,20260914,seed04_ref20260915_label20260914_noise00500_rep004_seed2026094104,0.05,4,-0.0018849327235700153,-0.002274250462111882,-0.017794470523895156,-0.013514371779786316,-0.31988042666832106,0.023514824375223675
retuned_practical,ols_minus_correct,ols,gls_correct,4,20260915,20260914,seed04_ref20260915_label20260914_noise00500_rep005_seed2026094105,0.05,5,-0.00038802850339500483,-0.0005144975308806199,-0.014494655681437707,-0.010864616017944861,-0.2557775013965342,0.06944911212104055
retuned_practical,ols_minus_correct,ols,gls_correct,4,20260915,20260914,seed04_ref20260915_label20260914_noise00500_rep006_seed2026094106,0.05,6,0.0044087730782177426,0.005851325875614682,0.10568370072194277,0.07925913211034868,-0.21469455308773266,0.15692644602109596
retuned_practical,ols_minus_correct,ols,gls_correct,4,20260915,20260914,seed04_ref20260915_label20260914_noise00500_rep007_seed2026094107,0.05,7,0.0017028372968332928,0.0014053598791714944,0.022823199785314996,0.017113997508965473,-0.3217128289519082,0.21654034412165624
retuned_practical,ols_minus_correct,ols,gls_correct,4,20260915,20260914,seed04_ref20260915_label20260914_noise00500_rep008_seed2026094108,0.05,8,0.0015352719606863963,0.0014326062603374629,0.023047749811773488,0.017279619847059724,-0.2884171603790717,0.21887349747379714
retuned_practical,ols_minus_correct,ols,gls_correct,4,20260915,20260914,seed04_ref20260915_label20260914_noise00500_rep009_seed2026094109,0.05,9,-0.0008985368007607963,-0.000940050783037133,-0.01803914140333307,-0.013553931162411215,-0.3273336446440518,0.04319972465019761
retuned_practical,ols_minus_correct,ols,gls_correct,4,20260915,20260914,seed04_ref20260915_label20260914_noise00500_rep010_seed2026094110,0.05,10,-0.0013905059117245433,-0.0018020666128629736,-0.01746130546666813,-0.013214624303398259,-0.3029019944352376,0.05541082097068095
retuned_practical,ols_minus_correct,ols,gls_correct,4,20260915,20260914,seed04_ref20260915_label20260914_noise00500_rep011_seed2026094111,0.05,11,0.0013552680387401428,0.0012329467691267748,0.021022607751455813,0.015757293122249993,-0.2797793221711329,0.19891297656217555
retuned_practical,ols_minus_correct,ols,gls_correct,4,20260915,20260914,seed04_ref20260915_label20260914_noise01000_rep000_seed2026094100,0.1,0,0.0005776995382728023,0.0014398054891634204,0.01762647236986492,0.013253541451906048,-0.1403203771435202,0.08038828965518086
retuned_practical,ols_minus_correct,ols,gls_correct,4,20260915,20260914,seed04_ref20260915_label20260914_noise01000_rep001_seed2026094101,0.1,1,0.001902326629592832,0.001977532197402876,0.020567373512343834,0.015499066433916742,-0.11791095532053708,0.08531600140032691
retuned_practical,ols_minus_correct,ols,gls_correct,4,20260915,20260914,seed04_ref20260915_label20260914_noise01000_rep002_seed2026094102,0.1,2,0.0015329657412546105,0.002246452128637666,0.022944190171528156,0.017299551481573416,-0.13174055821345743,0.08518950724220242
retuned_practical,ols_minus_correct,ols,gls_correct,4,20260915,20260914,seed04_ref20260915_label20260914_noise01000_rep003_seed2026094103,0.1,3,0.0019104317660192383,0.002630331999599611,0.021972336720452956,0.016628973557653193,-0.13384724964039174,0.10192595476332178
retuned_practical,ols_minus_correct,ols,gls_correct,4,20260915,20260914,seed04_ref20260915_label20260914_noise01000_rep004_seed2026094104,0.1,4,0.0012612519453444326,0.0015012797636293485,0.02385935293758401,0.017894772227009692,-0.14194919671734252,0.08529106978032353
retuned_practical,ols_minus_correct,ols,gls_correct,4,20260915,20260914,seed04_ref20260915_label20260914_noise01000_rep005_seed2026094105,0.1,5,0.0007086253951143762,0.0014962699978040284,0.021971350195081008,0.01648807280577258,-0.12105134164448272,0.08159427130194974
retuned_practical,ols_minus_correct,ols,gls_correct,4,20260915,20260914,seed04_ref20260915_label20260914_noise01000_rep006_seed2026094106,0.1,6,0.0001769779127010762,0.000992048307097898,0.021673068095678927,0.016198856431281716,-0.12708135497123574,0.0682489322173081
retuned_practical,ols_minus_correct,ols,gls_correct,4,20260915,20260914,seed04_ref20260915_label20260914_noise01000_rep007_seed2026094107,0.1,7,0.0018050898859383324,0.0016695600850975822,0.02252090273611862,0.016914562372417286,-0.15991233813210082,0.09085465583104457
retuned_practical,ols_minus_correct,ols,gls_correct,4,20260915,20260914,seed04_ref20260915_label20260914_noise01000_rep008_seed2026094108,0.1,8,0.0013044172253602604,0.0013661999800388958,0.022913525570412707,0.017163620102175647,-0.1253638330621718,0.08936707396414167
retuned_practical,ols_minus_correct,ols,gls_correct,4,20260915,20260914,seed04_ref20260915_label20260914_noise01000_rep009_seed2026094109,0.1,9,0.0009177810461480085,0.0018343548358200346,0.022708710181982172,0.017068489791107033,-0.15349648867038224,0.07578636661594751
retuned_practical,ols_minus_correct,ols,gls_correct,4,20260915,20260914,seed04_ref20260915_label20260914_noise01000_rep010_seed2026094110,0.1,10,0.0025046740943261148,0.0023166876417707732,0.022066231025501093,0.016662814878794008,-0.12950531159490009,0.09518700419394688
retuned_practical,ols_minus_correct,ols,gls_correct,4,20260915,20260914,seed04_ref20260915_label20260914_noise01000_rep011_seed2026094111,0.1,11,0.0012122613995796117,0.001029723405935823,0.019025901493629038,0.014246883871882277,-0.12049486943056253,0.07207672867880088
retuned_practical,ols_minus_correct,ols,gls_correct,4,20260915,20260914,seed04_ref20260915_label20260914_noise02000_rep000_seed2026094100,0.2,0,0.0004602425974540858,0.0023985560587932997,0.01243450825851422,0.009516810345565063,-0.06070098634733978,0.026732218015769416
retuned_practical,ols_minus_correct,ols,gls_correct,4,20260915,20260914,seed04_ref20260915_label20260914_noise02000_rep001_seed2026094101,0.2,1,0.002406100708497949,0.003239613094388416,0.017779854558437447,0.013576586327651408,-0.033459321127256914,0.029659124304617812
retuned_practical,ols_minus_correct,ols,gls_correct,4,20260915,20260914,seed04_ref20260915_label20260914_noise02000_rep002_seed2026094102,0.2,2,0.0019385320927294836,0.003706753491795195,0.022941295552293073,0.01745414152202268,-0.05164971617719605,0.02989543116636595
retuned_practical,ols_minus_correct,ols,gls_correct,4,20260915,20260914,seed04_ref20260915_label20260914_noise02000_rep003_seed2026094103,0.2,3,0.002391080626305747,0.0047134421328440534,0.02123620579208685,0.016341916280721902,-0.047701716625017765,0.04272304330520171
retuned_practical,ols_minus_correct,ols,gls_correct,4,20260915,20260914,seed04_ref20260915_label20260914_noise02000_rep004_seed2026094104,0.2,4,0.0015708845085916912,0.002374681711274612,0.024057039204205877,0.018113124235910993,-0.05674535767453981,0.029604168378304152
retuned_practical,ols_minus_correct,ols,gls_correct,4,20260915,20260914,seed04_ref20260915_label20260914_noise02000_rep005_seed2026094105,0.2,5,0.0007448719535540216,0.002311239258112746,0.020762271921210607,0.015661010899533145,-0.047232759703199845,0.027256224509863758
retuned_practical,ols_minus_correct,ols,gls_correct,4,20260915,20260914,seed04_ref20260915_label20260914_noise02000_rep006_seed2026094106,0.2,6,4.5597891970838855e-05,0.001475125623661755,0.020502982392217706,0.01534223064651663,-0.04879164763069088,0.016746881654218226
retuned_practical,ols_minus_correct,ols,gls_correct,4,20260915,20260914,seed04_ref20260915_label20260914_noise02000_rep007_seed2026094107,0.2,7,0.0021545908916541234,0.002819360311839575,0.022766256029207566,0.01720068767315952,-0.07620423934820275,0.03436607623646082
retuned_practical,ols_minus_correct,ols,gls_correct,4,20260915,20260914,seed04_ref20260915_label20260914_noise02000_rep008_seed2026094108,0.2,8,0.001382262569596282,0.002129066621692377,0.02304584605486415,0.017307389865509226,-0.05117324522189093,0.03181742072469951
retuned_practical,ols_minus_correct,ols,gls_correct,4,20260915,20260914,seed04_ref20260915_label20260914_noise02000_rep009_seed2026094109,0.2,9,0.0008171027529724484,0.0029766444111111456,0.02281255895058898,0.017252823966089015,-0.0729938463720401,0.02203618805306995
retuned_practical,ols_minus_correct,ols,gls_correct,4,20260915,20260914,seed04_ref20260915_label20260914_noise02000_rep010_seed2026094110,0.2,10,0.0029051215625580107,0.0037200049791151213,0.020797390783458214,0.015881499034856306,-0.05247334607407028,0.033885630454202786
retuned_practical,ols_minus_correct,ols,gls_correct,4,20260915,20260914,seed04_ref20260915_label20260914_noise02000_rep011_seed2026094111,0.2,11,0.0014838485160525161,0.0017768704776159605,0.01479468654138949,0.011177288712848343,-0.043323746315796274,0.018932847821812482
retuned_practical,ols_minus_correct,ols,gls_correct,4,20260915,20260914,seed04_ref20260915_label20260914_noise04000_rep000_seed2026094100,0.4,0,0.0009754605351417478,0.0050499535167310705,0.003330426393032826,0.00331471445735515,-0.03310614187338312,0.007743216601050484
retuned_practical,ols_minus_correct,ols,gls_correct,4,20260915,20260914,seed04_ref20260915_label20260914_noise04000_rep001_seed2026094101,0.4,1,0.003937407982044616,0.006356532160205458,0.009815861212804311,0.008282174459802671,-0.0025810464725568583,0.01095987655525743
retuned_practical,ols_minus_correct,ols,gls_correct,4,20260915,20260914,seed04_ref20260915_label20260914_noise04000_rep002_seed2026094102,0.4,2,0.003160470890635092,0.00662856947281143,0.022852681458447766,0.0178013052721972,-0.023555937063571175,0.011179146885260893
retuned_practical,ols_minus_correct,ols,gls_correct,4,20260915,20260914,seed04_ref20260915_label20260914_noise04000_rep003_seed2026094103,0.4,3,0.003499885439420647,0.009452552845020445,0.019581985224246257,0.01591858895991405,-0.013380968248004166,0.019235909116298577
retuned_practical,ols_minus_correct,ols,gls_correct,4,20260915,20260914,seed04_ref20260915_label20260914_noise04000_rep004_seed2026094104,0.4,4,0.0019071318288965688,0.004213763574926338,0.024976018364217367,0.01896093569939067,-0.02651418903021807,0.008173899937915063
retuned_practical,ols_minus_correct,ols,gls_correct,4,20260915,20260914,seed04_ref20260915_label20260914_noise04000_rep005_seed2026094105,0.4,5,0.0019178750348830542,0.004816130240380551,0.01576308529794379,0.012325921862836653,-0.022853387167081518,0.011191284310725802
retuned_practical,ols_minus_correct,ols,gls_correct,4,20260915,20260914,seed04_ref20260915_label20260914_noise04000_rep006_seed2026094106,0.4,6,0.000633301610308501,0.004465596187924498,0.019405498746099425,0.014910404944572797,-0.021274414981321987,0.002601398260915433
retuned_practical,ols_minus_correct,ols,gls_correct,4,20260915,20260914,seed04_ref20260915_label20260914_noise04000_rep007_seed2026094107,0.4,7,0.0026319715534318666,0.004862347118546689,0.02515166872667962,0.0191628123994248,-0.04225387868128827,0.012867392050028625
retuned_practical,ols_minus_correct,ols,gls_correct,4,20260915,20260914,seed04_ref20260915_label20260914_noise04000_rep008_seed2026094108,0.4,8,0.0017597531621956208,0.004588093480913158,0.022578802302186785,0.01724076887684778,-0.03125609217903813,0.011125569705936256
retuned_practical,ols_minus_correct,ols,gls_correct,4,20260915,20260914,seed04_ref20260915_label20260914_noise04000_rep009_seed2026094109,0.4,9,0.0016222718668955638,0.006173292660114266,0.023361841666206473,0.018092203849249255,-0.04151485714738801,0.00640421306601735
retuned_practical,ols_minus_correct,ols,gls_correct,4,20260915,20260914,seed04_ref20260915_label20260914_noise04000_rep010_seed2026094110,0.4,10,0.0029195816129989893,0.0058708845254399344,0.015113401275192007,0.012032767514565668,-0.027289097617957836,0.008401195002958328
retuned_practical,ols_minus_correct,ols,gls_correct,4,20260915,20260914,seed04_ref20260915_label20260914_noise04000_rep011_seed2026094111,0.4,11,0.0023659806837253994,0.005210978850111375,0.003930252912076604,0.0037739641749705566,-0.01866334600267061,0.0035791202130472932
retuned_practical,ols_minus_correct,ols,gls_correct,4,20260915,20260914,seed04_ref20260915_label20260914_noise08000_rep000_seed2026094100,0.8,0,0.0007753629353850489,0.0013579000789409879,0.05548598522908199,0.039988138967068654,-0.01942687049745162,0.010277416517499027
retuned_practical,ols_minus_correct,ols,gls_correct,4,20260915,20260914,seed04_ref20260915_label20260914_noise08000_rep001_seed2026094101,0.8,1,-0.0005571513509337045,0.0042944075351523114,0.04411429235599584,0.032436674014408196,-0.009774037057331375,0.0009638993141747321
retuned_practical,ols_minus_correct,ols,gls_correct,4,20260915,20260914,seed04_ref20260915_label20260914_noise08000_rep002_seed2026094102,0.8,2,0.0040126733213560195,0.0027344678090150953,0.053961249094446884,0.038810981006935585,-0.022238656651361488,0.009794372961327014
retuned_practical,ols_minus_correct,ols,gls_correct,4,20260915,20260914,seed04_ref20260915_label20260914_noise08000_rep003_seed2026094103,0.8,3,0.00525576567209729,0.00886686465365949,0.09783961923562767,0.07190904043109947,-0.004064459211157612,0.01967232796502416
retuned_practical,ols_minus_correct,ols,gls_correct,4,20260915,20260914,seed04_ref20260915_label20260914_noise08000_rep004_seed2026094104,0.8,4,0.0018845225412176259,0.00311755697165933,0.027906648932860656,0.02063498570364397,-0.01593264741669964,0.008973021855350982
retuned_practical,ols_minus_correct,ols,gls_correct,4,20260915,20260914,seed04_ref20260915_label20260914_noise08000_rep005_seed2026094105,0.8,5,0.0009649876908729427,0.004572387281630008,0.0873820772412115,0.06357088981435988,-0.019513570816759973,0.013150236770966162
retuned_practical,ols_minus_correct,ols,gls_correct,4,20260915,20260914,seed04_ref20260915_label20260914_noise08000_rep006_seed2026094106,0.8,6,0.00022752417472327036,0.0021738785884528045,0.05291579395085466,0.03823015433106891,-0.00962651449850882,0.0045856006580007325
retuned_practical,ols_minus_correct,ols,gls_correct,4,20260915,20260914,seed04_ref20260915_label20260914_noise08000_rep007_seed2026094107,0.8,7,0.002514848835642347,0.007897772183592722,0.04210693275115729,0.031730746726482906,-0.02829390589688696,0.007374095414346193
retuned_practical,ols_minus_correct,ols,gls_correct,4,20260915,20260914,seed04_ref20260915_label20260914_noise08000_rep008_seed2026094108,0.8,8,-0.0007523692349041822,0.0008364162547745968,0.041862948027560076,0.030140582653602643,-0.034325393694744744,0.0041526652262893204
retuned_practical,ols_minus_correct,ols,gls_correct,4,20260915,20260914,seed04_ref20260915_label20260914_noise08000_rep009_seed2026094109,0.8,9,0.0013692069459083633,0.0025491615140160184,0.04049217005174821,0.02942957171127414,-0.024637843377162794,0.004803275973385368
retuned_practical,ols_minus_correct,ols,gls_correct,4,20260915,20260914,seed04_ref20260915_label20260914_noise08000_rep010_seed2026094110,0.8,10,0.003728687827598498,0.00654460912996585,0.09204972111632737,0.06734624676336842,-0.013020953080013165,0.017603103056554437
retuned_practical,ols_minus_correct,ols,gls_correct,4,20260915,20260914,seed04_ref20260915_label20260914_noise08000_rep011_seed2026094111,0.8,11,0.0012485243712632155,0.0024850111999046853,0.042333512570581266,0.03084413635430161,-0.01832930046213832,0.002595225646856658
retuned_practical,flattened_minus_correct,gls_flattened,gls_correct,0,20260805,20260804,seed00_ref20260805_label20260804_noise00500_rep000_seed2026090100,0.05,0,-0.0005460889676405789,-0.0008565468328269182,-0.010693437094968727,-0.007931804529001774,-0.21187093417649105,0.0014857502438991865
retuned_practical,flattened_minus_correct,gls_flattened,gls_correct,0,20260805,20260804,seed00_ref20260805_label20260804_noise00500_rep001_seed2026090101,0.05,1,-0.007507662116080754,-0.009282012993910377,0.09732556825789052,0.06998079287993592,-0.23825163334093302,-0.02484244830154081
retuned_practical,flattened_minus_correct,gls_flattened,gls_correct,0,20260805,20260804,seed00_ref20260805_label20260804_noise00500_rep002_seed2026090102,0.05,2,-0.0004474826727768333,-0.0007106966588594499,-0.00715028900322956,-0.005315799698536461,-0.168978031182359,0.0019785391167799204
retuned_practical,flattened_minus_correct,gls_flattened,gls_correct,0,20260805,20260804,seed00_ref20260805_label20260804_noise00500_rep003_seed2026090103,0.05,3,-0.0024480020381819345,-0.0024802462998468056,0.004988131534550799,0.003307376343705759,-0.18009536098011214,0.00813535711986857
retuned_practical,flattened_minus_correct,gls_flattened,gls_correct,0,20260805,20260804,seed00_ref20260805_label20260804_noise00500_rep004_seed2026090104,0.05,4,-0.00034993928118365325,-0.00037489273891964936,-0.008410539055892507,-0.006206607284097054,-0.17596782374851605,0.010648758233711586
retuned_practical,flattened_minus_correct,gls_flattened,gls_correct,0,20260805,20260804,seed00_ref20260805_label20260804_noise00500_rep005_seed2026090105,0.05,5,-0.01136814156894253,-0.010131453077420693,0.09828435779734002,0.07062012172663035,-0.3315030466294444,-0.1335817319780057
retuned_practical,flattened_minus_correct,gls_flattened,gls_correct,0,20260805,20260804,seed00_ref20260805_label20260804_noise00500_rep006_seed2026090106,0.05,6,-0.0005600531416952159,-0.0006877167661727829,-0.007376022760155587,-0.005480565544206728,-0.18408706602707525,0.0035044267335750945
retuned_practical,flattened_minus_correct,gls_flattened,gls_correct,0,20260805,20260804,seed00_ref20260805_label20260804_noise00500_rep007_seed2026090107,0.05,7,-0.009010255495020825,-0.011360174230121659,0.08909570006044698,0.06374524742941823,-0.29722463172436564,-0.12119974855772009
retuned_practical,flattened_minus_correct,gls_flattened,gls_correct,0,20260805,20260804,seed00_ref20260805_label20260804_noise00500_rep008_seed2026090108,0.05,8,-0.0007630350245426687,-0.0008348470957468684,-0.007206971104395943,-0.005372699452029672,-0.19755616553670707,0.0071790481637834525
retuned_practical,flattened_minus_correct,gls_flattened,gls_correct,0,20260805,20260804,seed00_ref20260805_label20260804_noise00500_rep009_seed2026090109,0.05,9,-0.0009346846805510511,-0.0009645278217352837,-0.009559585895131062,-0.0071104513734036034,-0.18794864760394248,-0.00972853113211647
retuned_practical,flattened_minus_correct,gls_flattened,gls_correct,0,20260805,20260804,seed00_ref20260805_label20260804_noise00500_rep010_seed2026090110,0.05,10,-0.0008818935658809479,-0.0008012761188352507,-0.007339923346478816,-0.005465953899303599,-0.20977624656043536,0.0033750514418620092
retuned_practical,flattened_minus_correct,gls_flattened,gls_correct,0,20260805,20260804,seed00_ref20260805_label20260804_noise00500_rep011_seed2026090111,0.05,11,-0.0067145508147227195,-0.008916982505054905,0.10174873544112417,0.07326054196018811,-0.23546488029479207,-0.05002721356222484
retuned_practical,flattened_minus_correct,gls_flattened,gls_correct,0,20260805,20260804,seed00_ref20260805_label20260804_noise01000_rep000_seed2026090100,0.1,0,-0.001963903240191911,-0.002287334489076115,0.002806506870376313,0.0017417358829420193,-0.09143256122598742,0.004350791907515195
retuned_practical,flattened_minus_correct,gls_flattened,gls_correct,0,20260805,20260804,seed00_ref20260805_label20260804_noise01000_rep001_seed2026090101,0.1,1,-0.0012937263331370963,-0.0018090251104463384,0.0032506325988274076,0.002122183474989936,-0.0773895132926472,0.008473934425401675
retuned_practical,flattened_minus_correct,gls_flattened,gls_correct,0,20260805,20260804,seed00_ref20260805_label20260804_noise01000_rep002_seed2026090102,0.1,2,-0.001532481134624647,-0.0017741807361258688,0.0033961004958381613,0.00223911270215843,-0.07948186368332344,0.007655577323445906
retuned_practical,flattened_minus_correct,gls_flattened,gls_correct,0,20260805,20260804,seed00_ref20260805_label20260804_noise01000_rep003_seed2026090103,0.1,3,-0.002168865137674114,-0.002371213249574289,0.005864045322563904,0.003954996801117272,-0.0929732487056214,0.0006512902661954811
retuned_practical,flattened_minus_correct,gls_flattened,gls_correct,0,20260805,20260804,seed00_ref20260805_label20260804_noise01000_rep004_seed2026090104,0.1,4,-0.001422945758308869,-0.0019153358457792147,0.004508908280803192,0.0030334693830838533,-0.07634365235724183,0.011386575362450024
retuned_practical,flattened_minus_correct,gls_flattened,gls_correct,0,20260805,20260804,seed00_ref20260805_label20260804_noise01000_rep005_seed2026090105,0.1,5,-0.0019377376844117722,-0.0022382400233874056,0.002383476364160031,0.0014402283460158705,-0.08433206089982748,0.0025826877956884875
retuned_practical,flattened_minus_correct,gls_flattened,gls_correct,0,20260805,20260804,seed00_ref20260805_label20260804_noise01000_rep006_seed2026090106,0.1,6,-0.0017667096443265418,-0.0019106097204285022,0.003770699749561679,0.002493077092985463,-0.0842618671856632,0.0031543471463924
retuned_practical,flattened_minus_correct,gls_flattened,gls_correct,0,20260805,20260804,seed00_ref20260805_label20260804_noise01000_rep007_seed2026090107,0.1,7,-0.001459217073036423,-0.001978788051488989,0.005123289397614195,0.0034712696083119,-0.07912806715558673,0.010714847838475094
retuned_practical,flattened_minus_correct,gls_flattened,gls_correct,0,20260805,20260804,seed00_ref20260805_label20260804_noise01000_rep008_seed2026090108,0.1,8,-0.0017182196336116284,-0.0024716497007517546,0.003670191965615577,0.002351627419209912,-0.09184624849063794,0.003932257278054907
retuned_practical,flattened_minus_correct,gls_flattened,gls_correct,0,20260805,20260804,seed00_ref20260805_label20260804_noise01000_rep009_seed2026090109,0.1,9,-0.0014817077120145572,-0.001964792471456256,0.0023864099881141243,0.0014806917026006783,-0.08364092072014873,0.007961352410442935
retuned_practical,flattened_minus_correct,gls_flattened,gls_correct,0,20260805,20260804,seed00_ref20260805_label20260804_noise01000_rep010_seed2026090110,0.1,10,-0.002187923697868216,-0.002591648430144561,0.005171428245384635,0.003427030484021709,-0.09101802878290655,0.001270217197317125
retuned_practical,flattened_minus_correct,gls_flattened,gls_correct,0,20260805,20260804,seed00_ref20260805_label20260804_noise01000_rep011_seed2026090111,0.1,11,-0.0020310684346859786,-0.002076892572816652,0.003985758962043784,0.0026242482387359156,-0.08215658292558925,0.0008663890855398204
retuned_practical,flattened_minus_correct,gls_flattened,gls_correct,0,20260805,20260804,seed00_ref20260805_label20260804_noise02000_rep000_seed2026090100,0.2,0,-0.0008022813024431141,-0.0012483552385840202,0.0018450514571435317,0.0011580048725745584,-0.04268198286340086,0.0030086347238338362
retuned_practical,flattened_minus_correct,gls_flattened,gls_correct,0,20260805,20260804,seed00_ref20260805_label20260804_noise02000_rep001_seed2026090101,0.2,1,0.0001249416250299895,-0.00016895728964771983,0.002488414696095398,0.0017755023892599975,-0.03358419184759209,0.006265104582946268
retuned_practical,flattened_minus_correct,gls_flattened,gls_correct,0,20260805,20260804,seed00_ref20260805_label20260804_noise02000_rep002_seed2026090102,0.2,2,-0.0001912549623644677,-5.199673453373799e-05,0.0029764325887329246,0.002149688328477506,-0.033599768429314336,0.005571080845734988
retuned_practical,flattened_minus_correct,gls_flattened,gls_correct,0,20260805,20260804,seed00_ref20260805_label20260804_noise02000_rep003_seed2026090103,0.2,3,-0.0013352947154909867,-0.001417246537496808,0.0073344693180381615,0.00511007128150337,-0.042984721399111914,-0.00014706436298350667
retuned_practical,flattened_minus_correct,gls_flattened,gls_correct,0,20260805,20260804,seed00_ref20260805_label20260804_noise02000_rep004_seed2026090104,0.2,4,-0.00012237510307525068,-0.0006854475456440356,0.00496827180526227,0.003508360543869382,-0.03752713242593475,0.007489671889994831
retuned_practical,flattened_minus_correct,gls_flattened,gls_correct,0,20260805,20260804,seed00_ref20260805_label20260804_noise02000_rep005_seed2026090105,0.2,5,-0.0008339885710018646,-0.0010928197471223866,0.0009340930425268956,0.0005199615802827795,-0.03636597300669542,0.0019754823005471156
retuned_practical,flattened_minus_correct,gls_flattened,gls_correct,0,20260805,20260804,seed00_ref20260805_label20260804_noise02000_rep006_seed2026090106,0.2,6,-0.00042964580509075034,-0.0005217404475425236,0.0035264235631369267,0.0024804288994257906,-0.03676254918313848,0.0027041572991119978
retuned_practical,flattened_minus_correct,gls_flattened,gls_correct,0,20260805,20260804,seed00_ref20260805_label20260804_noise02000_rep007_seed2026090107,0.2,7,-0.00017772998234738546,-0.0005952934026687007,0.006199066949507004,0.004411220570095409,-0.034191182635788575,0.007151167989806195
retuned_practical,flattened_minus_correct,gls_flattened,gls_correct,0,20260805,20260804,seed00_ref20260805_label20260804_noise02000_rep008_seed2026090108,0.2,8,-0.0006857027654248726,-0.0016146707064013388,0.003512099644702338,0.0023217730272524495,-0.043659073013417427,0.001765830151579939
retuned_practical,flattened_minus_correct,gls_flattened,gls_correct,0,20260805,20260804,seed00_ref20260805_label20260804_noise02000_rep009_seed2026090109,0.2,9,-0.00018963635947780166,-0.0007206303116864543,0.0012983829048659468,0.0008395166634092011,-0.041242836035472186,0.004548891995594495
retuned_practical,flattened_minus_correct,gls_flattened,gls_correct,0,20260805,20260804,seed00_ref20260805_label20260804_noise02000_rep010_seed2026090110,0.2,10,-0.0009226356518080847,-0.0014550339573922988,0.006581483575498814,0.004565767217898531,-0.04052982163589092,0.0014950666233006782
retuned_practical,flattened_minus_correct,gls_flattened,gls_correct,0,20260805,20260804,seed00_ref20260805_label20260804_noise02000_rep011_seed2026090111,0.2,11,-0.0010619096183120402,-0.0009609632217346675,0.004194973488070519,0.0029005751579281314,-0.035542795007307504,0.0004258793143276929
retuned_practical,flattened_minus_correct,gls_flattened,gls_correct,0,20260805,20260804,seed00_ref20260805_label20260804_noise04000_rep000_seed2026090100,0.4,0,0.0005238475502066797,0.0007231525568381358,-2.81874456254938e-05,0.00010730072251996514,-0.023437684054752328,0.002267638704013253
retuned_practical,flattened_minus_correct,gls_flattened,gls_correct,0,20260805,20260804,seed00_ref20260805_label20260804_noise04000_rep001_seed2026090101,0.4,1,0.0014747031877923589,0.002914261281468905,0.0003953159797561723,0.0008268301249705345,-0.02061220211783521,0.00427157836165426
retuned_practical,flattened_minus_correct,gls_flattened,gls_correct,0,20260805,20260804,seed00_ref20260805_label20260804_noise04000_rep002_seed2026090102,0.4,2,0.0015953397239968359,0.0037044285425342494,0.002734828347339291,0.0026249707728678295,-0.01810658429145362,0.0046812527463651055
retuned_practical,flattened_minus_correct,gls_flattened,gls_correct,0,20260805,20260804,seed00_ref20260805_label20260804_noise04000_rep003_seed2026090103,0.4,3,-0.00016421512403230754,0.0011938265839573636,0.009081124952953212,0.006712902286503675,-0.021950318666623003,0.0006434147942517843
retuned_practical,flattened_minus_correct,gls_flattened,gls_correct,0,20260805,20260804,seed00_ref20260805_label20260804_noise04000_rep004_seed2026090104,0.4,4,0.0011524195246357394,0.0020165597019254633,0.006408004339517381,0.004944772022514532,-0.027139227831278312,0.005074934156584332
retuned_practical,flattened_minus_correct,gls_flattened,gls_correct,0,20260805,20260804,seed00_ref20260805_label20260804_noise04000_rep005_seed2026090105,0.4,5,0.0003153828735898423,0.0012649708949406535,-0.0021486528686643913,-0.0013163210975453699,-0.018197875872284275,0.0022028059013241563
retuned_practical,flattened_minus_correct,gls_flattened,gls_correct,0,20260805,20260804,seed00_ref20260805_label20260804_noise04000_rep006_seed2026090106,0.4,6,0.0010005985744001578,0.002212488935831841,0.0024862572623273183,0.002177156809165137,-0.019130731266494116,0.002225927149608342
retuned_practical,flattened_minus_correct,gls_flattened,gls_correct,0,20260805,20260804,seed00_ref20260805_label20260804_noise04000_rep007_seed2026090107,0.4,7,0.0012320452567758933,0.0029664095334596408,0.008069249677774226,0.0063030531207204366,-0.019399829866820095,0.005338069928488842
retuned_practical,flattened_minus_correct,gls_flattened,gls_correct,0,20260805,20260804,seed00_ref20260805_label20260804_noise04000_rep008_seed2026090108,0.4,8,0.00047746539296616985,0.0010726157651161916,0.002772003474756257,0.002173542814516427,-0.025154916722965437,0.0013321761788780417
retuned_practical,flattened_minus_correct,gls_flattened,gls_correct,0,20260805,20260804,seed00_ref20260805_label20260804_noise04000_rep009_seed2026090109,0.4,9,0.0009671243195706336,0.001784274610222708,0.0010042531560020551,0.0010294634535013003,-0.02666612118980982,0.0016358653807304613
retuned_practical,flattened_minus_correct,gls_flattened,gls_correct,0,20260805,20260804,seed00_ref20260805_label20260804_noise04000_rep010_seed2026090110,0.4,10,0.0008791784411953385,0.0018125826732925399,0.009608960686124157,0.00720008167564179,-0.019557235264386685,0.0030274369328218143
retuned_practical,flattened_minus_correct,gls_flattened,gls_correct,0,20260805,20260804,seed00_ref20260805_label20260804_noise04000_rep011_seed2026090111,0.4,11,-2.5682704851648364e-05,0.001746462435907148,0.004959136083278692,0.003859795718910597,-0.017743131420416836,0.0009451192672209618
retuned_practical,flattened_minus_correct,gls_flattened,gls_correct,0,20260805,20260804,seed00_ref20260805_label20260804_noise08000_rep000_seed2026090100,0.8,0,-0.000946875139326786,-0.0020062608075748223,0.02420853482159524,0.016462874811769113,-0.025505099836785394,0.0008687408859151535
retuned_practical,flattened_minus_correct,gls_flattened,gls_correct,0,20260805,20260804,seed00_ref20260805_label20260804_noise08000_rep001_seed2026090101,0.8,1,0.0005692029521191522,0.0009271281677367682,-0.001246189525405561,-0.0006582790339051403,-0.01738118569266489,0.0045591230897923385
retuned_practical,flattened_minus_correct,gls_flattened,gls_correct,0,20260805,20260804,seed00_ref20260805_label20260804_noise08000_rep002_seed2026090102,0.8,2,0.0004458865225818176,0.00377963850769375,0.020544218748300147,0.015223661687873036,-0.025731192744667952,0.006020260213437156
retuned_practical,flattened_minus_correct,gls_flattened,gls_correct,0,20260805,20260804,seed00_ref20260805_label20260804_noise08000_rep003_seed2026090103,0.8,3,-0.001702866337316089,-0.00010028273389506293,0.035977342417594094,0.02519893535964468,-0.016579582178320118,0.0017053614899600333
retuned_practical,flattened_minus_correct,gls_flattened,gls_correct,0,20260805,20260804,seed00_ref20260805_label20260804_noise08000_rep004_seed2026090104,0.8,4,0.0006575600752606325,0.000579712928292675,0.02549841787122653,0.01797671673529777,-0.025801962453198657,0.010359644750227881
retuned_practical,flattened_minus_correct,gls_flattened,gls_correct,0,20260805,20260804,seed00_ref20260805_label20260804_noise08000_rep005_seed2026090105,0.8,5,-0.00042606882872719964,-0.0009538318383676136,0.005086046083194962,0.0033275355947218754,-0.023850593694895394,0.0013624885609189175
retuned_practical,flattened_minus_correct,gls_flattened,gls_correct,0,20260805,20260804,seed00_ref20260805_label20260804_noise08000_rep006_seed2026090106,0.8,6,-0.001608333062216749,0.0011418241634006954,0.03662111031028514,0.02579023004596015,-0.02704258798894954,-0.0027932898061819866
retuned_practical,flattened_minus_correct,gls_flattened,gls_correct,0,20260805,20260804,seed00_ref20260805_label20260804_noise08000_rep007_seed2026090107,0.8,7,-0.0007676648859199497,0.002036980864151161,0.03881416705585283,0.027707578985121106,-0.02126201560263219,0.006496796194717991
retuned_practical,flattened_minus_correct,gls_flattened,gls_correct,0,20260805,20260804,seed00_ref20260805_label20260804_noise08000_rep008_seed2026090108,0.8,8,0.0026593125657119465,0.0032535215629756475,0.03800704689387757,0.02735744014009356,-0.01972831138951503,0.011026481456729353
retuned_practical,flattened_minus_correct,gls_flattened,gls_correct,0,20260805,20260804,seed00_ref20260805_label20260804_noise08000_rep009_seed2026090109,0.8,9,-0.0008954585163338802,-0.0002986002865362769,0.020431626618791277,0.014296133069987338,-0.0254147183517186,0.004500130835109806
retuned_practical,flattened_minus_correct,gls_flattened,gls_correct,0,20260805,20260804,seed00_ref20260805_label20260804_noise08000_rep010_seed2026090110,0.8,10,0.0005641656790068561,-0.0005941587920158531,0.033050877911984355,0.022892654768380982,-0.0173307207975697,0.003079351786096085
retuned_practical,flattened_minus_correct,gls_flattened,gls_correct,0,20260805,20260804,seed00_ref20260805_label20260804_noise08000_rep011_seed2026090111,0.8,11,-0.0020380839330839118,-0.0002993124332676955,0.008344473703924216,0.005783018786056582,-0.02228312079624528,0.00020632535631959215
retuned_practical,flattened_minus_correct,gls_flattened,gls_correct,1,20260815,20260814,seed01_ref20260815_label20260814_noise00500_rep000_seed2026091100,0.05,0,0.002881557187427719,0.004884715984629973,0.12947516432736028,0.09655671185798309,-0.2365913300764051,0.18163330281985735
retuned_practical,flattened_minus_correct,gls_flattened,gls_correct,1,20260815,20260814,seed01_ref20260815_label20260814_noise00500_rep001_seed2026091101,0.05,1,-0.0018077285150595312,-0.0016771332521359483,-0.0023312664841989017,-0.001937785653452262,-0.3286729269060569,0.015158860175793265
retuned_practical,flattened_minus_correct,gls_flattened,gls_correct,1,20260815,20260814,seed01_ref20260815_label20260814_noise00500_rep002_seed2026091102,0.05,2,-0.001158494218673256,-0.0012360815670175718,-0.0028574665968298385,-0.002270276660166992,-0.3711674709698838,0.011873290794369051
retuned_practical,flattened_minus_correct,gls_flattened,gls_correct,1,20260815,20260814,seed01_ref20260815_label20260814_noise00500_rep003_seed2026091103,0.05,3,-0.00021498608670586505,-0.0004211063925576297,0.004151074426211654,0.0030080446725750387,-0.31855460263602,0.0855956458198106
retuned_practical,flattened_minus_correct,gls_flattened,gls_correct,1,20260815,20260814,seed01_ref20260815_label20260814_noise00500_rep004_seed2026091104,0.05,4,-0.0005378819341041452,-0.0006872626353925937,-0.0005042984554689545,-0.0004572562326080609,-0.30973570018069685,0.036516088050683404
retuned_practical,flattened_minus_correct,gls_flattened,gls_correct,1,20260815,20260814,seed01_ref20260815_label20260814_noise00500_rep005_seed2026091105,0.05,5,-0.0015458227679518988,-0.0017854012620527882,-0.0013406426067813504,-0.0012102317735542822,-0.31415569939084786,0.004614821400493074
retuned_practical,flattened_minus_correct,gls_flattened,gls_correct,1,20260815,20260814,seed01_ref20260815_label20260814_noise00500_rep006_seed2026091106,0.05,6,-0.006666731007556548,-0.005713711708850405,-0.11537141166406972,-0.08620080523708856,-0.45939935499113904,-0.07754451598922651
retuned_practical,flattened_minus_correct,gls_flattened,gls_correct,1,20260815,20260814,seed01_ref20260815_label20260814_noise00500_rep007_seed2026091107,0.05,7,-0.001442487191861519,-0.0016017617078043778,-0.002607402304680928,-0.0021318567158864488,-0.3589596458012383,-0.0017936174003785332
retuned_practical,flattened_minus_correct,gls_flattened,gls_correct,1,20260815,20260814,seed01_ref20260815_label20260814_noise00500_rep008_seed2026091108,0.05,8,-0.0012022513768009946,-0.0012706769803303153,0.00043010075706417794,0.00016145706157455475,-0.3577033581973703,0.02573507829374888
retuned_practical,flattened_minus_correct,gls_flattened,gls_correct,1,20260815,20260814,seed01_ref20260815_label20260814_noise00500_rep009_seed2026091109,0.05,9,-0.0018009060750074635,-0.001603296766420903,-0.003498948769876553,-0.0027948200991964045,-0.39445514293905237,-0.025664229978004105
retuned_practical,flattened_minus_correct,gls_flattened,gls_correct,1,20260815,20260814,seed01_ref20260815_label20260814_noise00500_rep010_seed2026091110,0.05,10,0.0017494809711948722,-0.0005923644056093913,-0.1157844261684926,-0.08591373875498576,-0.31435853092570154,0.06458370604690256
retuned_practical,flattened_minus_correct,gls_flattened,gls_correct,1,20260815,20260814,seed01_ref20260815_label20260814_noise00500_rep011_seed2026091111,0.05,11,-0.0014248326495711616,-0.001112562529205413,-0.0015180289544486358,-0.0012596865248480915,-0.35192365504494516,0.012242198228300527
retuned_practical,flattened_minus_correct,gls_flattened,gls_correct,1,20260815,20260814,seed01_ref20260815_label20260814_noise01000_rep000_seed2026091100,0.1,0,-0.00016821240184242137,0.00020161794824469226,0.003532178104586392,0.0026360719937196797,-0.13514076374292805,0.03708323114709011
retuned_practical,flattened_minus_correct,gls_flattened,gls_correct,1,20260815,20260814,seed01_ref20260815_label20260814_noise01000_rep001_seed2026091101,0.1,1,-0.0001255690561564049,-0.0002471048630748318,0.0046258105024173934,0.0033826304448029143,-0.14295941733206052,0.036734364424396704
retuned_practical,flattened_minus_correct,gls_flattened,gls_correct,1,20260815,20260814,seed01_ref20260815_label20260814_noise01000_rep002_seed2026091102,0.1,2,-0.00031371359894410977,-0.0005269694100368261,0.003811116695651262,0.0027432531427923346,-0.13720245611041637,0.038671212349423056
retuned_practical,flattened_minus_correct,gls_flattened,gls_correct,1,20260815,20260814,seed01_ref20260815_label20260814_noise01000_rep003_seed2026091103,0.1,3,0.0002511720133243356,-7.615730588131364e-05,0.0032132118797686404,0.0023657290356789984,-0.15465120795184428,0.0423748076034387
retuned_practical,flattened_minus_correct,gls_flattened,gls_correct,1,20260815,20260814,seed01_ref20260815_label20260814_noise01000_rep004_seed2026091104,0.1,4,-0.00025981710423686466,-0.00070568269147675,0.004620430587806701,0.003317213685621434,-0.13447419311552355,0.035497725222628285
retuned_practical,flattened_minus_correct,gls_flattened,gls_correct,1,20260815,20260814,seed01_ref20260815_label20260814_noise01000_rep005_seed2026091105,0.1,5,-0.0003330665992674342,-0.00015531857124106985,0.002525618495877069,0.0018437310249654337,-0.15834449975938036,0.030364490851757076
retuned_practical,flattened_minus_correct,gls_flattened,gls_correct,1,20260815,20260814,seed01_ref20260815_label20260814_noise01000_rep006_seed2026091106,0.1,6,-0.0002841357008995238,-0.0004423444300516166,0.003934726504720043,0.002841755166906934,-0.15366079169444902,0.03250812684860782
retuned_practical,flattened_minus_correct,gls_flattened,gls_correct,1,20260815,20260814,seed01_ref20260815_label20260814_noise01000_rep007_seed2026091107,0.1,7,0.0001591587019396934,2.6209070337124274e-05,0.005247809889025179,0.003878833005328264,-0.1398099988636381,0.04403888363604791
retuned_practical,flattened_minus_correct,gls_flattened,gls_correct,1,20260815,20260814,seed01_ref20260815_label20260814_noise01000_rep008_seed2026091108,0.1,8,0.00039036457223182164,-0.00014110700153252553,0.002239210423221727,0.0016360362758440772,-0.13846017496393892,0.03920293533689767
retuned_practical,flattened_minus_correct,gls_flattened,gls_correct,1,20260815,20260814,seed01_ref20260815_label20260814_noise01000_rep009_seed2026091109,0.1,9,-0.0006546604740158279,-0.0005189823946592231,0.0017892361453298866,0.0012502343766510604,-0.14107913148603068,0.03282336896005389
retuned_practical,flattened_minus_correct,gls_flattened,gls_correct,1,20260815,20260814,seed01_ref20260815_label20260814_noise01000_rep010_seed2026091110,0.1,10,-0.000585269116042092,-0.0005868556662247948,0.0060532798278036815,0.004389270017617797,-0.1443730703846704,0.03387648472243798
retuned_practical,flattened_minus_correct,gls_flattened,gls_correct,1,20260815,20260814,seed01_ref20260815_label20260814_noise01000_rep011_seed2026091111,0.1,11,-0.0006430598713619284,-0.0002155192795300631,0.0036655402777370227,0.002682130856065057,-0.1424401145848866,0.028757750300401508
retuned_practical,flattened_minus_correct,gls_flattened,gls_correct,1,20260815,20260814,seed01_ref20260815_label20260814_noise02000_rep000_seed2026091100,0.2,0,0.0005399621495965623,0.0017249298008629177,0.0029780199810819363,0.002456782289969872,-0.06512832785079081,0.0138716728940953
retuned_practical,flattened_minus_correct,gls_flattened,gls_correct,1,20260815,20260814,seed01_ref20260815_label20260814_noise02000_rep001_seed2026091101,0.2,1,0.0007106365079100896,0.0008936878604521026,0.005592502191794191,0.004249353115365617,-0.06952093058973641,0.015070790771510856
retuned_practical,flattened_minus_correct,gls_flattened,gls_correct,1,20260815,20260814,seed01_ref20260815_label20260814_noise02000_rep002_seed2026091102,0.2,2,0.00041554417114381126,0.0003089609774377111,0.003645981380537844,0.0027305239541972615,-0.06449384434805672,0.016311187191692333
retuned_practical,flattened_minus_correct,gls_flattened,gls_correct,1,20260815,20260814,seed01_ref20260815_label20260814_noise02000_rep003_seed2026091103,0.2,3,0.0012718821760289711,0.0011062198833986236,0.0024366446839784173,0.0019579039272234477,-0.07661584434512081,0.01861553621133072
retuned_practical,flattened_minus_correct,gls_flattened,gls_correct,1,20260815,20260814,seed01_ref20260815_label20260814_noise02000_rep004_seed2026091104,0.2,4,0.0004238971813589343,3.1321168423859014e-06,0.005216386075122648,0.0038429100324373078,-0.060913801182128635,0.012765606606872204
retuned_practical,flattened_minus_correct,gls_flattened,gls_correct,1,20260815,20260814,seed01_ref20260815_label20260814_noise02000_rep005_seed2026091105,0.2,5,0.00026507954025539737,0.0010165014717169185,0.001362928517849915,0.0011569564444607883,-0.08628988409597182,0.009404909427548347
retuned_practical,flattened_minus_correct,gls_flattened,gls_correct,1,20260815,20260814,seed01_ref20260815_label20260814_noise02000_rep006_seed2026091106,0.2,6,0.00032681814730173286,0.0002811753887887458,0.003837920262575789,0.0028633356124531106,-0.08235888382246381,0.010772438335411971
retuned_practical,flattened_minus_correct,gls_flattened,gls_correct,1,20260815,20260814,seed01_ref20260815_label20260814_noise02000_rep007_seed2026091107,0.2,7,0.0009238754367519864,0.0012886096525125679,0.006499400329457505,0.004975470346554156,-0.06635164939444871,0.018869210076055687
retuned_practical,flattened_minus_correct,gls_flattened,gls_correct,1,20260815,20260814,seed01_ref20260815_label20260814_noise02000_rep008_seed2026091108,0.2,8,0.0014399650330384484,0.0010858386376982054,0.0007476655230925777,0.000710225880022175,-0.06292404580478661,0.01567767797670294
retuned_practical,flattened_minus_correct,gls_flattened,gls_correct,1,20260815,20260814,seed01_ref20260815_label20260814_noise02000_rep009_seed2026091109,0.2,9,-0.0002938420291782595,0.0003272117005230779,-0.00023196679408876708,-0.00012207956605753134,-0.07373435561177932,0.010297121478646698
retuned_practical,flattened_minus_correct,gls_flattened,gls_correct,1,20260815,20260814,seed01_ref20260815_label20260814_noise02000_rep010_seed2026091110,0.2,10,8.178668345409923e-05,0.0003111722255849936,0.00818741303883197,0.006070525062001897,-0.06964685769250378,0.013206139733808353
retuned_practical,flattened_minus_correct,gls_flattened,gls_correct,1,20260815,20260814,seed01_ref20260815_label20260814_noise02000_rep011_seed2026091111,0.2,11,-1.996498387274448e-05,0.0009735505379130371,0.0035447356417916964,0.0027552739007203897,-0.06784431234822663,0.008426636866260662
retuned_practical,flattened_minus_correct,gls_flattened,gls_correct,1,20260815,20260814,seed01_ref20260815_label20260814_noise04000_rep000_seed2026091100,0.4,0,0.001307524193822407,0.004309307734765094,0.001111646224391305,0.001622996583016456,-0.043124350516276166,0.0011243243557019778
retuned_practical,flattened_minus_correct,gls_flattened,gls_correct,1,20260815,20260814,seed01_ref20260815_label20260814_noise04000_rep001_seed2026091101,0.4,1,0.0021346192627061944,0.00443193129437125,0.007788998643435963,0.006477417237441441,-0.04007847602413506,0.006749322142542091
retuned_practical,flattened_minus_correct,gls_flattened,gls_correct,1,20260815,20260814,seed01_ref20260815_label20260814_noise04000_rep002_seed2026091102,0.4,2,0.0015774651165509357,0.0023462571487550266,0.002835390754718281,0.0024884212768430114,-0.0386064635610992,0.007902544983920512
retuned_practical,flattened_minus_correct,gls_flattened,gls_correct,1,20260815,20260814,seed01_ref20260815_label20260814_noise04000_rep003_seed2026091103,0.4,3,0.0027725501281222753,0.0039768296701928885,0.00044523050927969265,0.001023436566262692,-0.04664287801686773,0.007942177123148042
retuned_practical,flattened_minus_correct,gls_flattened,gls_correct,1,20260815,20260814,seed01_ref20260815_label20260814_noise04000_rep004_seed2026091104,0.4,4,0.0010760551158899845,0.001753757853896587,0.006915990386622939,0.005345213319921105,-0.03432628273687044,0.0029703392021240838
retuned_practical,flattened_minus_correct,gls_flattened,gls_correct,1,20260815,20260814,seed01_ref20260815_label20260814_noise04000_rep005_seed2026091105,0.4,5,0.0009404892737885917,0.003388959815805781,-3.754037738845639e-05,0.0005879410584744837,-0.058240705570391516,0.0012316813802659698
retuned_practical,flattened_minus_correct,gls_flattened,gls_correct,1,20260815,20260814,seed01_ref20260815_label20260814_noise04000_rep006_seed2026091106,0.4,6,0.0012183819386196726,0.0019327263157676022,0.003971242870844827,0.0032413004889962904,-0.05182097981932676,0.0031535470048305037
retuned_practical,flattened_minus_correct,gls_flattened,gls_correct,1,20260815,20260814,seed01_ref20260815_label20260814_noise04000_rep007_seed2026091107,0.4,7,0.001445102677348542,0.002534531130591322,0.00894383127958387,0.006955490873722159,-0.03869522928936586,0.006732595252540108
retuned_practical,flattened_minus_correct,gls_flattened,gls_correct,1,20260815,20260814,seed01_ref20260815_label20260814_noise04000_rep008_seed2026091108,0.4,8,0.0026179669641776537,0.0036625187071275545,-0.00126217827768349,-0.0002836561859189679,-0.036388276340035386,0.00549848920926177
retuned_practical,flattened_minus_correct,gls_flattened,gls_correct,1,20260815,20260814,seed01_ref20260815_label20260814_noise04000_rep009_seed2026091109,0.4,9,0.0008985209991854148,0.0030500660847772587,-0.0045166894830348525,-0.002733935133703458,-0.04586063197513757,0.0032360187303546173
retuned_practical,flattened_minus_correct,gls_flattened,gls_correct,1,20260815,20260814,seed01_ref20260815_label20260814_noise04000_rep010_seed2026091110,0.4,10,0.0011431528100493416,0.002886368898018632,0.011925463980856144,0.009186726098178388,-0.04061489825314246,0.006531610336261373
retuned_practical,flattened_minus_correct,gls_flattened,gls_correct,1,20260815,20260814,seed01_ref20260815_label20260814_noise04000_rep011_seed2026091111,0.4,11,0.0009006486077278719,0.003923346976875769,0.005204775377860238,0.004473468032991423,-0.038852570132852815,0.002007660913668552
retuned_practical,flattened_minus_correct,gls_flattened,gls_correct,1,20260815,20260814,seed01_ref20260815_label20260814_noise08000_rep000_seed2026091100,0.8,0,-0.00032783325704677235,-0.00035653745965796846,0.027019043625443606,0.018914914098222657,-0.033105342617125944,0.0012570095290449501
retuned_practical,flattened_minus_correct,gls_flattened,gls_correct,1,20260815,20260814,seed01_ref20260815_label20260814_noise08000_rep001_seed2026091101,0.8,1,-6.722932739444687e-05,0.000757185140800698,0.04062959856568449,0.02897093569623832,-0.04318141952938093,0.003098940799383776
retuned_practical,flattened_minus_correct,gls_flattened,gls_correct,1,20260815,20260814,seed01_ref20260815_label20260814_noise08000_rep002_seed2026091102,0.8,2,0.00018978729347673973,0.0010005680657916294,0.0241150932312042,0.017478134824777003,-0.03617947954890699,0.0040249849509153
retuned_practical,flattened_minus_correct,gls_flattened,gls_correct,1,20260815,20260814,seed01_ref20260815_label20260814_noise08000_rep003_seed2026091103,0.8,3,0.001847197464233119,0.00017180418649404006,0.006783133100706107,0.004898092606833049,-0.04113219786315048,0.0022822662287236284
retuned_practical,flattened_minus_correct,gls_flattened,gls_correct,1,20260815,20260814,seed01_ref20260815_label20260814_noise08000_rep004_seed2026091104,0.8,4,-0.0017045158362202217,-0.005701911281052352,0.0370357350569267,0.025307178598420688,-0.03640879260562424,0.0022745907778787267
retuned_practical,flattened_minus_correct,gls_flattened,gls_correct,1,20260815,20260814,seed01_ref20260815_label20260814_noise08000_rep005_seed2026091105,0.8,5,-0.0003549506373099476,-0.00043738306064911026,0.00771170503153884,0.00538434275145061,-0.04310679687621444,0.0021282562024682594
retuned_practical,flattened_minus_correct,gls_flattened,gls_correct,1,20260815,20260814,seed01_ref20260815_label20260814_noise08000_rep006_seed2026091106,0.8,6,-0.00024216723190917389,0.0004518034073068833,0.020234771498434223,0.014447214336716141,-0.04620886545995795,0.0026511056649831666
retuned_practical,flattened_minus_correct,gls_flattened,gls_correct,1,20260815,20260814,seed01_ref20260815_label20260814_noise08000_rep007_seed2026091107,0.8,7,0.000406627379832325,-0.0004835104706863991,0.03181342591561909,0.022493039347344923,-0.02974081295560138,0.0060689967133678024
retuned_practical,flattened_minus_correct,gls_flattened,gls_correct,1,20260815,20260814,seed01_ref20260815_label20260814_noise08000_rep008_seed2026091108,0.8,8,-0.00030010221064069587,-0.0017616134424356944,0.007783966267224107,0.005170635661013834,-0.032989979997627095,0.0011973263190212524
retuned_practical,flattened_minus_correct,gls_flattened,gls_correct,1,20260815,20260814,seed01_ref20260815_label20260814_noise08000_rep009_seed2026091109,0.8,9,0.000555798253935702,0.0013177413668895577,0.004862436510162382,0.0037588589341043255,-0.038168341844743825,0.003845127350079025
retuned_practical,flattened_minus_correct,gls_flattened,gls_correct,1,20260815,20260814,seed01_ref20260815_label20260814_noise08000_rep010_seed2026091110,0.8,10,0.00018395729561759833,0.0019743425786455937,0.028783184211814583,0.02102552840499705,-0.03754945993481118,0.002157236736766821
retuned_practical,flattened_minus_correct,gls_flattened,gls_correct,1,20260815,20260814,seed01_ref20260815_label20260814_noise08000_rep011_seed2026091111,0.8,11,-0.0006564964487136837,0.001110100281391302,0.04295785111755401,0.030908010456290103,-0.031236854669490555,0.0017361440895817815
retuned_practical,flattened_minus_correct,gls_flattened,gls_correct,2,20260825,20260824,seed02_ref20260825_label20260824_noise00500_rep000_seed2026092100,0.05,0,-0.0024454115488924677,-0.0025943226486784543,0.005926527406714288,0.004145960803932813,-0.16080257403061626,-0.012431623544831627
retuned_practical,flattened_minus_correct,gls_flattened,gls_correct,2,20260825,20260824,seed02_ref20260825_label20260824_noise00500_rep001_seed2026092101,0.05,1,-0.0023487543708779757,-0.0023044226443782456,0.0057025541209593245,0.004008451072954999,-0.156849430529598,-0.009544427853733772
retuned_practical,flattened_minus_correct,gls_flattened,gls_correct,2,20260825,20260824,seed02_ref20260825_label20260824_noise00500_rep002_seed2026092102,0.05,2,-0.002671349941659601,-0.002725971630279933,0.0058575479375995165,0.004078884853018161,-0.17985415794292603,-0.01780009853393416
retuned_practical,flattened_minus_correct,gls_flattened,gls_correct,2,20260825,20260824,seed02_ref20260825_label20260824_noise00500_rep003_seed2026092103,0.05,3,0.00800963847593647,0.007546904374377272,0.10438584070069112,0.07968562100981647,-0.05150304665736671,0.03673718013953353
retuned_practical,flattened_minus_correct,gls_flattened,gls_correct,2,20260825,20260824,seed02_ref20260825_label20260824_noise00500_rep004_seed2026092104,0.05,4,-0.002595152662710848,-0.0025051455423557856,0.0058026839568581234,0.00406413076058354,-0.1674178171873315,-0.014806866906011074
retuned_practical,flattened_minus_correct,gls_flattened,gls_correct,2,20260825,20260824,seed02_ref20260825_label20260824_noise00500_rep005_seed2026092105,0.05,5,-0.002545713171677594,-0.0026425409718157933,0.0046443957201873776,0.0031762206967647644,-0.1955259560467546,-0.019099058115485956
retuned_practical,flattened_minus_correct,gls_flattened,gls_correct,2,20260825,20260824,seed02_ref20260825_label20260824_noise00500_rep006_seed2026092106,0.05,6,-0.002264389926811494,-0.0025276487160975636,0.005930044122362754,0.004152937816697844,-0.16989697576961982,-0.012654527958858797
retuned_practical,flattened_minus_correct,gls_flattened,gls_correct,2,20260825,20260824,seed02_ref20260825_label20260824_noise00500_rep007_seed2026092107,0.05,7,0.005875667143215496,0.007682546075759938,0.10929952359740724,0.08340806355570274,-0.07998955287075393,-0.0042279323916321054
retuned_practical,flattened_minus_correct,gls_flattened,gls_correct,2,20260825,20260824,seed02_ref20260825_label20260824_noise00500_rep008_seed2026092108,0.05,8,-0.0025595793197913663,-0.002722320893123603,0.005086553687105311,0.003496442137695732,-0.15966039649873043,-0.00841760333921382
retuned_practical,flattened_minus_correct,gls_flattened,gls_correct,2,20260825,20260824,seed02_ref20260825_label20260824_noise00500_rep009_seed2026092109,0.05,9,-0.0023318957174364163,-0.002462524967681484,0.0058000759553824555,0.0040618017179983035,-0.18059976079996476,-0.006372378638885845
retuned_practical,flattened_minus_correct,gls_flattened,gls_correct,2,20260825,20260824,seed02_ref20260825_label20260824_noise00500_rep010_seed2026092110,0.05,10,0.007734186950586142,0.008376024473339821,0.10531729245162447,0.08048230643336962,-0.03138609086028632,0.07928141952557999
retuned_practical,flattened_minus_correct,gls_flattened,gls_correct,2,20260825,20260824,seed02_ref20260825_label20260824_noise00500_rep011_seed2026092111,0.05,11,-0.002337100347259674,-0.0024741445711653487,0.006127597727302425,0.0043130187883566595,-0.16804075471629565,-0.004977004280063202
retuned_practical,flattened_minus_correct,gls_flattened,gls_correct,2,20260825,20260824,seed02_ref20260825_label20260824_noise01000_rep000_seed2026092100,0.1,0,-0.002134081332948734,-0.002762704246991099,0.005637957341341537,0.003908377325984813,-0.0825264376883239,-0.007388928862896993
retuned_practical,flattened_minus_correct,gls_flattened,gls_correct,2,20260825,20260824,seed02_ref20260825_label20260824_noise01000_rep001_seed2026092101,0.1,1,-0.0022008639447685108,-0.002288559803475948,0.005301666993135057,0.0037071864542551625,-0.08209924530630097,-0.006736791432397249
retuned_practical,flattened_minus_correct,gls_flattened,gls_correct,2,20260825,20260824,seed02_ref20260825_label20260824_noise01000_rep002_seed2026092102,0.1,2,-0.0024008213823114577,-0.002967478978993604,0.005651692893296367,0.0038919413871691955,-0.09790177569098635,-0.009954213927632738
retuned_practical,flattened_minus_correct,gls_flattened,gls_correct,2,20260825,20260824,seed02_ref20260825_label20260824_noise01000_rep003_seed2026092103,0.1,3,-0.0017841364798640014,-0.0026884011078249503,0.005504459688552843,0.0038077374492662686,-0.09609972814380296,-0.002936954909434464
retuned_practical,flattened_minus_correct,gls_flattened,gls_correct,2,20260825,20260824,seed02_ref20260825_label20260824_noise01000_rep004_seed2026092104,0.1,4,-0.0025685672494564493,-0.0027532029606223973,0.005507133086991134,0.003808911533670023,-0.08999682711714607,-0.01126672660210648
retuned_practical,flattened_minus_correct,gls_flattened,gls_correct,2,20260825,20260824,seed02_ref20260825_label20260824_noise01000_rep005_seed2026092105,0.1,5,-0.001986865064802612,-0.0025386420148985345,0.0035429917147152823,0.0023585037379105223,-0.10929280707308231,-0.010688345736212357
retuned_practical,flattened_minus_correct,gls_flattened,gls_correct,2,20260825,20260824,seed02_ref20260825_label20260824_noise01000_rep006_seed2026092106,0.1,6,-0.0020111707097281717,-0.0027171253835465148,0.005882879945627195,0.004093358427157523,-0.09113962194671954,-0.009148900555447703
retuned_practical,flattened_minus_correct,gls_flattened,gls_correct,2,20260825,20260824,seed02_ref20260825_label20260824_noise01000_rep007_seed2026092107,0.1,7,-0.0024000671531286266,-0.002616677268257789,0.005657484721357187,0.003930180311344955,-0.09360422710296201,-0.00831990872263244
retuned_practical,flattened_minus_correct,gls_flattened,gls_correct,2,20260825,20260824,seed02_ref20260825_label20260824_noise01000_rep008_seed2026092108,0.1,8,-0.00266410666331518,-0.0032686630146789297,0.004075842095063731,0.002669993629099421,-0.08414242387536164,-0.006094723759180853
retuned_practical,flattened_minus_correct,gls_flattened,gls_correct,2,20260825,20260824,seed02_ref20260825_label20260824_noise01000_rep009_seed2026092109,0.1,9,-0.0022101072903497887,-0.002606308766651827,0.005631570587083079,0.003912690907525496,-0.10466256456432044,-0.00552445398474255
retuned_practical,flattened_minus_correct,gls_flattened,gls_correct,2,20260825,20260824,seed02_ref20260825_label20260824_noise01000_rep010_seed2026092110,0.1,10,-0.002198260615592057,-0.0023798949471484365,0.0053706789649756725,0.003743154302323193,-0.1004811889193078,-0.007927421044629623
retuned_practical,flattened_minus_correct,gls_flattened,gls_correct,2,20260825,20260824,seed02_ref20260825_label20260824_noise01000_rep011_seed2026092111,0.1,11,-0.0025575163368337372,-0.0028565983302748232,0.006096706647945704,0.004246140158148337,-0.09828021058147907,-0.006953254210988469
retuned_practical,flattened_minus_correct,gls_flattened,gls_correct,2,20260825,20260824,seed02_ref20260825_label20260824_noise02000_rep000_seed2026092100,0.2,0,-0.0006404723394486111,-0.0016454828832100366,0.005699035166616739,0.004062690764489063,-0.034210663017699705,4.3481266724709755e-05
retuned_practical,flattened_minus_correct,gls_flattened,gls_correct,2,20260825,20260824,seed02_ref20260825_label20260824_noise02000_rep001_seed2026092101,0.2,1,-0.0009722646747638009,-0.00074357309192849,0.005011196223922765,0.0036561599616701246,-0.03495700228899623,-0.0008047286394774478
retuned_practical,flattened_minus_correct,gls_flattened,gls_correct,2,20260825,20260824,seed02_ref20260825_label20260824_noise02000_rep002_seed2026092102,0.2,2,-0.0009679005600161106,-0.001783732063375093,0.005816138041295327,0.004120875941436453,-0.044707669067310274,-0.0019616370944024464
retuned_practical,flattened_minus_correct,gls_flattened,gls_correct,2,20260825,20260824,seed02_ref20260825_label20260824_noise02000_rep003_seed2026092103,0.2,3,-0.0004255266743961039,-0.001545673129825037,0.005110835540941716,0.003616404872872181,-0.042830695964446885,0.0013534849939460525
retuned_practical,flattened_minus_correct,gls_flattened,gls_correct,2,20260825,20260824,seed02_ref20260825_label20260824_noise02000_rep004_seed2026092104,0.2,4,-0.0012306254710919007,-0.0015741135770586112,0.0052677854144294045,0.003737218601387926,-0.04138925047685027,-0.0033640211082357485
retuned_practical,flattened_minus_correct,gls_flattened,gls_correct,2,20260825,20260824,seed02_ref20260825_label20260824_noise02000_rep005_seed2026092105,0.2,5,-0.0004469510411416189,-0.001047442083993183,0.0013810502367734845,0.0008948739944924511,-0.05395399173366977,-0.002848615952238509
retuned_practical,flattened_minus_correct,gls_flattened,gls_correct,2,20260825,20260824,seed02_ref20260825_label20260824_noise02000_rep006_seed2026092106,0.2,6,-0.0006319318161410736,-0.001513507634506167,0.006273218653735757,0.004496851994396034,-0.03668749924335524,-0.002564086586168468
retuned_practical,flattened_minus_correct,gls_flattened,gls_correct,2,20260825,20260824,seed02_ref20260825_label20260824_noise02000_rep007_seed2026092107,0.2,7,-0.001204110916170703,-0.001226887758828038,0.005784710963854467,0.004160686037016248,-0.0436278110826025,-0.002488688027695085
retuned_practical,flattened_minus_correct,gls_flattened,gls_correct,2,20260825,20260824,seed02_ref20260825_label20260824_noise02000_rep008_seed2026092108,0.2,8,-0.0015449216689192302,-0.0025015491265211187,0.0024364432694755633,0.0014899442288837106,-0.03518032765200929,-0.000336575457654531
retuned_practical,flattened_minus_correct,gls_flattened,gls_correct,2,20260825,20260824,seed02_ref20260825_label20260824_noise02000_rep009_seed2026092109,0.2,9,-0.0010582293576302804,-0.0015771142447014996,0.005376174128892464,0.003808762454929393,-0.05237554383896881,-0.0012259029816927836
retuned_practical,flattened_minus_correct,gls_flattened,gls_correct,2,20260825,20260824,seed02_ref20260825_label20260824_noise02000_rep010_seed2026092110,0.2,10,-0.0008652979989467458,-0.0008748448229806416,0.005072379458412102,0.0036759572439609145,-0.05010074198714776,-0.0018352572928654887
retuned_practical,flattened_minus_correct,gls_flattened,gls_correct,2,20260825,20260824,seed02_ref20260825_label20260824_noise02000_rep011_seed2026092111,0.2,11,-0.0015185829728105449,-0.0016760704065910126,0.006398316357045353,0.004580517028816178,-0.04758889494921248,-0.0015355916747341603
retuned_practical,flattened_minus_correct,gls_flattened,gls_correct,2,20260825,20260824,seed02_ref20260825_label20260824_noise04000_rep000_seed2026092100,0.4,0,0.0010382755986965697,0.000947868261953283,0.005952173216560941,0.0045819917602000215,-0.018256542322684144,0.002854124990841145
retuned_practical,flattened_minus_correct,gls_flattened,gls_correct,2,20260825,20260824,seed02_ref20260825_label20260824_noise04000_rep001_seed2026092101,0.4,1,0.0006998741988734625,0.002876371102961406,0.004645430702373887,0.003932669740036643,-0.01752498864492802,0.0022523211621718886
retuned_practical,flattened_minus_correct,gls_flattened,gls_correct,2,20260825,20260824,seed02_ref20260825_label20260824_noise04000_rep002_seed2026092102,0.4,2,0.0008093167977351601,0.0013107547352846916,0.00680531482319191,0.005263558144251168,-0.022801121010136205,0.0011424456901660829
retuned_practical,flattened_minus_correct,gls_flattened,gls_correct,2,20260825,20260824,seed02_ref20260825_label20260824_noise04000_rep003_seed2026092103,0.4,3,0.0012143802500413914,0.0018023116323611088,0.0036020661525686393,0.0029754644691419863,-0.021197450995548817,0.0027366229363856576
retuned_practical,flattened_minus_correct,gls_flattened,gls_correct,2,20260825,20260824,seed02_ref20260825_label20260824_noise04000_rep004_seed2026092104,0.4,4,0.000543204112855189,0.001573215047418891,0.004564321924156123,0.0036480351899099706,-0.023924379035442866,0.0007101335471884074
retuned_practical,flattened_minus_correct,gls_flattened,gls_correct,2,20260825,20260824,seed02_ref20260825_label20260824_noise04000_rep005_seed2026092105,0.4,5,0.0011269444193529043,0.0016579039573220156,-0.004116085506975065,-0.002774536854467047,-0.03222041829154576,0.00036575887355172476
retuned_practical,flattened_minus_correct,gls_flattened,gls_correct,2,20260825,20260824,seed02_ref20260825_label20260824_noise04000_rep006_seed2026092106,0.4,6,0.001151750359996262,0.001583549920625621,0.006930592945536884,0.0053994796674251,-0.012990351238004738,0.0008463791026744882
retuned_practical,flattened_minus_correct,gls_flattened,gls_correct,2,20260825,20260824,seed02_ref20260825_label20260824_noise04000_rep007_seed2026092107,0.4,7,0.0002451922539197793,0.002140523813711076,0.007133422054088179,0.005644545298323866,-0.02339475635926269,-2.5758002452747064e-05
retuned_practical,flattened_minus_correct,gls_flattened,gls_correct,2,20260825,20260824,seed02_ref20260825_label20260824_noise04000_rep008_seed2026092108,0.4,8,0.0002616721504595798,0.00040813394395514124,-0.001061205756465733,-0.000714487635323946,-0.015369716824262358,0.0024256226812136017
retuned_practical,flattened_minus_correct,gls_flattened,gls_correct,2,20260825,20260824,seed02_ref20260825_label20260824_noise04000_rep009_seed2026092109,0.4,9,0.0003837224426967989,0.0006564493788268067,0.0034186455899155588,0.0026410679588111385,-0.028565440818554277,0.0009407781524684022
retuned_practical,flattened_minus_correct,gls_flattened,gls_correct,2,20260825,20260824,seed02_ref20260825_label20260824_noise04000_rep010_seed2026092110,0.4,10,0.00021292190418426005,0.0012947139963268017,0.004222586134747908,0.0033468283779671815,-0.031082458659150047,-0.0007565793708848023
retuned_practical,flattened_minus_correct,gls_flattened,gls_correct,2,20260825,20260824,seed02_ref20260825_label20260824_noise04000_rep011_seed2026092111,0.4,11,0.00023514790046735845,0.0018290191266371603,0.006441604327529826,0.005082491580358672,-0.024125431911194317,0.002202275317895186
retuned_practical,flattened_minus_correct,gls_flattened,gls_correct,2,20260825,20260824,seed02_ref20260825_label20260824_noise08000_rep000_seed2026092100,0.8,0,9.662857345160702e-06,-0.0026271915927663647,0.012796654853305722,0.008841821464373845,-0.019392055335567093,0.000373622956887365
retuned_practical,flattened_minus_correct,gls_flattened,gls_correct,2,20260825,20260824,seed02_ref20260825_label20260824_noise08000_rep001_seed2026092101,0.8,1,-0.001921140692240475,-0.002231092743922247,0.02698431602786555,0.019280513049504955,-0.01872774747486594,2.3765840427403262e-05
retuned_practical,flattened_minus_correct,gls_flattened,gls_correct,2,20260825,20260824,seed02_ref20260825_label20260824_noise08000_rep002_seed2026092102,0.8,2,0.0002261121888443851,-0.0003061933515109416,0.012598703667955347,0.00905123777495287,-0.016936471086863136,0.0012420668549824043
retuned_practical,flattened_minus_correct,gls_flattened,gls_correct,2,20260825,20260824,seed02_ref20260825_label20260824_noise08000_rep003_seed2026092103,0.8,3,-0.002211422771293492,-0.002187943995206054,0.0287645450010664,0.02045020615234383,-0.02088610819140624,-0.0016277952184207134
retuned_practical,flattened_minus_correct,gls_flattened,gls_correct,2,20260825,20260824,seed02_ref20260825_label20260824_noise08000_rep004_seed2026092104,0.8,4,0.0009397602556759921,-0.00041771562280540353,0.015635023132535952,0.011287357521401198,-0.01876812506220804,0.0030385099652487924
retuned_practical,flattened_minus_correct,gls_flattened,gls_correct,2,20260825,20260824,seed02_ref20260825_label20260824_noise08000_rep005_seed2026092105,0.8,5,-0.00011886962318841121,-0.0003534517244988544,0.021260985877094907,0.015374982135910376,-0.017709634233140426,-0.0014109789631349123
retuned_practical,flattened_minus_correct,gls_flattened,gls_correct,2,20260825,20260824,seed02_ref20260825_label20260824_noise08000_rep006_seed2026092106,0.8,6,0.0011043508099966015,0.0015291324663754269,0.014981475489240892,0.011200999795345834,-0.0044529501120624815,0.002430086732226888
retuned_practical,flattened_minus_correct,gls_flattened,gls_correct,2,20260825,20260824,seed02_ref20260825_label20260824_noise08000_rep007_seed2026092107,0.8,7,0.000923417435069962,0.0026107026731439498,0.03574737997587085,0.02661000487099552,-0.01869332166882276,0.0024156023642754043
retuned_practical,flattened_minus_correct,gls_flattened,gls_correct,2,20260825,20260824,seed02_ref20260825_label20260824_noise08000_rep008_seed2026092108,0.8,8,0.00044353339508074185,-0.0009763836966549255,0.03153333386488899,0.022630701659741348,-0.015639498345991987,0.0013409117716023378
retuned_practical,flattened_minus_correct,gls_flattened,gls_correct,2,20260825,20260824,seed02_ref20260825_label20260824_noise08000_rep009_seed2026092109,0.8,9,-0.0014503812995299015,-0.0026184848380692016,0.019853395978731037,0.013709660201178475,-0.019095268502234974,-0.0012988808846068345
retuned_practical,flattened_minus_correct,gls_flattened,gls_correct,2,20260825,20260824,seed02_ref20260825_label20260824_noise08000_rep010_seed2026092110,0.8,10,-0.0004173832848994863,-0.0003953746924139634,0.010194187844694391,0.007338611996904443,-0.02129502425597818,0.00016558730975724245
retuned_practical,flattened_minus_correct,gls_flattened,gls_correct,2,20260825,20260824,seed02_ref20260825_label20260824_noise08000_rep011_seed2026092111,0.8,11,0.002384507390678192,0.005211399412668294,0.03330022752763029,0.02527201749092356,-0.01393628280336956,0.005476297497532201
retuned_practical,flattened_minus_correct,gls_flattened,gls_correct,3,20260905,20260904,seed03_ref20260905_label20260904_noise00500_rep000_seed2026093100,0.05,0,-0.00231746069337721,-0.0023845422507172975,0.0073462466356881695,0.004991876785093163,-0.23397484901214138,0.01937215591457564
retuned_practical,flattened_minus_correct,gls_flattened,gls_correct,3,20260905,20260904,seed03_ref20260905_label20260904_noise00500_rep001_seed2026093101,0.05,1,-0.002272907285433279,-0.0024065128531654545,0.00764363616905428,0.005202637917362252,-0.24032523882863943,0.015020839171013378
retuned_practical,flattened_minus_correct,gls_flattened,gls_correct,3,20260905,20260904,seed03_ref20260905_label20260904_noise00500_rep002_seed2026093102,0.05,2,0.0005033771452267188,0.0003234963099842947,-0.004500229784112908,-0.003270804791152715,-0.19463765076554074,0.0534463016666078
retuned_practical,flattened_minus_correct,gls_flattened,gls_correct,3,20260905,20260904,seed03_ref20260905_label20260904_noise00500_rep003_seed2026093103,0.05,3,-0.0004015327023851323,-0.0002564998718674605,-0.0050386894462447485,-0.0037287676581131413,-0.2173534720478023,0.03099949458056983
retuned_practical,flattened_minus_correct,gls_flattened,gls_correct,3,20260905,20260904,seed03_ref20260905_label20260904_noise00500_rep004_seed2026093104,0.05,4,0.0006975042970585321,0.0007084422573891969,-0.005440579460092021,-0.003915428027726375,-0.17063840720078005,0.04578992870524745
retuned_practical,flattened_minus_correct,gls_flattened,gls_correct,3,20260905,20260904,seed03_ref20260905_label20260904_noise00500_rep005_seed2026093105,0.05,5,-0.0022178111966356384,-0.0023724849288132566,0.007237384564305782,0.00491483419565325,-0.2482223112913906,0.015353276700471152
retuned_practical,flattened_minus_correct,gls_flattened,gls_correct,3,20260905,20260904,seed03_ref20260905_label20260904_noise00500_rep006_seed2026093106,0.05,6,0.0007462372081923907,0.0009638000293863136,-0.004856061753545471,-0.0034600095838906997,-0.16958920259095578,0.07151823430777027
retuned_practical,flattened_minus_correct,gls_flattened,gls_correct,3,20260905,20260904,seed03_ref20260905_label20260904_noise00500_rep007_seed2026093107,0.05,7,0.0004723841004489471,0.0005615225134647239,-0.003520721879968991,-0.0025219719863540657,-0.19270990460806203,0.05681776248033055
retuned_practical,flattened_minus_correct,gls_flattened,gls_correct,3,20260905,20260904,seed03_ref20260905_label20260904_noise00500_rep008_seed2026093108,0.05,8,-0.00028802379110584586,-0.00017492403939822765,-0.006694972910874841,-0.004934934796812063,-0.20295810492438093,0.019289591424976216
retuned_practical,flattened_minus_correct,gls_flattened,gls_correct,3,20260905,20260904,seed03_ref20260905_label20260904_noise00500_rep009_seed2026093109,0.05,9,0.0003252813106865704,0.00027736650068937996,-0.005720254237053357,-0.004169682161098032,-0.22023174995125983,0.04397847458694715
retuned_practical,flattened_minus_correct,gls_flattened,gls_correct,3,20260905,20260904,seed03_ref20260905_label20260904_noise00500_rep010_seed2026093110,0.05,10,-2.8118090624112968e-05,-4.354483679330778e-06,-0.0054527545164775315,-0.004005839441089565,-0.19770323886426677,0.03185498844774104
retuned_practical,flattened_minus_correct,gls_flattened,gls_correct,3,20260905,20260904,seed03_ref20260905_label20260904_noise00500_rep011_seed2026093111,0.05,11,0.00036662557334291024,0.0003415146550393988,-0.0052053276053914965,-0.003789024201964808,-0.1706481105394082,0.043258514123575065
retuned_practical,flattened_minus_correct,gls_flattened,gls_correct,3,20260905,20260904,seed03_ref20260905_label20260904_noise01000_rep000_seed2026093100,0.1,0,-0.0020076677874247273,-0.002239682261527459,0.0072653995768861,0.004945664918461823,-0.11206934783807099,0.005068833215933211
retuned_practical,flattened_minus_correct,gls_flattened,gls_correct,3,20260905,20260904,seed03_ref20260905_label20260904_noise01000_rep001_seed2026093101,0.1,1,-0.0017422710688516363,-0.0020136016744154717,0.008416377689081767,0.005811644652235992,-0.11612708251699821,0.0031061980744824247
retuned_practical,flattened_minus_correct,gls_flattened,gls_correct,3,20260905,20260904,seed03_ref20260905_label20260904_noise01000_rep002_seed2026093102,0.1,2,-0.0014941776425551334,-0.002102626725830836,0.008897318624529693,0.0061369903618486155,-0.11799720414379222,0.010815378972781842
retuned_practical,flattened_minus_correct,gls_flattened,gls_correct,3,20260905,20260904,seed03_ref20260905_label20260904_noise01000_rep003_seed2026093103,0.1,3,-0.0025202938175513945,-0.0024563039805568787,0.007848987384808548,0.005337048133319422,-0.11333708552652322,-0.0014061605344131145
retuned_practical,flattened_minus_correct,gls_flattened,gls_correct,3,20260905,20260904,seed03_ref20260905_label20260904_noise01000_rep004_seed2026093104,0.1,4,-0.001910950636819564,-0.0018765664239208113,0.008732993176663095,0.006049380876399779,-0.09538272075195109,0.0015529662076152473
retuned_practical,flattened_minus_correct,gls_flattened,gls_correct,3,20260905,20260904,seed03_ref20260905_label20260904_noise01000_rep005_seed2026093105,0.1,5,-0.0015403768180359823,-0.0020898301252343654,0.0072886387496637894,0.004985888568340757,-0.11678587937740947,0.0033767642410207355
retuned_practical,flattened_minus_correct,gls_flattened,gls_correct,3,20260905,20260904,seed03_ref20260905_label20260904_noise01000_rep006_seed2026093106,0.1,6,-0.0019194871583427808,-0.0022291070985259176,0.007632743446080337,0.005198479405140177,-0.10143158034419031,0.004795642880760731
retuned_practical,flattened_minus_correct,gls_flattened,gls_correct,3,20260905,20260904,seed03_ref20260905_label20260904_noise01000_rep007_seed2026093107,0.1,7,-0.001664919759750444,-0.0020082802077958095,0.007715217217356796,0.005290594816104444,-0.09848427507042068,0.0064283867780305926
retuned_practical,flattened_minus_correct,gls_flattened,gls_correct,3,20260905,20260904,seed03_ref20260905_label20260904_noise01000_rep008_seed2026093108,0.1,8,-0.0018456469883172677,-0.002254241192548051,0.00645174918547875,0.0043584405954769645,-0.09972231407921583,0.0021335564762769987
retuned_practical,flattened_minus_correct,gls_flattened,gls_correct,3,20260905,20260904,seed03_ref20260905_label20260904_noise01000_rep009_seed2026093109,0.1,9,-0.002119258084112091,-0.002415458823046057,0.004539189061188553,0.0029370493463357072,-0.11008192730828803,3.869032571146569e-05
retuned_practical,flattened_minus_correct,gls_flattened,gls_correct,3,20260905,20260904,seed03_ref20260905_label20260904_noise01000_rep010_seed2026093110,0.1,10,-0.001902158703591561,-0.0022185048924418804,0.008035095596022446,0.0055148529194988805,-0.09293977482235927,0.0015531732690203803
retuned_practical,flattened_minus_correct,gls_flattened,gls_correct,3,20260905,20260904,seed03_ref20260905_label20260904_noise01000_rep011_seed2026093111,0.1,11,-0.0019209988976665038,-0.002229619096228791,0.005141099877997379,0.003405864966006922,-0.10236868877794514,0.005836216175750142
retuned_practical,flattened_minus_correct,gls_flattened,gls_correct,3,20260905,20260904,seed03_ref20260905_label20260904_noise02000_rep000_seed2026093100,0.2,0,-0.0010681686449242611,-0.0011851786277871368,0.007694867741333322,0.005377111231719522,-0.05123278662292963,0.0015769735904960225
retuned_practical,flattened_minus_correct,gls_flattened,gls_correct,3,20260905,20260904,seed03_ref20260905_label20260904_noise02000_rep001_seed2026093101,0.2,1,-0.0004854206208468326,-0.00046356806217845437,0.009655972143035041,0.006900627910957968,-0.05363437570438334,0.0005385474512529242
retuned_practical,flattened_minus_correct,gls_flattened,gls_correct,3,20260905,20260904,seed03_ref20260905_label20260904_noise02000_rep002_seed2026093102,0.2,2,-0.00020274321704305542,-0.0009130061169882187,0.010478466608435322,0.0074092405769379255,-0.05408555769518175,0.00723773108294834
retuned_practical,flattened_minus_correct,gls_flattened,gls_correct,3,20260905,20260904,seed03_ref20260905_label20260904_noise02000_rep003_seed2026093103,0.2,3,-0.001820173175463402,-0.0015661555778946068,0.00860827051490931,0.005976088975145066,-0.05017016123522655,-0.002765687662025229
retuned_practical,flattened_minus_correct,gls_flattened,gls_correct,3,20260905,20260904,seed03_ref20260905_label20260904_noise02000_rep004_seed2026093104,0.2,4,-0.0007156863241612466,-0.00011478237963494231,0.010601991251283027,0.007623180954002495,-0.03720186039877316,0.0005258300827555296
retuned_practical,flattened_minus_correct,gls_flattened,gls_correct,3,20260905,20260904,seed03_ref20260905_label20260904_noise02000_rep005_seed2026093105,0.2,5,2.9297260288607685e-05,-0.0004946064251233062,0.00782108623322908,0.0055733084568957425,-0.05266550817265281,0.0015905775532065736
retuned_practical,flattened_minus_correct,gls_flattened,gls_correct,3,20260905,20260904,seed03_ref20260905_label20260904_noise02000_rep006_seed2026093106,0.2,6,-0.0006174297411118967,-0.0009080499932603847,0.008030172551452996,0.00563789550137761,-0.03796307573577451,0.0024404277176373057
retuned_practical,flattened_minus_correct,gls_flattened,gls_correct,3,20260905,20260904,seed03_ref20260905_label20260904_noise02000_rep007_seed2026093107,0.2,7,-0.00039259328686586104,-0.0006686806307456272,0.008548705251617661,0.006053500561273351,-0.04132107362685011,0.004064366033870392
retuned_practical,flattened_minus_correct,gls_flattened,gls_correct,3,20260905,20260904,seed03_ref20260905_label20260904_noise02000_rep008_seed2026093108,0.2,8,-0.0007315636577648887,-0.001158730181984119,0.005750539515496422,0.0039826559855922206,-0.03806892225135172,0.0008869885421702861
retuned_practical,flattened_minus_correct,gls_flattened,gls_correct,3,20260905,20260904,seed03_ref20260905_label20260904_noise02000_rep009_seed2026093109,0.2,9,-0.0008969045246076113,-0.001334281187556935,0.001621229925428902,0.0009575609200750401,-0.04673265099338919,0.0001387555725509415
retuned_practical,flattened_minus_correct,gls_flattened,gls_correct,3,20260905,20260904,seed03_ref20260905_label20260904_noise02000_rep010_seed2026093110,0.2,10,-0.000540618925267522,-0.000918921026382663,0.008721134951049536,0.006170608625592877,-0.034619790100869574,0.0009844809501033946
retuned_practical,flattened_minus_correct,gls_flattened,gls_correct,3,20260905,20260904,seed03_ref20260905_label20260904_noise02000_rep011_seed2026093111,0.2,11,-0.0008658238438586374,-0.0010820451001399,0.0031404040056813853,0.0020996342630446585,-0.04172000288868083,0.0028484129914083667
retuned_practical,flattened_minus_correct,gls_flattened,gls_correct,3,20260905,20260904,seed03_ref20260905_label20260904_noise04000_rep000_seed2026093100,0.4,0,0.0002470818419685328,0.0018318365474583598,0.009906562611331049,0.007424020051504332,-0.027581418582595996,0.000698658271274688
retuned_practical,flattened_minus_correct,gls_flattened,gls_correct,3,20260905,20260904,seed03_ref20260905_label20260904_noise04000_rep001_seed2026093101,0.4,1,0.000939674786484046,0.002851784046400213,0.009886779287712533,0.00759607839149129,-0.03010170770861742,-0.00011431878194678724
retuned_practical,flattened_minus_correct,gls_flattened,gls_correct,3,20260905,20260904,seed03_ref20260905_label20260904_noise04000_rep002_seed2026093102,0.4,2,0.0015046746976017933,0.0019409826379853667,0.011095144592838335,0.008270994903882334,-0.029677623932885533,0.005806059226016069
retuned_practical,flattened_minus_correct,gls_flattened,gls_correct,3,20260905,20260904,seed03_ref20260905_label20260904_noise04000_rep003_seed2026093103,0.4,3,-0.000993242495740121,0.000515702545524438,0.010131454124252315,0.007336779208008126,-0.023903592025125375,-0.001902054256640584
retuned_practical,flattened_minus_correct,gls_flattened,gls_correct,3,20260905,20260904,seed03_ref20260905_label20260904_noise04000_rep004_seed2026093104,0.4,4,0.0006625197127225757,0.0034639246282501257,0.014669234945801746,0.011106984365787498,-0.018337627816115587,-0.00020299092460285273
retuned_practical,flattened_minus_correct,gls_flattened,gls_correct,3,20260905,20260904,seed03_ref20260905_label20260904_noise04000_rep005_seed2026093105,0.4,5,0.002174092116852988,0.0034514884494158404,0.0093694317333608,0.007346632254041807,-0.031287712119927535,0.0016687228423422074
retuned_practical,flattened_minus_correct,gls_flattened,gls_correct,3,20260905,20260904,seed03_ref20260905_label20260904_noise04000_rep006_seed2026093106,0.4,6,0.00135918090600895,0.002931045972277946,0.009302257104597422,0.007193048402368396,-0.014566954271043597,0.002542983970453383
retuned_practical,flattened_minus_correct,gls_flattened,gls_correct,3,20260905,20260904,seed03_ref20260905_label20260904_noise04000_rep007_seed2026093107,0.4,7,0.0010518548848118536,0.0023993098627720366,0.010375465889392865,0.007845554073506067,-0.023680079838184875,0.003413880438995376
retuned_practical,flattened_minus_correct,gls_flattened,gls_correct,3,20260905,20260904,seed03_ref20260905_label20260904_noise04000_rep008_seed2026093108,0.4,8,0.0005727323299976605,0.001265562805558812,0.0038448148688902117,0.002985145769081543,-0.016268331363646915,0.0013204039565877235
retuned_practical,flattened_minus_correct,gls_flattened,gls_correct,3,20260905,20260904,seed03_ref20260905_label20260904_noise04000_rep009_seed2026093109,0.4,9,0.0007990044643716998,0.0022439151364751497,-0.0037140575719265545,-0.0022175932128051246,-0.023847412409071733,0.0012922801241719295
retuned_practical,flattened_minus_correct,gls_flattened,gls_correct,3,20260905,20260904,seed03_ref20260905_label20260904_noise04000_rep010_seed2026093110,0.4,10,0.00146539272121754,0.0026519601725285558,0.009119229718962951,0.007015415142853865,-0.016104294229726923,0.0021997534500415306
retuned_practical,flattened_minus_correct,gls_flattened,gls_correct,3,20260905,20260904,seed03_ref20260905_label20260904_noise04000_rep011_seed2026093111,0.4,11,0.0007818053502579025,0.002063756588633864,-0.0021135818331456946,-0.0011114203575277593,-0.017776081623680717,0.0025261382740264793
retuned_practical,flattened_minus_correct,gls_flattened,gls_correct,3,20260905,20260904,seed03_ref20260905_label20260904_noise08000_rep000_seed2026093100,0.8,0,0.0013878568390591761,0.0009995619096346275,0.016098646425807828,0.011501950296942565,-0.020045538369180216,0.0028148062965369647
retuned_practical,flattened_minus_correct,gls_flattened,gls_correct,3,20260905,20260904,seed03_ref20260905_label20260904_noise08000_rep001_seed2026093101,0.8,1,-0.0006848185271416396,0.00012177438539623386,0.04263758498124448,0.02986798025191495,-0.019256540640791187,-0.0005106297432488915
retuned_practical,flattened_minus_correct,gls_flattened,gls_correct,3,20260905,20260904,seed03_ref20260905_label20260904_noise08000_rep002_seed2026093102,0.8,2,0.0015527764911368314,-0.000537067300677152,0.018897416415614043,0.013086506265524989,-0.02686554156406773,0.005185487260620292
retuned_practical,flattened_minus_correct,gls_flattened,gls_correct,3,20260905,20260904,seed03_ref20260905_label20260904_noise08000_rep003_seed2026093103,0.8,3,-0.0014242248415883285,-0.0008792892243297823,0.038555263456052646,0.026829408114430575,-0.013334949723741163,0.0007677699675789906
retuned_practical,flattened_minus_correct,gls_flattened,gls_correct,3,20260905,20260904,seed03_ref20260905_label20260904_noise08000_rep004_seed2026093104,0.8,4,0.0004225494459314527,0.0011943081191737592,0.021225425587133806,0.01510825931456361,-0.016944751379348588,0.002101766037578612
retuned_practical,flattened_minus_correct,gls_flattened,gls_correct,3,20260905,20260904,seed03_ref20260905_label20260904_noise08000_rep005_seed2026093105,0.8,5,-0.00010874655827552981,-0.0012370742525905642,0.019567207328173186,0.01343276369070423,-0.019432240190432992,-9.51000461646423e-06
retuned_practical,flattened_minus_correct,gls_flattened,gls_correct,3,20260905,20260904,seed03_ref20260905_label20260904_noise08000_rep006_seed2026093106,0.8,6,0.0021587347782887623,0.0006232061529861666,0.026605175993467678,0.018708392759087866,-0.01315999966696313,0.0029768910708216634
retuned_practical,flattened_minus_correct,gls_flattened,gls_correct,3,20260905,20260904,seed03_ref20260905_label20260904_noise08000_rep007_seed2026093107,0.8,7,-0.0013191273175711116,-0.00294079674024611,0.03062040534583521,0.020653488218293492,-0.0199677521806092,-0.0006796727486144682
retuned_practical,flattened_minus_correct,gls_flattened,gls_correct,3,20260905,20260904,seed03_ref20260905_label20260904_noise08000_rep008_seed2026093108,0.8,8,-0.00015076638746980286,-0.003248440857219481,0.03257887490450373,0.02206276350184233,-0.01297110194543838,0.001619450138434786
retuned_practical,flattened_minus_correct,gls_flattened,gls_correct,3,20260905,20260904,seed03_ref20260905_label20260904_noise08000_rep009_seed2026093109,0.8,9,-0.0013983159336786732,-0.003530878665931103,7.156085914372667e-05,-0.0007697390926907355,-0.016018764444079236,-0.0012171614790768004
retuned_practical,flattened_minus_correct,gls_flattened,gls_correct,3,20260905,20260904,seed03_ref20260905_label20260904_noise08000_rep010_seed2026093110,0.8,10,0.000930213747562636,0.000899136811122303,0.02596346136553762,0.01855539238810755,-0.016718621590639637,0.0030067386228516124
retuned_practical,flattened_minus_correct,gls_flattened,gls_correct,3,20260905,20260904,seed03_ref20260905_label20260904_noise08000_rep011_seed2026093111,0.8,11,-0.0011374436964030066,-0.0008199619223610566,0.02929385636701487,0.020124537380052265,-0.01667090515300007,0.00024049366459122368
retuned_practical,flattened_minus_correct,gls_flattened,gls_correct,4,20260915,20260914,seed04_ref20260915_label20260914_noise00500_rep000_seed2026094100,0.05,0,0.0006992260359951485,0.0024740941786193515,0.11957982326537964,0.08924472871186068,-0.22105792492460585,-0.005632820349100953
retuned_practical,flattened_minus_correct,gls_flattened,gls_correct,4,20260915,20260914,seed04_ref20260915_label20260914_noise00500_rep001_seed2026094101,0.05,1,-0.0014988612551488922,-0.0016565743358189777,-0.010922366386148519,-0.008322230258052232,-0.23601717825264945,-0.0101449901123285
retuned_practical,flattened_minus_correct,gls_flattened,gls_correct,4,20260915,20260914,seed04_ref20260915_label20260914_noise00500_rep002_seed2026094102,0.05,2,-0.0008076928108999015,-0.0007996671166722313,-0.010785777590632928,-0.008127742505245172,-0.22247436390489517,0.007204216277238995
retuned_practical,flattened_minus_correct,gls_flattened,gls_correct,4,20260915,20260914,seed04_ref20260915_label20260914_noise00500_rep003_seed2026094103,0.05,3,-0.0027750476118824086,-0.0027111296314385747,-0.014203447175121897,-0.010882614739642915,-0.24549994886944138,-0.033314780922539367
retuned_practical,flattened_minus_correct,gls_flattened,gls_correct,4,20260915,20260914,seed04_ref20260915_label20260914_noise00500_rep004_seed2026094104,0.05,4,-0.0015051731688539294,-0.0017230741208538736,-0.01036644214614002,-0.007915623951161743,-0.22645855575396778,-0.010525835795101468
retuned_practical,flattened_minus_correct,gls_flattened,gls_correct,4,20260915,20260914,seed04_ref20260915_label20260914_noise00500_rep005_seed2026094105,0.05,5,-0.0008310057431927809,-0.0009328009372177315,-0.00899869956794963,-0.006811256969318613,-0.19142595155667097,0.009046092846940468
retuned_practical,flattened_minus_correct,gls_flattened,gls_correct,4,20260915,20260914,seed04_ref20260915_label20260914_noise00500_rep006_seed2026094106,0.05,6,-0.0007279196363670914,-0.0005438090406939267,0.006962878829761765,0.005097209598239949,-0.20253113555210023,0.061044525233445945
retuned_practical,flattened_minus_correct,gls_flattened,gls_correct,4,20260915,20260914,seed04_ref20260915_label20260914_noise00500_rep007_seed2026094107,0.05,7,-0.00026770911552179144,-0.0005087130270157447,0.007224936127400716,0.005297491906480434,-0.21913061013191504,0.07198863974464453
retuned_practical,flattened_minus_correct,gls_flattened,gls_correct,4,20260915,20260914,seed04_ref20260915_label20260914_noise00500_rep008_seed2026094108,0.05,8,-0.0003994545634643243,-0.0005309604206717999,0.007316936490232018,0.00536038252514115,-0.2028615354570973,0.07028131368487678
retuned_practical,flattened_minus_correct,gls_flattened,gls_correct,4,20260915,20260914,seed04_ref20260915_label20260914_noise00500_rep009_seed2026094109,0.05,9,-0.0010349001933728508,-0.0011013677452204051,-0.01100179165544879,-0.00832343768069621,-0.23356497683236688,-0.0006229183224562007
retuned_practical,flattened_minus_correct,gls_flattened,gls_correct,4,20260915,20260914,seed04_ref20260915_label20260914_noise00500_rep010_seed2026094110,0.05,10,-0.0012894552635533407,-0.0015257898434942185,-0.010151027178194605,-0.0077337671498460825,-0.2151140193885972,0.004380342854559238
retuned_practical,flattened_minus_correct,gls_flattened,gls_correct,4,20260915,20260914,seed04_ref20260915_label20260914_noise00500_rep011_seed2026094111,0.05,11,-0.00043589543857019963,-0.0006035364445353547,0.006205693634619092,0.004530068387241404,-0.19927373917876512,0.061087947465335635
retuned_practical,flattened_minus_correct,gls_flattened,gls_correct,4,20260915,20260914,seed04_ref20260915_label20260914_noise01000_rep000_seed2026094100,0.1,0,-0.000659090058358125,-0.0003581177789390988,0.005038646053879159,0.0036898168642088836,-0.10396417949056147,0.02390298230854304
retuned_practical,flattened_minus_correct,gls_flattened,gls_correct,4,20260915,20260914,seed04_ref20260915_label20260914_noise01000_rep001_seed2026094101,0.1,1,0.00016707706810922818,-3.012878428418353e-05,0.00601549044087335,0.004453886120068473,-0.09468258195271284,0.028010562123752525
retuned_practical,flattened_minus_correct,gls_flattened,gls_correct,4,20260915,20260914,seed04_ref20260915_label20260914_noise01000_rep002_seed2026094102,0.1,2,-2.9651756706577936e-05,6.396306268530161e-05,0.007287296476126803,0.005410735443908354,-0.10161926101785856,0.027795405310310883
retuned_practical,flattened_minus_correct,gls_flattened,gls_correct,4,20260915,20260914,seed04_ref20260915_label20260914_noise01000_rep003_seed2026094103,0.1,3,5.1062676132501705e-05,0.00023731122786097014,0.006685027113244146,0.004987277117054101,-0.10029282928164274,0.03458400726644362
retuned_practical,flattened_minus_correct,gls_flattened,gls_correct,4,20260915,20260914,seed04_ref20260915_label20260914_noise01000_rep004_seed2026094104,0.1,4,-0.00023617163368491734,-0.00038180048099997754,0.007908255913549045,0.005820171250880468,-0.10440440670224804,0.027785477207854736
retuned_practical,flattened_minus_correct,gls_flattened,gls_correct,4,20260915,20260914,seed04_ref20260915_label20260914_noise01000_rep005_seed2026094105,0.1,5,-0.0005798742275300028,-0.0004261802675405296,0.0067168225764975276,0.004927995337904667,-0.09302987854398204,0.023622977111884325
retuned_practical,flattened_minus_correct,gls_flattened,gls_correct,4,20260915,20260914,seed04_ref20260915_label20260914_noise01000_rep006_seed2026094106,0.1,6,-0.0007324274377726592,-0.0005920522460479555,0.006624834120786627,0.004836012959091973,-0.09784272737480659,0.019984204619763135
retuned_practical,flattened_minus_correct,gls_flattened,gls_correct,4,20260915,20260914,seed04_ref20260915_label20260914_noise01000_rep007_seed2026094107,0.1,7,8.615149395810318e-05,-0.00022506378116987635,0.007258935388795296,0.005353836531290401,-0.11393417994929722,0.03174281986139116
retuned_practical,flattened_minus_correct,gls_flattened,gls_correct,4,20260915,20260914,seed04_ref20260915_label20260914_noise01000_rep008_seed2026094108,0.1,8,-0.00024454004062784973,-0.00047374510968054007,0.007454195295686916,0.005464709652881761,-0.0964803847710567,0.0281839866362259
retuned_practical,flattened_minus_correct,gls_flattened,gls_correct,4,20260915,20260914,seed04_ref20260915_label20260914_noise01000_rep009_seed2026094109,0.1,9,-0.0004737584708479903,-0.00022946006153995446,0.007176237843697697,0.005288516458456405,-0.11330940111708787,0.021888701946428224
retuned_practical,flattened_minus_correct,gls_flattened,gls_correct,4,20260915,20260914,seed04_ref20260915_label20260914_noise01000_rep010_seed2026094110,0.1,10,0.0003759361349404411,2.9518818246254686e-05,0.007043839004456709,0.005229215350826821,-0.09946546062231043,0.03066224698112552
retuned_practical,flattened_minus_correct,gls_flattened,gls_correct,4,20260915,20260914,seed04_ref20260915_label20260914_noise01000_rep011_seed2026094111,0.1,11,-0.00019254338134766513,-0.0005932821858092435,0.005251717659514155,0.003821661394039999,-0.09601374344003588,0.020828891103893854
retuned_practical,flattened_minus_correct,gls_flattened,gls_correct,4,20260915,20260914,seed04_ref20260915_label20260914_noise02000_rep000_seed2026094100,0.2,0,-0.0003739728645983098,0.0004106087528253921,0.0028304364870833654,0.002147025518368151,-0.05413501680640764,0.007682034815220229
retuned_practical,flattened_minus_correct,gls_flattened,gls_correct,4,20260915,20260914,seed04_ref20260915_label20260914_noise02000_rep001_seed2026094101,0.2,1,0.0008521497778038178,0.0009396840964634445,0.004543832611567766,0.0034857038800158446,-0.04162759672530991,0.010518719744140093
retuned_practical,flattened_minus_correct,gls_flattened,gls_correct,4,20260915,20260914,seed04_ref20260915_label20260914_noise02000_rep002_seed2026094102,0.2,2,0.0005908607804989141,0.0011177326484617667,0.007331899986912749,0.005568152184290076,-0.05106814052257369,0.010471399113380464
retuned_practical,flattened_minus_correct,gls_flattened,gls_correct,4,20260915,20260914,seed04_ref20260915_label20260914_noise02000_rep003_seed2026094103,0.2,3,0.0006481914410852718,0.0015676464739636242,0.006266744616552744,0.004847202429190178,-0.04657458303082773,0.015515113659117619
retuned_practical,flattened_minus_correct,gls_flattened,gls_correct,4,20260915,20260914,seed04_ref20260915_label20260914_noise02000_rep004_seed2026094104,0.2,4,0.00030851032652667865,0.00029610615093256243,0.008170034373253143,0.006080693568910722,-0.05212464619809887,0.010255961836030947
retuned_practical,flattened_minus_correct,gls_flattened,gls_correct,4,20260915,20260914,seed04_ref20260915_label20260914_noise02000_rep005_seed2026094105,0.2,5,-0.00019711111326897734,0.00018799266206240284,0.006051526477716007,0.004496618008780262,-0.045903016518437534,0.007494005002128823
retuned_practical,flattened_minus_correct,gls_flattened,gls_correct,4,20260915,20260914,seed04_ref20260915_label20260914_noise02000_rep006_seed2026094106,0.2,6,-0.00041225503587152823,-7.9002527678812e-05,0.005959811564854811,0.004386268015456107,-0.04924416708389234,0.004341432308071713
retuned_practical,flattened_minus_correct,gls_flattened,gls_correct,4,20260915,20260914,seed04_ref20260915_label20260914_noise02000_rep007_seed2026094107,0.2,7,0.000661341497168455,0.0006786856338682479,0.007614234454808799,0.0057142509990767976,-0.062247830811309246,0.0132451774140534
retuned_practical,flattened_minus_correct,gls_flattened,gls_correct,4,20260915,20260914,seed04_ref20260915_label20260914_noise02000_rep008_seed2026094108,0.2,8,0.00017609461486800537,0.00013970931609857962,0.007716608187581686,0.005711851085153652,-0.049662174927395775,0.01014253681208821
retuned_practical,flattened_minus_correct,gls_flattened,gls_correct,4,20260915,20260914,seed04_ref20260915_label20260914_noise02000_rep009_seed2026094109,0.2,9,-0.00016657915760553976,0.0005700779004512713,0.007270193407058478,0.005443010327065456,-0.06306155660000945,0.005612736837961707
retuned_practical,flattened_minus_correct,gls_flattened,gls_correct,4,20260915,20260914,seed04_ref20260915_label20260914_noise02000_rep010_seed2026094110,0.2,10,0.000967574227888679,0.0009820593334267935,0.006590723835007806,0.005005418006575391,-0.05153188630301142,0.010911862382495974
retuned_practical,flattened_minus_correct,gls_flattened,gls_correct,4,20260915,20260914,seed04_ref20260915_label20260914_noise02000_rep011_seed2026094111,0.2,11,0.0003545200165455398,6.512130405184058e-05,0.003062080859635108,0.0022711154463776473,-0.04792264233144117,0.004684133669287993
retuned_practical,flattened_minus_correct,gls_flattened,gls_correct,4,20260915,20260914,seed04_ref20260915_label20260914_noise04000_rep000_seed2026094100,0.4,0,0.00023295807312445627,0.0022913532545370263,-0.0008753648417745286,-0.00023488507102681355,-0.03731550797312977,0.0021919055436174784
retuned_practical,flattened_minus_correct,gls_flattened,gls_correct,4,20260915,20260914,seed04_ref20260915_label20260914_noise04000_rep001_seed2026094101,0.4,1,0.0019796694099210588,0.0030392809220151362,0.0006154261610143985,0.000997476684513221,-0.022208362954576177,0.004601286705998353
retuned_practical,flattened_minus_correct,gls_flattened,gls_correct,4,20260915,20260914,seed04_ref20260915_label20260914_noise04000_rep002_seed2026094102,0.4,2,0.0016188529552325637,0.0031880410286946326,0.007614167254522242,0.0061093338567930755,-0.03314910974816687,0.004917384012380621
retuned_practical,flattened_minus_correct,gls_flattened,gls_correct,4,20260915,20260914,seed04_ref20260915_label20260914_noise04000_rep003_seed2026094103,0.4,3,0.0015406377282872197,0.00457068417685047,0.005469244313494381,0.00478360782072601,-0.025643864000111982,0.007854148328004573
retuned_practical,flattened_minus_correct,gls_flattened,gls_correct,4,20260915,20260914,seed04_ref20260915_label20260914_noise04000_rep004_seed2026094104,0.4,4,0.0007673945952969552,0.0016662469247332168,0.009006609818833389,0.00686089704458398,-0.03393548649464373,0.0030108505630459526
retuned_practical,flattened_minus_correct,gls_flattened,gls_correct,4,20260915,20260914,seed04_ref20260915_label20260914_noise04000_rep005_seed2026094105,0.4,5,0.0007406685080353359,0.0018429330200166738,0.0035114120442805152,0.0028777506090294502,-0.03029247097022436,0.0037802744573756097
retuned_practical,flattened_minus_correct,gls_flattened,gls_correct,4,20260915,20260914,seed04_ref20260915_label20260914_noise04000_rep006_seed2026094106,0.4,6,0.00025178752280319294,0.0019656579993336254,0.004886379746101843,0.003905179752629162,-0.03231020875839463,0.0008041001696503791
retuned_practical,flattened_minus_correct,gls_flattened,gls_correct,4,20260915,20260914,seed04_ref20260915_label20260914_noise04000_rep007_seed2026094107,0.4,7,0.0012555895218516189,0.00229118216249119,0.009384326983326585,0.007233875105386756,-0.041550866122136654,0.005715920225215276
retuned_practical,flattened_minus_correct,gls_flattened,gls_correct,4,20260915,20260914,seed04_ref20260915_label20260914_noise04000_rep008_seed2026094108,0.4,8,0.0007153668577042915,0.001855509175626796,0.007885114747555155,0.006065509464007746,-0.036508622531162827,0.004006201245673191
retuned_practical,flattened_minus_correct,gls_flattened,gls_correct,4,20260915,20260914,seed04_ref20260915_label20260914_noise04000_rep009_seed2026094109,0.4,9,0.0005893708800095432,0.002676314583963779,0.008020526988976151,0.006311135312358995,-0.043537010473378324,0.0019169938881604676
retuned_practical,flattened_minus_correct,gls_flattened,gls_correct,4,20260915,20260914,seed04_ref20260915_label20260914_noise04000_rep010_seed2026094110,0.4,10,0.0013307248800318305,0.0025117742930358677,0.003953595604306193,0.0033151538217091603,-0.035764347454461776,0.0023922146465005234
retuned_practical,flattened_minus_correct,gls_flattened,gls_correct,4,20260915,20260914,seed04_ref20260915_label20260914_noise04000_rep011_seed2026094111,0.4,11,0.0011224611744447,0.002412813535883629,-0.002348017767233146,-0.0012899009010623463,-0.03217174212789886,0.000483161325609327
retuned_practical,flattened_minus_correct,gls_flattened,gls_correct,4,20260915,20260914,seed04_ref20260915_label20260914_noise08000_rep000_seed2026094100,0.8,0,-7.138904585646255e-05,-0.000681258113840566,0.018349577095770453,0.012955893641578342,-0.028633049855941062,0.0026749205258316255
retuned_practical,flattened_minus_correct,gls_flattened,gls_correct,4,20260915,20260914,seed04_ref20260915_label20260914_noise08000_rep001_seed2026094101,0.8,1,-0.0004827694927078685,0.0015062146360017015,0.017961822875590006,0.013141549525865992,-0.023658939176114835,-0.00032602207087695234
retuned_practical,flattened_minus_correct,gls_flattened,gls_correct,4,20260915,20260914,seed04_ref20260915_label20260914_noise08000_rep002_seed2026094102,0.8,2,0.0017965124924186338,8.453696133770006e-05,0.02015226021808314,0.014245209952779225,-0.03031795870252907,0.004218483588453781
retuned_practical,flattened_minus_correct,gls_flattened,gls_correct,4,20260915,20260914,seed04_ref20260915_label20260914_noise08000_rep003_seed2026094103,0.8,3,0.0019641522218231122,0.002626956104807676,0.03827821775776841,0.027893380799848155,-0.020122255278046675,0.006979063821770604
retuned_practical,flattened_minus_correct,gls_flattened,gls_correct,4,20260915,20260914,seed04_ref20260915_label20260914_noise08000_rep004_seed2026094104,0.8,4,0.0005321090364367453,0.00044995076250492483,0.009871344488255107,0.007157150702404413,-0.026646611292426847,0.0029441888629115898
retuned_practical,flattened_minus_correct,gls_flattened,gls_correct,4,20260915,20260914,seed04_ref20260915_label20260914_noise08000_rep005_seed2026094105,0.8,5,-0.00012091974522465687,0.0001832529468882016,0.029680321246489227,0.021244213919844435,-0.027047023477725585,0.002942989169361754
retuned_practical,flattened_minus_correct,gls_flattened,gls_correct,4,20260915,20260914,seed04_ref20260915_label20260914_noise08000_rep006_seed2026094106,0.8,6,-0.00021971195915870823,-0.00030471931507930483,0.019547456399207963,0.01385450202524885,-0.024664858428560255,0.001152890785448557
retuned_practical,flattened_minus_correct,gls_flattened,gls_correct,4,20260915,20260914,seed04_ref20260915_label20260914_noise08000_rep007_seed2026094107,0.8,7,0.0011479647514572866,0.0032281458221869452,0.017445815530792497,0.013130708625236243,-0.03362729257490171,0.0031537646808770248
retuned_practical,flattened_minus_correct,gls_flattened,gls_correct,4,20260915,20260914,seed04_ref20260915_label20260914_noise08000_rep008_seed2026094108,0.8,8,-0.0004449576687665102,3.7103790865578024e-05,0.01701901998204558,0.012172198747188112,-0.03767393561584664,0.0015751598112940801
retuned_practical,flattened_minus_correct,gls_flattened,gls_correct,4,20260915,20260914,seed04_ref20260915_label20260914_noise08000_rep009_seed2026094109,0.8,9,0.0004806632552041279,0.0007785019072910626,0.015818311496022197,0.011435271792046842,-0.032344619581024636,0.001799783045087322
retuned_practical,flattened_minus_correct,gls_flattened,gls_correct,4,20260915,20260914,seed04_ref20260915_label20260914_noise08000_rep010_seed2026094110,0.8,10,0.0014951206562562325,0.0020444915589565293,0.034041712709851235,0.024769083888234844,-0.025664926930687004,0.00564818852232607
retuned_practical,flattened_minus_correct,gls_flattened,gls_correct,4,20260915,20260914,seed04_ref20260915_label20260914_noise08000_rep011_seed2026094111,0.8,11,0.00037562732154516887,0.0002312524053812992,0.016166677165567633,0.011614453536872626,-0.0299680552660353,0.0007884851576658303
retuned_practical,flattened_minus_ols,gls_flattened,ols,0,20260805,20260804,seed00_ref20260805_label20260804_noise00500_rep000_seed2026090100,0.05,0,6.777891281672943e-05,0.0002585387750777962,0.009282193866005595,0.006833178122262806,0.07730819751431461,-0.02227142276011218
retuned_practical,flattened_minus_ols,gls_flattened,ols,0,20260805,20260804,seed00_ref20260805_label20260804_noise00500_rep001_seed2026090101,0.05,1,2.6274384115065885e-06,2.2576909150640034e-05,0.004545409839674552,0.0033332779696274573,0.07362554990674042,-0.027694495874016845
retuned_practical,flattened_minus_ols,gls_flattened,ols,0,20260805,20260804,seed00_ref20260805_label20260804_noise00500_rep002_seed2026090102,0.05,2,-2.3268512228336036e-05,0.00016098829784474966,0.0057557207364205,0.004234045165550038,0.04941618841807838,-0.020221238711177314
retuned_practical,flattened_minus_ols,gls_flattened,ols,0,20260805,20260804,seed00_ref20260805_label20260804_noise00500_rep003_seed2026090103,0.05,3,0.008465689433818147,0.008687733508804432,-0.07568602015382297,-0.05428545349017966,0.2207350620173787,0.11519789958396132
retuned_practical,flattened_minus_ols,gls_flattened,ols,0,20260805,20260804,seed00_ref20260805_label20260804_noise00500_rep004_seed2026090104,0.05,4,-0.0001360890820926164,-0.00011558754680002226,0.006869005728331934,0.005023461912897931,0.05407716319594469,-0.03622189655736374
retuned_practical,flattened_minus_ols,gls_flattened,ols,0,20260805,20260804,seed00_ref20260805_label20260804_noise00500_rep005_seed2026090105,0.05,5,-5.9795093481557204e-05,-0.0001007787386000103,0.006656702057854513,0.004869068309656721,0.06792158869695619,-0.028548223497663727
retuned_practical,flattened_minus_ols,gls_flattened,ols,0,20260805,20260804,seed00_ref20260805_label20260804_noise00500_rep006_seed2026090106,0.05,6,0.0001926011712777842,0.00025124121462422044,0.00577234890932965,0.004258377884107434,0.06412845036166281,-0.019234260570131667
retuned_practical,flattened_minus_ols,gls_flattened,ols,0,20260805,20260804,seed00_ref20260805_label20260804_noise00500_rep007_seed2026090107,0.05,7,-9.291099807187675e-05,-0.0001249926391811429,0.0038875732419871856,0.0028361976487727425,0.05162821846639476,-0.031556763821605216
retuned_practical,flattened_minus_ols,gls_flattened,ols,0,20260805,20260804,seed00_ref20260805_label20260804_noise00500_rep008_seed2026090108,0.05,8,0.00024714208929710324,0.0001897514333096123,0.005317605396301106,0.00391965878796352,0.077734763684711,-0.02761560201314195
retuned_practical,flattened_minus_ols,gls_flattened,ols,0,20260805,20260804,seed00_ref20260805_label20260804_noise00500_rep009_seed2026090109,0.05,9,0.0004129042003838401,0.00037202583444637116,0.007492785657034595,0.005531982346279052,0.05898176356179663,-0.013413707833616062
retuned_practical,flattened_minus_ols,gls_flattened,ols,0,20260805,20260804,seed00_ref20260805_label20260804_noise00500_rep010_seed2026090110,0.05,10,0.0002344921016757262,0.0001546230496814044,0.005854695788036324,0.0043083955623134385,0.08780621158806223,-0.029006484075291716
retuned_practical,flattened_minus_ols,gls_flattened,ols,0,20260805,20260804,seed00_ref20260805_label20260804_noise00500_rep011_seed2026090111,0.05,11,0.0003409232070780699,0.00010880811673233404,0.004313803511643899,0.0031730264043965395,0.059420257566556334,-0.02326021710271675
retuned_practical,flattened_minus_ols,gls_flattened,ols,0,20260805,20260804,seed00_ref20260805_label20260804_noise01000_rep000_seed2026090100,0.1,0,-1.615547574379539e-05,-0.000207401618155717,-0.00875783285938525,-0.006406230870973195,0.014922931430774833,-0.042243519807003915
retuned_practical,flattened_minus_ols,gls_flattened,ols,0,20260805,20260804,seed00_ref20260805_label20260804_noise01000_rep001_seed2026090101,0.1,1,-0.0004670339261164669,-0.00043765367549486456,-0.009133185364462837,-0.0067054935674885074,0.0063703281359364095,-0.04290111855518086
retuned_practical,flattened_minus_ols,gls_flattened,ols,0,20260805,20260804,seed00_ref20260805_label20260804_noise01000_rep002_seed2026090102,0.1,2,-0.00037651287344978024,-0.00048140790793102517,-0.00886572098978955,-0.006520183490635156,0.008257996751479535,-0.04365827192291727
retuned_practical,flattened_minus_ols,gls_flattened,ols,0,20260805,20260804,seed00_ref20260805_label20260804_noise01000_rep003_seed2026090103,0.1,3,0.00028029479895413933,-7.985618603845168e-05,-0.011779052914092647,-0.008591319339907422,0.017686965748233918,-0.03544240225765383
retuned_practical,flattened_minus_ols,gls_flattened,ols,0,20260805,20260804,seed00_ref20260805_label20260804_noise01000_rep004_seed2026090104,0.1,4,-0.0004866477808741776,-0.00043773345272152264,-0.010034909136768522,-0.007368419042384111,0.0070459230741601875,-0.04990256078845379
retuned_practical,flattened_minus_ols,gls_flattened,ols,0,20260805,20260804,seed00_ref20260805_label20260804_noise01000_rep005_seed2026090105,0.1,5,-0.00018897160078257258,-0.00022215132221292677,-0.008195205999407928,-0.005998090844497317,0.011953238894143237,-0.0416400861292594
retuned_practical,flattened_minus_ols,gls_flattened,ols,0,20260805,20260804,seed00_ref20260805_label20260804_noise01000_rep006_seed2026090106,0.1,6,-0.0002495307855917006,-0.0005287262573276386,-0.009563786502963079,-0.007034621572501121,0.008471571191164262,-0.039295596766704355
retuned_practical,flattened_minus_ols,gls_flattened,ols,0,20260805,20260804,seed00_ref20260805_label20260804_noise01000_rep007_seed2026090107,0.1,7,-0.0005772805371361267,-0.0004778327484114553,-0.01068299354172697,-0.007845261938770665,0.006498745605693301,-0.05078474195346527
retuned_practical,flattened_minus_ols,gls_flattened,ols,0,20260805,20260804,seed00_ref20260805_label20260804_noise01000_rep008_seed2026090108,0.1,8,-0.00016759804335511608,-2.7320864641799947e-05,-0.009677525860519842,-0.007056977173378998,0.016531333423878136,-0.04078998351940477
retuned_practical,flattened_minus_ols,gls_flattened,ols,0,20260805,20260804,seed00_ref20260805_label20260804_noise01000_rep009_seed2026090109,0.1,9,-0.00042614558037143424,-0.00047150165727677384,-0.008616613510826432,-0.006338373940889985,0.006668811802204022,-0.046664818499143834
retuned_practical,flattened_minus_ols,gls_flattened,ols,0,20260805,20260804,seed00_ref20260805_label20260804_noise01000_rep010_seed2026090110,0.1,10,0.0002237471348713327,8.747419432952874e-05,-0.010871116085278132,-0.007911691363142404,0.015299504556314014,-0.034404389685942505
retuned_practical,flattened_minus_ols,gls_flattened,ols,0,20260805,20260804,seed00_ref20260805_label20260804_noise01000_rep011_seed2026090111,0.1,11,0.0002531143240140643,-0.0002279263995074443,-0.009477128433579618,-0.006930714857612319,0.007538027212255605,-0.036433445734984415
retuned_practical,flattened_minus_ols,gls_flattened,ols,0,20260805,20260804,seed00_ref20260805_label20260804_noise02000_rep000_seed2026090100,0.2,0,-0.0003727962996140366,-0.0007985041495034151,-0.007673342447734988,-0.005680012366926668,-0.009861985640702287,-0.01603778347384588
retuned_practical,flattened_minus_ols,gls_flattened,ols,0,20260805,20260804,seed00_ref20260805_label20260804_noise02000_rep001_seed2026090101,0.2,1,-0.0009932056895041175,-0.0014208349567628176,-0.008202429385339771,-0.006148861619552526,-0.013822127363523729,-0.016686389099037635
retuned_practical,flattened_minus_ols,gls_flattened,ols,0,20260805,20260804,seed00_ref20260805_label20260804_noise02000_rep002_seed2026090102,0.2,2,-0.000880141195742451,-0.0014655679473318806,-0.007787907720859244,-0.0058575123007919006,-0.014225156077079415,-0.016911611603384058
retuned_practical,flattened_minus_ols,gls_flattened,ols,0,20260805,20260804,seed00_ref20260805_label20260804_noise02000_rep003_seed2026090103,0.2,3,0.00023973580812947093,-0.000550535233924121,-0.013113808176973496,-0.00959160348752175,-0.007085613496849552,-0.010922335242092851
retuned_practical,flattened_minus_ols,gls_flattened,ols,0,20260805,20260804,seed00_ref20260805_label20260804_noise02000_rep004_seed2026090104,0.2,4,-0.000905149516439191,-0.001117657064627714,-0.009939383011752456,-0.007372678745449557,-0.01041163407104051,-0.020105663935546803
retuned_practical,flattened_minus_ols,gls_flattened,ols,0,20260805,20260804,seed00_ref20260805_label20260804_noise02000_rep005_seed2026090105,0.2,5,-0.0005463881261922876,-0.0008945075490147392,-0.006500552132803872,-0.00484280505676582,-0.011371228272630818,-0.01569910338752556
retuned_practical,flattened_minus_ols,gls_flattened,ols,0,20260805,20260804,seed00_ref20260805_label20260804_noise02000_rep006_seed2026090106,0.2,6,-0.0007893532784110924,-0.0014303366650244842,-0.009095098352298048,-0.006800563276957994,-0.014612474449657853,-0.014198092606884982
retuned_practical,flattened_minus_ols,gls_flattened,ols,0,20260805,20260804,seed00_ref20260805_label20260804_noise02000_rep007_seed2026090107,0.2,7,-0.0010293167118221314,-0.0013472110604723642,-0.01129023732088863,-0.008383776158044642,-0.01536945621405894,-0.021165930401567445
retuned_practical,flattened_minus_ols,gls_flattened,ols,0,20260805,20260804,seed00_ref20260805_label20260804_noise02000_rep008_seed2026090108,0.2,8,-0.00036907648738904175,-0.00045148135148442847,-0.00938896731734784,-0.00688181134166066,-0.0062828468834426054,-0.013845317561930859
retuned_practical,flattened_minus_ols,gls_flattened,ols,0,20260805,20260804,seed00_ref20260805_label20260804_noise02000_rep009_seed2026090109,0.2,9,-0.0008462525288961131,-0.0012510991818847073,-0.007676553451309798,-0.005747719328421941,-0.012990217512949709,-0.01749834346220025
retuned_practical,flattened_minus_ols,gls_flattened,ols,0,20260805,20260804,seed00_ref20260805_label20260804_noise02000_rep010_seed2026090110,0.2,10,-0.0002166260428235478,-0.0006269538878769798,-0.011918889180782988,-0.008740063240011142,-0.011295001827463347,-0.010907622298211406
retuned_practical,flattened_minus_ols,gls_flattened,ols,0,20260805,20260804,seed00_ref20260805_label20260804_noise02000_rep011_seed2026090111,0.2,11,0.00010534355119112826,-0.000815901885514142,-0.009115186130583264,-0.006726872688396279,-0.014264374008996716,-0.011912687787202891
retuned_practical,flattened_minus_ols,gls_flattened,ols,0,20260805,20260804,seed00_ref20260805_label20260804_noise04000_rep000_seed2026090100,0.4,0,-0.0009323286503206685,-0.0019275163866503686,-0.005511345756157526,-0.004287436295308811,-0.020223662931334818,-0.006005921349637067
retuned_practical,flattened_minus_ols,gls_flattened,ols,0,20260805,20260804,seed00_ref20260805_label20260804_noise04000_rep001_seed2026090101,0.4,1,-0.0016182507378212363,-0.0034003511294647404,-0.005474623636417042,-0.004541791850909083,-0.019358650352691686,-0.006769407129954441
retuned_practical,flattened_minus_ols,gls_flattened,ols,0,20260805,20260804,seed00_ref20260805_label20260804_noise04000_rep002_seed2026090102,0.4,2,-0.0018515185767416509,-0.0038600094050811606,-0.006153203373690519,-0.005100438365844506,-0.022579950019296247,-0.007422801244310051
retuned_practical,flattened_minus_ols,gls_flattened,ols,0,20260805,20260804,seed00_ref20260805_label20260804_noise04000_rep003_seed2026090103,0.4,3,-0.00019996959720086638,-0.002136234175184548,-0.014348332332333458,-0.010654291530859283,-0.01871523074878878,-0.0034880798822354286
retuned_practical,flattened_minus_ols,gls_flattened,ols,0,20260805,20260804,seed00_ref20260805_label20260804_noise04000_rep004_seed2026090104,0.4,4,-0.0013346797939138288,-0.0026181356275681578,-0.009807212377183294,-0.007487425629105426,-0.015064056553353744,-0.007943609102404325
retuned_practical,flattened_minus_ols,gls_flattened,ols,0,20260805,20260804,seed00_ref20260805_label20260804_noise04000_rep005_seed2026090105,0.4,5,-0.0009783149972252825,-0.0023130702028343053,-0.002099704620604159,-0.0019139118330634974,-0.020650582984712562,-0.00635017915942826
retuned_practical,flattened_minus_ols,gls_flattened,ols,0,20260805,20260804,seed00_ref20260805_label20260804_noise04000_rep006_seed2026090106,0.4,6,-0.0014520908621913353,-0.0030551512635468847,-0.007840134149489031,-0.006157504134556346,-0.022892236274184796,-0.005167357775502923
retuned_practical,flattened_minus_ols,gls_flattened,ols,0,20260805,20260804,seed00_ref20260805_label20260804_noise04000_rep007_seed2026090107,0.4,7,-0.001637013265449072,-0.0036116343331657197,-0.012606833593221567,-0.009666183144744545,-0.02252756932945421,-0.009179292616244394
retuned_practical,flattened_minus_ols,gls_flattened,ols,0,20260805,20260804,seed00_ref20260805_label20260804_noise04000_rep008_seed2026090108,0.4,8,-0.0007765470032390365,-0.0021708163352311127,-0.00771459167319799,-0.005908840883464328,-0.015560650807321164,-0.004635237108021162
retuned_practical,flattened_minus_ols,gls_flattened,ols,0,20260805,20260804,seed00_ref20260805_label20260804_noise04000_rep009_seed2026090109,0.4,9,-0.0012323203817265482,-0.002747055047938929,-0.007074409938386705,-0.005550065392008308,-0.01930484544603095,-0.0052438125359901555
retuned_practical,flattened_minus_ols,gls_flattened,ols,0,20260805,20260804,seed00_ref20260805_label20260804_noise04000_rep010_seed2026090110,0.4,10,-0.0011629162564121276,-0.0029188636502163468,-0.014572209300603212,-0.010950981290795636,-0.022573124369266173,-0.004483294769213497
retuned_practical,flattened_minus_ols,gls_flattened,ols,0,20260805,20260804,seed00_ref20260805_label20260804_noise04000_rep011_seed2026090111,0.4,11,-0.00021065561041549996,-0.002446145014357831,-0.008580224292102812,-0.006576902984818167,-0.02305680577636382,-0.0038539111702278195
retuned_practical,flattened_minus_ols,gls_flattened,ols,0,20260805,20260804,seed00_ref20260805_label20260804_noise08000_rep000_seed2026090100,0.8,0,-0.00120776994816163,-0.0037201389121170325,-0.027536437071400743,-0.0201232602867657,-0.018979415468209915,-0.009147217225217164
retuned_practical,flattened_minus_ols,gls_flattened,ols,0,20260805,20260804,seed00_ref20260805_label20260804_noise08000_rep001_seed2026090101,0.8,1,-0.0013397744471685957,-0.0025564197343210804,-0.005961642488997776,-0.004744809662496352,-0.019222640384943368,-0.008031708166440943
retuned_practical,flattened_minus_ols,gls_flattened,ols,0,20260805,20260804,seed00_ref20260805_label20260804_noise08000_rep002_seed2026090102,0.8,2,-0.000794176549336334,-0.006227469946421649,-0.045388213206722816,-0.03321071751982463,-0.014331789157005836,-0.007247043080491622
retuned_practical,flattened_minus_ols,gls_flattened,ols,0,20260805,20260804,seed00_ref20260805_label20260804_noise08000_rep003_seed2026090103,0.8,3,0.0008690920234439847,-0.003693365764765477,-0.04761084564379514,-0.03430735589386413,-0.020501055963088044,-0.007681924669653339
retuned_practical,flattened_minus_ols,gls_flattened,ols,0,20260805,20260804,seed00_ref20260805_label20260804_noise08000_rep004_seed2026090104,0.8,4,-0.0018949456058278136,-0.004043445964292014,-0.03705757682264921,-0.026900808043744062,-0.014318265261833885,-0.019444167574621307
retuned_practical,flattened_minus_ols,gls_flattened,ols,0,20260805,20260804,seed00_ref20260805_label20260804_noise08000_rep005_seed2026090105,0.8,5,4.9997143767521735e-05,-0.0011848348373177942,-0.00938960120108645,-0.006824712467702665,-0.015939802371090384,-0.00301896834211135
retuned_practical,flattened_minus_ols,gls_flattened,ols,0,20260805,20260804,seed00_ref20260805_label20260804_noise08000_rep006_seed2026090106,0.8,6,-0.0006265417715021204,-0.0014442679357499766,-0.043150644888894085,-0.030550190857894233,-0.016884362707648037,-0.008920860027783029
retuned_practical,flattened_minus_ols,gls_flattened,ols,0,20260805,20260804,seed00_ref20260805_label20260804_noise08000_rep007_seed2026090107,0.8,7,-0.000597617172791387,-0.004972901972969568,-0.04903566073997123,-0.03561997250514304,-0.017880369200572455,-0.015586967009599606
retuned_practical,flattened_minus_ols,gls_flattened,ols,0,20260805,20260804,seed00_ref20260805_label20260804_noise08000_rep008_seed2026090108,0.8,8,-0.002024911912816507,-0.0032691700425832027,-0.01861003055311361,-0.013782733546306214,-0.01629326022650135,-0.009595643452391167
retuned_practical,flattened_minus_ols,gls_flattened,ols,0,20260805,20260804,seed00_ref20260805_label20260804_noise08000_rep009_seed2026090109,0.8,9,0.0005494675360762091,-0.0025548405996579926,-0.0065801802026754785,-0.0051759813698316615,-0.01410396655551538,-0.0036766842371684927
retuned_practical,flattened_minus_ols,gls_flattened,ols,0,20260805,20260804,seed00_ref20260805_label20260804_noise08000_rep010_seed2026090110,0.8,10,-0.0013644147822259312,-0.0019188163719709994,-0.04555197249600651,-0.032328073093115584,-0.02183654718507566,-0.008659411486537483
retuned_practical,flattened_minus_ols,gls_flattened,ols,0,20260805,20260804,seed00_ref20260805_label20260804_noise08000_rep011_seed2026090111,0.8,11,0.0014230737137912453,-0.0016082519126850991,-0.010226882298421391,-0.00752769108243978,-0.01932218780653927,-0.0019716415636195084
retuned_practical,flattened_minus_ols,gls_flattened,ols,1,20260815,20260814,seed01_ref20260815_label20260814_noise00500_rep000_seed2026091100,0.05,0,-0.00017017871510940918,-0.00020083968762973914,-0.00215262152168072,-0.0016239965433549886,0.14512979904027112,-0.049160988732395605
retuned_practical,flattened_minus_ols,gls_flattened,ols,1,20260815,20260814,seed01_ref20260815_label20260814_noise00500_rep001_seed2026091101,0.05,1,0.0008823851384502646,0.0007019973255925627,0.0003575960931494482,0.0003514722060519171,0.12934220625429882,-0.039994559432707355
retuned_practical,flattened_minus_ols,gls_flattened,ols,1,20260815,20260814,seed01_ref20260815_label20260814_noise00500_rep002_seed2026091102,0.05,2,-0.0030561190793810533,-0.004494529904851302,0.10909714449908625,0.08035918896239125,0.09063203044728807,-0.18872559746462425
retuned_practical,flattened_minus_ols,gls_flattened,ols,1,20260815,20260814,seed01_ref20260815_label20260814_noise00500_rep003_seed2026091103,0.05,3,-0.0022083553432652447,-0.00219607725136442,-0.007715376736103563,-0.006007085466928852,0.14095345271992654,-0.15160082535341735
retuned_practical,flattened_minus_ols,gls_flattened,ols,1,20260815,20260814,seed01_ref20260815_label20260814_noise00500_rep004_seed2026091104,0.05,4,-0.0002469967484360902,-0.00018544013134713655,-0.002862502112810361,-0.0021506396193099464,0.11873587426653609,-0.06104059845118881
retuned_practical,flattened_minus_ols,gls_flattened,ols,1,20260815,20260814,seed01_ref20260815_label20260814_noise00500_rep005_seed2026091105,0.05,5,0.0006102931539654077,0.0007510302010743375,-0.0021394114712887102,-0.001502212220468091,0.11863659334311638,-0.03632266199417389
retuned_practical,flattened_minus_ols,gls_flattened,ols,1,20260815,20260814,seed01_ref20260815_label20260814_noise00500_rep006_seed2026091106,0.05,6,-0.0018758144509839203,-0.00192372438362029,-0.008133462208463227,-0.006277770577606312,0.13157459952423922,-0.14198146845727866
retuned_practical,flattened_minus_ols,gls_flattened,ols,1,20260815,20260814,seed01_ref20260815_label20260814_noise00500_rep007_seed2026091107,0.05,7,0.0006615827840313337,0.0007472300479598459,-0.0004715048931949184,-0.0002605053869887408,0.13719244877729864,-0.020034405036243985
retuned_practical,flattened_minus_ols,gls_flattened,ols,1,20260815,20260814,seed01_ref20260815_label20260814_noise00500_rep008_seed2026091108,0.05,8,0.009763159889193102,0.008464543098180066,0.1221261001338606,0.09159007368548605,0.3134375609576825,0.035258294900890164
retuned_practical,flattened_minus_ols,gls_flattened,ols,1,20260815,20260814,seed01_ref20260815_label20260814_noise00500_rep009_seed2026091109,0.05,9,0.0012355901152129312,0.0010384252248855363,0.0013219430030673163,0.0011079821940058743,0.14909339169158775,0.0155834154365051
retuned_practical,flattened_minus_ols,gls_flattened,ols,1,20260815,20260814,seed01_ref20260815_label20260814_noise00500_rep010_seed2026091110,0.05,10,-0.0018508183214258345,-0.0019704041777945103,-0.009310404452511523,-0.0071539382825663855,0.13147428385156212,-0.14567466511652283
retuned_practical,flattened_minus_ols,gls_flattened,ols,1,20260815,20260814,seed01_ref20260815_label20260814_noise00500_rep011_seed2026091111,0.05,11,0.0005608480922145165,0.00016841688119004217,-0.0010160681499665758,-0.0007365183352792126,0.1369834387275004,-0.04276276279827984
retuned_practical,flattened_minus_ols,gls_flattened,ols,1,20260815,20260814,seed01_ref20260815_label20260814_noise01000_rep000_seed2026091100,0.1,0,-0.0019742766511646748,-0.0026536311360611797,-0.007260339195243715,-0.005737009173183538,0.04912402232822011,-0.06724260746889898
retuned_practical,flattened_minus_ols,gls_flattened,ols,1,20260815,20260814,seed01_ref20260815_label20260814_noise01000_rep001_seed2026091101,0.1,1,-0.0019045064555117952,-0.002254240448265943,-0.008064388219660046,-0.006273162510604557,0.05346860730053904,-0.06606502655828628
retuned_practical,flattened_minus_ols,gls_flattened,ols,1,20260815,20260814,seed01_ref20260815_label20260814_noise01000_rep002_seed2026091102,0.1,2,-0.0018687341538930202,-0.0021263814301234474,-0.007653881731424006,-0.005951771096025904,0.05182106707339118,-0.06954748992842963
retuned_practical,flattened_minus_ols,gls_flattened,ols,1,20260815,20260814,seed01_ref20260815_label20260814_noise01000_rep003_seed2026091103,0.1,3,-0.002322508197037776,-0.0025921486394100135,-0.006599178169326758,-0.005235387016436888,0.0600813980315551,-0.07301881391902909
retuned_practical,flattened_minus_ols,gls_flattened,ols,1,20260815,20260814,seed01_ref20260815_label20260814_noise01000_rep004_seed2026091104,0.1,4,-0.0018631238599166045,-0.0019443165372636795,-0.007688996868598363,-0.005952510413296475,0.04501318517131514,-0.06679119860243077
retuned_practical,flattened_minus_ols,gls_flattened,ols,1,20260815,20260814,seed01_ref20260815_label20260814_noise01000_rep005_seed2026091105,0.1,5,-0.001750467376528314,-0.0022740011810374328,-0.00550601047938748,-0.004386407505107881,0.05861116639620367,-0.05980980684219572
retuned_practical,flattened_minus_ols,gls_flattened,ols,1,20260815,20260814,seed01_ref20260815_label20260814_noise01000_rep006_seed2026091106,0.1,6,-0.0016883949647573948,-0.0019998840865314838,-0.007407995720062566,-0.005752904824434135,0.05967901705061052,-0.061573762572425306
retuned_practical,flattened_minus_ols,gls_flattened,ols,1,20260815,20260814,seed01_ref20260815_label20260814_noise01000_rep007_seed2026091107,0.1,7,-0.0024018635662604038,-0.0026496511620891783,-0.009139395402950057,-0.007123071592865515,0.04661872414767365,-0.07653164288620884
retuned_practical,flattened_minus_ols,gls_flattened,ols,1,20260815,20260814,seed01_ref20260815_label20260814_noise01000_rep008_seed2026091108,0.1,8,-0.0025158954464801764,-0.0024171751821649434,-0.0055430773039192305,-0.004431308249679855,0.04737039980208091,-0.07026772464942121
retuned_practical,flattened_minus_ols,gls_flattened,ols,1,20260815,20260814,seed01_ref20260815_label20260814_noise01000_rep009_seed2026091109,0.1,9,-0.00147134931081494,-0.0019688511340744397,-0.0050069744350630385,-0.003973739060726955,0.04998322888033835,-0.06318135947829351
retuned_practical,flattened_minus_ols,gls_flattened,ols,1,20260815,20260814,seed01_ref20260815_label20260814_noise01000_rep010_seed2026091110,0.1,10,-0.0016726442036488764,-0.0020099563378082885,-0.009728979719195952,-0.007469180967460742,0.054224155126058715,-0.06640157279604897
retuned_practical,flattened_minus_ols,gls_flattened,ols,1,20260815,20260814,seed01_ref20260815_label20260814_noise01000_rep011_seed2026091111,0.1,11,-0.001435057098582021,-0.0023844561482095072,-0.007619324391568427,-0.00596069834662305,0.046747357652296095,-0.058780688663881975
retuned_practical,flattened_minus_ols,gls_flattened,ols,1,20260815,20260814,seed01_ref20260815_label20260814_noise02000_rep000_seed2026091100,0.2,0,-0.0018520976970117231,-0.0035584560409811505,-0.0068968030130129865,-0.005623031415629531,0.009780681282816728,-0.024578300258076835
retuned_practical,flattened_minus_ols,gls_flattened,ols,1,20260815,20260814,seed01_ref20260815_label20260814_noise02000_rep001_seed2026091101,0.2,1,-0.0019000453098987347,-0.0028104144783172857,-0.008919082901033715,-0.006988021489274354,0.011987950686958238,-0.02539850383706721
retuned_practical,flattened_minus_ols,gls_flattened,ols,1,20260815,20260814,seed01_ref20260815_label20260814_noise02000_rep002_seed2026091102,0.2,2,-0.0018279069491600741,-0.002543946945387565,-0.007887295872633038,-0.006187506906553231,0.01067453990101841,-0.02783832189231994
retuned_practical,flattened_minus_ols,gls_flattened,ols,1,20260815,20260814,seed01_ref20260815_label20260814_noise02000_rep003_seed2026091103,0.2,3,-0.0024165310827200526,-0.0033334380477301473,-0.00556930799860722,-0.004594507178123763,0.014700409450421725,-0.029389686680562965
retuned_practical,flattened_minus_ols,gls_flattened,ols,1,20260815,20260814,seed01_ref20260815_label20260814_noise02000_rep004_seed2026091104,0.2,4,-0.001723016430921931,-0.0022817948233037344,-0.007853546969634584,-0.006123169225564495,0.003713995765369127,-0.024434752436145457
retuned_practical,flattened_minus_ols,gls_flattened,ols,1,20260815,20260814,seed01_ref20260815_label20260814_noise02000_rep005_seed2026091105,0.2,5,-0.001571098672237481,-0.0028557992339102722,-0.003742915544201364,-0.0031888702844298233,0.019310440222249037,-0.019953019049358645
retuned_practical,flattened_minus_ols,gls_flattened,ols,1,20260815,20260814,seed01_ref20260815_label20260814_noise02000_rep006_seed2026091106,0.2,6,-0.0014468001686028242,-0.0021967369111410284,-0.007267542443335939,-0.005680300090505852,0.020016805801006843,-0.02097053000635274
retuned_practical,flattened_minus_ols,gls_flattened,ols,1,20260815,20260814,seed01_ref20260815_label20260814_noise02000_rep007_seed2026091107,0.2,7,-0.0023852503084725307,-0.0034679486090943568,-0.01058244879809589,-0.008312683536397858,0.005792945196310351,-0.031638060647502186
retuned_practical,flattened_minus_ols,gls_flattened,ols,1,20260815,20260814,seed01_ref20260815_label20260814_noise02000_rep008_seed2026091108,0.2,8,-0.002749057735593946,-0.003185877960372424,-0.0038134810675317654,-0.003280440878679014,0.005010087279364361,-0.027433629904919155
retuned_practical,flattened_minus_ols,gls_flattened,ols,1,20260815,20260814,seed01_ref20260815_label20260814_noise02000_rep009_seed2026091109,0.2,9,-0.001111920590453841,-0.002287166329014767,-0.002581925437095345,-0.0022433789727480113,0.013443281601528634,-0.021618313428833913
retuned_practical,flattened_minus_ols,gls_flattened,ols,1,20260815,20260814,seed01_ref20260815_label20260814_noise02000_rep010_seed2026091110,0.2,10,-0.0016355044674128405,-0.00250463956863875,-0.0118708206304039,-0.009113833418972983,0.011740920400732602,-0.02601684164564655
retuned_practical,flattened_minus_ols,gls_flattened,ols,1,20260815,20260814,seed01_ref20260815_label20260814_noise02000_rep011_seed2026091111,0.2,11,-0.0012320248779993381,-0.0030625433913763767,-0.007831121049841738,-0.006218997276197291,0.00509212619848487,-0.018902183291592545
retuned_practical,flattened_minus_ols,gls_flattened,ols,1,20260815,20260814,seed01_ref20260815_label20260814_noise04000_rep000_seed2026091100,0.4,0,-0.0018554798903161474,-0.005169183485221662,-0.0055994425825036664,-0.005042561784447397,-0.005436243422891618,-0.004528181915157026
retuned_practical,flattened_minus_ols,gls_flattened,ols,1,20260815,20260814,seed01_ref20260815_label20260814_noise04000_rep001_seed2026091101,0.4,1,-0.002315398319628459,-0.0047739739870091835,-0.011197122706216978,-0.009010351813713124,-0.005506582166818097,-0.008901653876961957
retuned_practical,flattened_minus_ols,gls_flattened,ols,1,20260815,20260814,seed01_ref20260815_label20260814_noise04000_rep002_seed2026091102,0.4,2,-0.0021740319955479426,-0.0035813119361133017,-0.008646949219605071,-0.006934528139408869,-0.004163160873964289,-0.011346551134606697
retuned_practical,flattened_minus_ols,gls_flattened,ols,1,20260815,20260814,seed01_ref20260815_label20260814_noise04000_rep003_seed2026091103,0.4,3,-0.0028618661542398893,-0.004837252380469975,-0.002978203523692824,-0.0030305531453681533,-0.004158142565644729,-0.010326444655643252
retuned_practical,flattened_minus_ols,gls_flattened,ols,1,20260815,20260814,seed01_ref20260815_label20260814_noise04000_rep004_seed2026091104,0.4,4,-0.0015862176772939995,-0.0030624355229900146,-0.009312400717959024,-0.007322222872157447,-0.011365757941812715,-0.006545218540999764
retuned_practical,flattened_minus_ols,gls_flattened,ols,1,20260815,20260814,seed01_ref20260815_label20260814_noise04000_rep005_seed2026091105,0.4,5,-0.0014518188818796185,-0.004054013309298998,-0.0013197355137389843,-0.0017040323036480176,0.004158124505456939,-0.0041942934096093065
retuned_practical,flattened_minus_ols,gls_flattened,ols,1,20260815,20260814,seed01_ref20260815_label20260814_noise04000_rep006_seed2026091106,0.4,6,-0.0015351861095908026,-0.0028163579691205254,-0.0070223659811227135,-0.005617306424830493,0.0018828107338999533,-0.0066830363824319505
retuned_practical,flattened_minus_ols,gls_flattened,ols,1,20260815,20260814,seed01_ref20260815_label20260814_noise04000_rep007_seed2026091107,0.4,7,-0.0020848578987885946,-0.0039058545807154343,-0.013244246948363902,-0.010328810861194082,-0.00894183457895048,-0.011216465535375031
retuned_practical,flattened_minus_ols,gls_flattened,ols,1,20260815,20260814,seed01_ref20260815_label20260814_noise04000_rep008_seed2026091108,0.4,8,-0.00321086036742968,-0.004800627912464023,-0.0015539464632926547,-0.001980431394703941,-0.010017440211535833,-0.009435017722346117
retuned_practical,flattened_minus_ols,gls_flattened,ols,1,20260815,20260814,seed01_ref20260815_label20260814_noise04000_rep009_seed2026091109,0.4,9,-0.0014174671840430642,-0.00373044231477046,0.0019217378170354182,0.0007104478809754067,-0.0026879877439811573,-0.006711778062601148
retuned_practical,flattened_minus_ols,gls_flattened,ols,1,20260815,20260814,seed01_ref20260815_label20260814_noise04000_rep010_seed2026091110,0.4,10,-0.0019488047306870926,-0.004138715777736446,-0.01595338463850493,-0.01234159327358375,-0.004370506905860605,-0.010868330965303041
retuned_practical,flattened_minus_ols,gls_flattened,ols,1,20260815,20260814,seed01_ref20260815_label20260814_noise04000_rep011_seed2026091111,0.4,11,-0.001276882613028496,-0.004694755793883371,-0.009693708894562336,-0.0078837071719422,-0.010660849936116934,-0.004372492482581869
retuned_practical,flattened_minus_ols,gls_flattened,ols,1,20260815,20260814,seed01_ref20260815_label20260814_noise08000_rep000_seed2026091100,0.8,0,0.0017631012121470668,0.0024050957706610587,-0.016553673239880662,-0.011124244928381488,-0.002109439712220329,0.000672215748060756
retuned_practical,flattened_minus_ols,gls_flattened,ols,1,20260815,20260814,seed01_ref20260815_label20260814_noise08000_rep001_seed2026091101,0.8,1,-0.0009129454421111793,-0.004472572224590798,-0.05764316657517632,-0.04207823257205878,-5.275921982872411e-05,-0.006540925995570213
retuned_practical,flattened_minus_ols,gls_flattened,ols,1,20260815,20260814,seed01_ref20260815_label20260814_noise08000_rep002_seed2026091102,0.8,2,-0.0006378069381794971,-0.003160105947591585,-0.029031361191754312,-0.021489623621242737,-0.004783126683233885,-0.004853393586090604
retuned_practical,flattened_minus_ols,gls_flattened,ols,1,20260815,20260814,seed01_ref20260815_label20260814_noise08000_rep003_seed2026091103,0.8,3,-0.0017735396721327845,-0.0013313834842816341,-0.009743657783723436,-0.007265263303836145,-0.0021189207330305493,-0.0030149031150259464
retuned_practical,flattened_minus_ols,gls_flattened,ols,1,20260815,20260814,seed01_ref20260815_label20260814_noise08000_rep004_seed2026091104,0.8,4,-0.0008480721041368433,-0.0037458585322446836,-0.028615615373461578,-0.021329030868505905,-0.006953288327216756,-0.003656001227734018
retuned_practical,flattened_minus_ols,gls_flattened,ols,1,20260815,20260814,seed01_ref20260815_label20260814_noise08000_rep005_seed2026091105,0.8,5,-0.0005010101960354341,-0.002015171339281585,-0.01479269971393804,-0.010974604414063283,-0.0007695377217005195,-0.004513910774500474
retuned_practical,flattened_minus_ols,gls_flattened,ols,1,20260815,20260814,seed01_ref20260815_label20260814_noise08000_rep006_seed2026091106,0.8,6,-0.0004683044835877004,-0.0027397680551863313,-0.027073089278642493,-0.019857904169871987,0.003050737460061681,-0.004736254692237374
retuned_practical,flattened_minus_ols,gls_flattened,ols,1,20260815,20260814,seed01_ref20260815_label20260814_noise08000_rep007_seed2026091107,0.8,7,-0.0016625434804447004,-0.003060970606348634,-0.049877370443961455,-0.03627240331116999,-0.010259989638949252,-0.011453882411127436
retuned_practical,flattened_minus_ols,gls_flattened,ols,1,20260815,20260814,seed01_ref20260815_label20260814_noise08000_rep008_seed2026091108,0.8,8,-0.0006823881762765271,-0.0009661526106438667,-0.01487940991696557,-0.01083905284704001,-0.005396008423545262,-0.003442090646270657
retuned_practical,flattened_minus_ols,gls_flattened,ols,1,20260815,20260814,seed01_ref20260815_label20260814_noise08000_rep009_seed2026091109,0.8,9,-0.0014636216670050883,-0.0036126536517839813,-0.008143685617108543,-0.006592097115896811,-0.0019488782346253064,-0.0060947760980076815
retuned_practical,flattened_minus_ols,gls_flattened,ols,1,20260815,20260814,seed01_ref20260815_label20260814_noise08000_rep010_seed2026091110,0.8,10,-0.0007434075175517529,-0.004039681891448599,-0.03654557605468223,-0.027069518447953356,-0.005030440158616312,-0.002766714430678441
retuned_practical,flattened_minus_ols,gls_flattened,ols,1,20260815,20260814,seed01_ref20260815_label20260814_noise08000_rep011_seed2026091111,0.8,11,-0.0003323760082958316,-0.004892224964455738,-0.05619516653410139,-0.04132630097109824,-0.009832290125135534,-0.006116813673956223
retuned_practical,flattened_minus_ols,gls_flattened,ols,2,20260825,20260824,seed02_ref20260825_label20260824_noise00500_rep000_seed2026092100,0.05,0,0.0004985422666374806,0.0005138843682231387,-0.011277853009695749,-0.008447052666329169,0.024251741690860307,-0.036756027694683
retuned_practical,flattened_minus_ols,gls_flattened,ols,2,20260825,20260824,seed02_ref20260825_label20260824_noise00500_rep001_seed2026092101,0.05,1,-0.010881831699129152,-0.0145558277333806,-0.09738003883286528,-0.07523386400757676,-0.21154287467325883,-0.0977237533837263
retuned_practical,flattened_minus_ols,gls_flattened,ols,2,20260825,20260824,seed02_ref20260825_label20260824_noise00500_rep002_seed2026092102,0.05,2,-0.003527714468737203,-0.006432452726396504,-0.10210932964459096,-0.07791319750258541,-0.046022308451810545,-0.0075921341060287695
retuned_practical,flattened_minus_ols,gls_flattened,ols,2,20260825,20260824,seed02_ref20260825_label20260824_noise00500_rep003_seed2026092103,0.05,3,0.0007224905472503762,0.0006597870354486668,-0.0002269760921713715,-9.709246778855096e-05,-0.037693308099834066,-0.017230567187130674
retuned_practical,flattened_minus_ols,gls_flattened,ols,2,20260825,20260824,seed02_ref20260825_label20260824_noise00500_rep004_seed2026092104,0.05,4,-0.01271359695916563,-0.014510023239749842,-0.10110096602949936,-0.07805060286059173,-0.24389341062432113,-0.163539338219842
retuned_practical,flattened_minus_ols,gls_flattened,ols,2,20260825,20260824,seed02_ref20260825_label20260824_noise00500_rep005_seed2026092105,0.05,5,0.0006020298796555745,0.0005457161817445377,-0.009826433379953703,-0.007349474997972449,0.05198385781909787,-0.026566211063349776
retuned_practical,flattened_minus_ols,gls_flattened,ols,2,20260825,20260824,seed02_ref20260825_label20260824_noise00500_rep006_seed2026092106,0.05,6,-0.010389452535219307,-0.009896874330554861,-0.09861922408868051,-0.0756382144981409,-0.1918406492217306,-0.12293742560822007
retuned_practical,flattened_minus_ols,gls_flattened,ols,2,20260825,20260824,seed02_ref20260825_label20260824_noise00500_rep007_seed2026092107,0.05,7,0.0009294330897904879,0.001105056611312577,-4.224038364863958e-05,9.247705965664821e-05,-0.04248916515446455,-0.010573343845288186
retuned_practical,flattened_minus_ols,gls_flattened,ols,2,20260825,20260824,seed02_ref20260825_label20260824_noise00500_rep008_seed2026092108,0.05,8,0.0005777570528759657,0.0005871364719354788,-0.01087638011410541,-0.00813484851727958,0.026363224491003923,-0.04281010613050329
retuned_practical,flattened_minus_ols,gls_flattened,ols,2,20260825,20260824,seed02_ref20260825_label20260824_noise00500_rep009_seed2026092109,0.05,9,-0.009287409742278901,-0.010647702505435758,-0.1021285934309012,-0.0783727983978304,-0.15471221355834341,-0.04255180905745526
retuned_practical,flattened_minus_ols,gls_flattened,ols,2,20260825,20260824,seed02_ref20260825_label20260824_noise00500_rep010_seed2026092110,0.05,10,0.0001463927802521081,0.00021109811432876158,0.00017261247195377027,0.00015451704222002594,-0.027634356218495526,-0.030372057878309988
retuned_practical,flattened_minus_ols,gls_flattened,ols,2,20260825,20260824,seed02_ref20260825_label20260824_noise00500_rep011_seed2026092111,0.05,11,0.00036351843992454835,0.00039742759921529425,-0.011598526910917895,-0.008703459848643458,0.03326975159383361,-0.04666895113014924
retuned_practical,flattened_minus_ols,gls_flattened,ols,2,20260825,20260824,seed02_ref20260825_label20260824_noise01000_rep000_seed2026092100,0.1,0,0.000451146125275359,0.0006852867107934035,-0.011137766634599533,-0.008321626466705867,0.00748905715936532,-0.012098102200375438
retuned_practical,flattened_minus_ols,gls_flattened,ols,2,20260825,20260824,seed02_ref20260825_label20260824_noise01000_rep001_seed2026092101,0.1,1,0.0005689765623300702,0.000328900838776347,-0.010936086895765751,-0.008206235138911833,0.007033484032107795,-0.013955301030104561
retuned_practical,flattened_minus_ols,gls_flattened,ols,2,20260825,20260824,seed02_ref20260825_label20260824_noise01000_rep002_seed2026092102,0.1,2,0.0007809028128387407,0.00092682997293142,-0.011775892948766908,-0.00877401203144168,0.020535870921673638,-0.007805228713589019
retuned_practical,flattened_minus_ols,gls_flattened,ols,2,20260825,20260824,seed02_ref20260825_label20260824_noise01000_rep003_seed2026092103,0.1,3,0.00016419195312000756,0.0006401289394373233,-0.011141066552725398,-0.008322140133389222,0.018672460974511917,-0.017297723214536376
retuned_practical,flattened_minus_ols,gls_flattened,ols,2,20260825,20260824,seed02_ref20260825_label20260824_noise01000_rep004_seed2026092104,0.1,4,0.000791432920244306,0.0006485347384410645,-0.011406224527072184,-0.008527031182478884,0.012353343929674354,-0.01094100918272356
retuned_practical,flattened_minus_ols,gls_flattened,ols,2,20260825,20260824,seed02_ref20260825_label20260824_noise01000_rep005_seed2026092105,0.1,5,0.0004885057649475222,0.0005330625567296909,-0.008671936976052286,-0.006479034980591547,0.025929044941830792,-0.004302218001529967
retuned_practical,flattened_minus_ols,gls_flattened,ols,2,20260825,20260824,seed02_ref20260825_label20260824_noise01000_rep006_seed2026092106,0.1,6,0.0005770635882855757,0.0007236485146746019,-0.011587690625524338,-0.008652609505416575,0.012625941962219889,-0.0076526765335585
retuned_practical,flattened_minus_ols,gls_flattened,ols,2,20260825,20260824,seed02_ref20260825_label20260824_noise01000_rep007_seed2026092107,0.1,7,0.0006610799086806118,0.0005944394942528908,-0.011030848047215547,-0.00824301220272361,0.017299076243271205,-0.01310224935869031
retuned_practical,flattened_minus_ols,gls_flattened,ols,2,20260825,20260824,seed02_ref20260825_label20260824_noise01000_rep008_seed2026092108,0.1,8,0.0009072221090557775,0.0010444581814066656,-0.010303914731138675,-0.00765117118318831,0.012574660397950632,-0.015729216564509985
retuned_practical,flattened_minus_ols,gls_flattened,ols,2,20260825,20260824,seed02_ref20260825_label20260824_noise01000_rep009_seed2026092109,0.1,9,0.00040691550785532105,0.0005204157922768238,-0.011189467102070916,-0.008372343406855831,0.025479570456692358,-0.014755822239749916
retuned_practical,flattened_minus_ols,gls_flattened,ols,2,20260825,20260824,seed02_ref20260825_label20260824_noise01000_rep010_seed2026092110,0.1,10,0.0005840082856572726,0.000510475393448756,-0.010823181826791983,-0.008095436995673,0.023920191843005645,-0.010468313845675592
retuned_practical,flattened_minus_ols,gls_flattened,ols,2,20260825,20260824,seed02_ref20260825_label20260824_noise01000_rep011_seed2026092111,0.1,11,0.0007952004530780987,0.0007179044522079292,-0.01187031931015925,-0.008874078338055091,0.023506104862603072,-0.014921715276656977
retuned_practical,flattened_minus_ols,gls_flattened,ols,2,20260825,20260824,seed02_ref20260825_label20260824_noise02000_rep000_seed2026092100,0.2,0,-0.00034174759154534384,-5.174092283136145e-05,-0.010889190229406709,-0.008195650486101602,-0.015834385697197195,-0.005919401676269143
retuned_practical,flattened_minus_ols,gls_flattened,ols,2,20260825,20260824,seed02_ref20260825_label20260824_noise02000_rep001_seed2026092101,0.2,1,-4.180817191001829e-06,-0.0006694937343296181,-0.010509057846426417,-0.007979470835021485,-0.014783990305832218,-0.006348116653932534
retuned_practical,flattened_minus_ols,gls_flattened,ols,2,20260825,20260824,seed02_ref20260825_label20260824_noise02000_rep002_seed2026092102,0.2,2,8.838751683637458e-05,0.00024363242148284225,-0.012337702916558668,-0.009236305649908794,-0.007587747473747575,-0.002660517679023089
retuned_practical,flattened_minus_ols,gls_flattened,ols,2,20260825,20260824,seed02_ref20260825_label20260824_noise02000_rep003_seed2026092103,0.2,3,-0.0004885620078685093,-2.535418137411538e-05,-0.010615073391084695,-0.007969530160925664,-0.008409302657643947,-0.007963981454893743
retuned_practical,flattened_minus_ols,gls_flattened,ols,2,20260825,20260824,seed02_ref20260825_label20260824_noise02000_rep004_seed2026092104,0.2,4,0.00014451802561657456,-5.2968377115214516e-05,-0.01129319130353501,-0.008489206729832777,-0.010803136741460717,-0.0043421685334752436
retuned_practical,flattened_minus_ols,gls_flattened,ols,2,20260825,20260824,seed02_ref20260825_label20260824_noise02000_rep005_seed2026092105,0.2,5,-0.00023878985731645708,-0.0004197662333797758,-0.005930254447123695,-0.004510767302912222,-0.004197792516044574,2.6643847681695476e-05
retuned_practical,flattened_minus_ols,gls_flattened,ols,2,20260825,20260824,seed02_ref20260825_label20260824_noise02000_rep006_seed2026092106,0.2,6,1.6524216209179432e-05,6.637916122234633e-05,-0.011875165930964604,-0.008907946774093067,-0.0150695528034126,-0.0013651828192802196
retuned_practical,flattened_minus_ols,gls_flattened,ols,2,20260825,20260824,seed02_ref20260825_label20260824_noise02000_rep007_seed2026092107,0.2,7,0.0001687185452572404,-0.00024763299191171706,-0.010696726417348423,-0.008055870662218134,-0.0074814119304289495,-0.00482779272189604
retuned_practical,flattened_minus_ols,gls_flattened,ols,2,20260825,20260824,seed02_ref20260825_label20260824_noise02000_rep008_seed2026092108,0.2,8,0.0004944916333299576,0.0006133515410539636,-0.009117503509592728,-0.006770203260961449,-0.012652843423650362,-0.007084071115019297
retuned_practical,flattened_minus_ols,gls_flattened,ols,2,20260825,20260824,seed02_ref20260825_label20260824_noise02000_rep009_seed2026092109,0.2,9,-9.005497927491724e-05,-5.417203480120869e-05,-0.010573250504576803,-0.007940354974473873,-0.0014497056094120442,-0.0054695717968336055
retuned_practical,flattened_minus_ols,gls_flattened,ols,2,20260825,20260824,seed02_ref20260825_label20260824_noise02000_rep010_seed2026092110,0.2,10,-2.2544635106480637e-05,-0.0003638128133738594,-0.010178282623346191,-0.007681627798095669,-0.0011965498303552202,-0.003432848263466015
retuned_practical,flattened_minus_ols,gls_flattened,ols,2,20260825,20260824,seed02_ref20260825_label20260824_noise02000_rep011_seed2026092111,0.2,11,0.0003806770004341209,-8.556279498392327e-05,-0.012270029449659603,-0.009236273232009096,-0.0033520649750387044,-0.006372674419777624
retuned_practical,flattened_minus_ols,gls_flattened,ols,2,20260825,20260824,seed02_ref20260825_label20260824_noise04000_rep000_seed2026092100,0.4,0,-0.0012904227010223646,-0.0017476595912758741,-0.010110238701502738,-0.007805551133083233,-0.02355775384220138,-0.003906930562018074
retuned_practical,flattened_minus_ols,gls_flattened,ols,2,20260825,20260824,seed02_ref20260825_label20260824_noise04000_rep001_seed2026092101,0.4,1,-0.0008868401912787705,-0.0029465379621562704,-0.009448969441868349,-0.007499098915652924,-0.02287045685293143,-0.004097159375167969
retuned_practical,flattened_minus_ols,gls_flattened,ols,2,20260825,20260824,seed02_ref20260825_label20260824_noise04000_rep002_seed2026092102,0.4,2,-0.0009207145457991728,-0.0017858147254543044,-0.01353842408379613,-0.010335412649800535,-0.020560019909625415,-0.0015221571210775053
retuned_practical,flattened_minus_ols,gls_flattened,ols,2,20260825,20260824,seed02_ref20260825_label20260824_noise04000_rep003_seed2026092103,0.4,3,-0.0013445417831327022,-0.0021062634545529757,-0.007831622556168871,-0.006157931853828291,-0.02039959046275963,-0.0040545078242246735
retuned_practical,flattened_minus_ols,gls_flattened,ols,2,20260825,20260824,seed02_ref20260825_label20260824_noise04000_rep004_seed2026092104,0.4,4,-0.001000487611636458,-0.002286927186607113,-0.010552121624651578,-0.008207261002843302,-0.019255292738830976,-0.0030974546447066764
retuned_practical,flattened_minus_ols,gls_flattened,ols,2,20260825,20260824,seed02_ref20260825_label20260824_noise04000_rep005_seed2026092105,0.4,5,-0.0011524947580026645,-0.0022646916127170014,0.0007636332903196985,0.00018165625548605124,-0.016083228239805347,-0.00010833261002951566
retuned_practical,flattened_minus_ols,gls_flattened,ols,2,20260825,20260824,seed02_ref20260825_label20260824_noise04000_rep006_seed2026092106,0.4,6,-0.0009240482761011526,-0.0017637334545277383,-0.012462930279691586,-0.009523831578089781,-0.028099379926499246,-0.0008304468286473021
retuned_practical,flattened_minus_ols,gls_flattened,ols,2,20260825,20260824,seed02_ref20260825_label20260824_noise04000_rep007_seed2026092107,0.4,7,-0.0004451937243226123,-0.0022238520794349015,-0.010646270856518814,-0.008250430299346134,-0.018542372794686512,-0.0016566233018910914
retuned_practical,flattened_minus_ols,gls_flattened,ols,2,20260825,20260824,seed02_ref20260825_label20260824_noise04000_rep008_seed2026092108,0.4,8,-0.00041428363941081736,-0.0012057682518047397,-0.0064613038378277254,-0.004988170397991709,-0.024883155483625075,-0.003973731430986671
retuned_practical,flattened_minus_ols,gls_flattened,ols,2,20260825,20260824,seed02_ref20260825_label20260824_noise04000_rep009_seed2026092109,0.4,9,-0.0007811692020496808,-0.0011542461716149977,-0.00777316134456274,-0.005946971190870121,-0.014849276336338368,-0.002493959687546843
retuned_practical,flattened_minus_ols,gls_flattened,ols,2,20260825,20260824,seed02_ref20260825_label20260824_noise04000_rep010_seed2026092110,0.4,10,-0.0003854410876557024,-0.0013777528801812156,-0.007521577071322727,-0.005798164366697445,-0.010904063039417489,0.00011385393754892448
retuned_practical,flattened_minus_ols,gls_flattened,ols,2,20260825,20260824,seed02_ref20260825_label20260824_noise04000_rep011_seed2026092111,0.4,11,-0.0007007712106983366,-0.0025454112301053766,-0.01241259393262062,-0.00962948413605802,-0.017937678962413717,-0.004781675157213838
retuned_practical,flattened_minus_ols,gls_flattened,ols,2,20260825,20260824,seed02_ref20260825_label20260824_noise08000_rep000_seed2026092100,0.8,0,-0.0001445354502388474,0.0012513073456452695,-0.023454412864369445,-0.016955885020149553,-0.019616757955181585,-0.0009068987386902094
retuned_practical,flattened_minus_ols,gls_flattened,ols,2,20260825,20260824,seed02_ref20260825_label20260824_noise08000_rep001_seed2026092101,0.8,1,0.0008776328310939885,-0.0003974898197310339,-0.04536673070281183,-0.033372030028493094,-0.018445851154279103,-0.004456070139194468
retuned_practical,flattened_minus_ols,gls_flattened,ols,2,20260825,20260824,seed02_ref20260825_label20260824_noise08000_rep002_seed2026092102,0.8,2,-0.0005633406310924238,-0.00103603629694482,-0.024080760224151287,-0.01768786129246469,-0.021674747407781858,-0.0021601504146160355
retuned_practical,flattened_minus_ols,gls_flattened,ols,2,20260825,20260824,seed02_ref20260825_label20260824_noise08000_rep003_seed2026092103,0.8,3,0.0012517327917037635,-0.0005734641019705111,-0.04600137707079066,-0.0337090067970659,-0.016496954677992948,-0.0022032721409901423
retuned_practical,flattened_minus_ols,gls_flattened,ols,2,20260825,20260824,seed02_ref20260825_label20260824_noise08000_rep004_seed2026092104,0.8,4,-0.0014725507200982202,-0.0017457724933502838,-0.027165258512307555,-0.0201621117650147,-0.01933273839219951,-0.005057012806529704
retuned_practical,flattened_minus_ols,gls_flattened,ols,2,20260825,20260824,seed02_ref20260825_label20260824_noise08000_rep005_seed2026092105,0.8,5,-0.00023773119096703876,-0.0014447130161421295,-0.03778573413889752,-0.027846227730679796,-0.02209763568645262,-0.0009855142202057632
retuned_practical,flattened_minus_ols,gls_flattened,ols,2,20260825,20260824,seed02_ref20260825_label20260824_noise08000_rep006_seed2026092106,0.8,6,-0.0014124721003530016,-0.002555505892769372,-0.023092305572028793,-0.01732984123129111,-0.02950914186125364,-0.003701668390741597
retuned_practical,flattened_minus_ols,gls_flattened,ols,2,20260825,20260824,seed02_ref20260825_label20260824_noise08000_rep007_seed2026092107,0.8,7,-0.0018114791968943944,-0.005515390790892416,-0.0011748399123234776,-0.0019514994726567148,-0.019247376073732392,-0.0017399530445516564
retuned_practical,flattened_minus_ols,gls_flattened,ols,2,20260825,20260824,seed02_ref20260825_label20260824_noise08000_rep008_seed2026092108,0.8,8,-0.0008971878143290146,-0.0009331025102687907,-0.053658073572306564,-0.039274719320390394,-0.02390049592539767,-0.003947021322761923
retuned_practical,flattened_minus_ols,gls_flattened,ols,2,20260825,20260824,seed02_ref20260825_label20260824_noise08000_rep009_seed2026092109,0.8,9,0.0021377419745874926,0.0031103466544034064,-0.0006554000085857714,0.00020822613333237872,-0.01691362249171524,0.0016950028517694893
retuned_practical,flattened_minus_ols,gls_flattened,ols,2,20260825,20260824,seed02_ref20260825_label20260824_noise08000_rep010_seed2026092110,0.8,10,0.0003531017715774354,-0.0006007195087224804,-0.014390559303238848,-0.010611340061290053,-0.014592590959652929,-0.00046713412005350285
retuned_practical,flattened_minus_ols,gls_flattened,ols,2,20260825,20260824,seed02_ref20260825_label20260824_noise08000_rep011_seed2026092111,0.8,11,-0.00042262687713134905,-0.0025108725324259895,-0.024287718610070397,-0.018196990216924003,-0.021741762931495545,-0.0041091207014807285
retuned_practical,flattened_minus_ols,gls_flattened,ols,3,20260905,20260904,seed03_ref20260905_label20260904_noise00500_rep000_seed2026093100,0.05,0,-0.00018777089666691116,-0.00025947137499346407,-0.014161278249959164,-0.010340954409096437,0.09616263090267374,-0.0821745101851672
retuned_practical,flattened_minus_ols,gls_flattened,ols,3,20260905,20260904,seed03_ref20260905_label20260904_noise00500_rep001_seed2026093101,0.05,1,-0.000197473686310512,-0.0002100596381207076,-0.014607622939298737,-0.010657576287179282,0.0983820961295141,-0.07632012439674263
retuned_practical,flattened_minus_ols,gls_flattened,ols,3,20260905,20260904,seed03_ref20260905_label20260904_noise00500_rep002_seed2026093102,0.05,2,-0.0016794355565364627,-0.0015600545606791472,0.003295763716129274,0.002247891737549912,0.0723885526803505,-0.09683294879024862
retuned_practical,flattened_minus_ols,gls_flattened,ols,3,20260905,20260904,seed03_ref20260905_label20260904_noise00500_rep003_seed2026093103,0.05,3,-0.0007437841590761107,-0.0009447965360437904,0.003128277315506911,0.0021915054064323147,0.08507871218803897,-0.07791782257833813
retuned_practical,flattened_minus_ols,gls_flattened,ols,3,20260905,20260904,seed03_ref20260905_label20260904_noise00500_rep004_seed2026093104,0.05,4,-0.0015749603940908297,-0.0016549573024423614,0.004240502371091082,0.0029243728024200832,0.05234498824899125,-0.07781209495328545
retuned_practical,flattened_minus_ols,gls_flattened,ols,3,20260905,20260904,seed03_ref20260905_label20260904_noise00500_rep005_seed2026093105,0.05,5,-0.0003018815185920898,-0.0003236357561220704,-0.01451738797064106,-0.010609535959717864,0.10261181048135404,-0.08065223255511267
retuned_practical,flattened_minus_ols,gls_flattened,ols,3,20260905,20260904,seed03_ref20260905_label20260904_noise00500_rep006_seed2026093106,0.05,6,-0.0019003264833897249,-0.002188464369484777,0.0024855811725073007,0.0015788270734781173,0.05692679165289105,-0.11772820496223879
retuned_practical,flattened_minus_ols,gls_flattened,ols,3,20260905,20260904,seed03_ref20260905_label20260904_noise00500_rep007_seed2026093107,0.05,7,-0.0013185737726885138,-0.001541515607322963,0.0027318327254297614,0.0018303484593625852,0.0712438053149751,-0.09039434091079412
retuned_practical,flattened_minus_ols,gls_flattened,ols,3,20260905,20260904,seed03_ref20260905_label20260904_noise00500_rep008_seed2026093108,0.05,8,-0.000623030973458949,-0.0008364029746905921,0.006100787735753732,0.004383170984948781,0.0667806114486873,-0.054849085754169025
retuned_practical,flattened_minus_ols,gls_flattened,ols,3,20260905,20260904,seed03_ref20260905_label20260904_noise00500_rep009_seed2026093109,0.05,9,-0.001070471597134165,-0.001171572298648338,0.005838122768969667,0.004153525515632972,0.09110218293176198,-0.07908266232381145
retuned_practical,flattened_minus_ols,gls_flattened,ols,3,20260905,20260904,seed03_ref20260905_label20260904_noise00500_rep010_seed2026093110,0.05,10,-0.0011885918295451714,-0.0012086057545208362,0.0033856272280051725,0.0023521317520395213,0.06632341068543557,-0.0793219433952399
retuned_practical,flattened_minus_ols,gls_flattened,ols,3,20260905,20260904,seed03_ref20260905_label20260904_noise00500_rep011_seed2026093111,0.05,11,-0.0013508760351612636,-0.001453254451303232,0.004628984890723387,0.003242484930028655,0.05136977832741385,-0.08574264557223188
retuned_practical,flattened_minus_ols,gls_flattened,ols,3,20260905,20260904,seed03_ref20260905_label20260904_noise01000_rep000_seed2026093100,0.1,0,-3.5046533153892945e-05,-0.000212608052134855,-0.013449280704484812,-0.009809358721154515,0.03441882328971091,-0.031135351257613575
retuned_practical,flattened_minus_ols,gls_flattened,ols,3,20260905,20260904,seed03_ref20260905_label20260904_noise01000_rep001_seed2026093101,0.1,1,-0.00022329724156958108,-0.0003407253898620455,-0.014775608873012547,-0.01079021172224165,0.03411946395626919,-0.027743171687265367
retuned_practical,flattened_minus_ols,gls_flattened,ols,3,20260905,20260904,seed03_ref20260905_label20260904_noise01000_rep002_seed2026093102,0.1,2,-0.0003193927134810537,-0.0002414661301272658,-0.01521960162392566,-0.01109097318344815,0.04029710424958188,-0.0340494389261925
retuned_practical,flattened_minus_ols,gls_flattened,ols,3,20260905,20260904,seed03_ref20260905_label20260904_noise01000_rep003_seed2026093103,0.1,3,0.00041700923522247635,-7.52862123760134e-05,-0.014089728853066474,-0.010256114790626769,0.031758257680549296,-0.023599901271378787
retuned_practical,flattened_minus_ols,gls_flattened,ols,3,20260905,20260904,seed03_ref20260905_label20260904_noise01000_rep004_seed2026093104,0.1,4,9.929567512084736e-06,-0.00046662591195534286,-0.01521642327381767,-0.011118862770479021,0.021531644483208545,-0.023477851136397998
retuned_practical,flattened_minus_ols,gls_flattened,ols,3,20260905,20260904,seed03_ref20260905_label20260904_noise01000_rep005_seed2026093105,0.1,5,-0.0005163502496000616,-0.00047595923509730076,-0.014323918325231166,-0.010484193084674187,0.03237565694656186,-0.03163898179725422
retuned_practical,flattened_minus_ols,gls_flattened,ols,3,20260905,20260904,seed03_ref20260905_label20260904_noise01000_rep006_seed2026093106,0.1,6,2.161092112651364e-06,-0.00010103217599494174,-0.014458518627144534,-0.010515129704349924,0.02402986102504001,-0.02704277938102484
retuned_practical,flattened_minus_ols,gls_flattened,ols,3,20260905,20260904,seed03_ref20260905_label20260904_noise01000_rep007_seed2026093107,0.1,7,-0.0001598025367405831,-0.0003368393842541617,-0.013901439549217631,-0.010143670302582175,0.022100302428875063,-0.02948139679800299
retuned_practical,flattened_minus_ols,gls_flattened,ols,3,20260905,20260904,seed03_ref20260905_label20260904_noise01000_rep008_seed2026093108,0.1,8,-9.137098150857614e-05,-0.00023951708707473096,-0.012904220292488167,-0.009420987619769117,0.023238880472616907,-0.02898988235168809
retuned_practical,flattened_minus_ols,gls_flattened,ols,3,20260905,20260904,seed03_ref20260905_label20260904_noise01000_rep009_seed2026093109,0.1,9,0.00020340541552396618,2.4833656535411253e-05,-0.01064188128742527,-0.007730754381170768,0.029574511237956846,-0.02371170421896518
retuned_practical,flattened_minus_ols,gls_flattened,ols,3,20260905,20260904,seed03_ref20260905_label20260904_noise01000_rep010_seed2026093110,0.1,10,-0.00014705249293570088,-0.000198528495211292,-0.01412835938938195,-0.010307004452447921,0.018645179062035222,-0.028650039147541717
retuned_practical,flattened_minus_ols,gls_flattened,ols,3,20260905,20260904,seed03_ref20260905_label20260904_noise01000_rep011_seed2026093111,0.1,11,-0.00019207027720238856,-0.00021650995258098993,-0.011514110516760212,-0.008402832145494532,0.025802015452180083,-0.03430739072989897
retuned_practical,flattened_minus_ols,gls_flattened,ols,3,20260905,20260904,seed03_ref20260905_label20260904_noise02000_rep000_seed2026093100,0.2,0,-0.0002484756963920809,-0.0008264705417462825,-0.013549087855967201,-0.009938755369823915,-0.00099990885178447,-0.01117917012832259
retuned_practical,flattened_minus_ols,gls_flattened,ols,3,20260905,20260904,seed03_ref20260905_label20260904_noise02000_rep001_seed2026093101,0.2,1,-0.000658019353234951,-0.001316021876516027,-0.015934474301076973,-0.01173344191840564,-0.0028336668828978784,-0.00886190575400736
retuned_practical,flattened_minus_ols,gls_flattened,ols,3,20260905,20260904,seed03_ref20260905_label20260904_noise02000_rep002_seed2026093102,0.2,2,-0.0007286792843350653,-0.0009231593164275853,-0.0167771182688623,-0.012270858772474691,0.0022374051519176152,-0.014446800381535674
retuned_practical,flattened_minus_ols,gls_flattened,ols,3,20260905,20260904,seed03_ref20260905_label20260904_noise02000_rep003_seed2026093103,0.2,3,0.00038092106566683936,-0.0006140183550152889,-0.014798301536277259,-0.010811199795919046,-0.004049729109558031,-0.006046795520442849
retuned_practical,flattened_minus_ols,gls_flattened,ols,3,20260905,20260904,seed03_ref20260905_label20260904_noise02000_rep004_seed2026093104,0.2,4,-0.00039269789978479963,-0.0016575107651162768,-0.017000160565814104,-0.01254162685724114,-0.011882421643379715,-0.0067270741758374
retuned_practical,flattened_minus_ols,gls_flattened,ols,3,20260905,20260904,seed03_ref20260905_label20260904_noise02000_rep005_seed2026093105,0.2,5,-0.0012639360581994663,-0.0016242787530205416,-0.015253345713171051,-0.01129193587008126,-0.004963771535607009,-0.012117075071263805
retuned_practical,flattened_minus_ols,gls_flattened,ols,3,20260905,20260904,seed03_ref20260905_label20260904_noise02000_rep006_seed2026093106,0.2,6,-0.00046183809318400826,-0.000853879249589129,-0.015225768975047238,-0.01113081649629094,-0.014219707038731766,-0.00888049874395791
retuned_practical,flattened_minus_ols,gls_flattened,ols,3,20260905,20260904,seed03_ref20260905_label20260904_noise02000_rep007_seed2026093107,0.2,7,-0.000624230204111953,-0.0011272043402706933,-0.01438151819411082,-0.010567079374920019,-0.01013997610819839,-0.011071099831305053
retuned_practical,flattened_minus_ols,gls_flattened,ols,3,20260905,20260904,seed03_ref20260905_label20260904_noise02000_rep008_seed2026093108,0.2,8,-0.00036202533847856655,-0.0009043125844458433,-0.01226573191656033,-0.009027473402225705,-0.010613781729223781,-0.010199110177577575
retuned_practical,flattened_minus_ols,gls_flattened,ols,3,20260905,20260904,seed03_ref20260905_label20260904_noise02000_rep009_seed2026093109,0.2,9,-0.00016481302667048503,-0.0005518585074978655,-0.007447539019964977,-0.005474028577354295,-0.006384512132689757,-0.007408996682455982
retuned_practical,flattened_minus_ols,gls_flattened,ols,3,20260905,20260904,seed03_ref20260905_label20260904_noise02000_rep010_seed2026093110,0.2,10,-0.0006616905916079219,-0.0009639928029282208,-0.014464772802874504,-0.010631088499649999,-0.014811262180298934,-0.010425061046166029
retuned_practical,flattened_minus_ols,gls_flattened,ols,3,20260905,20260904,seed03_ref20260905_label20260904_noise02000_rep011_seed2026093111,0.2,11,-0.0005341615459137916,-0.0008846312784748511,-0.009378641166495005,-0.006926836293958238,-0.008999955367892554,-0.013819380192331199
retuned_practical,flattened_minus_ols,gls_flattened,ols,3,20260905,20260904,seed03_ref20260905_label20260904_noise04000_rep000_seed2026093100,0.4,0,-0.0008698862230557269,-0.00291664154594537,-0.015268281137385431,-0.01146230360101641,-0.01602326750838623,-0.004289553982718131
retuned_practical,flattened_minus_ols,gls_flattened,ols,3,20260905,20260904,seed03_ref20260905_label20260904_noise04000_rep001_seed2026093101,0.4,1,-0.001273076719272792,-0.00356011292673597,-0.01666920136221739,-0.0125630330394918,-0.016982453602339964,-0.002571426502939067
retuned_practical,flattened_minus_ols,gls_flattened,ols,3,20260905,20260904,seed03_ref20260905_label20260904_noise04000_rep002_seed2026093102,0.4,2,-0.0014987114628721154,-0.002660873612060022,-0.017729912035276296,-0.01313685722682506,-0.013322626388207581,-0.00681904654618215
retuned_practical,flattened_minus_ols,gls_flattened,ols,3,20260905,20260904,seed03_ref20260905_label20260904_noise04000_rep003_seed2026093103,0.4,3,0.00014232021180599075,-0.0020207368896717204,-0.016848706618286968,-0.012428323930325003,-0.018672257245680335,-0.0011738864275150362
retuned_practical,flattened_minus_ols,gls_flattened,ols,3,20260905,20260904,seed03_ref20260905_label20260904_noise04000_rep004_seed2026093104,0.4,4,-0.0011047479115887104,-0.0041591846649753905,-0.020555673308992217,-0.015428302719438902,-0.023490333942663977,-0.0011742854344520826
retuned_practical,flattened_minus_ols,gls_flattened,ols,3,20260905,20260904,seed03_ref20260905_label20260904_noise04000_rep005_seed2026093105,0.4,5,-0.0024885696833462645,-0.00440857060889005,-0.017274212969302427,-0.013158191027442978,-0.01702324860848048,-0.004951745135452601
retuned_practical,flattened_minus_ols,gls_flattened,ols,3,20260905,20260904,seed03_ref20260905_label20260904_noise04000_rep006_seed2026093106,0.4,6,-0.0016550160845732464,-0.003413744967507626,-0.017009029772574458,-0.01275585953758962,-0.028952397434836907,-0.0039061453431177284
retuned_practical,flattened_minus_ols,gls_flattened,ols,3,20260905,20260904,seed03_ref20260905_label20260904_noise04000_rep007_seed2026093107,0.4,7,-0.0013107989941957277,-0.003076939744170726,-0.016339730184043666,-0.012216630243032489,-0.019835300054528604,-0.00472077243820368
retuned_practical,flattened_minus_ols,gls_flattened,ols,3,20260905,20260904,seed03_ref20260905_label20260904_noise04000_rep008_seed2026093108,0.4,8,-0.0007588466363619428,-0.002239578894408789,-0.010856199980871839,-0.00818153255055526,-0.02194457121622051,-0.0033431836236776924
retuned_practical,flattened_minus_ols,gls_flattened,ols,3,20260905,20260904,seed03_ref20260905_label20260904_noise04000_rep009_seed2026093109,0.4,9,-0.0008753737043367127,-0.0027950706356296706,-0.0016884674010427814,-0.0017463388805121216,-0.0188786710554274,-0.0021573603772657712
retuned_practical,flattened_minus_ols,gls_flattened,ols,3,20260905,20260904,seed03_ref20260905_label20260904_noise04000_rep010_seed2026093110,0.4,10,-0.0017909737816834692,-0.003373746111446918,-0.014910006441816614,-0.01129293419041566,-0.025913054277709513,-0.004861273855891968
retuned_practical,flattened_minus_ols,gls_flattened,ols,3,20260905,20260904,seed03_ref20260905_label20260904_noise04000_rep011_seed2026093111,0.4,11,-0.0012790536973589783,-0.0028626764009354877,-0.004679851308254657,-0.0038893866897393714,-0.023238719983638134,-0.005566602151036992
retuned_practical,flattened_minus_ols,gls_flattened,ols,3,20260905,20260904,seed03_ref20260905_label20260904_noise08000_rep000_seed2026093100,0.8,0,-0.0019266778807524032,-0.0028773855178690355,-0.025803217808918144,-0.018752606396134297,-0.02004627944570858,-0.004963424838555053
retuned_practical,flattened_minus_ols,gls_flattened,ols,3,20260905,20260904,seed03_ref20260905_label20260904_noise08000_rep001_seed2026093101,0.8,1,4.658759808007229e-05,-0.0026511194634702417,-0.05610106445555185,-0.040071578811262,-0.017769704616954707,-0.0020979121662767497
retuned_practical,flattened_minus_ols,gls_flattened,ols,3,20260905,20260904,seed03_ref20260905_label20260904_noise08000_rep002_seed2026093102,0.8,2,-0.002201801821877014,-0.0020566894305777406,-0.027767549151618942,-0.019932336193149047,-0.014085820300714813,-0.007556017988075148
retuned_practical,flattened_minus_ols,gls_flattened,ols,3,20260905,20260904,seed03_ref20260905_label20260904_noise08000_rep003_seed2026093103,0.8,3,0.0005305266172234147,-0.0015117584348638413,-0.05246401887831964,-0.037308506703463085,-0.02332474896850112,-0.003226397213978105
retuned_practical,flattened_minus_ols,gls_flattened,ols,3,20260905,20260904,seed03_ref20260905_label20260904_noise08000_rep004_seed2026093104,0.8,4,-0.000986425095254484,-0.0039302464349969535,-0.027237246619482236,-0.019970327973429347,-0.02190836290681686,-0.0037768611821338283
retuned_practical,flattened_minus_ols,gls_flattened,ols,3,20260905,20260904,seed03_ref20260905_label20260904_noise08000_rep005_seed2026093105,0.8,5,-0.0007312465680687774,-0.0015773198059790272,-0.029399902524752664,-0.021017777662976078,-0.017593625981224825,-0.0023116404998648754
retuned_practical,flattened_minus_ols,gls_flattened,ols,3,20260905,20260904,seed03_ref20260905_label20260904_noise08000_rep006_seed2026093106,0.8,6,-0.002039927409198561,-0.0016943219594984238,-0.03544872932484666,-0.025214878355310333,-0.025736179740668108,-0.003684885847881958
retuned_practical,flattened_minus_ols,gls_flattened,ols,3,20260905,20260904,seed03_ref20260905_label20260904_noise08000_rep007_seed2026093107,0.8,7,0.0007673336713799328,-0.00218063462838447,-0.07837499168192252,-0.05552779301910027,-0.018849339628125517,0.0006428798447908335
retuned_practical,flattened_minus_ols,gls_flattened,ols,3,20260905,20260904,seed03_ref20260905_label20260904_noise08000_rep008_seed2026093108,0.8,8,-0.0008259068718929896,-0.00048396205221656885,-0.05404454353141264,-0.03817722713644811,-0.02317931406622442,-0.005028386849809774
retuned_practical,flattened_minus_ols,gls_flattened,ols,3,20260905,20260904,seed03_ref20260905_label20260904_noise08000_rep009_seed2026093109,0.8,9,0.0002764736188646255,0.00030176911070622925,-0.009354052181123174,-0.006470750400873859,-0.02006019836481543,-0.001322521116304598
retuned_practical,flattened_minus_ols,gls_flattened,ols,3,20260905,20260904,seed03_ref20260905_label20260904_noise08000_rep010_seed2026093110,0.8,10,-0.00184777921124335,-0.0037431771308379935,-0.03429015912557776,-0.02508099496003291,-0.022478009448982705,-0.006085116803403734
retuned_practical,flattened_minus_ols,gls_flattened,ols,3,20260905,20260904,seed03_ref20260905_label20260904_noise08000_rep011_seed2026093111,0.8,11,0.00048569868832737395,-0.00038660030903880926,-0.04618420626704811,-0.032318433498672916,-0.021434588160746282,-0.002556580597494973
retuned_practical,flattened_minus_ols,gls_flattened,ols,4,20260915,20260914,seed04_ref20260915_label20260914_noise00500_rep000_seed2026094100,0.05,0,0.00045168551715771277,0.00029245828253968154,0.0064356108490301045,0.004830707925999711,0.09599218481585714,-0.03727693009546984
retuned_practical,flattened_minus_ols,gls_flattened,ols,4,20260915,20260914,seed04_ref20260915_label20260914_noise00500_rep001_seed2026094101,0.05,1,0.000404578271236522,0.0004903196507557439,0.007605794007454425,0.005722540302780743,0.09306364374854548,-0.033528097853686045
retuned_practical,flattened_minus_ols,gls_flattened,ols,4,20260915,20260914,seed04_ref20260915_label20260914_noise00500_rep002_seed2026094102,0.05,2,-7.492412388251934e-05,-0.00021760992962047143,0.007869247517649947,0.005841017429879081,0.08835415623141119,-0.04537068301302227
retuned_practical,flattened_minus_ols,gls_flattened,ols,4,20260915,20260914,seed04_ref20260915_label20260914_noise00500_rep003_seed2026094103,0.05,3,-1.5183726122941499e-05,-4.508334920430568e-05,0.007101748170162514,0.005285878611308581,0.08078697125833267,-0.05176506019218907
retuned_practical,flattened_minus_ols,gls_flattened,ols,4,20260915,20260914,seed04_ref20260915_label20260914_noise00500_rep004_seed2026094104,0.05,4,0.0003797595547160859,0.0005511763412580084,0.007428028377755136,0.005598747828624573,0.09342187091435328,-0.03404066017032514
retuned_practical,flattened_minus_ols,gls_flattened,ols,4,20260915,20260914,seed04_ref20260915_label20260914_noise00500_rep005_seed2026094105,0.05,5,-0.00044297723979777603,-0.0004183034063371116,0.005495956113488076,0.004053359048626248,0.06435154983986324,-0.06040301927410008
retuned_practical,flattened_minus_ols,gls_flattened,ols,4,20260915,20260914,seed04_ref20260915_label20260914_noise00500_rep006_seed2026094106,0.05,6,-0.005136692714584834,-0.006395134916308609,-0.09872082189218101,-0.07416192251210874,0.012163417535632437,-0.09588192078765001
retuned_practical,flattened_minus_ols,gls_flattened,ols,4,20260915,20260914,seed04_ref20260915_label20260914_noise00500_rep007_seed2026094107,0.05,7,-0.001970546412355084,-0.0019140729061872391,-0.01559826365791428,-0.011816505602485039,0.10258221881999319,-0.1445517043770117
retuned_practical,flattened_minus_ols,gls_flattened,ols,4,20260915,20260914,seed04_ref20260915_label20260914_noise00500_rep008_seed2026094108,0.05,8,-0.0019347265241507206,-0.001963566681009263,-0.01573081332154147,-0.011919237321918574,0.08555562492197444,-0.14859218378892036
retuned_practical,flattened_minus_ols,gls_flattened,ols,4,20260915,20260914,seed04_ref20260915_label20260914_noise00500_rep009_seed2026094109,0.05,9,-0.00013636339261205443,-0.00016131696218327218,0.007037349747884281,0.005230493481715004,0.09376866781168491,-0.043822642972653814
retuned_practical,flattened_minus_ols,gls_flattened,ols,4,20260915,20260914,seed04_ref20260915_label20260914_noise00500_rep010_seed2026094110,0.05,10,0.00010105064817120257,0.0002762767693687551,0.007310278288473526,0.005480857153552177,0.08778797504664038,-0.051030478116121714
retuned_practical,flattened_minus_ols,gls_flattened,ols,4,20260915,20260914,seed04_ref20260915_label20260914_noise00500_rep011_seed2026094111,0.05,11,-0.0017911634773103424,-0.0018364832136621295,-0.014816914116836721,-0.01122722473500859,0.08050558299236776,-0.1378250290968399
retuned_practical,flattened_minus_ols,gls_flattened,ols,4,20260915,20260914,seed04_ref20260915_label20260914_noise01000_rep000_seed2026094100,0.1,0,-0.0012367895966309272,-0.0017979232681025192,-0.012587826315985762,-0.009563724587697164,0.03635619765295872,-0.056485307346637814
retuned_practical,flattened_minus_ols,gls_flattened,ols,4,20260915,20260914,seed04_ref20260915_label20260914_noise01000_rep001_seed2026094101,0.1,1,-0.0017352495614836039,-0.0020076609816870594,-0.014551883071470484,-0.011045180313848268,0.02322837336782424,-0.05730543927657439
retuned_practical,flattened_minus_ols,gls_flattened,ols,4,20260915,20260914,seed04_ref20260915_label20260914_noise01000_rep002_seed2026094102,0.1,2,-0.0015626174979611884,-0.0021824890659523644,-0.015656893695401353,-0.011888816037665062,0.030121297195598862,-0.05739410193189154
retuned_practical,flattened_minus_ols,gls_flattened,ols,4,20260915,20260914,seed04_ref20260915_label20260914_noise01000_rep003_seed2026094103,0.1,3,-0.0018593690898867365,-0.002393020771738641,-0.01528730960720881,-0.011641696440599092,0.033554420358749004,-0.06734194749687816
retuned_practical,flattened_minus_ols,gls_flattened,ols,4,20260915,20260914,seed04_ref20260915_label20260914_noise01000_rep004_seed2026094104,0.1,4,-0.00149742357902935,-0.001883080244629326,-0.015951097024034966,-0.012074600976129224,0.037544790015094476,-0.05750559257246879
retuned_practical,flattened_minus_ols,gls_flattened,ols,4,20260915,20260914,seed04_ref20260915_label20260914_noise01000_rep005_seed2026094105,0.1,5,-0.001288499622644379,-0.001922450265344558,-0.01525452761858348,-0.011560077467867913,0.028021463100500688,-0.057971294190065414
retuned_practical,flattened_minus_ols,gls_flattened,ols,4,20260915,20260914,seed04_ref20260915_label20260914_noise01000_rep006_seed2026094106,0.1,6,-0.0009094053504737354,-0.0015841005531458535,-0.0150482339748923,-0.011362843472189743,0.029238627596429145,-0.048264727597544965
retuned_practical,flattened_minus_ols,gls_flattened,ols,4,20260915,20260914,seed04_ref20260915_label20260914_noise01000_rep007_seed2026094107,0.1,7,-0.0017189383919802292,-0.0018946238662674586,-0.015261967347323324,-0.011560725841126884,0.0459781581828036,-0.059111835969653415
retuned_practical,flattened_minus_ols,gls_flattened,ols,4,20260915,20260914,seed04_ref20260915_label20260914_noise01000_rep008_seed2026094108,0.1,8,-0.0015489572659881101,-0.0018399450897194358,-0.015459330274725791,-0.011698910449293887,0.02888344829111511,-0.061183087327915775
retuned_practical,flattened_minus_ols,gls_flattened,ols,4,20260915,20260914,seed04_ref20260915_label20260914_noise01000_rep009_seed2026094109,0.1,9,-0.0013915395169959988,-0.002063814897359989,-0.015532472338284475,-0.011779973332650628,0.040187087553294365,-0.053897664669519285
retuned_practical,flattened_minus_ols,gls_flattened,ols,4,20260915,20260914,seed04_ref20260915_label20260914_noise01000_rep010_seed2026094110,0.1,10,-0.0021287379593856737,-0.0022871688235245186,-0.015022392021044384,-0.011433599527967186,0.030039850972589655,-0.06452475721282136
retuned_practical,flattened_minus_ols,gls_flattened,ols,4,20260915,20260914,seed04_ref20260915_label20260914_noise01000_rep011_seed2026094111,0.1,11,-0.0014048047809272768,-0.0016230055917450664,-0.013774183834114884,-0.010425222477842278,0.024481125990526653,-0.05124783757490703
retuned_practical,flattened_minus_ols,gls_flattened,ols,4,20260915,20260914,seed04_ref20260915_label20260914_noise02000_rep000_seed2026094100,0.2,0,-0.0008342154620523956,-0.0019879473059679076,-0.009604071771430855,-0.007369784827196912,0.006565969540932137,-0.019050183200549187
retuned_practical,flattened_minus_ols,gls_flattened,ols,4,20260915,20260914,seed04_ref20260915_label20260914_noise02000_rep001_seed2026094101,0.2,1,-0.0015539509306941313,-0.0022999289979249715,-0.01323602194686968,-0.010090882447635563,-0.008168275598052999,-0.01914040456047772
retuned_practical,flattened_minus_ols,gls_flattened,ols,4,20260915,20260914,seed04_ref20260915_label20260914_noise02000_rep002_seed2026094102,0.2,2,-0.0013476713122305695,-0.0025890208433334283,-0.015609395565380324,-0.011885989337732605,0.0005815756546223572,-0.019424032052985485
retuned_practical,flattened_minus_ols,gls_flattened,ols,4,20260915,20260914,seed04_ref20260915_label20260914_noise02000_rep003_seed2026094103,0.2,3,-0.0017428891852204753,-0.0031457956588804292,-0.014969461175534104,-0.011494713851531724,0.001127133594190033,-0.027207929646084095
retuned_practical,flattened_minus_ols,gls_flattened,ols,4,20260915,20260914,seed04_ref20260915_label20260914_noise02000_rep004_seed2026094104,0.2,4,-0.0012623741820650125,-0.0020785755603420497,-0.015887004830952733,-0.012032430667000271,0.004620711476440942,-0.019348206542273205
retuned_practical,flattened_minus_ols,gls_flattened,ols,4,20260915,20260914,seed04_ref20260915_label20260914_noise02000_rep005_seed2026094105,0.2,5,-0.0009419830668229989,-0.0021232465960503433,-0.0147107454434946,-0.011164392890752883,0.001329743184762311,-0.019762219507734935
retuned_practical,flattened_minus_ols,gls_flattened,ols,4,20260915,20260914,seed04_ref20260915_label20260914_noise02000_rep006_seed2026094106,0.2,6,-0.0004578529278423671,-0.001554128151340567,-0.014543170827362895,-0.010955962631060523,-0.0004525194532014609,-0.012405449346146513
retuned_practical,flattened_minus_ols,gls_flattened,ols,4,20260915,20260914,seed04_ref20260915_label20260914_noise02000_rep007_seed2026094107,0.2,7,-0.0014932493944856684,-0.002140674677971327,-0.015152021574398766,-0.011486436674082723,0.013956408536893505,-0.02112089882240742
retuned_practical,flattened_minus_ols,gls_flattened,ols,4,20260915,20260914,seed04_ref20260915_label20260914_noise02000_rep008_seed2026094108,0.2,8,-0.0012061679547282766,-0.0019893573055937974,-0.015329237867282464,-0.011595538780355574,0.0015110702944951537,-0.021674883912611298
retuned_practical,flattened_minus_ols,gls_flattened,ols,4,20260915,20260914,seed04_ref20260915_label20260914_noise02000_rep009_seed2026094109,0.2,9,-0.0009836819105779882,-0.0024065665106598744,-0.0155423655435305,-0.011809813639023559,0.009932289772030645,-0.016423451215108242
retuned_practical,flattened_minus_ols,gls_flattened,ols,4,20260915,20260914,seed04_ref20260915_label20260914_noise02000_rep010_seed2026094110,0.2,10,-0.0019375473346693317,-0.0027379456456883278,-0.014206666948450408,-0.010876081028280915,0.0009414597710588613,-0.022973768071706813
retuned_practical,flattened_minus_ols,gls_flattened,ols,4,20260915,20260914,seed04_ref20260915_label20260914_noise02000_rep011_seed2026094111,0.2,11,-0.0011293284995069763,-0.00171174917356412,-0.011732605681754382,-0.008906173266470696,-0.004598896015644893,-0.014248714152524489
retuned_practical,flattened_minus_ols,gls_flattened,ols,4,20260915,20260914,seed04_ref20260915_label20260914_noise04000_rep000_seed2026094100,0.4,0,-0.0007425024620172915,-0.002758600262194044,-0.0042057912348073545,-0.0035495995283819637,-0.0042093660997466475,-0.005551311057433006
retuned_practical,flattened_minus_ols,gls_flattened,ols,4,20260915,20260914,seed04_ref20260915_label20260914_noise04000_rep001_seed2026094101,0.4,1,-0.0019577385721235574,-0.003317251238190322,-0.009200435051789912,-0.00728469777528945,-0.01962731648201932,-0.0063585898492590776
retuned_practical,flattened_minus_ols,gls_flattened,ols,4,20260915,20260914,seed04_ref20260915_label20260914_noise04000_rep002_seed2026094102,0.4,2,-0.0015416179354025283,-0.003440528444116797,-0.015238514203925524,-0.011691971415404123,-0.009593172684595697,-0.006261762872880272
retuned_practical,flattened_minus_ols,gls_flattened,ols,4,20260915,20260914,seed04_ref20260915_label20260914_noise04000_rep003_seed2026094103,0.4,3,-0.001959247711133427,-0.004881868668169975,-0.014112740910751875,-0.011134981139188038,-0.012262895752107816,-0.011381760788294004
retuned_practical,flattened_minus_ols,gls_flattened,ols,4,20260915,20260914,seed04_ref20260915_label20260914_noise04000_rep004_seed2026094104,0.4,4,-0.0011397372335996137,-0.0025475166501931212,-0.01596940854538398,-0.012100038654806688,-0.007421297464425658,-0.005163049374869111
retuned_practical,flattened_minus_ols,gls_flattened,ols,4,20260915,20260914,seed04_ref20260915_label20260914_noise04000_rep005_seed2026094105,0.4,5,-0.0011772065268477183,-0.002973197220363877,-0.012251673253663276,-0.009448171253807203,-0.007439083803142843,-0.007411009853350192
retuned_practical,flattened_minus_ols,gls_flattened,ols,4,20260915,20260914,seed04_ref20260915_label20260914_noise04000_rep006_seed2026094106,0.4,6,-0.000381514087505308,-0.0024999381885908722,-0.014519118999997582,-0.011005225191943635,-0.011035793777072644,-0.0017972980912650538
retuned_practical,flattened_minus_ols,gls_flattened,ols,4,20260915,20260914,seed04_ref20260915_label20260914_noise04000_rep007_seed2026094107,0.4,7,-0.0013763820315802477,-0.0025711649560554994,-0.015767341743353036,-0.011928937294038044,0.0007030125591516168,-0.007151471824813349
retuned_practical,flattened_minus_ols,gls_flattened,ols,4,20260915,20260914,seed04_ref20260915_label20260914_noise04000_rep008_seed2026094108,0.4,8,-0.0010443863044913293,-0.002732584305286362,-0.01469368755463163,-0.011175259412840033,-0.005252530352124696,-0.007119368460263065
retuned_practical,flattened_minus_ols,gls_flattened,ols,4,20260915,20260914,seed04_ref20260915_label20260914_noise04000_rep009_seed2026094109,0.4,9,-0.0010329009868860206,-0.0034969780761504865,-0.015341314677230322,-0.01178106853689026,-0.002022153325990317,-0.004487219177856883
retuned_practical,flattened_minus_ols,gls_flattened,ols,4,20260915,20260914,seed04_ref20260915_label20260914_noise04000_rep010_seed2026094110,0.4,10,-0.0015888567329671588,-0.0033591102324040667,-0.011159805670885814,-0.008717613692856507,-0.00847524983650394,-0.006008980356457805
retuned_practical,flattened_minus_ols,gls_flattened,ols,4,20260915,20260914,seed04_ref20260915_label20260914_noise04000_rep011_seed2026094111,0.4,11,-0.0012435195092806994,-0.0027981653142277463,-0.00627827067930975,-0.005063865076032903,-0.01350839612522825,-0.003095958887437966
retuned_practical,flattened_minus_ols,gls_flattened,ols,4,20260915,20260914,seed04_ref20260915_label20260914_noise08000_rep000_seed2026094100,0.8,0,-0.0008467519812415114,-0.002039158192781554,-0.03713640813331154,-0.02703224532549031,-0.009206179358489441,-0.007602495991667402
retuned_practical,flattened_minus_ols,gls_flattened,ols,4,20260915,20260914,seed04_ref20260915_label20260914_noise08000_rep001_seed2026094101,0.8,1,7.438185822583598e-05,-0.00278819289915061,-0.026152469480405838,-0.019295124488542204,-0.01388490211878346,-0.0012899213850516844
retuned_practical,flattened_minus_ols,gls_flattened,ols,4,20260915,20260914,seed04_ref20260915_label20260914_noise08000_rep002_seed2026094102,0.8,2,-0.0022161608289373858,-0.0026499308476773953,-0.033808988876363744,-0.02456577105415636,-0.00807930205116758,-0.005575889372873233
retuned_practical,flattened_minus_ols,gls_flattened,ols,4,20260915,20260914,seed04_ref20260915_label20260914_noise08000_rep003_seed2026094103,0.8,3,-0.003291613450274178,-0.0062399085488518136,-0.059561401477859266,-0.044015659631251314,-0.016057796066889063,-0.012693264143253558
retuned_practical,flattened_minus_ols,gls_flattened,ols,4,20260915,20260914,seed04_ref20260915_label20260914_noise08000_rep004_seed2026094104,0.8,4,-0.0013524135047808805,-0.002667606209154405,-0.01803530444460555,-0.013477835001239558,-0.010713963875727206,-0.006028832992439392
retuned_practical,flattened_minus_ols,gls_flattened,ols,4,20260915,20260914,seed04_ref20260915_label20260914_noise08000_rep005_seed2026094105,0.8,5,-0.0010859074360975995,-0.004389134334741807,-0.05770175599472227,-0.04232667589451544,-0.007533452660965612,-0.010207247601604408
retuned_practical,flattened_minus_ols,gls_flattened,ols,4,20260915,20260914,seed04_ref20260915_label20260914_noise08000_rep006_seed2026094106,0.8,6,-0.0004472361338819786,-0.0024785979035321093,-0.0333683375516467,-0.02437565230582006,-0.015038343930051434,-0.0034327098725521754
retuned_practical,flattened_minus_ols,gls_flattened,ols,4,20260915,20260914,seed04_ref20260915_label20260914_noise08000_rep007_seed2026094107,0.8,7,-0.0013668840841850605,-0.0046696263614057765,-0.024661117220364792,-0.018600038101246663,-0.005333386678014751,-0.004220330733469169
retuned_practical,flattened_minus_ols,gls_flattened,ols,4,20260915,20260914,seed04_ref20260915_label20260914_noise08000_rep008_seed2026094108,0.8,8,0.00030741156613767195,-0.0007993124639090188,-0.024843928045514496,-0.01796838390641453,-0.0033485419211018996,-0.0025775054149952403
retuned_practical,flattened_minus_ols,gls_flattened,ols,4,20260915,20260914,seed04_ref20260915_label20260914_noise08000_rep009_seed2026094109,0.8,9,-0.0008885436907042354,-0.0017706596067249558,-0.024673858555726014,-0.017994299919227297,-0.007706776203861843,-0.003003492928298046
retuned_practical,flattened_minus_ols,gls_flattened,ols,4,20260915,20260914,seed04_ref20260915_label20260914_noise08000_rep010_seed2026094110,0.8,10,-0.0022335671713422656,-0.004500117571009321,-0.05800800840647613,-0.04257716287513358,-0.01264397385067384,-0.011954914534228367
retuned_practical,flattened_minus_ols,gls_flattened,ols,4,20260915,20260914,seed04_ref20260915_label20260914_noise08000_rep011_seed2026094111,0.8,11,-0.0008728970497180466,-0.002253758794523386,-0.026166835405013633,-0.019229682817428984,-0.011638754803896978,-0.0018067404891908279
matched_correct_gls_practical,ols_minus_correct,ols,gls_correct,0,20260805,20260804,seed00_ref20260805_label20260804_noise00500_rep000_seed2026090100,0.05,0,-0.0006138678804573083,-0.0011150856079047144,-0.019975630960974322,-0.01476498265126458,-0.28917913169080567,0.023757173004011367
matched_correct_gls_practical,ols_minus_correct,ols,gls_correct,0,20260805,20260804,seed00_ref20260805_label20260804_noise00500_rep001_seed2026090101,0.05,1,-0.0016701993059941855,-0.00194293603655471,0.013078091985789575,0.009267864268252934,-0.19300917696877873,0.12643219156914842
matched_correct_gls_practical,ols_minus_correct,ols,gls_correct,0,20260805,20260804,seed00_ref20260805_label20260804_noise00500_rep002_seed2026090102,0.05,2,-0.00042421416054849725,-0.0008716849567041995,-0.01290600973965006,-0.009549844864086499,-0.21839421960043737,0.022199777827957234
matched_correct_gls_practical,ols_minus_correct,ols,gls_correct,0,20260805,20260804,seed00_ref20260805_label20260804_noise00500_rep003_seed2026090103,0.05,3,-0.002459111843663153,-0.0023040652610979706,0.015961602732012636,0.011326544543276695,-0.2281128099465639,0.10781816708929348
matched_correct_gls_practical,ols_minus_correct,ols,gls_correct,0,20260805,20260804,seed00_ref20260805_label20260804_noise00500_rep004_seed2026090104,0.05,4,-0.00021385019909103686,-0.0002593051921196271,-0.015279544784224441,-0.011230069196994985,-0.23004498694446074,0.04687065479107533
matched_correct_gls_practical,ols_minus_correct,ols,gls_correct,0,20260805,20260804,seed00_ref20260805_label20260804_noise00500_rep005_seed2026090105,0.05,5,-0.0022916033415482095,-0.002404059629465355,0.012095250773796917,0.00849755364238286,-0.21583384095924618,0.1172677389534118
matched_correct_gls_practical,ols_minus_correct,ols,gls_correct,0,20260805,20260804,seed00_ref20260805_label20260804_noise00500_rep006_seed2026090106,0.05,6,-0.0007526543129730001,-0.0009389579807970033,-0.013148371669485237,-0.009738943428314162,-0.24821551638873807,0.02273868730370676
matched_correct_gls_practical,ols_minus_correct,ols,gls_correct,0,20260805,20260804,seed00_ref20260805_label20260804_noise00500_rep007_seed2026090107,0.05,7,-0.0016682501564635188,-0.0019294463855503152,0.014987544093384875,0.01066466089969137,-0.20083384334324306,0.1381045703388324
matched_correct_gls_practical,ols_minus_correct,ols,gls_correct,0,20260805,20260804,seed00_ref20260805_label20260804_noise00500_rep008_seed2026090108,0.05,8,-0.001010177113839772,-0.0010245985290564807,-0.012524576500697049,-0.009292358239993193,-0.27529092922141807,0.0347946501769254
matched_correct_gls_practical,ols_minus_correct,ols,gls_correct,0,20260805,20260804,seed00_ref20260805_label20260804_noise00500_rep009_seed2026090109,0.05,9,-0.0013475888809348913,-0.001336553656181655,-0.017052371552165657,-0.012642433719682655,-0.2469304111657391,0.003685176701499593
matched_correct_gls_practical,ols_minus_correct,ols,gls_correct,0,20260805,20260804,seed00_ref20260805_label20260804_noise00500_rep010_seed2026090110,0.05,10,-0.0011163856675566741,-0.0009558991685166551,-0.01319461913451514,-0.009774349461617038,-0.2975824581484976,0.032381535517153726
matched_correct_gls_practical,ols_minus_correct,ols,gls_correct,0,20260805,20260804,seed00_ref20260805_label20260804_noise00500_rep011_seed2026090111,0.05,11,-0.0023659794949719704,-0.001999616556690509,0.013673394050555787,0.009694592948510383,-0.19926953346661502,0.11133320625963661
matched_correct_gls_practical,ols_minus_correct,ols,gls_correct,0,20260805,20260804,seed00_ref20260805_label20260804_noise01000_rep000_seed2026090100,0.1,0,-0.0019477477644481156,-0.002079932870920398,0.011564339729761564,0.008147966753915215,-0.10635549265676225,0.04659431171451911
matched_correct_gls_practical,ols_minus_correct,ols,gls_correct,0,20260805,20260804,seed00_ref20260805_label20260804_noise01000_rep001_seed2026090101,0.1,1,-0.0008266924070206294,-0.0013713714349514738,0.012383817963290245,0.008827677042478443,-0.08375984142858361,0.051375052980582536
matched_correct_gls_practical,ols_minus_correct,ols,gls_correct,0,20260805,20260804,seed00_ref20260805_label20260804_noise01000_rep002_seed2026090102,0.1,2,-0.0011559682611748667,-0.0012927728281948436,0.01226182148562771,0.008759296192793586,-0.08773986043480297,0.051313849246363175
matched_correct_gls_practical,ols_minus_correct,ols,gls_correct,0,20260805,20260804,seed00_ref20260805_label20260804_noise01000_rep003_seed2026090103,0.1,3,-0.0024491599366282535,-0.002291357063535837,0.01764309823665655,0.012546316141024694,-0.11066021445385532,0.03609369252384931
matched_correct_gls_practical,ols_minus_correct,ols,gls_correct,0,20260805,20260804,seed00_ref20260805_label20260804_noise01000_rep004_seed2026090104,0.1,4,-0.0009362979774346913,-0.001477602393057692,0.014543817417571714,0.010401888425467964,-0.08338957543140202,0.06128913615090381
matched_correct_gls_practical,ols_minus_correct,ols,gls_correct,0,20260805,20260804,seed00_ref20260805_label20260804_noise01000_rep005_seed2026090105,0.1,5,-0.0017487660836291996,-0.002016088701174479,0.01057868236356796,0.007438319190513187,-0.09628529979397071,0.04422277392494789
matched_correct_gls_practical,ols_minus_correct,ols,gls_correct,0,20260805,20260804,seed00_ref20260805_label20260804_noise01000_rep006_seed2026090106,0.1,6,-0.0015171788587348412,-0.0013818834631008636,0.013334486252524758,0.009527698665486584,-0.09273343837682746,0.042449943913096755
matched_correct_gls_practical,ols_minus_correct,ols,gls_correct,0,20260805,20260804,seed00_ref20260805_label20260804_noise01000_rep007_seed2026090107,0.1,7,-0.0008819365359002962,-0.0015009553030775336,0.015806282939341165,0.011316531547082564,-0.08562681276128004,0.06149958979194037
matched_correct_gls_practical,ols_minus_correct,ols,gls_correct,0,20260805,20260804,seed00_ref20260805_label20260804_noise01000_rep008_seed2026090108,0.1,8,-0.0015506215902565124,-0.0024443288361099547,0.013347717826135419,0.00940860459258891,-0.10837758191451607,0.04472224079745968
matched_correct_gls_practical,ols_minus_correct,ols,gls_correct,0,20260805,20260804,seed00_ref20260805_label20260804_noise01000_rep009_seed2026090109,0.1,9,-0.001055562131643123,-0.001493290814179482,0.011003023498940556,0.007819065643490664,-0.09030973252235275,0.05462617090958677
matched_correct_gls_practical,ols_minus_correct,ols,gls_correct,0,20260805,20260804,seed00_ref20260805_label20260804_noise01000_rep010_seed2026090110,0.1,10,-0.0024116708327395486,-0.0026791226244740896,0.016042544330662767,0.011338721847164113,-0.10631753333922056,0.03567460688325963
matched_correct_gls_practical,ols_minus_correct,ols,gls_correct,0,20260805,20260804,seed00_ref20260805_label20260804_noise01000_rep011_seed2026090111,0.1,11,-0.002284182758700043,-0.0018489661733092078,0.013462887395623402,0.009554963096348235,-0.08969461013784485,0.037299834820524236
matched_correct_gls_practical,ols_minus_correct,ols,gls_correct,0,20260805,20260804,seed00_ref20260805_label20260804_noise02000_rep000_seed2026090100,0.2,0,-0.00042948500282907753,-0.0004498510890806051,0.00951839390487852,0.006838017239501226,-0.03281999722269857,0.019046418197679715
matched_correct_gls_practical,ols_minus_correct,ols,gls_correct,0,20260805,20260804,seed00_ref20260805_label20260804_noise02000_rep001_seed2026090101,0.2,1,0.001118147314534107,0.0012518776671150977,0.010690844081435169,0.007924364008812523,-0.019762064484068365,0.022951493681983903
matched_correct_gls_practical,ols_minus_correct,ols,gls_correct,0,20260805,20260804,seed00_ref20260805_label20260804_noise02000_rep002_seed2026090102,0.2,2,0.0006888862333779833,0.0014135712127981426,0.010764340309592169,0.008007200629269406,-0.01937461235223492,0.022482692449119046
matched_correct_gls_practical,ols_minus_correct,ols,gls_correct,0,20260805,20260804,seed00_ref20260805_label20260804_noise02000_rep003_seed2026090103,0.2,3,-0.0015750305236204576,-0.000866711303572687,0.020448277495011657,0.01470167476902512,-0.03589910790226236,0.010775270879109344
matched_correct_gls_practical,ols_minus_correct,ols,gls_correct,0,20260805,20260804,seed00_ref20260805_label20260804_noise02000_rep004_seed2026090104,0.2,4,0.0007827744133639403,0.0004322095189836783,0.014907654817014726,0.010881039289318939,-0.02711549835489424,0.027595335825541634
matched_correct_gls_practical,ols_minus_correct,ols,gls_correct,0,20260805,20260804,seed00_ref20260805_label20260804_noise02000_rep005_seed2026090105,0.2,5,-0.00028760044480957703,-0.00019831219810764744,0.007434645175330767,0.005362766637048599,-0.0249947447340646,0.017674585688072675
matched_correct_gls_practical,ols_minus_correct,ols,gls_correct,0,20260805,20260804,seed00_ref20260805_label20260804_noise02000_rep006_seed2026090106,0.2,6,0.00035970747332034203,0.0009085962174819606,0.012621521915434974,0.009280992176383784,-0.02215007473348063,0.01690224990599698
matched_correct_gls_practical,ols_minus_correct,ols,gls_correct,0,20260805,20260804,seed00_ref20260805_label20260804_noise02000_rep007_seed2026090107,0.2,7,0.0008515867294747459,0.0007519176578036635,0.017489304270395634,0.012794996728140051,-0.018821726421729634,0.02831709839137364
matched_correct_gls_practical,ols_minus_correct,ols,gls_correct,0,20260805,20260804,seed00_ref20260805_label20260804_noise02000_rep008_seed2026090108,0.2,8,-0.0003166262780358309,-0.0011631893549169103,0.012901066962050178,0.00920358436891311,-0.03737622612997482,0.015611147713510798
matched_correct_gls_practical,ols_minus_correct,ols,gls_correct,0,20260805,20260804,seed00_ref20260805_label20260804_noise02000_rep009_seed2026090109,0.2,9,0.0006566161694183115,0.000530468870198253,0.008974936356175744,0.006587235991831142,-0.028252618522522477,0.022047235457794745
matched_correct_gls_practical,ols_minus_correct,ols,gls_correct,0,20260805,20260804,seed00_ref20260805_label20260804_noise02000_rep010_seed2026090110,0.2,10,-0.0007060096089845369,-0.000828080069515319,0.018500372756281802,0.013305830457909673,-0.02923481980842757,0.012402688921512084
matched_correct_gls_practical,ols_minus_correct,ols,gls_correct,0,20260805,20260804,seed00_ref20260805_label20260804_noise02000_rep011_seed2026090111,0.2,11,-0.0011672531695031685,-0.00014506133622052553,0.013310159618653783,0.00962744784632441,-0.021278420998310787,0.012338567101530584
matched_correct_gls_practical,ols_minus_correct,ols,gls_correct,0,20260805,20260804,seed00_ref20260805_label20260804_noise04000_rep000_seed2026090100,0.4,0,0.0014561762005273482,0.0026506689434885045,0.0054831583105320325,0.004394737017828776,-0.00321402112341751,0.00827356005365032
matched_correct_gls_practical,ols_minus_correct,ols,gls_correct,0,20260805,20260804,seed00_ref20260805_label20260804_noise04000_rep001_seed2026090101,0.4,1,0.003092953925613595,0.0063146124109336454,0.005869939616173214,0.005368621975879617,-0.0012535517651435235,0.011040985491608701
matched_correct_gls_practical,ols_minus_correct,ols,gls_correct,0,20260805,20260804,seed00_ref20260805_label20260804_noise04000_rep002_seed2026090102,0.4,2,0.0034468583007384868,0.00756443794761541,0.00888803172102981,0.007725409138712336,0.004473365727842626,0.012104053990675157
matched_correct_gls_practical,ols_minus_correct,ols,gls_correct,0,20260805,20260804,seed00_ref20260805_label20260804_noise04000_rep003_seed2026090103,0.4,3,3.575447316855884e-05,0.003330060759141912,0.02342945728528667,0.017367193817362958,-0.003235087917834223,0.004131494676487213
matched_correct_gls_practical,ols_minus_correct,ols,gls_correct,0,20260805,20260804,seed00_ref20260805_label20260804_noise04000_rep004_seed2026090104,0.4,4,0.0024870993185495682,0.004634695329493621,0.016215216716700676,0.012432197651619958,-0.012075171277924568,0.013018543258988657
matched_correct_gls_practical,ols_minus_correct,ols,gls_correct,0,20260805,20260804,seed00_ref20260805_label20260804_noise04000_rep005_seed2026090105,0.4,5,0.0012936978708151248,0.003578041097774959,-4.8948248060232125e-05,0.0005975907355181276,0.0024527071124282873,0.008552985060752416
matched_correct_gls_practical,ols_minus_correct,ols,gls_correct,0,20260805,20260804,seed00_ref20260805_label20260804_noise04000_rep006_seed2026090106,0.4,6,0.002452689436591493,0.005267640199378726,0.010326391411816349,0.008334660943721484,0.0037615050076906797,0.007393284925111265
matched_correct_gls_practical,ols_minus_correct,ols,gls_correct,0,20260805,20260804,seed00_ref20260805_label20260804_noise04000_rep007_seed2026090107,0.4,7,0.0028690585222249654,0.0065780438666253604,0.020676083270995793,0.01596923626546498,0.003127739462634116,0.014517362544733237
matched_correct_gls_practical,ols_minus_correct,ols,gls_correct,0,20260805,20260804,seed00_ref20260805_label20260804_noise04000_rep008_seed2026090108,0.4,8,0.0012540123962052063,0.0032434321003473043,0.010486595147954247,0.008082383697980755,-0.009594265915644273,0.005967413286899204
matched_correct_gls_practical,ols_minus_correct,ols,gls_correct,0,20260805,20260804,seed00_ref20260805_label20260804_noise04000_rep009_seed2026090109,0.4,9,0.002199444701297182,0.004531329658161637,0.00807866309438876,0.006579528845509608,-0.007361275743778872,0.006879677916720617
matched_correct_gls_practical,ols_minus_correct,ols,gls_correct,0,20260805,20260804,seed00_ref20260805_label20260804_noise04000_rep010_seed2026090110,0.4,10,0.002042094697607466,0.004731446323508887,0.02418116998672737,0.018151062966437426,0.003015889104879488,0.0075107317020353115
matched_correct_gls_practical,ols_minus_correct,ols,gls_correct,0,20260805,20260804,seed00_ref20260805_label20260804_noise04000_rep011_seed2026090111,0.4,11,0.0001849729055638516,0.004192607450264979,0.013539360375381504,0.010436698703728764,0.0053136743559469846,0.004799030437448781
matched_correct_gls_practical,ols_minus_correct,ols,gls_correct,0,20260805,20260804,seed00_ref20260805_label20260804_noise08000_rep000_seed2026090100,0.8,0,0.001962891608842443,0.006490774649759223,0.07224874450243368,0.052021975494260686,-0.00383644838770536,0.021595294264863618
matched_correct_gls_practical,ols_minus_correct,ols,gls_correct,0,20260805,20260804,seed00_ref20260805_label20260804_noise08000_rep001_seed2026090101,0.8,1,0.001908977399287748,0.0034835479020578486,0.004715452963592215,0.004086530628591212,0.001841454692278477,0.012590831256233281
matched_correct_gls_practical,ols_minus_correct,ols,gls_correct,0,20260805,20260804,seed00_ref20260805_label20260804_noise08000_rep002_seed2026090102,0.8,2,0.0019214931938160706,0.010796585808629744,0.05434605457861241,0.04046843490276153,-0.010288929286836668,0.0186216194959834
matched_correct_gls_practical,ols_minus_correct,ols,gls_correct,0,20260805,20260804,seed00_ref20260805_label20260804_noise08000_rep003_seed2026090103,0.8,3,-0.0025719583607600738,0.0035930830308704143,0.08358818806138923,0.059506291253508814,0.003921473784767926,0.009387286159613373
matched_correct_gls_practical,ols_minus_correct,ols,gls_correct,0,20260805,20260804,seed00_ref20260805_label20260804_noise08000_rep004_seed2026090104,0.8,4,0.002552505681088446,0.004623158892584689,0.06255599469387574,0.04487752477904183,-0.011483697191364772,0.029803812324849188
matched_correct_gls_practical,ols_minus_correct,ols,gls_correct,0,20260805,20260804,seed00_ref20260805_label20260804_noise08000_rep005_seed2026090105,0.8,5,-0.0004760659724947214,0.0002310029989501805,0.014475647284281412,0.01015224806242454,-0.007910791323805011,0.0043814569030302675
matched_correct_gls_practical,ols_minus_correct,ols,gls_correct,0,20260805,20260804,seed00_ref20260805_label20260804_noise08000_rep006_seed2026090106,0.8,6,0.00017988652658662563,-0.0005548652221018524,0.035084625636669364,0.02433286832551862,-0.008262309670940216,0.005125265102816856
matched_correct_gls_practical,ols_minus_correct,ols,gls_correct,0,20260805,20260804,seed00_ref20260805_label20260804_noise08000_rep007_seed2026090107,0.8,7,-0.0001700477131285627,0.007009882837120729,0.08784982779582406,0.06332755149026414,-0.0033816464020597348,0.022083763204317597
matched_correct_gls_practical,ols_minus_correct,ols,gls_correct,0,20260805,20260804,seed00_ref20260805_label20260804_noise08000_rep008_seed2026090108,0.8,8,0.004719343896438688,0.00670540684233073,0.0652329191330393,0.047238868889300734,-0.003380002563960316,0.02582433018552166
matched_correct_gls_practical,ols_minus_correct,ols,gls_correct,0,20260805,20260804,seed00_ref20260805_label20260804_noise08000_rep009_seed2026090109,0.8,9,-0.00021506098816603814,0.004069988108912348,0.054382797858337995,0.03914250158050703,-0.009369162921583296,0.0191672445957094
matched_correct_gls_practical,ols_minus_correct,ols,gls_correct,0,20260805,20260804,seed00_ref20260805_label20260804_noise08000_rep010_seed2026090110,0.8,10,0.0019285804612327873,0.0013246575799551463,0.07860285040799087,0.055220727861496566,0.004505826387505962,0.011738763272633568
matched_correct_gls_practical,ols_minus_correct,ols,gls_correct,0,20260805,20260804,seed00_ref20260805_label20260804_noise08000_rep011_seed2026090111,0.8,11,-0.003461157646875157,0.0013089394794174036,0.018571356002345607,0.013310709868496362,-0.002960932989706011,0.0021779669199391005
matched_correct_gls_practical,ols_minus_correct,ols,gls_correct,1,20260815,20260814,seed01_ref20260815_label20260814_noise00500_rep000_seed2026091100,0.05,0,0.0013909755082801567,0.0018124195395331222,0.012200355108011984,0.00926425325950958,-0.4132096061926043,0.2179224241858364
matched_correct_gls_practical,ols_minus_correct,ols,gls_correct,1,20260815,20260814,seed01_ref20260815_label20260814_noise00500_rep001_seed2026091101,0.05,1,-0.002690113653509796,-0.002379130577728511,-0.00268886257734835,-0.002289257859504179,-0.4580151331603557,0.05515341960850062
matched_correct_gls_practical,ols_minus_correct,ols,gls_correct,1,20260815,20260814,seed01_ref20260815_label20260814_noise00500_rep002_seed2026091102,0.05,2,-0.0013901554755010592,-0.0014516898599230277,-0.0023939469614823183,-0.0019502222478092746,-0.5242199029224985,0.05218558566351117
matched_correct_gls_practical,ols_minus_correct,ols,gls_correct,1,20260815,20260814,seed01_ref20260815_label20260814_noise00500_rep003_seed2026091103,0.05,3,0.0019933692565593797,0.0017749708588067903,0.011866451162315217,0.00901513013950389,-0.4595080553559465,0.23719647117322795
matched_correct_gls_practical,ols_minus_correct,ols,gls_correct,1,20260815,20260814,seed01_ref20260815_label20260814_noise00500_rep004_seed2026091104,0.05,4,-0.000290885185668055,-0.0005018225040454571,0.0023582036573414067,0.0016933833867018855,-0.42847157444723294,0.09755668650187221
matched_correct_gls_practical,ols_minus_correct,ols,gls_correct,1,20260815,20260814,seed01_ref20260815_label20260814_noise00500_rep005_seed2026091105,0.05,5,-0.0021561159219173065,-0.0025364314631271256,0.0007987688645073598,0.00029198044691380876,-0.43279229273396425,0.04093748339466696
matched_correct_gls_practical,ols_minus_correct,ols,gls_correct,1,20260815,20260814,seed01_ref20260815_label20260814_noise00500_rep006_seed2026091106,0.05,6,-0.002205155756811489,-0.0023323080644536698,0.0004988633718988611,8.311626943380279e-05,-0.541914592381679,0.03548723980918256
matched_correct_gls_practical,ols_minus_correct,ols,gls_correct,1,20260815,20260814,seed01_ref20260815_label20260814_noise00500_rep007_seed2026091107,0.05,7,-0.0021040699758928527,-0.0023489917557642237,-0.0021358974114860096,-0.001871351328897708,-0.49615209457853693,0.018240787635865452
matched_correct_gls_practical,ols_minus_correct,ols,gls_correct,1,20260815,20260814,seed01_ref20260815_label20260814_noise00500_rep008_seed2026091108,0.05,8,-0.0015617770007884113,-0.0016836884950632014,0.0043124734398964915,0.0029940671360352278,-0.4931588318516775,0.0786452311581165
matched_correct_gls_practical,ols_minus_correct,ols,gls_correct,1,20260815,20260814,seed01_ref20260815_label20260814_noise00500_rep009_seed2026091109,0.05,9,-0.0030364961902203946,-0.0026417219913064394,-0.004820891772943869,-0.0039028022932022788,-0.5435485346306401,-0.041247645414509204
matched_correct_gls_practical,ols_minus_correct,ols,gls_correct,1,20260815,20260814,seed01_ref20260815_label20260814_noise00500_rep010_seed2026091110,0.05,10,-0.0013621345574099109,-0.0017932008622048023,0.0023065647911137965,0.0015035203200295388,-0.54030455585968,0.13417511960481798
matched_correct_gls_practical,ols_minus_correct,ols,gls_correct,1,20260815,20260814,seed01_ref20260815_label20260814_noise00500_rep011_seed2026091111,0.05,11,-0.001985680741785678,-0.0012809794103954553,-0.00050196080448206,-0.0005231681895688789,-0.48890709377244557,0.05500496102658037
matched_correct_gls_practical,ols_minus_correct,ols,gls_correct,1,20260815,20260814,seed01_ref20260815_label20260814_noise01000_rep000_seed2026091100,0.1,0,0.0018060642493222534,0.002855249084305872,0.010792517299830107,0.008373081166903218,-0.18426478607114816,0.1043258386159891
matched_correct_gls_practical,ols_minus_correct,ols,gls_correct,1,20260815,20260814,seed01_ref20260815_label20260814_noise01000_rep001_seed2026091101,0.1,1,0.0017789373993553903,0.002007135585191111,0.01269019872207744,0.009655792955407472,-0.19642802463259956,0.10279939098268298
matched_correct_gls_practical,ols_minus_correct,ols,gls_correct,1,20260815,20260814,seed01_ref20260815_label20260814_noise01000_rep002_seed2026091102,0.1,2,0.0015550205549489104,0.0015994120200866213,0.011464998427075268,0.008695024238818239,-0.18902352318380755,0.10821870227785269
matched_correct_gls_practical,ols_minus_correct,ols,gls_correct,1,20260815,20260814,seed01_ref20260815_label20260814_noise01000_rep003_seed2026091103,0.1,3,0.0025736802103621115,0.0025159913335287,0.009812390049095399,0.007601116052115886,-0.21473260598339938,0.11539362152246779
matched_correct_gls_practical,ols_minus_correct,ols,gls_correct,1,20260815,20260814,seed01_ref20260815_label20260814_noise01000_rep004_seed2026091104,0.1,4,0.0016033067556797398,0.0012386338457869295,0.012309427456405064,0.009269724098917909,-0.1794873782868387,0.10228892382505905
matched_correct_gls_practical,ols_minus_correct,ols,gls_correct,1,20260815,20260814,seed01_ref20260815_label20260814_noise01000_rep005_seed2026091105,0.1,5,0.0014174007772608799,0.002118682609796363,0.008031628975264549,0.006230138530073315,-0.21695566615558404,0.0901742976939528
matched_correct_gls_practical,ols_minus_correct,ols,gls_correct,1,20260815,20260814,seed01_ref20260815_label20260814_noise01000_rep006_seed2026091106,0.1,6,0.001404259263857871,0.0015575396564798671,0.011342722224782609,0.00859465999134107,-0.21333980874505953,0.09408188942103313
matched_correct_gls_practical,ols_minus_correct,ols,gls_correct,1,20260815,20260814,seed01_ref20260815_label20260814_noise01000_rep007_seed2026091107,0.1,7,0.002561022268200097,0.0026758602324263026,0.014387205291975236,0.011001904598193779,-0.18642872301131175,0.12057052652225675
matched_correct_gls_practical,ols_minus_correct,ols,gls_correct,1,20260815,20260814,seed01_ref20260815_label20260814_noise01000_rep008_seed2026091108,0.1,8,0.002906260018711998,0.002276068180632418,0.007782287727140957,0.006067344525523932,-0.18583057476601983,0.10947065998631889
matched_correct_gls_practical,ols_minus_correct,ols,gls_correct,1,20260815,20260814,seed01_ref20260815_label20260814_noise01000_rep009_seed2026091109,0.1,9,0.0008166888367991121,0.0014498687394152165,0.006796210580392925,0.0052239734373780156,-0.19106236036636903,0.0960047284383474
matched_correct_gls_practical,ols_minus_correct,ols,gls_correct,1,20260815,20260814,seed01_ref20260815_label20260814_noise01000_rep010_seed2026091110,0.1,10,0.0010873750876067845,0.0014231006715834937,0.015782259546999633,0.011858450985078539,-0.19859722551072911,0.10027805751848695
matched_correct_gls_practical,ols_minus_correct,ols,gls_correct,1,20260815,20260814,seed01_ref20260815_label20260814_noise01000_rep011_seed2026091111,0.1,11,0.0007919972272200926,0.002168936868679444,0.01128486466930545,0.008642829202688107,-0.18918747223718269,0.08753843896428348
matched_correct_gls_practical,ols_minus_correct,ols,gls_correct,1,20260815,20260814,seed01_ref20260815_label20260814_noise02000_rep000_seed2026091100,0.2,0,0.0023920598466082854,0.005283385841844068,0.009874822994094923,0.008079813705599403,-0.07490900913360754,0.038449973152172134
matched_correct_gls_practical,ols_minus_correct,ols,gls_correct,1,20260815,20260814,seed01_ref20260815_label20260814_noise02000_rep001_seed2026091101,0.2,1,0.0026106818178088242,0.0037041023387693883,0.014511585092827906,0.011237374604639971,-0.08150888127669464,0.040469294608578066
matched_correct_gls_practical,ols_minus_correct,ols,gls_correct,1,20260815,20260814,seed01_ref20260815_label20260814_noise02000_rep002_seed2026091102,0.2,2,0.0022434511203038854,0.0028529079228252763,0.011533277253170882,0.008918030860750492,-0.07516838424907513,0.04414950908401227
matched_correct_gls_practical,ols_minus_correct,ols,gls_correct,1,20260815,20260814,seed01_ref20260815_label20260814_noise02000_rep003_seed2026091103,0.2,3,0.0036884132587490237,0.004439657931128771,0.008005952682585638,0.006552411105347211,-0.09131625379554253,0.048005222891893684
matched_correct_gls_practical,ols_minus_correct,ols,gls_correct,1,20260815,20260814,seed01_ref20260815_label20260814_noise02000_rep004_seed2026091104,0.2,4,0.002146913612280865,0.0022849269401461203,0.013069933044757231,0.009966079258001803,-0.06462779694749776,0.03720035904301766
matched_correct_gls_practical,ols_minus_correct,ols,gls_correct,1,20260815,20260814,seed01_ref20260815_label20260814_noise02000_rep005_seed2026091105,0.2,5,0.0018361782124928783,0.0038723007056271908,0.005105844062051279,0.004345826728890612,-0.10560032431822086,0.02935792847690699
matched_correct_gls_practical,ols_minus_correct,ols,gls_correct,1,20260815,20260814,seed01_ref20260815_label20260814_noise02000_rep006_seed2026091106,0.2,6,0.001773618315904557,0.0024779122999297742,0.011105462705911728,0.008543635702958963,-0.10237568962347066,0.03174296834176471
matched_correct_gls_practical,ols_minus_correct,ols,gls_correct,1,20260815,20260814,seed01_ref20260815_label20260814_noise02000_rep007_seed2026091107,0.2,7,0.003309125745224517,0.004756558261606925,0.017081849127553395,0.013288153882952014,-0.07214459459075906,0.05050727072355787
matched_correct_gls_practical,ols_minus_correct,ols,gls_correct,1,20260815,20260814,seed01_ref20260815_label20260814_noise02000_rep008_seed2026091108,0.2,8,0.004189022768632394,0.0042717165980706295,0.004561146590624343,0.003990666758701189,-0.06793413308415097,0.043111307881622096
matched_correct_gls_practical,ols_minus_correct,ols,gls_correct,1,20260815,20260814,seed01_ref20260815_label20260814_noise02000_rep009_seed2026091109,0.2,9,0.0008180785612755814,0.002614378029537845,0.0023499586430065778,0.00212129940669048,-0.08717763721330796,0.03191543490748061
matched_correct_gls_practical,ols_minus_correct,ols,gls_correct,1,20260815,20260814,seed01_ref20260815_label20260814_noise02000_rep010_seed2026091110,0.2,10,0.0017172911508669397,0.0028158117942237437,0.02005823366923587,0.01518435848097488,-0.08138777809323638,0.0392229813794549
matched_correct_gls_practical,ols_minus_correct,ols,gls_correct,1,20260815,20260814,seed01_ref20260815_label20260814_noise02000_rep011_seed2026091111,0.2,11,0.0012120598941265937,0.004036093929289414,0.011375856691633435,0.00897427117691768,-0.0729364385467115,0.027328820157853206
matched_correct_gls_practical,ols_minus_correct,ols,gls_correct,1,20260815,20260814,seed01_ref20260815_label20260814_noise04000_rep000_seed2026091100,0.4,0,0.0031630040841385543,0.009478491219986757,0.0067110888068949714,0.006665558367463853,-0.03768810709338455,0.0056525062708590035
matched_correct_gls_practical,ols_minus_correct,ols,gls_correct,1,20260815,20260814,seed01_ref20260815_label20260814_noise04000_rep001_seed2026091101,0.4,1,0.004450017582334653,0.009205905281380433,0.01898612134965294,0.015487769051154565,-0.03457189385731696,0.015650976019504048
matched_correct_gls_practical,ols_minus_correct,ols,gls_correct,1,20260815,20260814,seed01_ref20260815_label20260814_noise04000_rep002_seed2026091102,0.4,2,0.0037514971120988783,0.005927569084868328,0.011482339974323352,0.00942294941625188,-0.034443302687134913,0.01924909611852721
matched_correct_gls_practical,ols_minus_correct,ols,gls_correct,1,20260815,20260814,seed01_ref20260815_label20260814_noise04000_rep003_seed2026091103,0.4,3,0.005634416282362165,0.008814082050662864,0.0034234340329725166,0.004053989711630845,-0.042484735451223,0.018268621778791294
matched_correct_gls_practical,ols_minus_correct,ols,gls_correct,1,20260815,20260814,seed01_ref20260815_label20260814_noise04000_rep004_seed2026091104,0.4,4,0.002662272793183984,0.004816193376886602,0.016228391104581963,0.012667436192078552,-0.022960524795057724,0.009515557743123848
matched_correct_gls_practical,ols_minus_correct,ols,gls_correct,1,20260815,20260814,seed01_ref20260815_label20260814_noise04000_rep005_seed2026091105,0.4,5,0.00239230815566821,0.007442973125104779,0.001282195136350528,0.0022919733621225014,-0.062398830075848455,0.005425974789875276
matched_correct_gls_practical,ols_minus_correct,ols,gls_correct,1,20260815,20260814,seed01_ref20260815_label20260814_noise04000_rep006_seed2026091106,0.4,6,0.002753568048210475,0.004749084284888128,0.01099360885196754,0.008858606913826783,-0.053703790553226716,0.009836583387262454
matched_correct_gls_practical,ols_minus_correct,ols,gls_correct,1,20260815,20260814,seed01_ref20260815_label20260814_noise04000_rep007_seed2026091107,0.4,7,0.0035299605761371367,0.006440385711306756,0.022188078227947772,0.01728430173491624,-0.029753394710415382,0.01794906078791514
matched_correct_gls_practical,ols_minus_correct,ols,gls_correct,1,20260815,20260814,seed01_ref20260815_label20260814_noise04000_rep008_seed2026091108,0.4,8,0.005828827331607334,0.008463146619591577,0.00029176818560916473,0.001696775208784973,-0.026370836128499553,0.014933506931607887
matched_correct_gls_practical,ols_minus_correct,ols,gls_correct,1,20260815,20260814,seed01_ref20260815_label20260814_noise04000_rep009_seed2026091109,0.4,9,0.002315988183228479,0.006780508399547719,-0.006438427300070271,-0.0034443830146788645,-0.04317264423115641,0.009947796792955765
matched_correct_gls_practical,ols_minus_correct,ols,gls_correct,1,20260815,20260814,seed01_ref20260815_label20260814_noise04000_rep010_seed2026091110,0.4,10,0.003091957540736434,0.007025084675755078,0.027878848619361074,0.02152831937176214,-0.03624439134728186,0.017399941301564414
matched_correct_gls_practical,ols_minus_correct,ols,gls_correct,1,20260815,20260814,seed01_ref20260815_label20260814_noise04000_rep011_seed2026091111,0.4,11,0.002177531220756368,0.00861810277075914,0.014898484272422574,0.012357175204933624,-0.02819172019673588,0.006380153396250421
matched_correct_gls_practical,ols_minus_correct,ols,gls_correct,1,20260815,20260814,seed01_ref20260815_label20260814_noise08000_rep000_seed2026091100,0.8,0,0.0005936223097665616,0.0024297204920161186,0.06701568626502186,0.04782927372014911,-0.02688050028525013,0.005975135860556424
matched_correct_gls_practical,ols_minus_correct,ols,gls_correct,1,20260815,20260814,seed01_ref20260815_label20260814_noise08000_rep001_seed2026091101,0.8,1,0.0008457161147167325,0.005229757365391496,0.09827276514086081,0.0710491682682971,-0.0431286603095522,0.009639866794953988
matched_correct_gls_practical,ols_minus_correct,ols,gls_correct,1,20260815,20260814,seed01_ref20260815_label20260814_noise08000_rep002_seed2026091102,0.8,2,0.0008275942316562368,0.004160674013383214,0.05314645442295851,0.03896775844601974,-0.031396352865673105,0.008878378537005904
matched_correct_gls_practical,ols_minus_correct,ols,gls_correct,1,20260815,20260814,seed01_ref20260815_label20260814_noise08000_rep003_seed2026091103,0.8,3,0.0036207371363659036,0.0015031876707756742,0.016526790884429543,0.012163355910669194,-0.03901327713011993,0.005297169343749575
matched_correct_gls_practical,ols_minus_correct,ols,gls_correct,1,20260815,20260814,seed01_ref20260815_label20260814_noise08000_rep004_seed2026091104,0.8,4,0.0015014173588128177,0.006214933266158518,0.07986602962531963,0.05851325070180968,-0.025747902169784398,0.012462287939351224
matched_correct_gls_practical,ols_minus_correct,ols,gls_correct,1,20260815,20260814,seed01_ref20260815_label20260814_noise08000_rep005_seed2026091105,0.8,5,0.00014605955872548648,0.0015777882786324748,0.02250440474547688,0.016358947165513893,-0.04233725915451392,0.006642166976968733
matched_correct_gls_practical,ols_minus_correct,ols,gls_correct,1,20260815,20260814,seed01_ref20260815_label20260814_noise08000_rep006_seed2026091106,0.8,6,0.0002261372516785265,0.0031915714624932146,0.047307860777076716,0.03430511850658813,-0.04925960292001963,0.00738736035722054
matched_correct_gls_practical,ols_minus_correct,ols,gls_correct,1,20260815,20260814,seed01_ref20260815_label20260814_noise08000_rep007_seed2026091107,0.8,7,0.0020691708602770253,0.002577460135662235,0.08169079635958054,0.05876544265851491,-0.01948082331665213,0.01752287912449524
matched_correct_gls_practical,ols_minus_correct,ols,gls_correct,1,20260815,20260814,seed01_ref20260815_label20260814_noise08000_rep008_seed2026091108,0.8,8,0.0003822859656358313,-0.0007954608317918277,0.022663376184189676,0.016009688508053843,-0.027593971574081833,0.004639416965291909
matched_correct_gls_practical,ols_minus_correct,ols,gls_correct,1,20260815,20260814,seed01_ref20260815_label20260814_noise08000_rep009_seed2026091109,0.8,9,0.0020194199209407904,0.004930395018673539,0.013006122127270925,0.010350956050001137,-0.03621946361011852,0.009939903448086707
matched_correct_gls_practical,ols_minus_correct,ols,gls_correct,1,20260815,20260814,seed01_ref20260815_label20260814_noise08000_rep010_seed2026091110,0.8,10,0.0009273648131693513,0.0060140244700941925,0.06532876026649681,0.04809504685295041,-0.03251901977619487,0.004923951167445262
matched_correct_gls_practical,ols_minus_correct,ols,gls_correct,1,20260815,20260814,seed01_ref20260815_label20260814_noise08000_rep011_seed2026091111,0.8,11,-0.00032412044041785215,0.00600232524584704,0.0991530176516554,0.07223431142738834,-0.02140456454435502,0.007852957763538004
matched_correct_gls_practical,ols_minus_correct,ols,gls_correct,2,20260825,20260824,seed02_ref20260825_label20260824_noise00500_rep000_seed2026092100,0.05,0,-0.0029439538155299483,-0.003108207016901593,0.017204380416410037,0.012593013470261982,-0.18505431572147657,0.024324404149851375
matched_correct_gls_practical,ols_minus_correct,ols,gls_correct,2,20260825,20260824,seed02_ref20260825_label20260824_noise00500_rep001_seed2026092101,0.05,1,-0.0028062666866084385,-0.0026041042994204844,0.016806737936374883,0.012346076018073693,-0.17742432100293604,0.03120879472919169
matched_correct_gls_practical,ols_minus_correct,ols,gls_correct,2,20260825,20260824,seed02_ref20260825_label20260824_noise00500_rep002_seed2026092102,0.05,2,-0.0033873368443015917,-0.003362847888754572,0.017327401150685873,0.012657409301321476,-0.22053201416536083,0.012436991736798575
matched_correct_gls_practical,ols_minus_correct,ols,gls_correct,2,20260825,20260824,seed02_ref20260825_label20260824_noise00500_rep003_seed2026092103,0.05,3,-0.002292769830304936,-0.002883360613527619,0.016962246891568555,0.01242979569747027,-0.20963893862475702,0.04086695816947872
matched_correct_gls_practical,ols_minus_correct,ols,gls_correct,2,20260825,20260824,seed02_ref20260825_label20260824_noise00500_rep004_seed2026092104,0.05,4,-0.003154240454967594,-0.0028910609435086054,0.017162716934019495,0.012588720782022056,-0.19448097361192795,0.02301842552418254
matched_correct_gls_practical,ols_minus_correct,ols,gls_correct,2,20260825,20260824,seed02_ref20260825_label20260824_noise00500_rep005_seed2026092105,0.05,5,-0.0031477430513331683,-0.003188257153560331,0.01447082910014108,0.010525695694737214,-0.24750981386585247,0.00746715294786382
matched_correct_gls_practical,ols_minus_correct,ols,gls_correct,2,20260825,20260824,seed02_ref20260825_label20260824_noise00500_rep006_seed2026092106,0.05,6,-0.0027320421619753954,-0.0030486484626431054,0.017408431392930357,0.012747376247365383,-0.19951236572458253,0.02124859345155672
matched_correct_gls_practical,ols_minus_correct,ols,gls_correct,2,20260825,20260824,seed02_ref20260825_label20260824_noise00500_rep007_seed2026092107,0.05,7,-0.0031163880527170784,-0.0029672829647846843,0.017275379115386902,0.012652066449778454,-0.20220170587442965,0.026318685099383288
matched_correct_gls_practical,ols_minus_correct,ols,gls_correct,2,20260825,20260824,seed02_ref20260825_label20260824_noise00500_rep008_seed2026092108,0.05,8,-0.003137336372667332,-0.003309457365059082,0.01596293380121072,0.011631290654975313,-0.18602362098973435,0.03439250279128947
matched_correct_gls_practical,ols_minus_correct,ols,gls_correct,2,20260825,20260824,seed02_ref20260825_label20260824_noise00500_rep009_seed2026092109,0.05,9,-0.0026337861191960965,-0.002842585885591248,0.01707492066648786,0.012518498360812036,-0.2219511733156696,0.037462127249783705
matched_correct_gls_practical,ols_minus_correct,ols,gls_correct,2,20260825,20260824,seed02_ref20260825_label20260824_noise00500_rep010_seed2026092110,0.05,10,-0.0030870179573068146,-0.0029768424880369238,0.01664044569844836,0.01217487864459249,-0.22155338623231113,0.01914483309633974
matched_correct_gls_practical,ols_minus_correct,ols,gls_correct,2,20260825,20260824,seed02_ref20260825_label20260824_noise00500_rep011_seed2026092111,0.05,11,-0.0027006187871842224,-0.002871572170380643,0.01772612463822032,0.013016478637000117,-0.20131050631012926,0.04169194685008604
matched_correct_gls_practical,ols_minus_correct,ols,gls_correct,2,20260825,20260824,seed02_ref20260825_label20260824_noise01000_rep000_seed2026092100,0.1,0,-0.002585227458224093,-0.0034479909577845025,0.01677572397594107,0.01223000379269068,-0.09001549484768923,0.004709173337478445
matched_correct_gls_practical,ols_minus_correct,ols,gls_correct,2,20260825,20260824,seed02_ref20260825_label20260824_noise01000_rep001_seed2026092101,0.1,1,-0.002769840507098581,-0.002617460642252295,0.016237753888900808,0.011913421593166995,-0.08913272933840877,0.007218509597707312
matched_correct_gls_practical,ols_minus_correct,ols,gls_correct,2,20260825,20260824,seed02_ref20260825_label20260824_noise01000_rep002_seed2026092102,0.1,2,-0.0031817241951501984,-0.003894308951925024,0.017427585842063276,0.012665953418610876,-0.11843764661265999,-0.0021489852140437193
matched_correct_gls_practical,ols_minus_correct,ols,gls_correct,2,20260825,20260824,seed02_ref20260825_label20260824_noise01000_rep003_seed2026092103,0.1,3,-0.001948328432984009,-0.0033285300472622736,0.01664552624127824,0.01212987758265549,-0.11477218911831488,0.014360768305101912
matched_correct_gls_practical,ols_minus_correct,ols,gls_correct,2,20260825,20260824,seed02_ref20260825_label20260824_noise01000_rep004_seed2026092104,0.1,4,-0.0033600001697007553,-0.003401737699063462,0.016913357614063318,0.012335942716148907,-0.10235017104682043,-0.0003257174193829204
matched_correct_gls_practical,ols_minus_correct,ols,gls_correct,2,20260825,20260824,seed02_ref20260825_label20260824_noise01000_rep005_seed2026092105,0.1,5,-0.0024753708297501342,-0.0030717045716282254,0.012214928690767568,0.00883753871850207,-0.1352218520149131,-0.00638612773468239
matched_correct_gls_practical,ols_minus_correct,ols,gls_correct,2,20260825,20260824,seed02_ref20260825_label20260824_noise01000_rep006_seed2026092106,0.1,6,-0.0025882342980137474,-0.0034407738982211167,0.017470570571151534,0.012745967932574098,-0.10376556390893943,-0.0014962240218892031
matched_correct_gls_practical,ols_minus_correct,ols,gls_correct,2,20260825,20260824,seed02_ref20260825_label20260824_noise01000_rep007_seed2026092107,0.1,7,-0.0030611470618092385,-0.0032111167625106796,0.016688332768572733,0.012173192514068565,-0.11090330334623322,0.004782340636057869
matched_correct_gls_practical,ols_minus_correct,ols,gls_correct,2,20260825,20260824,seed02_ref20260825_label20260824_noise01000_rep008_seed2026092108,0.1,8,-0.0035713287723709575,-0.004313121196085595,0.014379756826202406,0.01032116481228773,-0.09671708427331227,0.009634492805329131
matched_correct_gls_practical,ols_minus_correct,ols,gls_correct,2,20260825,20260824,seed02_ref20260825_label20260824_noise01000_rep009_seed2026092109,0.1,9,-0.0026170227982051097,-0.0031267245589286508,0.016821037689153995,0.012285034314381327,-0.1301421350210128,0.009231368255007366
matched_correct_gls_practical,ols_minus_correct,ols,gls_correct,2,20260825,20260824,seed02_ref20260825_label20260824_noise01000_rep010_seed2026092110,0.1,10,-0.0027822689012493296,-0.0028903703405971926,0.016193860791767656,0.011838591297996193,-0.12440138076231344,0.0025408928010459686
matched_correct_gls_practical,ols_minus_correct,ols,gls_correct,2,20260825,20260824,seed02_ref20260825_label20260824_noise01000_rep011_seed2026092111,0.1,11,-0.003352716789911836,-0.0035745027824827524,0.017967025958104954,0.013120218496203429,-0.12178631544408214,0.007968461065668508
matched_correct_gls_practical,ols_minus_correct,ols,gls_correct,2,20260825,20260824,seed02_ref20260825_label20260824_noise02000_rep000_seed2026092100,0.2,0,-0.0002987247479032673,-0.001593741960378675,0.016588225396023448,0.012258341250590665,-0.01837627732050251,0.005962882942993852
matched_correct_gls_practical,ols_minus_correct,ols,gls_correct,2,20260825,20260824,seed02_ref20260825_label20260824_noise02000_rep001_seed2026092101,0.2,1,-0.000968083857572799,-7.407935759887185e-05,0.015520254070349182,0.01163563079669161,-0.020173011983164013,0.005543388014455086
matched_correct_gls_practical,ols_minus_correct,ols,gls_correct,2,20260825,20260824,seed02_ref20260825_label20260824_noise02000_rep002_seed2026092102,0.2,2,-0.0010562880768524852,-0.0020273644848579353,0.018153840957853995,0.013357181591345246,-0.0371199215935627,0.0006988805846206425
matched_correct_gls_practical,ols_minus_correct,ols,gls_correct,2,20260825,20260824,seed02_ref20260825_label20260824_noise02000_rep003_seed2026092103,0.2,3,6.303533347240542e-05,-0.0015203189484509216,0.01572590893202641,0.011585935033797845,-0.03442139330680294,0.009317466448839795
matched_correct_gls_practical,ols_minus_correct,ols,gls_correct,2,20260825,20260824,seed02_ref20260825_label20260824_noise02000_rep004_seed2026092104,0.2,4,-0.0013751434967084752,-0.0015211451999433967,0.016560976717964415,0.012226425331220703,-0.030586113735389553,0.000978147425239495
matched_correct_gls_practical,ols_minus_correct,ols,gls_correct,2,20260825,20260824,seed02_ref20260825_label20260824_noise02000_rep005_seed2026092105,0.2,5,-0.0002081611838251618,-0.0006276758506134072,0.00731130468389718,0.005405641297404673,-0.0497561992176252,-0.0028752597999202045
matched_correct_gls_practical,ols_minus_correct,ols,gls_correct,2,20260825,20260824,seed02_ref20260825_label20260824_noise02000_rep006_seed2026092106,0.2,6,-0.0006484560323502531,-0.0015798867957285134,0.01814838458470036,0.013404798768489101,-0.021617946439942637,-0.0011989037668882485
matched_correct_gls_practical,ols_minus_correct,ols,gls_correct,2,20260825,20260824,seed02_ref20260825_label20260824_noise02000_rep007_seed2026092107,0.2,7,-0.0013728294614279435,-0.000979254766916321,0.01648143738120289,0.012216556699234382,-0.03614639915217355,0.0023391046942009552
matched_correct_gls_practical,ols_minus_correct,ols,gls_correct,2,20260825,20260824,seed02_ref20260825_label20260824_noise02000_rep008_seed2026092108,0.2,8,-0.002039413302249188,-0.0031149006675750823,0.011553946779068291,0.00826014748984516,-0.02252748422835893,0.006747495657364766
matched_correct_gls_practical,ols_minus_correct,ols,gls_correct,2,20260825,20260824,seed02_ref20260825_label20260824_noise02000_rep009_seed2026092109,0.2,9,-0.0009681743783553631,-0.001522942209900291,0.015949424633469267,0.011749117429403266,-0.050925838229556764,0.004243668815140822
matched_correct_gls_practical,ols_minus_correct,ols,gls_correct,2,20260825,20260824,seed02_ref20260825_label20260824_noise02000_rep010_seed2026092110,0.2,10,-0.0008427533638402651,-0.0005110320096067822,0.015250662081758293,0.011357585042056584,-0.048904192156792536,0.0015975909706005265
matched_correct_gls_practical,ols_minus_correct,ols,gls_correct,2,20260825,20260824,seed02_ref20260825_label20260824_noise02000_rep011_seed2026092111,0.2,11,-0.0018992599732446658,-0.0015905076116070893,0.018668345806704956,0.013816790260825274,-0.044236829974173775,0.004837082745043464
matched_correct_gls_practical,ols_minus_correct,ols,gls_correct,2,20260825,20260824,seed02_ref20260825_label20260824_noise04000_rep000_seed2026092100,0.4,0,0.0023286982997189343,0.002695527853229157,0.01606241191806368,0.012387542893283254,0.005301211519517235,0.006761055552859219
matched_correct_gls_practical,ols_minus_correct,ols,gls_correct,2,20260825,20260824,seed02_ref20260825_label20260824_noise04000_rep001_seed2026092101,0.4,1,0.001586714390152233,0.005822909065117676,0.014094400144242236,0.011431768655689567,0.005345468208003412,0.006349480537339858
matched_correct_gls_practical,ols_minus_correct,ols,gls_correct,2,20260825,20260824,seed02_ref20260825_label20260824_noise04000_rep002_seed2026092102,0.4,2,0.0017300313435343329,0.003096569460738996,0.02034373890698804,0.015598970794051703,-0.0022411011005107895,0.0026646028112435882
matched_correct_gls_practical,ols_minus_correct,ols,gls_correct,2,20260825,20260824,seed02_ref20260825_label20260824_noise04000_rep003_seed2026092103,0.4,3,0.0025589220331740936,0.0039085750869140845,0.01143368870873751,0.009133396322970277,-0.0007978605327891852,0.006791130760610331
matched_correct_gls_practical,ols_minus_correct,ols,gls_correct,2,20260825,20260824,seed02_ref20260825_label20260824_noise04000_rep004_seed2026092104,0.4,4,0.001543691724491647,0.003860142234026004,0.015116443548807701,0.011855296192753273,-0.004669086296611891,0.003807588191895084
matched_correct_gls_practical,ols_minus_correct,ols,gls_correct,2,20260825,20260824,seed02_ref20260825_label20260824_noise04000_rep005_seed2026092105,0.4,5,0.002279439177355569,0.003922595570039017,-0.004879718797294763,-0.002956193109953098,-0.016137190051740413,0.0004740914835812404
matched_correct_gls_practical,ols_minus_correct,ols,gls_correct,2,20260825,20260824,seed02_ref20260825_label20260824_noise04000_rep006_seed2026092106,0.4,6,0.0020757986360974146,0.0033472833751533593,0.01939352322522847,0.01492331124551488,0.015109028688494508,0.0016768259313217904
matched_correct_gls_practical,ols_minus_correct,ols,gls_correct,2,20260825,20260824,seed02_ref20260825_label20260824_noise04000_rep007_seed2026092107,0.4,7,0.0006903859782423916,0.0043643758931459775,0.017779692910606992,0.01389497559767,-0.004852383564576179,0.0016308652994383444
matched_correct_gls_practical,ols_minus_correct,ols,gls_correct,2,20260825,20260824,seed02_ref20260825_label20260824_noise04000_rep008_seed2026092108,0.4,8,0.0006759557898703972,0.001613902195759881,0.0054000980813619925,0.004273682762667763,0.009513438659362716,0.006399354112200273
matched_correct_gls_practical,ols_minus_correct,ols,gls_correct,2,20260825,20260824,seed02_ref20260825_label20260824_noise04000_rep009_seed2026092109,0.4,9,0.0011648916447464797,0.0018106955504418043,0.011191806934478299,0.00858803914968126,-0.013716164482215909,0.003434737840015245
matched_correct_gls_practical,ols_minus_correct,ols,gls_correct,2,20260825,20260824,seed02_ref20260825_label20260824_noise04000_rep010_seed2026092110,0.4,10,0.0005983629918399624,0.0026724668765080173,0.011744163206070635,0.009144992744664626,-0.02017839561973256,-0.0008704333084337268
matched_correct_gls_practical,ols_minus_correct,ols,gls_correct,2,20260825,20260824,seed02_ref20260825_label20260824_noise04000_rep011_seed2026092111,0.4,11,0.000935919111165695,0.004374430356742537,0.018854198260150445,0.014711975716416692,-0.0061877529487806004,0.006983950475109024
matched_correct_gls_practical,ols_minus_correct,ols,gls_correct,2,20260825,20260824,seed02_ref20260825_label20260824_noise08000_rep000_seed2026092100,0.8,0,0.0001541983075840081,-0.003878498938411634,0.03625106771767517,0.025797706484523397,0.0002247026196144919,0.0012805216955775744
matched_correct_gls_practical,ols_minus_correct,ols,gls_correct,2,20260825,20260824,seed02_ref20260825_label20260824_noise08000_rep001_seed2026092101,0.8,1,-0.0027987735233344635,-0.0018336029241912133,0.07235104673067738,0.05265254307799805,-0.00028189632058683856,0.004479835979621871
matched_correct_gls_practical,ols_minus_correct,ols,gls_correct,2,20260825,20260824,seed02_ref20260825_label20260824_noise08000_rep002_seed2026092102,0.8,2,0.0007894528199368089,0.0007298429454338784,0.036679463892106634,0.02673909906741756,0.004738276320918722,0.00340221726959844
matched_correct_gls_practical,ols_minus_correct,ols,gls_correct,2,20260825,20260824,seed02_ref20260825_label20260824_noise08000_rep003_seed2026092103,0.8,3,-0.0034631555629972555,-0.001614479893235543,0.07476592207185706,0.05415921294940973,-0.004389153513413291,0.000575476922569429
matched_correct_gls_practical,ols_minus_correct,ols,gls_correct,2,20260825,20260824,seed02_ref20260825_label20260824_noise08000_rep004_seed2026092104,0.8,4,0.0024123109757742123,0.0013280568705448803,0.04280028164484351,0.0314494692864159,0.0005646133299914702,0.008095522771778496
matched_correct_gls_practical,ols_minus_correct,ols,gls_correct,2,20260825,20260824,seed02_ref20260825_label20260824_noise08000_rep005_seed2026092105,0.8,5,0.00011886156777862755,0.0010912612916432751,0.05904672001599243,0.04322120986659017,0.004388001453312196,-0.00042546474292914915
matched_correct_gls_practical,ols_minus_correct,ols,gls_correct,2,20260825,20260824,seed02_ref20260825_label20260824_noise08000_rep006_seed2026092106,0.8,6,0.002516822910349603,0.004084638359144799,0.038073781061269685,0.028530841026636944,0.02505619174919116,0.006131755122968485
matched_correct_gls_practical,ols_minus_correct,ols,gls_correct,2,20260825,20260824,seed02_ref20260825_label20260824_noise08000_rep007_seed2026092107,0.8,7,0.002708103487143343,0.007690115075398629,0.09018872194906291,0.06747886881366194,0.0005116672270319977,0.008951631504213298
matched_correct_gls_practical,ols_minus_correct,ols,gls_correct,2,20260825,20260824,seed02_ref20260825_label20260824_noise08000_rep008_seed2026092108,0.8,8,0.0013407212094097565,-4.328118638613487e-05,0.08519140743719555,0.06190542098013174,0.008260997579405682,0.005287933094364261
matched_correct_gls_practical,ols_minus_correct,ols,gls_correct,2,20260825,20260824,seed02_ref20260825_label20260824_noise08000_rep009_seed2026092109,0.8,9,-0.002125642638421632,-0.0037385341800127425,0.05813986924193404,0.04117365129377826,0.0001614757243360021,0.0008174379371659324
matched_correct_gls_practical,ols_minus_correct,ols,gls_correct,2,20260825,20260824,seed02_ref20260825_label20260824_noise08000_rep010_seed2026092110,0.8,10,-0.0007704850564769217,0.00020534481630851698,0.02458474714793324,0.017949952058194496,-0.00670243329632525,0.0006327214298107453
matched_correct_gls_practical,ols_minus_correct,ols,gls_correct,2,20260825,20260824,seed02_ref20260825_label20260824_noise08000_rep011_seed2026092111,0.8,11,0.0008537926874677693,0.00494307205235367,0.08770702655140872,0.06492205326613953,0.004639652101807057,0.011858057244926945
matched_correct_gls_practical,ols_minus_correct,ols,gls_correct,3,20260905,20260904,seed03_ref20260905_label20260904_noise00500_rep000_seed2026093100,0.05,0,-0.002129689796710299,-0.0021250708757238335,0.021507524885647333,0.0153328311941896,-0.3301374799148151,0.10154666609974283
matched_correct_gls_practical,ols_minus_correct,ols,gls_correct,3,20260905,20260904,seed03_ref20260905_label20260904_noise00500_rep001_seed2026093101,0.05,1,-0.002075433599122767,-0.002196453215044747,0.022251259108353016,0.015860214204541534,-0.3387073349581535,0.091340963567756
matched_correct_gls_practical,ols_minus_correct,ols,gls_correct,3,20260905,20260904,seed03_ref20260905_label20260904_noise00500_rep002_seed2026093102,0.05,2,0.0021828127017631815,0.0018835508706634418,-0.007795993500242182,-0.005518696528702627,-0.26702620344589123,0.15027925045685642
matched_correct_gls_practical,ols_minus_correct,ols,gls_correct,3,20260905,20260904,seed03_ref20260905_label20260904_noise00500_rep003_seed2026093103,0.05,3,0.00034225145669097845,0.00068829666417633,-0.00816696676175166,-0.005920273064545456,-0.3024321842358413,0.10891731715890796
matched_correct_gls_practical,ols_minus_correct,ols,gls_correct,3,20260905,20260904,seed03_ref20260905_label20260904_noise00500_rep004_seed2026093104,0.05,4,0.0022724646911493618,0.0023633995598315582,-0.009681081831183103,-0.0068398008301464586,-0.2229833954497713,0.1236020236585329
matched_correct_gls_practical,ols_minus_correct,ols,gls_correct,3,20260905,20260904,seed03_ref20260905_label20260904_noise00500_rep005_seed2026093105,0.05,5,-0.0019159296780435486,-0.002048849172691186,0.021754772534946842,0.015524370155371114,-0.35083412177274464,0.09600550925558382
matched_correct_gls_practical,ols_minus_correct,ols,gls_correct,3,20260905,20260904,seed03_ref20260905_label20260904_noise00500_rep006_seed2026093106,0.05,6,0.0026465636915821156,0.0031522643988710908,-0.007341642926052772,-0.005038836657368817,-0.22651599424384683,0.18924643927000906
matched_correct_gls_practical,ols_minus_correct,ols,gls_correct,3,20260905,20260904,seed03_ref20260905_label20260904_noise00500_rep007_seed2026093107,0.05,7,0.001790957873137461,0.002103038120787687,-0.006252554605398752,-0.004352320445716651,-0.2639537099230371,0.14721210339112467
matched_correct_gls_practical,ols_minus_correct,ols,gls_correct,3,20260905,20260904,seed03_ref20260905_label20260904_noise00500_rep008_seed2026093108,0.05,8,0.0003350071823531031,0.0006614789352923645,-0.012795760646628573,-0.009318105781760844,-0.26973871637306823,0.07413867717914524
matched_correct_gls_practical,ols_minus_correct,ols,gls_correct,3,20260905,20260904,seed03_ref20260905_label20260904_noise00500_rep009_seed2026093109,0.05,9,0.0013957529078207354,0.0014489387993377179,-0.011558377006023024,-0.008323207676731004,-0.3113339328830218,0.1230611369107586
matched_correct_gls_practical,ols_minus_correct,ols,gls_correct,3,20260905,20260904,seed03_ref20260905_label20260904_noise00500_rep010_seed2026093110,0.05,10,0.0011604737389210584,0.0012042512708415054,-0.008838381744482704,-0.006357971193129086,-0.26402664954970234,0.11117693184298094
matched_correct_gls_practical,ols_minus_correct,ols,gls_correct,3,20260905,20260904,seed03_ref20260905_label20260904_noise00500_rep011_seed2026093111,0.05,11,0.0017175016085041739,0.0017947691063426308,-0.009834312496114883,-0.007031509131993463,-0.22201788886682206,0.12900115969580694
matched_correct_gls_practical,ols_minus_correct,ols,gls_correct,3,20260905,20260904,seed03_ref20260905_label20260904_noise01000_rep000_seed2026093100,0.1,0,-0.0019726212542708343,-0.002027074209392604,0.020714680281370912,0.014755023639616338,-0.1464881711277819,0.036204184473546785
matched_correct_gls_practical,ols_minus_correct,ols,gls_correct,3,20260905,20260904,seed03_ref20260905_label20260904_noise01000_rep001_seed2026093101,0.1,1,-0.0015189738272820552,-0.0016728762845534262,0.023191986562094313,0.01660185637447764,-0.1502465464732674,0.03084936976174779
matched_correct_gls_practical,ols_minus_correct,ols,gls_correct,3,20260905,20260904,seed03_ref20260905_label20260904_noise01000_rep002_seed2026093102,0.1,2,-0.0011747849290740797,-0.0018611605957035704,0.024116920248455354,0.017227963545296765,-0.1582943083933741,0.04486481789897434
matched_correct_gls_practical,ols_minus_correct,ols,gls_correct,3,20260905,20260904,seed03_ref20260905_label20260904_noise01000_rep003_seed2026093103,0.1,3,-0.002937303052773871,-0.0023810177681808653,0.021938716237875022,0.015593162923946191,-0.1450953432070725,0.022193740736965673
matched_correct_gls_practical,ols_minus_correct,ols,gls_correct,3,20260905,20260904,seed03_ref20260905_label20260904_noise01000_rep004_seed2026093104,0.1,4,-0.0019208802043316486,-0.0014099405119654684,0.023949416450480765,0.0171682436468788,-0.11691436523515963,0.025030817344013245
matched_correct_gls_practical,ols_minus_correct,ols,gls_correct,3,20260905,20260904,seed03_ref20260905_label20260904_noise01000_rep005_seed2026093105,0.1,5,-0.0010240265684359207,-0.0016138708901370646,0.021612557074894956,0.015470081653014944,-0.14916153632397133,0.03501574603827495
matched_correct_gls_practical,ols_minus_correct,ols,gls_correct,3,20260905,20260904,seed03_ref20260905_label20260904_noise01000_rep006_seed2026093106,0.1,6,-0.0019216482504554322,-0.002128074922530976,0.02209126207322487,0.0157136091094901,-0.12546144136923032,0.03183842226178557
matched_correct_gls_practical,ols_minus_correct,ols,gls_correct,3,20260905,20260904,seed03_ref20260905_label20260904_noise01000_rep007_seed2026093107,0.1,7,-0.0015051172230098608,-0.0016714408235416478,0.021616656766574427,0.015434265118686619,-0.12058457749929574,0.03590978357603358
matched_correct_gls_practical,ols_minus_correct,ols,gls_correct,3,20260905,20260904,seed03_ref20260905_label20260904_noise01000_rep008_seed2026093108,0.1,8,-0.0017542760068086916,-0.00201472410547332,0.019355969477966917,0.013779428215246081,-0.12296119455183274,0.03112343882796509
matched_correct_gls_practical,ols_minus_correct,ols,gls_correct,3,20260905,20260904,seed03_ref20260905_label20260904_noise01000_rep009_seed2026093109,0.1,9,-0.0023226634996360573,-0.0024402924795814684,0.015181070348613823,0.010667803727506475,-0.13965643854624488,0.023750394544676645
matched_correct_gls_practical,ols_minus_correct,ols,gls_correct,3,20260905,20260904,seed03_ref20260905_label20260904_noise01000_rep010_seed2026093110,0.1,10,-0.0017551062106558601,-0.0020199763972305884,0.022163454985404396,0.0158218573719468,-0.11158495388439449,0.030203212416562097
matched_correct_gls_practical,ols_minus_correct,ols,gls_correct,3,20260905,20260904,seed03_ref20260905_label20260904_noise01000_rep011_seed2026093111,0.1,11,-0.0017289286204641152,-0.002013109143647801,0.01665521039475759,0.011808697111501454,-0.12817070423012522,0.04014360690564911
matched_correct_gls_practical,ols_minus_correct,ols,gls_correct,3,20260905,20260904,seed03_ref20260905_label20260904_noise02000_rep000_seed2026093100,0.2,0,-0.0008196929485321802,-0.00035870808604085425,0.021243955597300523,0.015315866601543437,-0.05023287777114516,0.012756143718818613
matched_correct_gls_practical,ols_minus_correct,ols,gls_correct,3,20260905,20260904,seed03_ref20260905_label20260904_noise02000_rep001_seed2026093101,0.2,1,0.0001725987323881184,0.0008524538143375726,0.025590446444112014,0.01863406982936361,-0.05080070882148546,0.009400453205260284
matched_correct_gls_practical,ols_minus_correct,ols,gls_correct,3,20260905,20260904,seed03_ref20260905_label20260904_noise02000_rep002_seed2026093102,0.2,2,0.0005259360672920099,1.0153199439366656e-05,0.027255584877297623,0.019680099349412616,-0.05632296284709937,0.021684531464484014
matched_correct_gls_practical,ols_minus_correct,ols,gls_correct,3,20260905,20260904,seed03_ref20260905_label20260904_noise02000_rep003_seed2026093103,0.2,3,-0.0022010942411302414,-0.0009521372228793179,0.02340657205118657,0.016787288771064113,-0.04612043212566852,0.00328110785841762
matched_correct_gls_practical,ols_minus_correct,ols,gls_correct,3,20260905,20260904,seed03_ref20260905_label20260904_noise02000_rep004_seed2026093104,0.2,4,-0.0003229884243764469,0.0015427283854813345,0.02760215181709713,0.020164807811243635,-0.025319438755393442,0.007252904258592929
matched_correct_gls_practical,ols_minus_correct,ols,gls_correct,3,20260905,20260904,seed03_ref20260905_label20260904_noise02000_rep005_seed2026093105,0.2,5,0.001293233318488074,0.0011296723278972354,0.02307443194640013,0.016865244326977002,-0.0477017366370458,0.013707652624470379
matched_correct_gls_practical,ols_minus_correct,ols,gls_correct,3,20260905,20260904,seed03_ref20260905_label20260904_noise02000_rep006_seed2026093106,0.2,6,-0.0001555916479278885,-5.417074367125574e-05,0.023255941526500234,0.01676871199766855,-0.023743368697042744,0.011320926461595215
matched_correct_gls_practical,ols_minus_correct,ols,gls_correct,3,20260905,20260904,seed03_ref20260905_label20260904_noise02000_rep007_seed2026093107,0.2,7,0.00023163691724609192,0.00045852370952506605,0.02293022344572848,0.01662057993619337,-0.031181097518651724,0.015135465865175446
matched_correct_gls_practical,ols_minus_correct,ols,gls_correct,3,20260905,20260904,seed03_ref20260905_label20260904_noise02000_rep008_seed2026093108,0.2,8,-0.0003695383192863222,-0.00025441759753827564,0.018016271432056752,0.013010129387817926,-0.02745514052212794,0.011086098719747861
matched_correct_gls_practical,ols_minus_correct,ols,gls_correct,3,20260905,20260904,seed03_ref20260905_label20260904_noise02000_rep009_seed2026093109,0.2,9,-0.0007320914979371262,-0.0007824226800590695,0.009068768945393879,0.006431589497429335,-0.040348138860699434,0.007547752255006923
matched_correct_gls_practical,ols_minus_correct,ols,gls_correct,3,20260905,20260904,seed03_ref20260905_label20260904_noise02000_rep010_seed2026093110,0.2,10,0.0001210716663403999,4.507177654555772e-05,0.02318590775392404,0.016801697125242876,-0.01980852792057064,0.011409541996269423
matched_correct_gls_practical,ols_minus_correct,ols,gls_correct,3,20260905,20260904,seed03_ref20260905_label20260904_noise02000_rep011_seed2026093111,0.2,11,-0.0003316622979448458,-0.00019741382166504895,0.01251904517217639,0.009026470557002897,-0.032720047520788276,0.016667793183739565
matched_correct_gls_practical,ols_minus_correct,ols,gls_correct,3,20260905,20260904,seed03_ref20260905_label20260904_noise04000_rep000_seed2026093100,0.4,0,0.0011169680650242597,0.00474847809340373,0.02517484374871648,0.018886323652520742,-0.011558151074209766,0.004988212253992819
matched_correct_gls_practical,ols_minus_correct,ols,gls_correct,3,20260905,20260904,seed03_ref20260905_label20260904_noise04000_rep001_seed2026093101,0.4,1,0.002212751505756838,0.006411896973136183,0.026555980649929922,0.02015911143098309,-0.013119254106277456,0.00245710772099228
matched_correct_gls_practical,ols_minus_correct,ols,gls_correct,3,20260905,20260904,seed03_ref20260905_label20260904_noise04000_rep002_seed2026093102,0.4,2,0.0030033861604739087,0.0046018562500453886,0.02882505662811463,0.021407852130707394,-0.01635499754467795,0.01262510577219822
matched_correct_gls_practical,ols_minus_correct,ols,gls_correct,3,20260905,20260904,seed03_ref20260905_label20260904_noise04000_rep003_seed2026093103,0.4,3,-0.0011355627075461117,0.0025364394351961583,0.026980160742539283,0.01976510313833313,-0.0052313347794450404,-0.0007281678291255478
matched_correct_gls_practical,ols_minus_correct,ols,gls_correct,3,20260905,20260904,seed03_ref20260905_label20260904_noise04000_rep004_seed2026093104,0.4,4,0.0017672676243112861,0.007623109293225516,0.03522490825479396,0.0265352870852264,0.00515270612654839,0.0009712945098492298
matched_correct_gls_practical,ols_minus_correct,ols,gls_correct,3,20260905,20260904,seed03_ref20260905_label20260904_noise04000_rep005_seed2026093105,0.4,5,0.004662661800199253,0.00786005905830589,0.026643644702663227,0.020504823281484785,-0.014264463511447056,0.006620467977794808
matched_correct_gls_practical,ols_minus_correct,ols,gls_correct,3,20260905,20260904,seed03_ref20260905_label20260904_noise04000_rep006_seed2026093106,0.4,6,0.0030141969905821964,0.006344790939785572,0.02631128687717188,0.019948907939958016,0.01438544316379331,0.006449129313571111
matched_correct_gls_practical,ols_minus_correct,ols,gls_correct,3,20260905,20260904,seed03_ref20260905_label20260904_noise04000_rep007_seed2026093107,0.4,7,0.0023626538790075813,0.005476249606942762,0.02671519607343653,0.020062184316538556,-0.0038447797836562714,0.008134652877199056
matched_correct_gls_practical,ols_minus_correct,ols,gls_correct,3,20260905,20260904,seed03_ref20260905_label20260904_noise04000_rep008_seed2026093108,0.4,8,0.0013315789663596034,0.003505141699967601,0.01470101484976205,0.011166678319636802,0.005676239852573595,0.004663587580265416
matched_correct_gls_practical,ols_minus_correct,ols,gls_correct,3,20260905,20260904,seed03_ref20260905_label20260904_noise04000_rep009_seed2026093109,0.4,9,0.0016743781687084125,0.00503898577210482,-0.002025590170883773,-0.00047125433229300295,-0.004968741353644335,0.0034496405014377007
matched_correct_gls_practical,ols_minus_correct,ols,gls_correct,3,20260905,20260904,seed03_ref20260905_label20260904_noise04000_rep010_seed2026093110,0.4,10,0.003256366502901009,0.006025706283975474,0.024029236160779566,0.018308349333269525,0.00980876004798259,0.007061027305933498
matched_correct_gls_practical,ols_minus_correct,ols,gls_correct,3,20260905,20260904,seed03_ref20260905_label20260904_noise04000_rep011_seed2026093111,0.4,11,0.002060859047616881,0.0049264329895693515,0.002566269475108962,0.002777966332211612,0.005462638359957417,0.008092740425063472
matched_correct_gls_practical,ols_minus_correct,ols,gls_correct,3,20260905,20260904,seed03_ref20260905_label20260904_noise08000_rep000_seed2026093100,0.8,0,0.0033145347198115793,0.003876947427503663,0.04190186423472597,0.03025455669307686,7.410765283655252e-07,0.0077782311350920175
matched_correct_gls_practical,ols_minus_correct,ols,gls_correct,3,20260905,20260904,seed03_ref20260905_label20260904_noise08000_rep001_seed2026093101,0.8,1,-0.0007314061252217119,0.0027728938488664756,0.09873864943679633,0.06993955906317695,-0.0014868360238364797,0.0015872824230278582
matched_correct_gls_practical,ols_minus_correct,ols,gls_correct,3,20260905,20260904,seed03_ref20260905_label20260904_noise08000_rep002_seed2026093102,0.8,2,0.0037545783130138455,0.0015196221299005885,0.046664965567232985,0.033018842458674036,-0.012779721263352917,0.01274150524869544
matched_correct_gls_practical,ols_minus_correct,ols,gls_correct,3,20260905,20260904,seed03_ref20260905_label20260904_noise08000_rep003_seed2026093103,0.8,3,-0.001954751458811743,0.000632469210534059,0.09101928233437229,0.06413791481789366,0.009989799244759956,0.003994167181557096
matched_correct_gls_practical,ols_minus_correct,ols,gls_correct,3,20260905,20260904,seed03_ref20260905_label20260904_noise08000_rep004_seed2026093104,0.8,4,0.0014089745411859367,0.005124554554170713,0.04846267220661604,0.03507858728799296,0.00496361152746827,0.00587862721971244
matched_correct_gls_practical,ols_minus_correct,ols,gls_correct,3,20260905,20260904,seed03_ref20260905_label20260904_noise08000_rep005_seed2026093105,0.8,5,0.0006225000097932476,0.00034024555338846296,0.04896710985292585,0.03445054135368031,-0.001838614209208167,0.002302130495248411
matched_correct_gls_practical,ols_minus_correct,ols,gls_correct,3,20260905,20260904,seed03_ref20260905_label20260904_noise08000_rep006_seed2026093106,0.8,6,0.004198662187487323,0.0023175281124845903,0.06205390531831434,0.0439232711143982,0.012576180073704979,0.006661776918703621
matched_correct_gls_practical,ols_minus_correct,ols,gls_correct,3,20260905,20260904,seed03_ref20260905_label20260904_noise08000_rep007_seed2026093107,0.8,7,-0.001855205783375502,-0.0035115224980620807,0.06692579599586979,0.04596645640727037,-0.0007359382384162227,0.0004927434291137622
matched_correct_gls_practical,ols_minus_correct,ols,gls_correct,3,20260905,20260904,seed03_ref20260905_label20260904_noise08000_rep008_seed2026093108,0.8,8,0.0006751404844231867,-0.0027644788050029123,0.08662341843591637,0.06023999063829044,0.010208212120786042,0.00664783698824456
matched_correct_gls_practical,ols_minus_correct,ols,gls_correct,3,20260905,20260904,seed03_ref20260905_label20260904_noise08000_rep009_seed2026093109,0.8,9,-0.0016747895525432988,-0.0038326477766373324,0.0094256130402669,0.005701011308183124,0.004041433920736193,0.00010535963722779762
matched_correct_gls_practical,ols_minus_correct,ols,gls_correct,3,20260905,20260904,seed03_ref20260905_label20260904_noise08000_rep010_seed2026093110,0.8,10,0.002777992958805986,0.0046423139419602966,0.06025362049111538,0.04363638734814046,0.005759387858343068,0.009091855426255346
matched_correct_gls_practical,ols_minus_correct,ols,gls_correct,3,20260905,20260904,seed03_ref20260905_label20260904_noise08000_rep011_seed2026093111,0.8,11,-0.0016231423847303805,-0.0004333616133222473,0.07547806263406298,0.05244297087872518,0.004763683007746211,0.0027970742620861966
matched_correct_gls_practical,ols_minus_correct,ols,gls_correct,4,20260915,20260914,seed04_ref20260915_label20260914_noise00500_rep000_seed2026094100,0.05,0,0.0009407299221506349,0.001312212704127319,0.02053019993336469,0.015397373901658629,-0.3030909181204007,0.20342980016099688
matched_correct_gls_practical,ols_minus_correct,ols,gls_correct,4,20260915,20260914,seed04_ref20260915_label20260914_noise00500_rep001_seed2026094101,0.05,1,-0.0019034395263854142,-0.0021468939865747216,-0.018528160393602944,-0.014044770560832975,-0.32908082200119493,0.023383107741357545
matched_correct_gls_practical,ols_minus_correct,ols,gls_correct,4,20260915,20260914,seed04_ref20260915_label20260914_noise00500_rep002_seed2026094102,0.05,2,-0.0007327686870173822,-0.0005820571870517599,-0.018655025108282874,-0.013968759935124253,-0.31082852013630635,0.05257489929026127
matched_correct_gls_practical,ols_minus_correct,ols,gls_correct,4,20260915,20260914,seed04_ref20260915_label20260914_noise00500_rep003_seed2026094103,0.05,3,-0.0012952312361652618,-0.0012218580886672603,-0.01808493230492736,-0.013608368491493716,-0.2966702309880924,0.05612773302153817
matched_correct_gls_practical,ols_minus_correct,ols,gls_correct,4,20260915,20260914,seed04_ref20260915_label20260914_noise00500_rep004_seed2026094104,0.05,4,-0.0018849327235700153,-0.002274250462111882,-0.017794470523895156,-0.013514371779786316,-0.31988042666832106,0.023514824375223675
matched_correct_gls_practical,ols_minus_correct,ols,gls_correct,4,20260915,20260914,seed04_ref20260915_label20260914_noise00500_rep005_seed2026094105,0.05,5,-0.00038802850339500483,-0.0005144975308806199,-0.014494655681437707,-0.010864616017944861,-0.2557775013965342,0.06944911212104055
matched_correct_gls_practical,ols_minus_correct,ols,gls_correct,4,20260915,20260914,seed04_ref20260915_label20260914_noise00500_rep006_seed2026094106,0.05,6,0.0007523277071444234,0.001333490341902277,0.022582160873805268,0.016923755194497125,-0.2882731022799443,0.1953320685893627
matched_correct_gls_practical,ols_minus_correct,ols,gls_correct,4,20260915,20260914,seed04_ref20260915_label20260914_noise00500_rep007_seed2026094107,0.05,7,0.0017028372968332928,0.0014053598791714944,0.022823199785314996,0.017113997508965473,-0.3217128289519082,0.21654034412165624
matched_correct_gls_practical,ols_minus_correct,ols,gls_correct,4,20260915,20260914,seed04_ref20260915_label20260914_noise00500_rep008_seed2026094108,0.05,8,0.0015352719606863963,0.0014326062603374629,0.023047749811773488,0.017279619847059724,-0.2884171603790717,0.21887349747379714
matched_correct_gls_practical,ols_minus_correct,ols,gls_correct,4,20260915,20260914,seed04_ref20260915_label20260914_noise00500_rep009_seed2026094109,0.05,9,-0.0008985368007607963,-0.000940050783037133,-0.01803914140333307,-0.013553931162411215,-0.3273336446440518,0.04319972465019761
matched_correct_gls_practical,ols_minus_correct,ols,gls_correct,4,20260915,20260914,seed04_ref20260915_label20260914_noise00500_rep010_seed2026094110,0.05,10,-0.0013905059117245433,-0.0018020666128629736,-0.01746130546666813,-0.013214624303398259,-0.3029019944352376,0.05541082097068095
matched_correct_gls_practical,ols_minus_correct,ols,gls_correct,4,20260915,20260914,seed04_ref20260915_label20260914_noise00500_rep011_seed2026094111,0.05,11,0.0013552680387401428,0.0012329467691267748,0.021022607751455813,0.015757293122249993,-0.2797793221711329,0.19891297656217555
matched_correct_gls_practical,ols_minus_correct,ols,gls_correct,4,20260915,20260914,seed04_ref20260915_label20260914_noise01000_rep000_seed2026094100,0.1,0,0.0005776995382728023,0.0014398054891634204,0.01762647236986492,0.013253541451906048,-0.1403203771435202,0.08038828965518086
matched_correct_gls_practical,ols_minus_correct,ols,gls_correct,4,20260915,20260914,seed04_ref20260915_label20260914_noise01000_rep001_seed2026094101,0.1,1,0.001902326629592832,0.001977532197402876,0.020567373512343834,0.015499066433916742,-0.11791095532053708,0.08531600140032691
matched_correct_gls_practical,ols_minus_correct,ols,gls_correct,4,20260915,20260914,seed04_ref20260915_label20260914_noise01000_rep002_seed2026094102,0.1,2,0.0015329657412546105,0.002246452128637666,0.022944190171528156,0.017299551481573416,-0.13174055821345743,0.08518950724220242
matched_correct_gls_practical,ols_minus_correct,ols,gls_correct,4,20260915,20260914,seed04_ref20260915_label20260914_noise01000_rep003_seed2026094103,0.1,3,0.0019104317660192383,0.002630331999599611,0.021972336720452956,0.016628973557653193,-0.13384724964039174,0.10192595476332178
matched_correct_gls_practical,ols_minus_correct,ols,gls_correct,4,20260915,20260914,seed04_ref20260915_label20260914_noise01000_rep004_seed2026094104,0.1,4,0.0012612519453444326,0.0015012797636293485,0.02385935293758401,0.017894772227009692,-0.14194919671734252,0.08529106978032353
matched_correct_gls_practical,ols_minus_correct,ols,gls_correct,4,20260915,20260914,seed04_ref20260915_label20260914_noise01000_rep005_seed2026094105,0.1,5,0.0007086253951143762,0.0014962699978040284,0.021971350195081008,0.01648807280577258,-0.12105134164448272,0.08159427130194974
matched_correct_gls_practical,ols_minus_correct,ols,gls_correct,4,20260915,20260914,seed04_ref20260915_label20260914_noise01000_rep006_seed2026094106,0.1,6,0.0001769779127010762,0.000992048307097898,0.021673068095678927,0.016198856431281716,-0.12708135497123574,0.0682489322173081
matched_correct_gls_practical,ols_minus_correct,ols,gls_correct,4,20260915,20260914,seed04_ref20260915_label20260914_noise01000_rep007_seed2026094107,0.1,7,0.0018050898859383324,0.0016695600850975822,0.02252090273611862,0.016914562372417286,-0.15991233813210082,0.09085465583104457
matched_correct_gls_practical,ols_minus_correct,ols,gls_correct,4,20260915,20260914,seed04_ref20260915_label20260914_noise01000_rep008_seed2026094108,0.1,8,0.0013044172253602604,0.0013661999800388958,0.022913525570412707,0.017163620102175647,-0.1253638330621718,0.08936707396414167
matched_correct_gls_practical,ols_minus_correct,ols,gls_correct,4,20260915,20260914,seed04_ref20260915_label20260914_noise01000_rep009_seed2026094109,0.1,9,0.0009177810461480085,0.0018343548358200346,0.022708710181982172,0.017068489791107033,-0.15349648867038224,0.07578636661594751
matched_correct_gls_practical,ols_minus_correct,ols,gls_correct,4,20260915,20260914,seed04_ref20260915_label20260914_noise01000_rep010_seed2026094110,0.1,10,0.0025046740943261148,0.0023166876417707732,0.022066231025501093,0.016662814878794008,-0.12950531159490009,0.09518700419394688
matched_correct_gls_practical,ols_minus_correct,ols,gls_correct,4,20260915,20260914,seed04_ref20260915_label20260914_noise01000_rep011_seed2026094111,0.1,11,0.0012122613995796117,0.001029723405935823,0.019025901493629038,0.014246883871882277,-0.12049486943056253,0.07207672867880088
matched_correct_gls_practical,ols_minus_correct,ols,gls_correct,4,20260915,20260914,seed04_ref20260915_label20260914_noise02000_rep000_seed2026094100,0.2,0,0.0004602425974540858,0.0023985560587932997,0.01243450825851422,0.009516810345565063,-0.06070098634733978,0.026732218015769416
matched_correct_gls_practical,ols_minus_correct,ols,gls_correct,4,20260915,20260914,seed04_ref20260915_label20260914_noise02000_rep001_seed2026094101,0.2,1,0.002406100708497949,0.003239613094388416,0.017779854558437447,0.013576586327651408,-0.033459321127256914,0.029659124304617812
matched_correct_gls_practical,ols_minus_correct,ols,gls_correct,4,20260915,20260914,seed04_ref20260915_label20260914_noise02000_rep002_seed2026094102,0.2,2,0.0019385320927294836,0.003706753491795195,0.022941295552293073,0.01745414152202268,-0.05164971617719605,0.02989543116636595
matched_correct_gls_practical,ols_minus_correct,ols,gls_correct,4,20260915,20260914,seed04_ref20260915_label20260914_noise02000_rep003_seed2026094103,0.2,3,0.002391080626305747,0.0047134421328440534,0.02123620579208685,0.016341916280721902,-0.047701716625017765,0.04272304330520171
matched_correct_gls_practical,ols_minus_correct,ols,gls_correct,4,20260915,20260914,seed04_ref20260915_label20260914_noise02000_rep004_seed2026094104,0.2,4,0.0015708845085916912,0.002374681711274612,0.024057039204205877,0.018113124235910993,-0.05674535767453981,0.029604168378304152
matched_correct_gls_practical,ols_minus_correct,ols,gls_correct,4,20260915,20260914,seed04_ref20260915_label20260914_noise02000_rep005_seed2026094105,0.2,5,0.0007448719535540216,0.002311239258112746,0.020762271921210607,0.015661010899533145,-0.047232759703199845,0.027256224509863758
matched_correct_gls_practical,ols_minus_correct,ols,gls_correct,4,20260915,20260914,seed04_ref20260915_label20260914_noise02000_rep006_seed2026094106,0.2,6,4.5597891970838855e-05,0.001475125623661755,0.020502982392217706,0.01534223064651663,-0.04879164763069088,0.016746881654218226
matched_correct_gls_practical,ols_minus_correct,ols,gls_correct,4,20260915,20260914,seed04_ref20260915_label20260914_noise02000_rep007_seed2026094107,0.2,7,0.0021545908916541234,0.002819360311839575,0.022766256029207566,0.01720068767315952,-0.07620423934820275,0.03436607623646082
matched_correct_gls_practical,ols_minus_correct,ols,gls_correct,4,20260915,20260914,seed04_ref20260915_label20260914_noise02000_rep008_seed2026094108,0.2,8,0.001382262569596282,0.002129066621692377,0.02304584605486415,0.017307389865509226,-0.05117324522189093,0.03181742072469951
matched_correct_gls_practical,ols_minus_correct,ols,gls_correct,4,20260915,20260914,seed04_ref20260915_label20260914_noise02000_rep009_seed2026094109,0.2,9,0.0008171027529724484,0.0029766444111111456,0.02281255895058898,0.017252823966089015,-0.0729938463720401,0.02203618805306995
matched_correct_gls_practical,ols_minus_correct,ols,gls_correct,4,20260915,20260914,seed04_ref20260915_label20260914_noise02000_rep010_seed2026094110,0.2,10,0.0029051215625580107,0.0037200049791151213,0.020797390783458214,0.015881499034856306,-0.05247334607407028,0.033885630454202786
matched_correct_gls_practical,ols_minus_correct,ols,gls_correct,4,20260915,20260914,seed04_ref20260915_label20260914_noise02000_rep011_seed2026094111,0.2,11,0.0014838485160525161,0.0017768704776159605,0.01479468654138949,0.011177288712848343,-0.043323746315796274,0.018932847821812482
matched_correct_gls_practical,ols_minus_correct,ols,gls_correct,4,20260915,20260914,seed04_ref20260915_label20260914_noise04000_rep000_seed2026094100,0.4,0,0.0009754605351417478,0.0050499535167310705,0.003330426393032826,0.00331471445735515,-0.03310614187338312,0.007743216601050484
matched_correct_gls_practical,ols_minus_correct,ols,gls_correct,4,20260915,20260914,seed04_ref20260915_label20260914_noise04000_rep001_seed2026094101,0.4,1,0.003937407982044616,0.006356532160205458,0.009815861212804311,0.008282174459802671,-0.0025810464725568583,0.01095987655525743
matched_correct_gls_practical,ols_minus_correct,ols,gls_correct,4,20260915,20260914,seed04_ref20260915_label20260914_noise04000_rep002_seed2026094102,0.4,2,0.003160470890635092,0.00662856947281143,0.022852681458447766,0.0178013052721972,-0.023555937063571175,0.011179146885260893
matched_correct_gls_practical,ols_minus_correct,ols,gls_correct,4,20260915,20260914,seed04_ref20260915_label20260914_noise04000_rep003_seed2026094103,0.4,3,0.003499885439420647,0.009452552845020445,0.019581985224246257,0.01591858895991405,-0.013380968248004166,0.019235909116298577
matched_correct_gls_practical,ols_minus_correct,ols,gls_correct,4,20260915,20260914,seed04_ref20260915_label20260914_noise04000_rep004_seed2026094104,0.4,4,0.0019071318288965688,0.004213763574926338,0.024976018364217367,0.01896093569939067,-0.02651418903021807,0.008173899937915063
matched_correct_gls_practical,ols_minus_correct,ols,gls_correct,4,20260915,20260914,seed04_ref20260915_label20260914_noise04000_rep005_seed2026094105,0.4,5,0.0019178750348830542,0.004816130240380551,0.01576308529794379,0.012325921862836653,-0.022853387167081518,0.011191284310725802
matched_correct_gls_practical,ols_minus_correct,ols,gls_correct,4,20260915,20260914,seed04_ref20260915_label20260914_noise04000_rep006_seed2026094106,0.4,6,0.000633301610308501,0.004465596187924498,0.019405498746099425,0.014910404944572797,-0.021274414981321987,0.002601398260915433
matched_correct_gls_practical,ols_minus_correct,ols,gls_correct,4,20260915,20260914,seed04_ref20260915_label20260914_noise04000_rep007_seed2026094107,0.4,7,0.0026319715534318666,0.004862347118546689,0.02515166872667962,0.0191628123994248,-0.04225387868128827,0.012867392050028625
matched_correct_gls_practical,ols_minus_correct,ols,gls_correct,4,20260915,20260914,seed04_ref20260915_label20260914_noise04000_rep008_seed2026094108,0.4,8,0.0017597531621956208,0.004588093480913158,0.022578802302186785,0.01724076887684778,-0.03125609217903813,0.011125569705936256
matched_correct_gls_practical,ols_minus_correct,ols,gls_correct,4,20260915,20260914,seed04_ref20260915_label20260914_noise04000_rep009_seed2026094109,0.4,9,0.0016222718668955638,0.006173292660114266,0.023361841666206473,0.018092203849249255,-0.04151485714738801,0.00640421306601735
matched_correct_gls_practical,ols_minus_correct,ols,gls_correct,4,20260915,20260914,seed04_ref20260915_label20260914_noise04000_rep010_seed2026094110,0.4,10,0.0029195816129989893,0.0058708845254399344,0.015113401275192007,0.012032767514565668,-0.027289097617957836,0.008401195002958328
matched_correct_gls_practical,ols_minus_correct,ols,gls_correct,4,20260915,20260914,seed04_ref20260915_label20260914_noise04000_rep011_seed2026094111,0.4,11,0.0023659806837253994,0.005210978850111375,0.003930252912076604,0.0037739641749705566,-0.01866334600267061,0.0035791202130472932
matched_correct_gls_practical,ols_minus_correct,ols,gls_correct,4,20260915,20260914,seed04_ref20260915_label20260914_noise08000_rep000_seed2026094100,0.8,0,0.0007753629353850489,0.0013579000789409879,0.05548598522908199,0.039988138967068654,-0.01942687049745162,0.010277416517499027
matched_correct_gls_practical,ols_minus_correct,ols,gls_correct,4,20260915,20260914,seed04_ref20260915_label20260914_noise08000_rep001_seed2026094101,0.8,1,-0.0005571513509337045,0.0042944075351523114,0.04411429235599584,0.032436674014408196,-0.009774037057331375,0.0009638993141747321
matched_correct_gls_practical,ols_minus_correct,ols,gls_correct,4,20260915,20260914,seed04_ref20260915_label20260914_noise08000_rep002_seed2026094102,0.8,2,0.0040126733213560195,0.0027344678090150953,0.053961249094446884,0.038810981006935585,-0.022238656651361488,0.009794372961327014
matched_correct_gls_practical,ols_minus_correct,ols,gls_correct,4,20260915,20260914,seed04_ref20260915_label20260914_noise08000_rep003_seed2026094103,0.8,3,0.00525576567209729,0.00886686465365949,0.09783961923562767,0.07190904043109947,-0.004064459211157612,0.01967232796502416
matched_correct_gls_practical,ols_minus_correct,ols,gls_correct,4,20260915,20260914,seed04_ref20260915_label20260914_noise08000_rep004_seed2026094104,0.8,4,0.0018845225412176259,0.00311755697165933,0.027906648932860656,0.02063498570364397,-0.01593264741669964,0.008973021855350982
matched_correct_gls_practical,ols_minus_correct,ols,gls_correct,4,20260915,20260914,seed04_ref20260915_label20260914_noise08000_rep005_seed2026094105,0.8,5,0.0009649876908729427,0.004572387281630008,0.0873820772412115,0.06357088981435988,-0.019513570816759973,0.013150236770966162
matched_correct_gls_practical,ols_minus_correct,ols,gls_correct,4,20260915,20260914,seed04_ref20260915_label20260914_noise08000_rep006_seed2026094106,0.8,6,0.00022752417472327036,0.0021738785884528045,0.05291579395085466,0.03823015433106891,-0.00962651449850882,0.0045856006580007325
matched_correct_gls_practical,ols_minus_correct,ols,gls_correct,4,20260915,20260914,seed04_ref20260915_label20260914_noise08000_rep007_seed2026094107,0.8,7,0.002514848835642347,0.007897772183592722,0.04210693275115729,0.031730746726482906,-0.02829390589688696,0.007374095414346193
matched_correct_gls_practical,ols_minus_correct,ols,gls_correct,4,20260915,20260914,seed04_ref20260915_label20260914_noise08000_rep008_seed2026094108,0.8,8,-0.0007523692349041822,0.0008364162547745968,0.041862948027560076,0.030140582653602643,-0.034325393694744744,0.0041526652262893204
matched_correct_gls_practical,ols_minus_correct,ols,gls_correct,4,20260915,20260914,seed04_ref20260915_label20260914_noise08000_rep009_seed2026094109,0.8,9,0.0013692069459083633,0.0025491615140160184,0.04049217005174821,0.02942957171127414,-0.024637843377162794,0.004803275973385368
matched_correct_gls_practical,ols_minus_correct,ols,gls_correct,4,20260915,20260914,seed04_ref20260915_label20260914_noise08000_rep010_seed2026094110,0.8,10,0.003728687827598498,0.00654460912996585,0.09204972111632737,0.06734624676336842,-0.013020953080013165,0.017603103056554437
matched_correct_gls_practical,ols_minus_correct,ols,gls_correct,4,20260915,20260914,seed04_ref20260915_label20260914_noise08000_rep011_seed2026094111,0.8,11,0.0012485243712632155,0.0024850111999046853,0.042333512570581266,0.03084413635430161,-0.01832930046213832,0.002595225646856658
matched_correct_gls_practical,flattened_minus_correct,gls_flattened,gls_correct,0,20260805,20260804,seed00_ref20260805_label20260804_noise00500_rep000_seed2026090100,0.05,0,-0.0005460889676405789,-0.0008565468328269182,-0.010693437094968727,-0.007931804529001774,-0.21187093417649105,0.0014857502438991865
matched_correct_gls_practical,flattened_minus_correct,gls_flattened,gls_correct,0,20260805,20260804,seed00_ref20260805_label20260804_noise00500_rep001_seed2026090101,0.05,1,-0.0020366420445117606,-0.002257213048192902,0.003571435825980629,0.0023022841267550387,-0.15937742023044033,0.017579810825002706
matched_correct_gls_practical,flattened_minus_correct,gls_flattened,gls_correct,0,20260805,20260804,seed00_ref20260805_label20260804_noise00500_rep002_seed2026090102,0.05,2,-0.0004474826727768333,-0.0007106966588594499,-0.00715028900322956,-0.005315799698536461,-0.168978031182359,0.0019785391167799204
matched_correct_gls_practical,flattened_minus_correct,gls_flattened,gls_correct,0,20260805,20260804,seed00_ref20260805_label20260804_noise00500_rep003_seed2026090103,0.05,3,-0.0024480020381819345,-0.0024802462998468056,0.004988131534550799,0.003307376343705759,-0.18009536098011214,0.00813535711986857
matched_correct_gls_practical,flattened_minus_correct,gls_flattened,gls_correct,0,20260805,20260804,seed00_ref20260805_label20260804_noise00500_rep004_seed2026090104,0.05,4,-0.00034993928118365325,-0.00037489273891964936,-0.008410539055892507,-0.006206607284097054,-0.17596782374851605,0.010648758233711586
matched_correct_gls_practical,flattened_minus_correct,gls_flattened,gls_correct,0,20260805,20260804,seed00_ref20260805_label20260804_noise00500_rep005_seed2026090105,0.05,5,-0.0024419957219445065,-0.0025408417911659265,0.003137535988912532,0.001952635389127877,-0.1718493747066816,0.010603133162581546
matched_correct_gls_practical,flattened_minus_correct,gls_flattened,gls_correct,0,20260805,20260804,seed00_ref20260805_label20260804_noise00500_rep006_seed2026090106,0.05,6,-0.0005600531416952159,-0.0006877167661727829,-0.007376022760155587,-0.005480565544206728,-0.18408706602707525,0.0035044267335750945
matched_correct_gls_practical,flattened_minus_correct,gls_flattened,gls_correct,0,20260805,20260804,seed00_ref20260805_label20260804_noise00500_rep007_seed2026090107,0.05,7,-0.0021203334957666797,-0.002285445389147267,0.00455622987623705,0.003018197999028971,-0.1643950117487698,0.019685175220050866
matched_correct_gls_practical,flattened_minus_correct,gls_flattened,gls_correct,0,20260805,20260804,seed00_ref20260805_label20260804_noise00500_rep008_seed2026090108,0.05,8,-0.0007630350245426687,-0.0008348470957468684,-0.007206971104395943,-0.005372699452029672,-0.19755616553670707,0.0071790481637834525
matched_correct_gls_practical,flattened_minus_correct,gls_flattened,gls_correct,0,20260805,20260804,seed00_ref20260805_label20260804_noise00500_rep009_seed2026090109,0.05,9,-0.0009346846805510511,-0.0009645278217352837,-0.009559585895131062,-0.0071104513734036034,-0.18794864760394248,-0.00972853113211647
matched_correct_gls_practical,flattened_minus_correct,gls_flattened,gls_correct,0,20260805,20260804,seed00_ref20260805_label20260804_noise00500_rep010_seed2026090110,0.05,10,-0.0008818935658809479,-0.0008012761188352507,-0.007339923346478816,-0.005465953899303599,-0.20977624656043536,0.0033750514418620092
matched_correct_gls_practical,flattened_minus_correct,gls_flattened,gls_correct,0,20260805,20260804,seed00_ref20260805_label20260804_noise00500_rep011_seed2026090111,0.05,11,-0.002352223883647836,-0.0022756478958232407,0.003944100046316623,0.002571464794564715,-0.1655439191884498,0.009760794046580923
matched_correct_gls_practical,flattened_minus_correct,gls_flattened,gls_correct,0,20260805,20260804,seed00_ref20260805_label20260804_noise01000_rep000_seed2026090100,0.1,0,-0.001963903240191911,-0.002287334489076115,0.002806506870376313,0.0017417358829420193,-0.09143256122598742,0.004350791907515195
matched_correct_gls_practical,flattened_minus_correct,gls_flattened,gls_correct,0,20260805,20260804,seed00_ref20260805_label20260804_noise01000_rep001_seed2026090101,0.1,1,-0.0012937263331370963,-0.0018090251104463384,0.0032506325988274076,0.002122183474989936,-0.0773895132926472,0.008473934425401675
matched_correct_gls_practical,flattened_minus_correct,gls_flattened,gls_correct,0,20260805,20260804,seed00_ref20260805_label20260804_noise01000_rep002_seed2026090102,0.1,2,-0.001532481134624647,-0.0017741807361258688,0.0033961004958381613,0.00223911270215843,-0.07948186368332344,0.007655577323445906
matched_correct_gls_practical,flattened_minus_correct,gls_flattened,gls_correct,0,20260805,20260804,seed00_ref20260805_label20260804_noise01000_rep003_seed2026090103,0.1,3,-0.002168865137674114,-0.002371213249574289,0.005864045322563904,0.003954996801117272,-0.0929732487056214,0.0006512902661954811
matched_correct_gls_practical,flattened_minus_correct,gls_flattened,gls_correct,0,20260805,20260804,seed00_ref20260805_label20260804_noise01000_rep004_seed2026090104,0.1,4,-0.001422945758308869,-0.0019153358457792147,0.004508908280803192,0.0030334693830838533,-0.07634365235724183,0.011386575362450024
matched_correct_gls_practical,flattened_minus_correct,gls_flattened,gls_correct,0,20260805,20260804,seed00_ref20260805_label20260804_noise01000_rep005_seed2026090105,0.1,5,-0.0019377376844117722,-0.0022382400233874056,0.002383476364160031,0.0014402283460158705,-0.08433206089982748,0.0025826877956884875
matched_correct_gls_practical,flattened_minus_correct,gls_flattened,gls_correct,0,20260805,20260804,seed00_ref20260805_label20260804_noise01000_rep006_seed2026090106,0.1,6,-0.0017667096443265418,-0.0019106097204285022,0.003770699749561679,0.002493077092985463,-0.0842618671856632,0.0031543471463924
matched_correct_gls_practical,flattened_minus_correct,gls_flattened,gls_correct,0,20260805,20260804,seed00_ref20260805_label20260804_noise01000_rep007_seed2026090107,0.1,7,-0.001459217073036423,-0.001978788051488989,0.005123289397614195,0.0034712696083119,-0.07912806715558673,0.010714847838475094
matched_correct_gls_practical,flattened_minus_correct,gls_flattened,gls_correct,0,20260805,20260804,seed00_ref20260805_label20260804_noise01000_rep008_seed2026090108,0.1,8,-0.0017182196336116284,-0.0024716497007517546,0.003670191965615577,0.002351627419209912,-0.09184624849063794,0.003932257278054907
matched_correct_gls_practical,flattened_minus_correct,gls_flattened,gls_correct,0,20260805,20260804,seed00_ref20260805_label20260804_noise01000_rep009_seed2026090109,0.1,9,-0.0014817077120145572,-0.001964792471456256,0.0023864099881141243,0.0014806917026006783,-0.08364092072014873,0.007961352410442935
matched_correct_gls_practical,flattened_minus_correct,gls_flattened,gls_correct,0,20260805,20260804,seed00_ref20260805_label20260804_noise01000_rep010_seed2026090110,0.1,10,-0.002187923697868216,-0.002591648430144561,0.005171428245384635,0.003427030484021709,-0.09101802878290655,0.001270217197317125
matched_correct_gls_practical,flattened_minus_correct,gls_flattened,gls_correct,0,20260805,20260804,seed00_ref20260805_label20260804_noise01000_rep011_seed2026090111,0.1,11,-0.0020310684346859786,-0.002076892572816652,0.003985758962043784,0.0026242482387359156,-0.08215658292558925,0.0008663890855398204
matched_correct_gls_practical,flattened_minus_correct,gls_flattened,gls_correct,0,20260805,20260804,seed00_ref20260805_label20260804_noise02000_rep000_seed2026090100,0.2,0,-0.0008022813024431141,-0.0012483552385840202,0.0018450514571435317,0.0011580048725745584,-0.04268198286340086,0.0030086347238338362
matched_correct_gls_practical,flattened_minus_correct,gls_flattened,gls_correct,0,20260805,20260804,seed00_ref20260805_label20260804_noise02000_rep001_seed2026090101,0.2,1,0.0001249416250299895,-0.00016895728964771983,0.002488414696095398,0.0017755023892599975,-0.03358419184759209,0.006265104582946268
matched_correct_gls_practical,flattened_minus_correct,gls_flattened,gls_correct,0,20260805,20260804,seed00_ref20260805_label20260804_noise02000_rep002_seed2026090102,0.2,2,-0.0001912549623644677,-5.199673453373799e-05,0.0029764325887329246,0.002149688328477506,-0.033599768429314336,0.005571080845734988
matched_correct_gls_practical,flattened_minus_correct,gls_flattened,gls_correct,0,20260805,20260804,seed00_ref20260805_label20260804_noise02000_rep003_seed2026090103,0.2,3,-0.0013352947154909867,-0.001417246537496808,0.0073344693180381615,0.00511007128150337,-0.042984721399111914,-0.00014706436298350667
matched_correct_gls_practical,flattened_minus_correct,gls_flattened,gls_correct,0,20260805,20260804,seed00_ref20260805_label20260804_noise02000_rep004_seed2026090104,0.2,4,-0.00012237510307525068,-0.0006854475456440356,0.00496827180526227,0.003508360543869382,-0.03752713242593475,0.007489671889994831
matched_correct_gls_practical,flattened_minus_correct,gls_flattened,gls_correct,0,20260805,20260804,seed00_ref20260805_label20260804_noise02000_rep005_seed2026090105,0.2,5,-0.0008339885710018646,-0.0010928197471223866,0.0009340930425268956,0.0005199615802827795,-0.03636597300669542,0.0019754823005471156
matched_correct_gls_practical,flattened_minus_correct,gls_flattened,gls_correct,0,20260805,20260804,seed00_ref20260805_label20260804_noise02000_rep006_seed2026090106,0.2,6,-0.00042964580509075034,-0.0005217404475425236,0.0035264235631369267,0.0024804288994257906,-0.03676254918313848,0.0027041572991119978
matched_correct_gls_practical,flattened_minus_correct,gls_flattened,gls_correct,0,20260805,20260804,seed00_ref20260805_label20260804_noise02000_rep007_seed2026090107,0.2,7,-0.00017772998234738546,-0.0005952934026687007,0.006199066949507004,0.004411220570095409,-0.034191182635788575,0.007151167989806195
matched_correct_gls_practical,flattened_minus_correct,gls_flattened,gls_correct,0,20260805,20260804,seed00_ref20260805_label20260804_noise02000_rep008_seed2026090108,0.2,8,-0.0006857027654248726,-0.0016146707064013388,0.003512099644702338,0.0023217730272524495,-0.043659073013417427,0.001765830151579939
matched_correct_gls_practical,flattened_minus_correct,gls_flattened,gls_correct,0,20260805,20260804,seed00_ref20260805_label20260804_noise02000_rep009_seed2026090109,0.2,9,-0.00018963635947780166,-0.0007206303116864543,0.0012983829048659468,0.0008395166634092011,-0.041242836035472186,0.004548891995594495
matched_correct_gls_practical,flattened_minus_correct,gls_flattened,gls_correct,0,20260805,20260804,seed00_ref20260805_label20260804_noise02000_rep010_seed2026090110,0.2,10,-0.0009226356518080847,-0.0014550339573922988,0.006581483575498814,0.004565767217898531,-0.04052982163589092,0.0014950666233006782
matched_correct_gls_practical,flattened_minus_correct,gls_flattened,gls_correct,0,20260805,20260804,seed00_ref20260805_label20260804_noise02000_rep011_seed2026090111,0.2,11,-0.0010619096183120402,-0.0009609632217346675,0.004194973488070519,0.0029005751579281314,-0.035542795007307504,0.0004258793143276929
matched_correct_gls_practical,flattened_minus_correct,gls_flattened,gls_correct,0,20260805,20260804,seed00_ref20260805_label20260804_noise04000_rep000_seed2026090100,0.4,0,0.0005238475502066797,0.0007231525568381358,-2.81874456254938e-05,0.00010730072251996514,-0.023437684054752328,0.002267638704013253
matched_correct_gls_practical,flattened_minus_correct,gls_flattened,gls_correct,0,20260805,20260804,seed00_ref20260805_label20260804_noise04000_rep001_seed2026090101,0.4,1,0.0014747031877923589,0.002914261281468905,0.0003953159797561723,0.0008268301249705345,-0.02061220211783521,0.00427157836165426
matched_correct_gls_practical,flattened_minus_correct,gls_flattened,gls_correct,0,20260805,20260804,seed00_ref20260805_label20260804_noise04000_rep002_seed2026090102,0.4,2,0.0015953397239968359,0.0037044285425342494,0.002734828347339291,0.0026249707728678295,-0.01810658429145362,0.0046812527463651055
matched_correct_gls_practical,flattened_minus_correct,gls_flattened,gls_correct,0,20260805,20260804,seed00_ref20260805_label20260804_noise04000_rep003_seed2026090103,0.4,3,-0.00016421512403230754,0.0011938265839573636,0.009081124952953212,0.006712902286503675,-0.021950318666623003,0.0006434147942517843
matched_correct_gls_practical,flattened_minus_correct,gls_flattened,gls_correct,0,20260805,20260804,seed00_ref20260805_label20260804_noise04000_rep004_seed2026090104,0.4,4,0.0011524195246357394,0.0020165597019254633,0.006408004339517381,0.004944772022514532,-0.027139227831278312,0.005074934156584332
matched_correct_gls_practical,flattened_minus_correct,gls_flattened,gls_correct,0,20260805,20260804,seed00_ref20260805_label20260804_noise04000_rep005_seed2026090105,0.4,5,0.0003153828735898423,0.0012649708949406535,-0.0021486528686643913,-0.0013163210975453699,-0.018197875872284275,0.0022028059013241563
matched_correct_gls_practical,flattened_minus_correct,gls_flattened,gls_correct,0,20260805,20260804,seed00_ref20260805_label20260804_noise04000_rep006_seed2026090106,0.4,6,0.0010005985744001578,0.002212488935831841,0.0024862572623273183,0.002177156809165137,-0.019130731266494116,0.002225927149608342
matched_correct_gls_practical,flattened_minus_correct,gls_flattened,gls_correct,0,20260805,20260804,seed00_ref20260805_label20260804_noise04000_rep007_seed2026090107,0.4,7,0.0012320452567758933,0.0029664095334596408,0.008069249677774226,0.0063030531207204366,-0.019399829866820095,0.005338069928488842
matched_correct_gls_practical,flattened_minus_correct,gls_flattened,gls_correct,0,20260805,20260804,seed00_ref20260805_label20260804_noise04000_rep008_seed2026090108,0.4,8,0.00047746539296616985,0.0010726157651161916,0.002772003474756257,0.002173542814516427,-0.025154916722965437,0.0013321761788780417
matched_correct_gls_practical,flattened_minus_correct,gls_flattened,gls_correct,0,20260805,20260804,seed00_ref20260805_label20260804_noise04000_rep009_seed2026090109,0.4,9,0.0009671243195706336,0.001784274610222708,0.0010042531560020551,0.0010294634535013003,-0.02666612118980982,0.0016358653807304613
matched_correct_gls_practical,flattened_minus_correct,gls_flattened,gls_correct,0,20260805,20260804,seed00_ref20260805_label20260804_noise04000_rep010_seed2026090110,0.4,10,0.0008791784411953385,0.0018125826732925399,0.009608960686124157,0.00720008167564179,-0.019557235264386685,0.0030274369328218143
matched_correct_gls_practical,flattened_minus_correct,gls_flattened,gls_correct,0,20260805,20260804,seed00_ref20260805_label20260804_noise04000_rep011_seed2026090111,0.4,11,-2.5682704851648364e-05,0.001746462435907148,0.004959136083278692,0.003859795718910597,-0.017743131420416836,0.0009451192672209618
matched_correct_gls_practical,flattened_minus_correct,gls_flattened,gls_correct,0,20260805,20260804,seed00_ref20260805_label20260804_noise08000_rep000_seed2026090100,0.8,0,0.000494992158548091,0.0016389970438097645,0.030720487806639718,0.02183478966577468,-0.02181484547148904,0.007421991674487094
matched_correct_gls_practical,flattened_minus_correct,gls_flattened,gls_correct,0,20260805,20260804,seed00_ref20260805_label20260804_noise08000_rep001_seed2026090101,0.8,1,0.0005692029521191522,0.0009271281677367682,-0.001246189525405561,-0.0006582790339051403,-0.01738118569266489,0.0045591230897923385
matched_correct_gls_practical,flattened_minus_correct,gls_flattened,gls_correct,0,20260805,20260804,seed00_ref20260805_label20260804_noise08000_rep002_seed2026090102,0.8,2,0.0004458865225818176,0.00377963850769375,0.020544218748300147,0.015223661687873036,-0.025731192744667952,0.006020260213437156
matched_correct_gls_practical,flattened_minus_correct,gls_flattened,gls_correct,0,20260805,20260804,seed00_ref20260805_label20260804_noise08000_rep003_seed2026090103,0.8,3,-0.001702866337316089,-0.00010028273389506293,0.035977342417594094,0.02519893535964468,-0.016579582178320118,0.0017053614899600333
matched_correct_gls_practical,flattened_minus_correct,gls_flattened,gls_correct,0,20260805,20260804,seed00_ref20260805_label20260804_noise08000_rep004_seed2026090104,0.8,4,0.0006575600752606325,0.000579712928292675,0.02549841787122653,0.01797671673529777,-0.025801962453198657,0.010359644750227881
matched_correct_gls_practical,flattened_minus_correct,gls_flattened,gls_correct,0,20260805,20260804,seed00_ref20260805_label20260804_noise08000_rep005_seed2026090105,0.8,5,-0.00042606882872719964,-0.0009538318383676136,0.005086046083194962,0.0033275355947218754,-0.023850593694895394,0.0013624885609189175
matched_correct_gls_practical,flattened_minus_correct,gls_flattened,gls_correct,0,20260805,20260804,seed00_ref20260805_label20260804_noise08000_rep006_seed2026090106,0.8,6,-0.00014957297796669433,-0.0011825733187321719,0.012882860583593225,0.008692845942997462,-0.02414176333920004,0.0013394128615902279
matched_correct_gls_practical,flattened_minus_correct,gls_flattened,gls_correct,0,20260805,20260804,seed00_ref20260805_label20260804_noise08000_rep007_seed2026090107,0.8,7,-0.0007676648859199497,0.002036980864151161,0.03881416705585283,0.027707578985121106,-0.02126201560263219,0.006496796194717991
matched_correct_gls_practical,flattened_minus_correct,gls_flattened,gls_correct,0,20260805,20260804,seed00_ref20260805_label20260804_noise08000_rep008_seed2026090108,0.8,8,0.0020304133464958962,0.0017128144228574227,0.026413971787728197,0.018884367553655745,-0.0209330368129792,0.009403445158056023
matched_correct_gls_practical,flattened_minus_correct,gls_flattened,gls_correct,0,20260805,20260804,seed00_ref20260805_label20260804_noise08000_rep009_seed2026090109,0.8,9,-0.0008954585163338802,-0.0002986002865362769,0.020431626618791277,0.014296133069987338,-0.0254147183517186,0.004500130835109806
matched_correct_gls_practical,flattened_minus_correct,gls_flattened,gls_correct,0,20260805,20260804,seed00_ref20260805_label20260804_noise08000_rep010_seed2026090110,0.8,10,0.0005641656790068561,-0.0005941587920158531,0.033050877911984355,0.022892654768380982,-0.0173307207975697,0.003079351786096085
matched_correct_gls_practical,flattened_minus_correct,gls_flattened,gls_correct,0,20260805,20260804,seed00_ref20260805_label20260804_noise08000_rep011_seed2026090111,0.8,11,-0.0020380839330839118,-0.0002993124332676955,0.008344473703924216,0.005783018786056582,-0.02228312079624528,0.00020632535631959215
matched_correct_gls_practical,flattened_minus_correct,gls_flattened,gls_correct,1,20260815,20260814,seed01_ref20260815_label20260814_noise00500_rep000_seed2026091100,0.05,0,-0.0005452911126563598,-0.0003773928510072688,0.004227280393620969,0.0030672552253613317,-0.29074736577870475,0.07553066942926101
matched_correct_gls_practical,flattened_minus_correct,gls_flattened,gls_correct,1,20260815,20260814,seed01_ref20260815_label20260814_noise00500_rep001_seed2026091101,0.05,1,-0.0018077285150595312,-0.0016771332521359483,-0.0023312664841989017,-0.001937785653452262,-0.3286729269060569,0.015158860175793265
matched_correct_gls_practical,flattened_minus_correct,gls_flattened,gls_correct,1,20260815,20260814,seed01_ref20260815_label20260814_noise00500_rep002_seed2026091102,0.05,2,-0.001158494218673256,-0.0012360815670175718,-0.0028574665968298385,-0.002270276660166992,-0.3711674709698838,0.011873290794369051
matched_correct_gls_practical,flattened_minus_correct,gls_flattened,gls_correct,1,20260815,20260814,seed01_ref20260815_label20260814_noise00500_rep003_seed2026091103,0.05,3,-0.00021498608670586505,-0.0004211063925576297,0.004151074426211654,0.0030080446725750387,-0.31855460263602,0.0855956458198106
matched_correct_gls_practical,flattened_minus_correct,gls_flattened,gls_correct,1,20260815,20260814,seed01_ref20260815_label20260814_noise00500_rep004_seed2026091104,0.05,4,-0.0005378819341041452,-0.0006872626353925937,-0.0005042984554689545,-0.0004572562326080609,-0.30973570018069685,0.036516088050683404
matched_correct_gls_practical,flattened_minus_correct,gls_flattened,gls_correct,1,20260815,20260814,seed01_ref20260815_label20260814_noise00500_rep005_seed2026091105,0.05,5,-0.0015458227679518988,-0.0017854012620527882,-0.0013406426067813504,-0.0012102317735542822,-0.31415569939084786,0.004614821400493074
matched_correct_gls_practical,flattened_minus_correct,gls_flattened,gls_correct,1,20260815,20260814,seed01_ref20260815_label20260814_noise00500_rep006_seed2026091106,0.05,6,-0.001483652220066245,-0.0015872267523099337,-0.0011362779923161925,-0.0010401053507850255,-0.3857400850254935,0.00801973536249001
matched_correct_gls_practical,flattened_minus_correct,gls_flattened,gls_correct,1,20260815,20260814,seed01_ref20260815_label20260814_noise00500_rep007_seed2026091107,0.05,7,-0.001442487191861519,-0.0016017617078043778,-0.002607402304680928,-0.0021318567158864488,-0.3589596458012383,-0.0017936174003785332
matched_correct_gls_practical,flattened_minus_correct,gls_flattened,gls_correct,1,20260815,20260814,seed01_ref20260815_label20260814_noise00500_rep008_seed2026091108,0.05,8,-0.0012022513768009946,-0.0012706769803303153,0.00043010075706417794,0.00016145706157455475,-0.3577033581973703,0.02573507829374888
matched_correct_gls_practical,flattened_minus_correct,gls_flattened,gls_correct,1,20260815,20260814,seed01_ref20260815_label20260814_noise00500_rep009_seed2026091109,0.05,9,-0.0018009060750074635,-0.001603296766420903,-0.003498948769876553,-0.0027948200991964045,-0.39445514293905237,-0.025664229978004105
matched_correct_gls_practical,flattened_minus_correct,gls_flattened,gls_correct,1,20260815,20260814,seed01_ref20260815_label20260814_noise00500_rep010_seed2026091110,0.05,10,-0.0012374848059027166,-0.001459501668890112,-0.0002664580512451442,-0.00037131190639183576,-0.36771143051626387,0.05107005540581255
matched_correct_gls_practical,flattened_minus_correct,gls_flattened,gls_correct,1,20260815,20260814,seed01_ref20260815_label20260814_noise00500_rep011_seed2026091111,0.05,11,-0.0014248326495711616,-0.001112562529205413,-0.0015180289544486358,-0.0012596865248480915,-0.35192365504494516,0.012242198228300527
matched_correct_gls_practical,flattened_minus_correct,gls_flattened,gls_correct,1,20260815,20260814,seed01_ref20260815_label20260814_noise01000_rep000_seed2026091100,0.1,0,-0.00016821240184242137,0.00020161794824469226,0.003532178104586392,0.0026360719937196797,-0.13514076374292805,0.03708323114709011
matched_correct_gls_practical,flattened_minus_correct,gls_flattened,gls_correct,1,20260815,20260814,seed01_ref20260815_label20260814_noise01000_rep001_seed2026091101,0.1,1,-0.0001255690561564049,-0.0002471048630748318,0.0046258105024173934,0.0033826304448029143,-0.14295941733206052,0.036734364424396704
matched_correct_gls_practical,flattened_minus_correct,gls_flattened,gls_correct,1,20260815,20260814,seed01_ref20260815_label20260814_noise01000_rep002_seed2026091102,0.1,2,-0.00031371359894410977,-0.0005269694100368261,0.003811116695651262,0.0027432531427923346,-0.13720245611041637,0.038671212349423056
matched_correct_gls_practical,flattened_minus_correct,gls_flattened,gls_correct,1,20260815,20260814,seed01_ref20260815_label20260814_noise01000_rep003_seed2026091103,0.1,3,0.0002511720133243356,-7.615730588131364e-05,0.0032132118797686404,0.0023657290356789984,-0.15465120795184428,0.0423748076034387
matched_correct_gls_practical,flattened_minus_correct,gls_flattened,gls_correct,1,20260815,20260814,seed01_ref20260815_label20260814_noise01000_rep004_seed2026091104,0.1,4,-0.00025981710423686466,-0.00070568269147675,0.004620430587806701,0.003317213685621434,-0.13447419311552355,0.035497725222628285
matched_correct_gls_practical,flattened_minus_correct,gls_flattened,gls_correct,1,20260815,20260814,seed01_ref20260815_label20260814_noise01000_rep005_seed2026091105,0.1,5,-0.0003330665992674342,-0.00015531857124106985,0.002525618495877069,0.0018437310249654337,-0.15834449975938036,0.030364490851757076
matched_correct_gls_practical,flattened_minus_correct,gls_flattened,gls_correct,1,20260815,20260814,seed01_ref20260815_label20260814_noise01000_rep006_seed2026091106,0.1,6,-0.0002841357008995238,-0.0004423444300516166,0.003934726504720043,0.002841755166906934,-0.15366079169444902,0.03250812684860782
matched_correct_gls_practical,flattened_minus_correct,gls_flattened,gls_correct,1,20260815,20260814,seed01_ref20260815_label20260814_noise01000_rep007_seed2026091107,0.1,7,0.0001591587019396934,2.6209070337124274e-05,0.005247809889025179,0.003878833005328264,-0.1398099988636381,0.04403888363604791
matched_correct_gls_practical,flattened_minus_correct,gls_flattened,gls_correct,1,20260815,20260814,seed01_ref20260815_label20260814_noise01000_rep008_seed2026091108,0.1,8,0.00039036457223182164,-0.00014110700153252553,0.002239210423221727,0.0016360362758440772,-0.13846017496393892,0.03920293533689767
matched_correct_gls_practical,flattened_minus_correct,gls_flattened,gls_correct,1,20260815,20260814,seed01_ref20260815_label20260814_noise01000_rep009_seed2026091109,0.1,9,-0.0006546604740158279,-0.0005189823946592231,0.0017892361453298866,0.0012502343766510604,-0.14107913148603068,0.03282336896005389
matched_correct_gls_practical,flattened_minus_correct,gls_flattened,gls_correct,1,20260815,20260814,seed01_ref20260815_label20260814_noise01000_rep010_seed2026091110,0.1,10,-0.000585269116042092,-0.0005868556662247948,0.0060532798278036815,0.004389270017617797,-0.1443730703846704,0.03387648472243798
matched_correct_gls_practical,flattened_minus_correct,gls_flattened,gls_correct,1,20260815,20260814,seed01_ref20260815_label20260814_noise01000_rep011_seed2026091111,0.1,11,-0.0006430598713619284,-0.0002155192795300631,0.0036655402777370227,0.002682130856065057,-0.1424401145848866,0.028757750300401508
matched_correct_gls_practical,flattened_minus_correct,gls_flattened,gls_correct,1,20260815,20260814,seed01_ref20260815_label20260814_noise02000_rep000_seed2026091100,0.2,0,0.0005399621495965623,0.0017249298008629177,0.0029780199810819363,0.002456782289969872,-0.06512832785079081,0.0138716728940953
matched_correct_gls_practical,flattened_minus_correct,gls_flattened,gls_correct,1,20260815,20260814,seed01_ref20260815_label20260814_noise02000_rep001_seed2026091101,0.2,1,0.0007106365079100896,0.0008936878604521026,0.005592502191794191,0.004249353115365617,-0.06952093058973641,0.015070790771510856
matched_correct_gls_practical,flattened_minus_correct,gls_flattened,gls_correct,1,20260815,20260814,seed01_ref20260815_label20260814_noise02000_rep002_seed2026091102,0.2,2,0.00041554417114381126,0.0003089609774377111,0.003645981380537844,0.0027305239541972615,-0.06449384434805672,0.016311187191692333
matched_correct_gls_practical,flattened_minus_correct,gls_flattened,gls_correct,1,20260815,20260814,seed01_ref20260815_label20260814_noise02000_rep003_seed2026091103,0.2,3,0.0012718821760289711,0.0011062198833986236,0.0024366446839784173,0.0019579039272234477,-0.07661584434512081,0.01861553621133072
matched_correct_gls_practical,flattened_minus_correct,gls_flattened,gls_correct,1,20260815,20260814,seed01_ref20260815_label20260814_noise02000_rep004_seed2026091104,0.2,4,0.0004238971813589343,3.1321168423859014e-06,0.005216386075122648,0.0038429100324373078,-0.060913801182128635,0.012765606606872204
matched_correct_gls_practical,flattened_minus_correct,gls_flattened,gls_correct,1,20260815,20260814,seed01_ref20260815_label20260814_noise02000_rep005_seed2026091105,0.2,5,0.00026507954025539737,0.0010165014717169185,0.001362928517849915,0.0011569564444607883,-0.08628988409597182,0.009404909427548347
matched_correct_gls_practical,flattened_minus_correct,gls_flattened,gls_correct,1,20260815,20260814,seed01_ref20260815_label20260814_noise02000_rep006_seed2026091106,0.2,6,0.00032681814730173286,0.0002811753887887458,0.003837920262575789,0.0028633356124531106,-0.08235888382246381,0.010772438335411971
matched_correct_gls_practical,flattened_minus_correct,gls_flattened,gls_correct,1,20260815,20260814,seed01_ref20260815_label20260814_noise02000_rep007_seed2026091107,0.2,7,0.0009238754367519864,0.0012886096525125679,0.006499400329457505,0.004975470346554156,-0.06635164939444871,0.018869210076055687
matched_correct_gls_practical,flattened_minus_correct,gls_flattened,gls_correct,1,20260815,20260814,seed01_ref20260815_label20260814_noise02000_rep008_seed2026091108,0.2,8,0.0014399650330384484,0.0010858386376982054,0.0007476655230925777,0.000710225880022175,-0.06292404580478661,0.01567767797670294
matched_correct_gls_practical,flattened_minus_correct,gls_flattened,gls_correct,1,20260815,20260814,seed01_ref20260815_label20260814_noise02000_rep009_seed2026091109,0.2,9,-0.0002938420291782595,0.0003272117005230779,-0.00023196679408876708,-0.00012207956605753134,-0.07373435561177932,0.010297121478646698
matched_correct_gls_practical,flattened_minus_correct,gls_flattened,gls_correct,1,20260815,20260814,seed01_ref20260815_label20260814_noise02000_rep010_seed2026091110,0.2,10,8.178668345409923e-05,0.0003111722255849936,0.00818741303883197,0.006070525062001897,-0.06964685769250378,0.013206139733808353
matched_correct_gls_practical,flattened_minus_correct,gls_flattened,gls_correct,1,20260815,20260814,seed01_ref20260815_label20260814_noise02000_rep011_seed2026091111,0.2,11,-1.996498387274448e-05,0.0009735505379130371,0.0035447356417916964,0.0027552739007203897,-0.06784431234822663,0.008426636866260662
matched_correct_gls_practical,flattened_minus_correct,gls_flattened,gls_correct,1,20260815,20260814,seed01_ref20260815_label20260814_noise04000_rep000_seed2026091100,0.4,0,0.001307524193822407,0.004309307734765094,0.001111646224391305,0.001622996583016456,-0.043124350516276166,0.0011243243557019778
matched_correct_gls_practical,flattened_minus_correct,gls_flattened,gls_correct,1,20260815,20260814,seed01_ref20260815_label20260814_noise04000_rep001_seed2026091101,0.4,1,0.0021346192627061944,0.00443193129437125,0.007788998643435963,0.006477417237441441,-0.04007847602413506,0.006749322142542091
matched_correct_gls_practical,flattened_minus_correct,gls_flattened,gls_correct,1,20260815,20260814,seed01_ref20260815_label20260814_noise04000_rep002_seed2026091102,0.4,2,0.0015774651165509357,0.0023462571487550266,0.002835390754718281,0.0024884212768430114,-0.0386064635610992,0.007902544983920512
matched_correct_gls_practical,flattened_minus_correct,gls_flattened,gls_correct,1,20260815,20260814,seed01_ref20260815_label20260814_noise04000_rep003_seed2026091103,0.4,3,0.0027725501281222753,0.0039768296701928885,0.00044523050927969265,0.001023436566262692,-0.04664287801686773,0.007942177123148042
matched_correct_gls_practical,flattened_minus_correct,gls_flattened,gls_correct,1,20260815,20260814,seed01_ref20260815_label20260814_noise04000_rep004_seed2026091104,0.4,4,0.0010760551158899845,0.001753757853896587,0.006915990386622939,0.005345213319921105,-0.03432628273687044,0.0029703392021240838
matched_correct_gls_practical,flattened_minus_correct,gls_flattened,gls_correct,1,20260815,20260814,seed01_ref20260815_label20260814_noise04000_rep005_seed2026091105,0.4,5,0.0009404892737885917,0.003388959815805781,-3.754037738845639e-05,0.0005879410584744837,-0.058240705570391516,0.0012316813802659698
matched_correct_gls_practical,flattened_minus_correct,gls_flattened,gls_correct,1,20260815,20260814,seed01_ref20260815_label20260814_noise04000_rep006_seed2026091106,0.4,6,0.0012183819386196726,0.0019327263157676022,0.003971242870844827,0.0032413004889962904,-0.05182097981932676,0.0031535470048305037
matched_correct_gls_practical,flattened_minus_correct,gls_flattened,gls_correct,1,20260815,20260814,seed01_ref20260815_label20260814_noise04000_rep007_seed2026091107,0.4,7,0.001445102677348542,0.002534531130591322,0.00894383127958387,0.006955490873722159,-0.03869522928936586,0.006732595252540108
matched_correct_gls_practical,flattened_minus_correct,gls_flattened,gls_correct,1,20260815,20260814,seed01_ref20260815_label20260814_noise04000_rep008_seed2026091108,0.4,8,0.0026179669641776537,0.0036625187071275545,-0.00126217827768349,-0.0002836561859189679,-0.036388276340035386,0.00549848920926177
matched_correct_gls_practical,flattened_minus_correct,gls_flattened,gls_correct,1,20260815,20260814,seed01_ref20260815_label20260814_noise04000_rep009_seed2026091109,0.4,9,0.0008985209991854148,0.0030500660847772587,-0.0045166894830348525,-0.002733935133703458,-0.04586063197513757,0.0032360187303546173
matched_correct_gls_practical,flattened_minus_correct,gls_flattened,gls_correct,1,20260815,20260814,seed01_ref20260815_label20260814_noise04000_rep010_seed2026091110,0.4,10,0.0011431528100493416,0.002886368898018632,0.011925463980856144,0.009186726098178388,-0.04061489825314246,0.006531610336261373
matched_correct_gls_practical,flattened_minus_correct,gls_flattened,gls_correct,1,20260815,20260814,seed01_ref20260815_label20260814_noise04000_rep011_seed2026091111,0.4,11,0.0009006486077278719,0.003923346976875769,0.005204775377860238,0.004473468032991423,-0.038852570132852815,0.002007660913668552
matched_correct_gls_practical,flattened_minus_correct,gls_flattened,gls_correct,1,20260815,20260814,seed01_ref20260815_label20260814_noise08000_rep000_seed2026091100,0.8,0,-0.00032783325704677235,-0.00035653745965796846,0.027019043625443606,0.018914914098222657,-0.033105342617125944,0.0012570095290449501
matched_correct_gls_practical,flattened_minus_correct,gls_flattened,gls_correct,1,20260815,20260814,seed01_ref20260815_label20260814_noise08000_rep001_seed2026091101,0.8,1,-6.722932739444687e-05,0.000757185140800698,0.04062959856568449,0.02897093569623832,-0.04318141952938093,0.003098940799383776
matched_correct_gls_practical,flattened_minus_correct,gls_flattened,gls_correct,1,20260815,20260814,seed01_ref20260815_label20260814_noise08000_rep002_seed2026091102,0.8,2,0.00018978729347673973,0.0010005680657916294,0.0241150932312042,0.017478134824777003,-0.03617947954890699,0.0040249849509153
matched_correct_gls_practical,flattened_minus_correct,gls_flattened,gls_correct,1,20260815,20260814,seed01_ref20260815_label20260814_noise08000_rep003_seed2026091103,0.8,3,0.001847197464233119,0.00017180418649404006,0.006783133100706107,0.004898092606833049,-0.04113219786315048,0.0022822662287236284
matched_correct_gls_practical,flattened_minus_correct,gls_flattened,gls_correct,1,20260815,20260814,seed01_ref20260815_label20260814_noise08000_rep004_seed2026091104,0.8,4,0.00010088275213204767,0.0012149745107905008,0.03302678011230553,0.023870263525183844,-0.033771367207310554,0.0045297612634593865
matched_correct_gls_practical,flattened_minus_correct,gls_flattened,gls_correct,1,20260815,20260814,seed01_ref20260815_label20260814_noise08000_rep005_seed2026091105,0.8,5,-0.0003549506373099476,-0.00043738306064911026,0.00771170503153884,0.00538434275145061,-0.04310679687621444,0.0021282562024682594
matched_correct_gls_practical,flattened_minus_correct,gls_flattened,gls_correct,1,20260815,20260814,seed01_ref20260815_label20260814_noise08000_rep006_seed2026091106,0.8,6,-0.00024216723190917389,0.0004518034073068833,0.020234771498434223,0.014447214336716141,-0.04620886545995795,0.0026511056649831666
matched_correct_gls_practical,flattened_minus_correct,gls_flattened,gls_correct,1,20260815,20260814,seed01_ref20260815_label20260814_noise08000_rep007_seed2026091107,0.8,7,0.000406627379832325,-0.0004835104706863991,0.03181342591561909,0.022493039347344923,-0.02974081295560138,0.0060689967133678024
matched_correct_gls_practical,flattened_minus_correct,gls_flattened,gls_correct,1,20260815,20260814,seed01_ref20260815_label20260814_noise08000_rep008_seed2026091108,0.8,8,-0.00030010221064069587,-0.0017616134424356944,0.007783966267224107,0.005170635661013834,-0.032989979997627095,0.0011973263190212524
matched_correct_gls_practical,flattened_minus_correct,gls_flattened,gls_correct,1,20260815,20260814,seed01_ref20260815_label20260814_noise08000_rep009_seed2026091109,0.8,9,0.000555798253935702,0.0013177413668895577,0.004862436510162382,0.0037588589341043255,-0.038168341844743825,0.003845127350079025
matched_correct_gls_practical,flattened_minus_correct,gls_flattened,gls_correct,1,20260815,20260814,seed01_ref20260815_label20260814_noise08000_rep010_seed2026091110,0.8,10,0.00018395729561759833,0.0019743425786455937,0.028783184211814583,0.02102552840499705,-0.03754945993481118,0.002157236736766821
matched_correct_gls_practical,flattened_minus_correct,gls_flattened,gls_correct,1,20260815,20260814,seed01_ref20260815_label20260814_noise08000_rep011_seed2026091111,0.8,11,-0.0006564964487136837,0.001110100281391302,0.04295785111755401,0.030908010456290103,-0.031236854669490555,0.0017361440895817815
matched_correct_gls_practical,flattened_minus_correct,gls_flattened,gls_correct,2,20260825,20260824,seed02_ref20260825_label20260824_noise00500_rep000_seed2026092100,0.05,0,-0.0024454115488924677,-0.0025943226486784543,0.005926527406714288,0.004145960803932813,-0.16080257403061626,-0.012431623544831627
matched_correct_gls_practical,flattened_minus_correct,gls_flattened,gls_correct,2,20260825,20260824,seed02_ref20260825_label20260824_noise00500_rep001_seed2026092101,0.05,1,-0.0023487543708779757,-0.0023044226443782456,0.0057025541209593245,0.004008451072954999,-0.156849430529598,-0.009544427853733772
matched_correct_gls_practical,flattened_minus_correct,gls_flattened,gls_correct,2,20260825,20260824,seed02_ref20260825_label20260824_noise00500_rep002_seed2026092102,0.05,2,-0.002671349941659601,-0.002725971630279933,0.0058575479375995165,0.004078884853018161,-0.17985415794292603,-0.01780009853393416
matched_correct_gls_practical,flattened_minus_correct,gls_flattened,gls_correct,2,20260825,20260824,seed02_ref20260825_label20260824_noise00500_rep003_seed2026092103,0.05,3,-0.0020991069106817972,-0.0024599159427922956,0.005807893031044453,0.00406875594969941,-0.17435712485880517,-0.004562349393938181
matched_correct_gls_practical,flattened_minus_correct,gls_flattened,gls_correct,2,20260825,20260824,seed02_ref20260825_label20260824_noise00500_rep004_seed2026092104,0.05,4,-0.002595152662710848,-0.0025051455423557856,0.0058026839568581234,0.00406413076058354,-0.1674178171873315,-0.014806866906011074
matched_correct_gls_practical,flattened_minus_correct,gls_flattened,gls_correct,2,20260825,20260824,seed02_ref20260825_label20260824_noise00500_rep005_seed2026092105,0.05,5,-0.002545713171677594,-0.0026425409718157933,0.0046443957201873776,0.0031762206967647644,-0.1955259560467546,-0.019099058115485956
matched_correct_gls_practical,flattened_minus_correct,gls_flattened,gls_correct,2,20260825,20260824,seed02_ref20260825_label20260824_noise00500_rep006_seed2026092106,0.05,6,-0.002264389926811494,-0.0025276487160975636,0.005930044122362754,0.004152937816697844,-0.16989697576961982,-0.012654527958858797
matched_correct_gls_practical,flattened_minus_correct,gls_flattened,gls_correct,2,20260825,20260824,seed02_ref20260825_label20260824_noise00500_rep007_seed2026092107,0.05,7,-0.002541265752856847,-0.0024922228323509543,0.0059996217175954936,0.004207131427896471,-0.16993008436414758,-0.012318576955839156
matched_correct_gls_practical,flattened_minus_correct,gls_flattened,gls_correct,2,20260825,20260824,seed02_ref20260825_label20260824_noise00500_rep008_seed2026092108,0.05,8,-0.0025595793197913663,-0.002722320893123603,0.005086553687105311,0.003496442137695732,-0.15966039649873043,-0.00841760333921382
matched_correct_gls_practical,flattened_minus_correct,gls_flattened,gls_correct,2,20260825,20260824,seed02_ref20260825_label20260824_noise00500_rep009_seed2026092109,0.05,9,-0.0023318957174364163,-0.002462524967681484,0.0058000759553824555,0.0040618017179983035,-0.18059976079996476,-0.006372378638885845
matched_correct_gls_practical,flattened_minus_correct,gls_flattened,gls_correct,2,20260825,20260824,seed02_ref20260825_label20260824_noise00500_rep010_seed2026092110,0.05,10,-0.002500854540441827,-0.0024737200507288226,0.005698039954993517,0.0039837573624943445,-0.18000827732935543,-0.014069499724903789
matched_correct_gls_practical,flattened_minus_correct,gls_flattened,gls_correct,2,20260825,20260824,seed02_ref20260825_label20260824_noise00500_rep011_seed2026092111,0.05,11,-0.002337100347259674,-0.0024741445711653487,0.006127597727302425,0.0043130187883566595,-0.16804075471629565,-0.004977004280063202
matched_correct_gls_practical,flattened_minus_correct,gls_flattened,gls_correct,2,20260825,20260824,seed02_ref20260825_label20260824_noise01000_rep000_seed2026092100,0.1,0,-0.002134081332948734,-0.002762704246991099,0.005637957341341537,0.003908377325984813,-0.0825264376883239,-0.007388928862896993
matched_correct_gls_practical,flattened_minus_correct,gls_flattened,gls_correct,2,20260825,20260824,seed02_ref20260825_label20260824_noise01000_rep001_seed2026092101,0.1,1,-0.0022008639447685108,-0.002288559803475948,0.005301666993135057,0.0037071864542551625,-0.08209924530630097,-0.006736791432397249
matched_correct_gls_practical,flattened_minus_correct,gls_flattened,gls_correct,2,20260825,20260824,seed02_ref20260825_label20260824_noise01000_rep002_seed2026092102,0.1,2,-0.0024008213823114577,-0.002967478978993604,0.005651692893296367,0.0038919413871691955,-0.09790177569098635,-0.009954213927632738
matched_correct_gls_practical,flattened_minus_correct,gls_flattened,gls_correct,2,20260825,20260824,seed02_ref20260825_label20260824_noise01000_rep003_seed2026092103,0.1,3,-0.0017841364798640014,-0.0026884011078249503,0.005504459688552843,0.0038077374492662686,-0.09609972814380296,-0.002936954909434464
matched_correct_gls_practical,flattened_minus_correct,gls_flattened,gls_correct,2,20260825,20260824,seed02_ref20260825_label20260824_noise01000_rep004_seed2026092104,0.1,4,-0.0025685672494564493,-0.0027532029606223973,0.005507133086991134,0.003808911533670023,-0.08999682711714607,-0.01126672660210648
matched_correct_gls_practical,flattened_minus_correct,gls_flattened,gls_correct,2,20260825,20260824,seed02_ref20260825_label20260824_noise01000_rep005_seed2026092105,0.1,5,-0.001986865064802612,-0.0025386420148985345,0.0035429917147152823,0.0023585037379105223,-0.10929280707308231,-0.010688345736212357
matched_correct_gls_practical,flattened_minus_correct,gls_flattened,gls_correct,2,20260825,20260824,seed02_ref20260825_label20260824_noise01000_rep006_seed2026092106,0.1,6,-0.0020111707097281717,-0.0027171253835465148,0.005882879945627195,0.004093358427157523,-0.09113962194671954,-0.009148900555447703
matched_correct_gls_practical,flattened_minus_correct,gls_flattened,gls_correct,2,20260825,20260824,seed02_ref20260825_label20260824_noise01000_rep007_seed2026092107,0.1,7,-0.0024000671531286266,-0.002616677268257789,0.005657484721357187,0.003930180311344955,-0.09360422710296201,-0.00831990872263244
matched_correct_gls_practical,flattened_minus_correct,gls_flattened,gls_correct,2,20260825,20260824,seed02_ref20260825_label20260824_noise01000_rep008_seed2026092108,0.1,8,-0.00266410666331518,-0.0032686630146789297,0.004075842095063731,0.002669993629099421,-0.08414242387536164,-0.006094723759180853
matched_correct_gls_practical,flattened_minus_correct,gls_flattened,gls_correct,2,20260825,20260824,seed02_ref20260825_label20260824_noise01000_rep009_seed2026092109,0.1,9,-0.0022101072903497887,-0.002606308766651827,0.005631570587083079,0.003912690907525496,-0.10466256456432044,-0.00552445398474255
matched_correct_gls_practical,flattened_minus_correct,gls_flattened,gls_correct,2,20260825,20260824,seed02_ref20260825_label20260824_noise01000_rep010_seed2026092110,0.1,10,-0.002198260615592057,-0.0023798949471484365,0.0053706789649756725,0.003743154302323193,-0.1004811889193078,-0.007927421044629623
matched_correct_gls_practical,flattened_minus_correct,gls_flattened,gls_correct,2,20260825,20260824,seed02_ref20260825_label20260824_noise01000_rep011_seed2026092111,0.1,11,-0.0025575163368337372,-0.0028565983302748232,0.006096706647945704,0.004246140158148337,-0.09828021058147907,-0.006953254210988469
matched_correct_gls_practical,flattened_minus_correct,gls_flattened,gls_correct,2,20260825,20260824,seed02_ref20260825_label20260824_noise02000_rep000_seed2026092100,0.2,0,-0.0006404723394486111,-0.0016454828832100366,0.005699035166616739,0.004062690764489063,-0.034210663017699705,4.3481266724709755e-05
matched_correct_gls_practical,flattened_minus_correct,gls_flattened,gls_correct,2,20260825,20260824,seed02_ref20260825_label20260824_noise02000_rep001_seed2026092101,0.2,1,-0.0009722646747638009,-0.00074357309192849,0.005011196223922765,0.0036561599616701246,-0.03495700228899623,-0.0008047286394774478
matched_correct_gls_practical,flattened_minus_correct,gls_flattened,gls_correct,2,20260825,20260824,seed02_ref20260825_label20260824_noise02000_rep002_seed2026092102,0.2,2,-0.0009679005600161106,-0.001783732063375093,0.005816138041295327,0.004120875941436453,-0.044707669067310274,-0.0019616370944024464
matched_correct_gls_practical,flattened_minus_correct,gls_flattened,gls_correct,2,20260825,20260824,seed02_ref20260825_label20260824_noise02000_rep003_seed2026092103,0.2,3,-0.0004255266743961039,-0.001545673129825037,0.005110835540941716,0.003616404872872181,-0.042830695964446885,0.0013534849939460525
matched_correct_gls_practical,flattened_minus_correct,gls_flattened,gls_correct,2,20260825,20260824,seed02_ref20260825_label20260824_noise02000_rep004_seed2026092104,0.2,4,-0.0012306254710919007,-0.0015741135770586112,0.0052677854144294045,0.003737218601387926,-0.04138925047685027,-0.0033640211082357485
matched_correct_gls_practical,flattened_minus_correct,gls_flattened,gls_correct,2,20260825,20260824,seed02_ref20260825_label20260824_noise02000_rep005_seed2026092105,0.2,5,-0.0004469510411416189,-0.001047442083993183,0.0013810502367734845,0.0008948739944924511,-0.05395399173366977,-0.002848615952238509
matched_correct_gls_practical,flattened_minus_correct,gls_flattened,gls_correct,2,20260825,20260824,seed02_ref20260825_label20260824_noise02000_rep006_seed2026092106,0.2,6,-0.0006319318161410736,-0.001513507634506167,0.006273218653735757,0.004496851994396034,-0.03668749924335524,-0.002564086586168468
matched_correct_gls_practical,flattened_minus_correct,gls_flattened,gls_correct,2,20260825,20260824,seed02_ref20260825_label20260824_noise02000_rep007_seed2026092107,0.2,7,-0.001204110916170703,-0.001226887758828038,0.005784710963854467,0.004160686037016248,-0.0436278110826025,-0.002488688027695085
matched_correct_gls_practical,flattened_minus_correct,gls_flattened,gls_correct,2,20260825,20260824,seed02_ref20260825_label20260824_noise02000_rep008_seed2026092108,0.2,8,-0.0015449216689192302,-0.0025015491265211187,0.0024364432694755633,0.0014899442288837106,-0.03518032765200929,-0.000336575457654531
matched_correct_gls_practical,flattened_minus_correct,gls_flattened,gls_correct,2,20260825,20260824,seed02_ref20260825_label20260824_noise02000_rep009_seed2026092109,0.2,9,-0.0010582293576302804,-0.0015771142447014996,0.005376174128892464,0.003808762454929393,-0.05237554383896881,-0.0012259029816927836
matched_correct_gls_practical,flattened_minus_correct,gls_flattened,gls_correct,2,20260825,20260824,seed02_ref20260825_label20260824_noise02000_rep010_seed2026092110,0.2,10,-0.0008652979989467458,-0.0008748448229806416,0.005072379458412102,0.0036759572439609145,-0.05010074198714776,-0.0018352572928654887
matched_correct_gls_practical,flattened_minus_correct,gls_flattened,gls_correct,2,20260825,20260824,seed02_ref20260825_label20260824_noise02000_rep011_seed2026092111,0.2,11,-0.0015185829728105449,-0.0016760704065910126,0.006398316357045353,0.004580517028816178,-0.04758889494921248,-0.0015355916747341603
matched_correct_gls_practical,flattened_minus_correct,gls_flattened,gls_correct,2,20260825,20260824,seed02_ref20260825_label20260824_noise04000_rep000_seed2026092100,0.4,0,0.0010382755986965697,0.000947868261953283,0.005952173216560941,0.0045819917602000215,-0.018256542322684144,0.002854124990841145
matched_correct_gls_practical,flattened_minus_correct,gls_flattened,gls_correct,2,20260825,20260824,seed02_ref20260825_label20260824_noise04000_rep001_seed2026092101,0.4,1,0.0006998741988734625,0.002876371102961406,0.004645430702373887,0.003932669740036643,-0.01752498864492802,0.0022523211621718886
matched_correct_gls_practical,flattened_minus_correct,gls_flattened,gls_correct,2,20260825,20260824,seed02_ref20260825_label20260824_noise04000_rep002_seed2026092102,0.4,2,0.0008093167977351601,0.0013107547352846916,0.00680531482319191,0.005263558144251168,-0.022801121010136205,0.0011424456901660829
matched_correct_gls_practical,flattened_minus_correct,gls_flattened,gls_correct,2,20260825,20260824,seed02_ref20260825_label20260824_noise04000_rep003_seed2026092103,0.4,3,0.0012143802500413914,0.0018023116323611088,0.0036020661525686393,0.0029754644691419863,-0.021197450995548817,0.0027366229363856576
matched_correct_gls_practical,flattened_minus_correct,gls_flattened,gls_correct,2,20260825,20260824,seed02_ref20260825_label20260824_noise04000_rep004_seed2026092104,0.4,4,0.000543204112855189,0.001573215047418891,0.004564321924156123,0.0036480351899099706,-0.023924379035442866,0.0007101335471884074
matched_correct_gls_practical,flattened_minus_correct,gls_flattened,gls_correct,2,20260825,20260824,seed02_ref20260825_label20260824_noise04000_rep005_seed2026092105,0.4,5,0.0011269444193529043,0.0016579039573220156,-0.004116085506975065,-0.002774536854467047,-0.03222041829154576,0.00036575887355172476
matched_correct_gls_practical,flattened_minus_correct,gls_flattened,gls_correct,2,20260825,20260824,seed02_ref20260825_label20260824_noise04000_rep006_seed2026092106,0.4,6,0.001151750359996262,0.001583549920625621,0.006930592945536884,0.0053994796674251,-0.012990351238004738,0.0008463791026744882
matched_correct_gls_practical,flattened_minus_correct,gls_flattened,gls_correct,2,20260825,20260824,seed02_ref20260825_label20260824_noise04000_rep007_seed2026092107,0.4,7,0.0002451922539197793,0.002140523813711076,0.007133422054088179,0.005644545298323866,-0.02339475635926269,-2.5758002452747064e-05
matched_correct_gls_practical,flattened_minus_correct,gls_flattened,gls_correct,2,20260825,20260824,seed02_ref20260825_label20260824_noise04000_rep008_seed2026092108,0.4,8,0.0002616721504595798,0.00040813394395514124,-0.001061205756465733,-0.000714487635323946,-0.015369716824262358,0.0024256226812136017
matched_correct_gls_practical,flattened_minus_correct,gls_flattened,gls_correct,2,20260825,20260824,seed02_ref20260825_label20260824_noise04000_rep009_seed2026092109,0.4,9,0.0003837224426967989,0.0006564493788268067,0.0034186455899155588,0.0026410679588111385,-0.028565440818554277,0.0009407781524684022
matched_correct_gls_practical,flattened_minus_correct,gls_flattened,gls_correct,2,20260825,20260824,seed02_ref20260825_label20260824_noise04000_rep010_seed2026092110,0.4,10,0.00021292190418426005,0.0012947139963268017,0.004222586134747908,0.0033468283779671815,-0.031082458659150047,-0.0007565793708848023
matched_correct_gls_practical,flattened_minus_correct,gls_flattened,gls_correct,2,20260825,20260824,seed02_ref20260825_label20260824_noise04000_rep011_seed2026092111,0.4,11,0.00023514790046735845,0.0018290191266371603,0.006441604327529826,0.005082491580358672,-0.024125431911194317,0.002202275317895186
matched_correct_gls_practical,flattened_minus_correct,gls_flattened,gls_correct,2,20260825,20260824,seed02_ref20260825_label20260824_noise08000_rep000_seed2026092100,0.8,0,9.662857345160702e-06,-0.0026271915927663647,0.012796654853305722,0.008841821464373845,-0.019392055335567093,0.000373622956887365
matched_correct_gls_practical,flattened_minus_correct,gls_flattened,gls_correct,2,20260825,20260824,seed02_ref20260825_label20260824_noise08000_rep001_seed2026092101,0.8,1,-0.001921140692240475,-0.002231092743922247,0.02698431602786555,0.019280513049504955,-0.01872774747486594,2.3765840427403262e-05
matched_correct_gls_practical,flattened_minus_correct,gls_flattened,gls_correct,2,20260825,20260824,seed02_ref20260825_label20260824_noise08000_rep002_seed2026092102,0.8,2,0.0002261121888443851,-0.0003061933515109416,0.012598703667955347,0.00905123777495287,-0.016936471086863136,0.0012420668549824043
matched_correct_gls_practical,flattened_minus_correct,gls_flattened,gls_correct,2,20260825,20260824,seed02_ref20260825_label20260824_noise08000_rep003_seed2026092103,0.8,3,-0.002211422771293492,-0.002187943995206054,0.0287645450010664,0.02045020615234383,-0.02088610819140624,-0.0016277952184207134
matched_correct_gls_practical,flattened_minus_correct,gls_flattened,gls_correct,2,20260825,20260824,seed02_ref20260825_label20260824_noise08000_rep004_seed2026092104,0.8,4,0.0009397602556759921,-0.00041771562280540353,0.015635023132535952,0.011287357521401198,-0.01876812506220804,0.0030385099652487924
matched_correct_gls_practical,flattened_minus_correct,gls_flattened,gls_correct,2,20260825,20260824,seed02_ref20260825_label20260824_noise08000_rep005_seed2026092105,0.8,5,-0.00011886962318841121,-0.0003534517244988544,0.021260985877094907,0.015374982135910376,-0.017709634233140426,-0.0014109789631349123
matched_correct_gls_practical,flattened_minus_correct,gls_flattened,gls_correct,2,20260825,20260824,seed02_ref20260825_label20260824_noise08000_rep006_seed2026092106,0.8,6,0.0011043508099966015,0.0015291324663754269,0.014981475489240892,0.011200999795345834,-0.0044529501120624815,0.002430086732226888
matched_correct_gls_practical,flattened_minus_correct,gls_flattened,gls_correct,2,20260825,20260824,seed02_ref20260825_label20260824_noise08000_rep007_seed2026092107,0.8,7,0.000923417435069962,0.0026107026731439498,0.03574737997587085,0.02661000487099552,-0.01869332166882276,0.0024156023642754043
matched_correct_gls_practical,flattened_minus_correct,gls_flattened,gls_correct,2,20260825,20260824,seed02_ref20260825_label20260824_noise08000_rep008_seed2026092108,0.8,8,0.00044353339508074185,-0.0009763836966549255,0.03153333386488899,0.022630701659741348,-0.015639498345991987,0.0013409117716023378
matched_correct_gls_practical,flattened_minus_correct,gls_flattened,gls_correct,2,20260825,20260824,seed02_ref20260825_label20260824_noise08000_rep009_seed2026092109,0.8,9,-0.0014503812995299015,-0.0026184848380692016,0.019853395978731037,0.013709660201178475,-0.019095268502234974,-0.0012988808846068345
matched_correct_gls_practical,flattened_minus_correct,gls_flattened,gls_correct,2,20260825,20260824,seed02_ref20260825_label20260824_noise08000_rep010_seed2026092110,0.8,10,-0.0004173832848994863,-0.0003953746924139634,0.010194187844694391,0.007338611996904443,-0.02129502425597818,0.00016558730975724245
matched_correct_gls_practical,flattened_minus_correct,gls_flattened,gls_correct,2,20260825,20260824,seed02_ref20260825_label20260824_noise08000_rep011_seed2026092111,0.8,11,-0.00017764435410827506,0.0010091544473338487,0.03465351248249382,0.025395553489961142,-0.017472254383728236,0.003037130166148261
matched_correct_gls_practical,flattened_minus_correct,gls_flattened,gls_correct,3,20260905,20260904,seed03_ref20260905_label20260904_noise00500_rep000_seed2026093100,0.05,0,-0.00231746069337721,-0.0023845422507172975,0.0073462466356881695,0.004991876785093163,-0.23397484901214138,0.01937215591457564
matched_correct_gls_practical,flattened_minus_correct,gls_flattened,gls_correct,3,20260905,20260904,seed03_ref20260905_label20260904_noise00500_rep001_seed2026093101,0.05,1,-0.002272907285433279,-0.0024065128531654545,0.00764363616905428,0.005202637917362252,-0.24032523882863943,0.015020839171013378
matched_correct_gls_practical,flattened_minus_correct,gls_flattened,gls_correct,3,20260905,20260904,seed03_ref20260905_label20260904_noise00500_rep002_seed2026093102,0.05,2,0.0005033771452267188,0.0003234963099842947,-0.004500229784112908,-0.003270804791152715,-0.19463765076554074,0.0534463016666078
matched_correct_gls_practical,flattened_minus_correct,gls_flattened,gls_correct,3,20260905,20260904,seed03_ref20260905_label20260904_noise00500_rep003_seed2026093103,0.05,3,-0.0004015327023851323,-0.0002564998718674605,-0.0050386894462447485,-0.0037287676581131413,-0.2173534720478023,0.03099949458056983
matched_correct_gls_practical,flattened_minus_correct,gls_flattened,gls_correct,3,20260905,20260904,seed03_ref20260905_label20260904_noise00500_rep004_seed2026093104,0.05,4,0.0006975042970585321,0.0007084422573891969,-0.005440579460092021,-0.003915428027726375,-0.17063840720078005,0.04578992870524745
matched_correct_gls_practical,flattened_minus_correct,gls_flattened,gls_correct,3,20260905,20260904,seed03_ref20260905_label20260904_noise00500_rep005_seed2026093105,0.05,5,-0.0022178111966356384,-0.0023724849288132566,0.007237384564305782,0.00491483419565325,-0.2482223112913906,0.015353276700471152
matched_correct_gls_practical,flattened_minus_correct,gls_flattened,gls_correct,3,20260905,20260904,seed03_ref20260905_label20260904_noise00500_rep006_seed2026093106,0.05,6,0.0007462372081923907,0.0009638000293863136,-0.004856061753545471,-0.0034600095838906997,-0.16958920259095578,0.07151823430777027
matched_correct_gls_practical,flattened_minus_correct,gls_flattened,gls_correct,3,20260905,20260904,seed03_ref20260905_label20260904_noise00500_rep007_seed2026093107,0.05,7,0.0004723841004489471,0.0005615225134647239,-0.003520721879968991,-0.0025219719863540657,-0.19270990460806203,0.05681776248033055
matched_correct_gls_practical,flattened_minus_correct,gls_flattened,gls_correct,3,20260905,20260904,seed03_ref20260905_label20260904_noise00500_rep008_seed2026093108,0.05,8,-0.00028802379110584586,-0.00017492403939822765,-0.006694972910874841,-0.004934934796812063,-0.20295810492438093,0.019289591424976216
matched_correct_gls_practical,flattened_minus_correct,gls_flattened,gls_correct,3,20260905,20260904,seed03_ref20260905_label20260904_noise00500_rep009_seed2026093109,0.05,9,0.0003252813106865704,0.00027736650068937996,-0.005720254237053357,-0.004169682161098032,-0.22023174995125983,0.04397847458694715
matched_correct_gls_practical,flattened_minus_correct,gls_flattened,gls_correct,3,20260905,20260904,seed03_ref20260905_label20260904_noise00500_rep010_seed2026093110,0.05,10,-2.8118090624112968e-05,-4.354483679330778e-06,-0.0054527545164775315,-0.004005839441089565,-0.19770323886426677,0.03185498844774104
matched_correct_gls_practical,flattened_minus_correct,gls_flattened,gls_correct,3,20260905,20260904,seed03_ref20260905_label20260904_noise00500_rep011_seed2026093111,0.05,11,0.00036662557334291024,0.0003415146550393988,-0.0052053276053914965,-0.003789024201964808,-0.1706481105394082,0.043258514123575065
matched_correct_gls_practical,flattened_minus_correct,gls_flattened,gls_correct,3,20260905,20260904,seed03_ref20260905_label20260904_noise01000_rep000_seed2026093100,0.1,0,-0.0020076677874247273,-0.002239682261527459,0.0072653995768861,0.004945664918461823,-0.11206934783807099,0.005068833215933211
matched_correct_gls_practical,flattened_minus_correct,gls_flattened,gls_correct,3,20260905,20260904,seed03_ref20260905_label20260904_noise01000_rep001_seed2026093101,0.1,1,-0.0017422710688516363,-0.0020136016744154717,0.008416377689081767,0.005811644652235992,-0.11612708251699821,0.0031061980744824247
matched_correct_gls_practical,flattened_minus_correct,gls_flattened,gls_correct,3,20260905,20260904,seed03_ref20260905_label20260904_noise01000_rep002_seed2026093102,0.1,2,-0.0014941776425551334,-0.002102626725830836,0.008897318624529693,0.0061369903618486155,-0.11799720414379222,0.010815378972781842
matched_correct_gls_practical,flattened_minus_correct,gls_flattened,gls_correct,3,20260905,20260904,seed03_ref20260905_label20260904_noise01000_rep003_seed2026093103,0.1,3,-0.0025202938175513945,-0.0024563039805568787,0.007848987384808548,0.005337048133319422,-0.11333708552652322,-0.0014061605344131145
matched_correct_gls_practical,flattened_minus_correct,gls_flattened,gls_correct,3,20260905,20260904,seed03_ref20260905_label20260904_noise01000_rep004_seed2026093104,0.1,4,-0.001910950636819564,-0.0018765664239208113,0.008732993176663095,0.006049380876399779,-0.09538272075195109,0.0015529662076152473
matched_correct_gls_practical,flattened_minus_correct,gls_flattened,gls_correct,3,20260905,20260904,seed03_ref20260905_label20260904_noise01000_rep005_seed2026093105,0.1,5,-0.0015403768180359823,-0.0020898301252343654,0.0072886387496637894,0.004985888568340757,-0.11678587937740947,0.0033767642410207355
matched_correct_gls_practical,flattened_minus_correct,gls_flattened,gls_correct,3,20260905,20260904,seed03_ref20260905_label20260904_noise01000_rep006_seed2026093106,0.1,6,-0.0019194871583427808,-0.0022291070985259176,0.007632743446080337,0.005198479405140177,-0.10143158034419031,0.004795642880760731
matched_correct_gls_practical,flattened_minus_correct,gls_flattened,gls_correct,3,20260905,20260904,seed03_ref20260905_label20260904_noise01000_rep007_seed2026093107,0.1,7,-0.001664919759750444,-0.0020082802077958095,0.007715217217356796,0.005290594816104444,-0.09848427507042068,0.0064283867780305926
matched_correct_gls_practical,flattened_minus_correct,gls_flattened,gls_correct,3,20260905,20260904,seed03_ref20260905_label20260904_noise01000_rep008_seed2026093108,0.1,8,-0.0018456469883172677,-0.002254241192548051,0.00645174918547875,0.0043584405954769645,-0.09972231407921583,0.0021335564762769987
matched_correct_gls_practical,flattened_minus_correct,gls_flattened,gls_correct,3,20260905,20260904,seed03_ref20260905_label20260904_noise01000_rep009_seed2026093109,0.1,9,-0.002119258084112091,-0.002415458823046057,0.004539189061188553,0.0029370493463357072,-0.11008192730828803,3.869032571146569e-05
matched_correct_gls_practical,flattened_minus_correct,gls_flattened,gls_correct,3,20260905,20260904,seed03_ref20260905_label20260904_noise01000_rep010_seed2026093110,0.1,10,-0.001902158703591561,-0.0022185048924418804,0.008035095596022446,0.0055148529194988805,-0.09293977482235927,0.0015531732690203803
matched_correct_gls_practical,flattened_minus_correct,gls_flattened,gls_correct,3,20260905,20260904,seed03_ref20260905_label20260904_noise01000_rep011_seed2026093111,0.1,11,-0.0019209988976665038,-0.002229619096228791,0.005141099877997379,0.003405864966006922,-0.10236868877794514,0.005836216175750142
matched_correct_gls_practical,flattened_minus_correct,gls_flattened,gls_correct,3,20260905,20260904,seed03_ref20260905_label20260904_noise02000_rep000_seed2026093100,0.2,0,-0.0010681686449242611,-0.0011851786277871368,0.007694867741333322,0.005377111231719522,-0.05123278662292963,0.0015769735904960225
matched_correct_gls_practical,flattened_minus_correct,gls_flattened,gls_correct,3,20260905,20260904,seed03_ref20260905_label20260904_noise02000_rep001_seed2026093101,0.2,1,-0.0004854206208468326,-0.00046356806217845437,0.009655972143035041,0.006900627910957968,-0.05363437570438334,0.0005385474512529242
matched_correct_gls_practical,flattened_minus_correct,gls_flattened,gls_correct,3,20260905,20260904,seed03_ref20260905_label20260904_noise02000_rep002_seed2026093102,0.2,2,-0.00020274321704305542,-0.0009130061169882187,0.010478466608435322,0.0074092405769379255,-0.05408555769518175,0.00723773108294834
matched_correct_gls_practical,flattened_minus_correct,gls_flattened,gls_correct,3,20260905,20260904,seed03_ref20260905_label20260904_noise02000_rep003_seed2026093103,0.2,3,-0.001820173175463402,-0.0015661555778946068,0.00860827051490931,0.005976088975145066,-0.05017016123522655,-0.002765687662025229
matched_correct_gls_practical,flattened_minus_correct,gls_flattened,gls_correct,3,20260905,20260904,seed03_ref20260905_label20260904_noise02000_rep004_seed2026093104,0.2,4,-0.0007156863241612466,-0.00011478237963494231,0.010601991251283027,0.007623180954002495,-0.03720186039877316,0.0005258300827555296
matched_correct_gls_practical,flattened_minus_correct,gls_flattened,gls_correct,3,20260905,20260904,seed03_ref20260905_label20260904_noise02000_rep005_seed2026093105,0.2,5,2.9297260288607685e-05,-0.0004946064251233062,0.00782108623322908,0.0055733084568957425,-0.05266550817265281,0.0015905775532065736
matched_correct_gls_practical,flattened_minus_correct,gls_flattened,gls_correct,3,20260905,20260904,seed03_ref20260905_label20260904_noise02000_rep006_seed2026093106,0.2,6,-0.0006174297411118967,-0.0009080499932603847,0.008030172551452996,0.00563789550137761,-0.03796307573577451,0.0024404277176373057
matched_correct_gls_practical,flattened_minus_correct,gls_flattened,gls_correct,3,20260905,20260904,seed03_ref20260905_label20260904_noise02000_rep007_seed2026093107,0.2,7,-0.00039259328686586104,-0.0006686806307456272,0.008548705251617661,0.006053500561273351,-0.04132107362685011,0.004064366033870392
matched_correct_gls_practical,flattened_minus_correct,gls_flattened,gls_correct,3,20260905,20260904,seed03_ref20260905_label20260904_noise02000_rep008_seed2026093108,0.2,8,-0.0007315636577648887,-0.001158730181984119,0.005750539515496422,0.0039826559855922206,-0.03806892225135172,0.0008869885421702861
matched_correct_gls_practical,flattened_minus_correct,gls_flattened,gls_correct,3,20260905,20260904,seed03_ref20260905_label20260904_noise02000_rep009_seed2026093109,0.2,9,-0.0008969045246076113,-0.001334281187556935,0.001621229925428902,0.0009575609200750401,-0.04673265099338919,0.0001387555725509415
matched_correct_gls_practical,flattened_minus_correct,gls_flattened,gls_correct,3,20260905,20260904,seed03_ref20260905_label20260904_noise02000_rep010_seed2026093110,0.2,10,-0.000540618925267522,-0.000918921026382663,0.008721134951049536,0.006170608625592877,-0.034619790100869574,0.0009844809501033946
matched_correct_gls_practical,flattened_minus_correct,gls_flattened,gls_correct,3,20260905,20260904,seed03_ref20260905_label20260904_noise02000_rep011_seed2026093111,0.2,11,-0.0008658238438586374,-0.0010820451001399,0.0031404040056813853,0.0020996342630446585,-0.04172000288868083,0.0028484129914083667
matched_correct_gls_practical,flattened_minus_correct,gls_flattened,gls_correct,3,20260905,20260904,seed03_ref20260905_label20260904_noise04000_rep000_seed2026093100,0.4,0,0.0002470818419685328,0.0018318365474583598,0.009906562611331049,0.007424020051504332,-0.027581418582595996,0.000698658271274688
matched_correct_gls_practical,flattened_minus_correct,gls_flattened,gls_correct,3,20260905,20260904,seed03_ref20260905_label20260904_noise04000_rep001_seed2026093101,0.4,1,0.000939674786484046,0.002851784046400213,0.009886779287712533,0.00759607839149129,-0.03010170770861742,-0.00011431878194678724
matched_correct_gls_practical,flattened_minus_correct,gls_flattened,gls_correct,3,20260905,20260904,seed03_ref20260905_label20260904_noise04000_rep002_seed2026093102,0.4,2,0.0015046746976017933,0.0019409826379853667,0.011095144592838335,0.008270994903882334,-0.029677623932885533,0.005806059226016069
matched_correct_gls_practical,flattened_minus_correct,gls_flattened,gls_correct,3,20260905,20260904,seed03_ref20260905_label20260904_noise04000_rep003_seed2026093103,0.4,3,-0.000993242495740121,0.000515702545524438,0.010131454124252315,0.007336779208008126,-0.023903592025125375,-0.001902054256640584
matched_correct_gls_practical,flattened_minus_correct,gls_flattened,gls_correct,3,20260905,20260904,seed03_ref20260905_label20260904_noise04000_rep004_seed2026093104,0.4,4,0.0006625197127225757,0.0034639246282501257,0.014669234945801746,0.011106984365787498,-0.018337627816115587,-0.00020299092460285273
matched_correct_gls_practical,flattened_minus_correct,gls_flattened,gls_correct,3,20260905,20260904,seed03_ref20260905_label20260904_noise04000_rep005_seed2026093105,0.4,5,0.002174092116852988,0.0034514884494158404,0.0093694317333608,0.007346632254041807,-0.031287712119927535,0.0016687228423422074
matched_correct_gls_practical,flattened_minus_correct,gls_flattened,gls_correct,3,20260905,20260904,seed03_ref20260905_label20260904_noise04000_rep006_seed2026093106,0.4,6,0.00135918090600895,0.002931045972277946,0.009302257104597422,0.007193048402368396,-0.014566954271043597,0.002542983970453383
matched_correct_gls_practical,flattened_minus_correct,gls_flattened,gls_correct,3,20260905,20260904,seed03_ref20260905_label20260904_noise04000_rep007_seed2026093107,0.4,7,0.0010518548848118536,0.0023993098627720366,0.010375465889392865,0.007845554073506067,-0.023680079838184875,0.003413880438995376
matched_correct_gls_practical,flattened_minus_correct,gls_flattened,gls_correct,3,20260905,20260904,seed03_ref20260905_label20260904_noise04000_rep008_seed2026093108,0.4,8,0.0005727323299976605,0.001265562805558812,0.0038448148688902117,0.002985145769081543,-0.016268331363646915,0.0013204039565877235
matched_correct_gls_practical,flattened_minus_correct,gls_flattened,gls_correct,3,20260905,20260904,seed03_ref20260905_label20260904_noise04000_rep009_seed2026093109,0.4,9,0.0007990044643716998,0.0022439151364751497,-0.0037140575719265545,-0.0022175932128051246,-0.023847412409071733,0.0012922801241719295
matched_correct_gls_practical,flattened_minus_correct,gls_flattened,gls_correct,3,20260905,20260904,seed03_ref20260905_label20260904_noise04000_rep010_seed2026093110,0.4,10,0.00146539272121754,0.0026519601725285558,0.009119229718962951,0.007015415142853865,-0.016104294229726923,0.0021997534500415306
matched_correct_gls_practical,flattened_minus_correct,gls_flattened,gls_correct,3,20260905,20260904,seed03_ref20260905_label20260904_noise04000_rep011_seed2026093111,0.4,11,0.0007818053502579025,0.002063756588633864,-0.0021135818331456946,-0.0011114203575277593,-0.017776081623680717,0.0025261382740264793
matched_correct_gls_practical,flattened_minus_correct,gls_flattened,gls_correct,3,20260905,20260904,seed03_ref20260905_label20260904_noise08000_rep000_seed2026093100,0.8,0,0.0013878568390591761,0.0009995619096346275,0.016098646425807828,0.011501950296942565,-0.020045538369180216,0.0028148062965369647
matched_correct_gls_practical,flattened_minus_correct,gls_flattened,gls_correct,3,20260905,20260904,seed03_ref20260905_label20260904_noise08000_rep001_seed2026093101,0.8,1,-0.0006848185271416396,0.00012177438539623386,0.04263758498124448,0.02986798025191495,-0.019256540640791187,-0.0005106297432488915
matched_correct_gls_practical,flattened_minus_correct,gls_flattened,gls_correct,3,20260905,20260904,seed03_ref20260905_label20260904_noise08000_rep002_seed2026093102,0.8,2,0.0015527764911368314,-0.000537067300677152,0.018897416415614043,0.013086506265524989,-0.02686554156406773,0.005185487260620292
matched_correct_gls_practical,flattened_minus_correct,gls_flattened,gls_correct,3,20260905,20260904,seed03_ref20260905_label20260904_noise08000_rep003_seed2026093103,0.8,3,-0.0014242248415883285,-0.0008792892243297823,0.038555263456052646,0.026829408114430575,-0.013334949723741163,0.0007677699675789906
matched_correct_gls_practical,flattened_minus_correct,gls_flattened,gls_correct,3,20260905,20260904,seed03_ref20260905_label20260904_noise08000_rep004_seed2026093104,0.8,4,0.0004225494459314527,0.0011943081191737592,0.021225425587133806,0.01510825931456361,-0.016944751379348588,0.002101766037578612
matched_correct_gls_practical,flattened_minus_correct,gls_flattened,gls_correct,3,20260905,20260904,seed03_ref20260905_label20260904_noise08000_rep005_seed2026093105,0.8,5,-0.00010874655827552981,-0.0012370742525905642,0.019567207328173186,0.01343276369070423,-0.019432240190432992,-9.51000461646423e-06
matched_correct_gls_practical,flattened_minus_correct,gls_flattened,gls_correct,3,20260905,20260904,seed03_ref20260905_label20260904_noise08000_rep006_seed2026093106,0.8,6,0.0021587347782887623,0.0006232061529861666,0.026605175993467678,0.018708392759087866,-0.01315999966696313,0.0029768910708216634
matched_correct_gls_practical,flattened_minus_correct,gls_flattened,gls_correct,3,20260905,20260904,seed03_ref20260905_label20260904_noise08000_rep007_seed2026093107,0.8,7,-0.0013191273175711116,-0.00294079674024611,0.03062040534583521,0.020653488218293492,-0.0199677521806092,-0.0006796727486144682
matched_correct_gls_practical,flattened_minus_correct,gls_flattened,gls_correct,3,20260905,20260904,seed03_ref20260905_label20260904_noise08000_rep008_seed2026093108,0.8,8,-0.00015076638746980286,-0.003248440857219481,0.03257887490450373,0.02206276350184233,-0.01297110194543838,0.001619450138434786
matched_correct_gls_practical,flattened_minus_correct,gls_flattened,gls_correct,3,20260905,20260904,seed03_ref20260905_label20260904_noise08000_rep009_seed2026093109,0.8,9,-0.0013983159336786732,-0.003530878665931103,7.156085914372667e-05,-0.0007697390926907355,-0.016018764444079236,-0.0012171614790768004
matched_correct_gls_practical,flattened_minus_correct,gls_flattened,gls_correct,3,20260905,20260904,seed03_ref20260905_label20260904_noise08000_rep010_seed2026093110,0.8,10,0.000930213747562636,0.000899136811122303,0.02596346136553762,0.01855539238810755,-0.016718621590639637,0.0030067386228516124
matched_correct_gls_practical,flattened_minus_correct,gls_flattened,gls_correct,3,20260905,20260904,seed03_ref20260905_label20260904_noise08000_rep011_seed2026093111,0.8,11,-0.0011374436964030066,-0.0008199619223610566,0.02929385636701487,0.020124537380052265,-0.01667090515300007,0.00024049366459122368
matched_correct_gls_practical,flattened_minus_correct,gls_flattened,gls_correct,4,20260915,20260914,seed04_ref20260915_label20260914_noise00500_rep000_seed2026094100,0.05,0,-0.0007078046050753295,-0.0005489452815064522,0.006208338698363125,0.004536425645361775,-0.2102248164296716,0.06270820236363273
matched_correct_gls_practical,flattened_minus_correct,gls_flattened,gls_correct,4,20260915,20260914,seed04_ref20260915_label20260914_noise00500_rep001_seed2026094101,0.05,1,-0.0014988612551488922,-0.0016565743358189777,-0.010922366386148519,-0.008322230258052232,-0.23601717825264945,-0.0101449901123285
matched_correct_gls_practical,flattened_minus_correct,gls_flattened,gls_correct,4,20260915,20260914,seed04_ref20260915_label20260914_noise00500_rep002_seed2026094102,0.05,2,-0.0008076928108999015,-0.0007996671166722313,-0.010785777590632928,-0.008127742505245172,-0.22247436390489517,0.007204216277238995
matched_correct_gls_practical,flattened_minus_correct,gls_flattened,gls_correct,4,20260915,20260914,seed04_ref20260915_label20260914_noise00500_rep003_seed2026094103,0.05,3,-0.0013149349810596955,-0.0012879725737904302,-0.011699947682261347,-0.008859770097016662,-0.21441132951719633,0.0006375056466447759
matched_correct_gls_practical,flattened_minus_correct,gls_flattened,gls_correct,4,20260915,20260914,seed04_ref20260915_label20260914_noise00500_rep004_seed2026094104,0.05,4,-0.0015051731688539294,-0.0017230741208538736,-0.01036644214614002,-0.007915623951161743,-0.22645855575396778,-0.010525835795101468
matched_correct_gls_practical,flattened_minus_correct,gls_flattened,gls_correct,4,20260915,20260914,seed04_ref20260915_label20260914_noise00500_rep005_seed2026094105,0.05,5,-0.0008310057431927809,-0.0009328009372177315,-0.00899869956794963,-0.006811256969318613,-0.19142595155667097,0.009046092846940468
matched_correct_gls_practical,flattened_minus_correct,gls_flattened,gls_correct,4,20260915,20260914,seed04_ref20260915_label20260914_noise00500_rep006_seed2026094106,0.05,6,-0.0007279196363670914,-0.0005438090406939267,0.006962878829761765,0.005097209598239949,-0.20253113555210023,0.061044525233445945
matched_correct_gls_practical,flattened_minus_correct,gls_flattened,gls_correct,4,20260915,20260914,seed04_ref20260915_label20260914_noise00500_rep007_seed2026094107,0.05,7,-0.00026770911552179144,-0.0005087130270157447,0.007224936127400716,0.005297491906480434,-0.21913061013191504,0.07198863974464453
matched_correct_gls_practical,flattened_minus_correct,gls_flattened,gls_correct,4,20260915,20260914,seed04_ref20260915_label20260914_noise00500_rep008_seed2026094108,0.05,8,-0.0003994545634643243,-0.0005309604206717999,0.007316936490232018,0.00536038252514115,-0.2028615354570973,0.07028131368487678
matched_correct_gls_practical,flattened_minus_correct,gls_flattened,gls_correct,4,20260915,20260914,seed04_ref20260915_label20260914_noise00500_rep009_seed2026094109,0.05,9,-0.0010349001933728508,-0.0011013677452204051,-0.01100179165544879,-0.00832343768069621,-0.23356497683236688,-0.0006229183224562007
matched_correct_gls_practical,flattened_minus_correct,gls_flattened,gls_correct,4,20260915,20260914,seed04_ref20260915_label20260914_noise00500_rep010_seed2026094110,0.05,10,-0.0012894552635533407,-0.0015257898434942185,-0.010151027178194605,-0.0077337671498460825,-0.2151140193885972,0.004380342854559238
matched_correct_gls_practical,flattened_minus_correct,gls_flattened,gls_correct,4,20260915,20260914,seed04_ref20260915_label20260914_noise00500_rep011_seed2026094111,0.05,11,-0.00043589543857019963,-0.0006035364445353547,0.006205693634619092,0.004530068387241404,-0.19927373917876512,0.061087947465335635
matched_correct_gls_practical,flattened_minus_correct,gls_flattened,gls_correct,4,20260915,20260914,seed04_ref20260915_label20260914_noise01000_rep000_seed2026094100,0.1,0,-0.000659090058358125,-0.0003581177789390988,0.005038646053879159,0.0036898168642088836,-0.10396417949056147,0.02390298230854304
matched_correct_gls_practical,flattened_minus_correct,gls_flattened,gls_correct,4,20260915,20260914,seed04_ref20260915_label20260914_noise01000_rep001_seed2026094101,0.1,1,0.00016707706810922818,-3.012878428418353e-05,0.00601549044087335,0.004453886120068473,-0.09468258195271284,0.028010562123752525
matched_correct_gls_practical,flattened_minus_correct,gls_flattened,gls_correct,4,20260915,20260914,seed04_ref20260915_label20260914_noise01000_rep002_seed2026094102,0.1,2,-2.9651756706577936e-05,6.396306268530161e-05,0.007287296476126803,0.005410735443908354,-0.10161926101785856,0.027795405310310883
matched_correct_gls_practical,flattened_minus_correct,gls_flattened,gls_correct,4,20260915,20260914,seed04_ref20260915_label20260914_noise01000_rep003_seed2026094103,0.1,3,5.1062676132501705e-05,0.00023731122786097014,0.006685027113244146,0.004987277117054101,-0.10029282928164274,0.03458400726644362
matched_correct_gls_practical,flattened_minus_correct,gls_flattened,gls_correct,4,20260915,20260914,seed04_ref20260915_label20260914_noise01000_rep004_seed2026094104,0.1,4,-0.00023617163368491734,-0.00038180048099997754,0.007908255913549045,0.005820171250880468,-0.10440440670224804,0.027785477207854736
matched_correct_gls_practical,flattened_minus_correct,gls_flattened,gls_correct,4,20260915,20260914,seed04_ref20260915_label20260914_noise01000_rep005_seed2026094105,0.1,5,-0.0005798742275300028,-0.0004261802675405296,0.0067168225764975276,0.004927995337904667,-0.09302987854398204,0.023622977111884325
matched_correct_gls_practical,flattened_minus_correct,gls_flattened,gls_correct,4,20260915,20260914,seed04_ref20260915_label20260914_noise01000_rep006_seed2026094106,0.1,6,-0.0007324274377726592,-0.0005920522460479555,0.006624834120786627,0.004836012959091973,-0.09784272737480659,0.019984204619763135
matched_correct_gls_practical,flattened_minus_correct,gls_flattened,gls_correct,4,20260915,20260914,seed04_ref20260915_label20260914_noise01000_rep007_seed2026094107,0.1,7,8.615149395810318e-05,-0.00022506378116987635,0.007258935388795296,0.005353836531290401,-0.11393417994929722,0.03174281986139116
matched_correct_gls_practical,flattened_minus_correct,gls_flattened,gls_correct,4,20260915,20260914,seed04_ref20260915_label20260914_noise01000_rep008_seed2026094108,0.1,8,-0.00024454004062784973,-0.00047374510968054007,0.007454195295686916,0.005464709652881761,-0.0964803847710567,0.0281839866362259
matched_correct_gls_practical,flattened_minus_correct,gls_flattened,gls_correct,4,20260915,20260914,seed04_ref20260915_label20260914_noise01000_rep009_seed2026094109,0.1,9,-0.0004737584708479903,-0.00022946006153995446,0.007176237843697697,0.005288516458456405,-0.11330940111708787,0.021888701946428224
matched_correct_gls_practical,flattened_minus_correct,gls_flattened,gls_correct,4,20260915,20260914,seed04_ref20260915_label20260914_noise01000_rep010_seed2026094110,0.1,10,0.0003759361349404411,2.9518818246254686e-05,0.007043839004456709,0.005229215350826821,-0.09946546062231043,0.03066224698112552
matched_correct_gls_practical,flattened_minus_correct,gls_flattened,gls_correct,4,20260915,20260914,seed04_ref20260915_label20260914_noise01000_rep011_seed2026094111,0.1,11,-0.00019254338134766513,-0.0005932821858092435,0.005251717659514155,0.003821661394039999,-0.09601374344003588,0.020828891103893854
matched_correct_gls_practical,flattened_minus_correct,gls_flattened,gls_correct,4,20260915,20260914,seed04_ref20260915_label20260914_noise02000_rep000_seed2026094100,0.2,0,-0.0003739728645983098,0.0004106087528253921,0.0028304364870833654,0.002147025518368151,-0.05413501680640764,0.007682034815220229
matched_correct_gls_practical,flattened_minus_correct,gls_flattened,gls_correct,4,20260915,20260914,seed04_ref20260915_label20260914_noise02000_rep001_seed2026094101,0.2,1,0.0008521497778038178,0.0009396840964634445,0.004543832611567766,0.0034857038800158446,-0.04162759672530991,0.010518719744140093
matched_correct_gls_practical,flattened_minus_correct,gls_flattened,gls_correct,4,20260915,20260914,seed04_ref20260915_label20260914_noise02000_rep002_seed2026094102,0.2,2,0.0005908607804989141,0.0011177326484617667,0.007331899986912749,0.005568152184290076,-0.05106814052257369,0.010471399113380464
matched_correct_gls_practical,flattened_minus_correct,gls_flattened,gls_correct,4,20260915,20260914,seed04_ref20260915_label20260914_noise02000_rep003_seed2026094103,0.2,3,0.0006481914410852718,0.0015676464739636242,0.006266744616552744,0.004847202429190178,-0.04657458303082773,0.015515113659117619
matched_correct_gls_practical,flattened_minus_correct,gls_flattened,gls_correct,4,20260915,20260914,seed04_ref20260915_label20260914_noise02000_rep004_seed2026094104,0.2,4,0.00030851032652667865,0.00029610615093256243,0.008170034373253143,0.006080693568910722,-0.05212464619809887,0.010255961836030947
matched_correct_gls_practical,flattened_minus_correct,gls_flattened,gls_correct,4,20260915,20260914,seed04_ref20260915_label20260914_noise02000_rep005_seed2026094105,0.2,5,-0.00019711111326897734,0.00018799266206240284,0.006051526477716007,0.004496618008780262,-0.045903016518437534,0.007494005002128823
matched_correct_gls_practical,flattened_minus_correct,gls_flattened,gls_correct,4,20260915,20260914,seed04_ref20260915_label20260914_noise02000_rep006_seed2026094106,0.2,6,-0.00041225503587152823,-7.9002527678812e-05,0.005959811564854811,0.004386268015456107,-0.04924416708389234,0.004341432308071713
matched_correct_gls_practical,flattened_minus_correct,gls_flattened,gls_correct,4,20260915,20260914,seed04_ref20260915_label20260914_noise02000_rep007_seed2026094107,0.2,7,0.000661341497168455,0.0006786856338682479,0.007614234454808799,0.0057142509990767976,-0.062247830811309246,0.0132451774140534
matched_correct_gls_practical,flattened_minus_correct,gls_flattened,gls_correct,4,20260915,20260914,seed04_ref20260915_label20260914_noise02000_rep008_seed2026094108,0.2,8,0.00017609461486800537,0.00013970931609857962,0.007716608187581686,0.005711851085153652,-0.049662174927395775,0.01014253681208821
matched_correct_gls_practical,flattened_minus_correct,gls_flattened,gls_correct,4,20260915,20260914,seed04_ref20260915_label20260914_noise02000_rep009_seed2026094109,0.2,9,-0.00016657915760553976,0.0005700779004512713,0.007270193407058478,0.005443010327065456,-0.06306155660000945,0.005612736837961707
matched_correct_gls_practical,flattened_minus_correct,gls_flattened,gls_correct,4,20260915,20260914,seed04_ref20260915_label20260914_noise02000_rep010_seed2026094110,0.2,10,0.000967574227888679,0.0009820593334267935,0.006590723835007806,0.005005418006575391,-0.05153188630301142,0.010911862382495974
matched_correct_gls_practical,flattened_minus_correct,gls_flattened,gls_correct,4,20260915,20260914,seed04_ref20260915_label20260914_noise02000_rep011_seed2026094111,0.2,11,0.0003545200165455398,6.512130405184058e-05,0.003062080859635108,0.0022711154463776473,-0.04792264233144117,0.004684133669287993
matched_correct_gls_practical,flattened_minus_correct,gls_flattened,gls_correct,4,20260915,20260914,seed04_ref20260915_label20260914_noise04000_rep000_seed2026094100,0.4,0,0.00023295807312445627,0.0022913532545370263,-0.0008753648417745286,-0.00023488507102681355,-0.03731550797312977,0.0021919055436174784
matched_correct_gls_practical,flattened_minus_correct,gls_flattened,gls_correct,4,20260915,20260914,seed04_ref20260915_label20260914_noise04000_rep001_seed2026094101,0.4,1,0.0019796694099210588,0.0030392809220151362,0.0006154261610143985,0.000997476684513221,-0.022208362954576177,0.004601286705998353
matched_correct_gls_practical,flattened_minus_correct,gls_flattened,gls_correct,4,20260915,20260914,seed04_ref20260915_label20260914_noise04000_rep002_seed2026094102,0.4,2,0.0016188529552325637,0.0031880410286946326,0.007614167254522242,0.0061093338567930755,-0.03314910974816687,0.004917384012380621
matched_correct_gls_practical,flattened_minus_correct,gls_flattened,gls_correct,4,20260915,20260914,seed04_ref20260915_label20260914_noise04000_rep003_seed2026094103,0.4,3,0.0015406377282872197,0.00457068417685047,0.005469244313494381,0.00478360782072601,-0.025643864000111982,0.007854148328004573
matched_correct_gls_practical,flattened_minus_correct,gls_flattened,gls_correct,4,20260915,20260914,seed04_ref20260915_label20260914_noise04000_rep004_seed2026094104,0.4,4,0.0007673945952969552,0.0016662469247332168,0.009006609818833389,0.00686089704458398,-0.03393548649464373,0.0030108505630459526
matched_correct_gls_practical,flattened_minus_correct,gls_flattened,gls_correct,4,20260915,20260914,seed04_ref20260915_label20260914_noise04000_rep005_seed2026094105,0.4,5,0.0007406685080353359,0.0018429330200166738,0.0035114120442805152,0.0028777506090294502,-0.03029247097022436,0.0037802744573756097
matched_correct_gls_practical,flattened_minus_correct,gls_flattened,gls_correct,4,20260915,20260914,seed04_ref20260915_label20260914_noise04000_rep006_seed2026094106,0.4,6,0.00025178752280319294,0.0019656579993336254,0.004886379746101843,0.003905179752629162,-0.03231020875839463,0.0008041001696503791
matched_correct_gls_practical,flattened_minus_correct,gls_flattened,gls_correct,4,20260915,20260914,seed04_ref20260915_label20260914_noise04000_rep007_seed2026094107,0.4,7,0.0012555895218516189,0.00229118216249119,0.009384326983326585,0.007233875105386756,-0.041550866122136654,0.005715920225215276
matched_correct_gls_practical,flattened_minus_correct,gls_flattened,gls_correct,4,20260915,20260914,seed04_ref20260915_label20260914_noise04000_rep008_seed2026094108,0.4,8,0.0007153668577042915,0.001855509175626796,0.007885114747555155,0.006065509464007746,-0.036508622531162827,0.004006201245673191
matched_correct_gls_practical,flattened_minus_correct,gls_flattened,gls_correct,4,20260915,20260914,seed04_ref20260915_label20260914_noise04000_rep009_seed2026094109,0.4,9,0.0005893708800095432,0.002676314583963779,0.008020526988976151,0.006311135312358995,-0.043537010473378324,0.0019169938881604676
matched_correct_gls_practical,flattened_minus_correct,gls_flattened,gls_correct,4,20260915,20260914,seed04_ref20260915_label20260914_noise04000_rep010_seed2026094110,0.4,10,0.0013307248800318305,0.0025117742930358677,0.003953595604306193,0.0033151538217091603,-0.035764347454461776,0.0023922146465005234
matched_correct_gls_practical,flattened_minus_correct,gls_flattened,gls_correct,4,20260915,20260914,seed04_ref20260915_label20260914_noise04000_rep011_seed2026094111,0.4,11,0.0011224611744447,0.002412813535883629,-0.002348017767233146,-0.0012899009010623463,-0.03217174212789886,0.000483161325609327
matched_correct_gls_practical,flattened_minus_correct,gls_flattened,gls_correct,4,20260915,20260914,seed04_ref20260915_label20260914_noise08000_rep000_seed2026094100,0.8,0,-7.138904585646255e-05,-0.000681258113840566,0.018349577095770453,0.012955893641578342,-0.028633049855941062,0.0026749205258316255
matched_correct_gls_practical,flattened_minus_correct,gls_flattened,gls_correct,4,20260915,20260914,seed04_ref20260915_label20260914_noise08000_rep001_seed2026094101,0.8,1,-0.0004827694927078685,0.0015062146360017015,0.017961822875590006,0.013141549525865992,-0.023658939176114835,-0.00032602207087695234
matched_correct_gls_practical,flattened_minus_correct,gls_flattened,gls_correct,4,20260915,20260914,seed04_ref20260915_label20260914_noise08000_rep002_seed2026094102,0.8,2,0.0017965124924186338,8.453696133770006e-05,0.02015226021808314,0.014245209952779225,-0.03031795870252907,0.004218483588453781
matched_correct_gls_practical,flattened_minus_correct,gls_flattened,gls_correct,4,20260915,20260914,seed04_ref20260915_label20260914_noise08000_rep003_seed2026094103,0.8,3,0.0019641522218231122,0.002626956104807676,0.03827821775776841,0.027893380799848155,-0.020122255278046675,0.006979063821770604
matched_correct_gls_practical,flattened_minus_correct,gls_flattened,gls_correct,4,20260915,20260914,seed04_ref20260915_label20260914_noise08000_rep004_seed2026094104,0.8,4,0.0005321090364367453,0.00044995076250492483,0.009871344488255107,0.007157150702404413,-0.026646611292426847,0.0029441888629115898
matched_correct_gls_practical,flattened_minus_correct,gls_flattened,gls_correct,4,20260915,20260914,seed04_ref20260915_label20260914_noise08000_rep005_seed2026094105,0.8,5,-0.00012091974522465687,0.0001832529468882016,0.029680321246489227,0.021244213919844435,-0.027047023477725585,0.002942989169361754
matched_correct_gls_practical,flattened_minus_correct,gls_flattened,gls_correct,4,20260915,20260914,seed04_ref20260915_label20260914_noise08000_rep006_seed2026094106,0.8,6,-0.00021971195915870823,-0.00030471931507930483,0.019547456399207963,0.01385450202524885,-0.024664858428560255,0.001152890785448557
matched_correct_gls_practical,flattened_minus_correct,gls_flattened,gls_correct,4,20260915,20260914,seed04_ref20260915_label20260914_noise08000_rep007_seed2026094107,0.8,7,0.0011479647514572866,0.0032281458221869452,0.017445815530792497,0.013130708625236243,-0.03362729257490171,0.0031537646808770248
matched_correct_gls_practical,flattened_minus_correct,gls_flattened,gls_correct,4,20260915,20260914,seed04_ref20260915_label20260914_noise08000_rep008_seed2026094108,0.8,8,-0.0004449576687665102,3.7103790865578024e-05,0.01701901998204558,0.012172198747188112,-0.03767393561584664,0.0015751598112940801
matched_correct_gls_practical,flattened_minus_correct,gls_flattened,gls_correct,4,20260915,20260914,seed04_ref20260915_label20260914_noise08000_rep009_seed2026094109,0.8,9,0.0004806632552041279,0.0007785019072910626,0.015818311496022197,0.011435271792046842,-0.032344619581024636,0.001799783045087322
matched_correct_gls_practical,flattened_minus_correct,gls_flattened,gls_correct,4,20260915,20260914,seed04_ref20260915_label20260914_noise08000_rep010_seed2026094110,0.8,10,0.0014951206562562325,0.0020444915589565293,0.034041712709851235,0.024769083888234844,-0.025664926930687004,0.00564818852232607
matched_correct_gls_practical,flattened_minus_correct,gls_flattened,gls_correct,4,20260915,20260914,seed04_ref20260915_label20260914_noise08000_rep011_seed2026094111,0.8,11,0.00037562732154516887,0.0002312524053812992,0.016166677165567633,0.011614453536872626,-0.0299680552660353,0.0007884851576658303
matched_correct_gls_practical,flattened_minus_ols,gls_flattened,ols,0,20260805,20260804,seed00_ref20260805_label20260804_noise00500_rep000_seed2026090100,0.05,0,6.777891281672943e-05,0.0002585387750777962,0.009282193866005595,0.006833178122262806,0.07730819751431461,-0.02227142276011218
matched_correct_gls_practical,flattened_minus_ols,gls_flattened,ols,0,20260805,20260804,seed00_ref20260805_label20260804_noise00500_rep001_seed2026090101,0.05,1,-0.00036644273851757503,-0.0003142770116381921,-0.009506656159808946,-0.006965580141497896,0.0336317567383384,-0.10885238074414572
matched_correct_gls_practical,flattened_minus_ols,gls_flattened,ols,0,20260805,20260804,seed00_ref20260805_label20260804_noise00500_rep002_seed2026090102,0.05,2,-2.3268512228336036e-05,0.00016098829784474966,0.0057557207364205,0.004234045165550038,0.04941618841807838,-0.020221238711177314
matched_correct_gls_practical,flattened_minus_ols,gls_flattened,ols,0,20260805,20260804,seed00_ref20260805_label20260804_noise00500_rep003_seed2026090103,0.05,3,1.1109805481218649e-05,-0.00017618103874883495,-0.010973471197461837,-0.008019168199570936,0.04801744896645177,-0.09968280996942491
matched_correct_gls_practical,flattened_minus_ols,gls_flattened,ols,0,20260805,20260804,seed00_ref20260805_label20260804_noise00500_rep004_seed2026090104,0.05,4,-0.0001360890820926164,-0.00011558754680002226,0.006869005728331934,0.005023461912897931,0.05407716319594469,-0.03622189655736374
matched_correct_gls_practical,flattened_minus_ols,gls_flattened,ols,0,20260805,20260804,seed00_ref20260805_label20260804_noise00500_rep005_seed2026090105,0.05,5,-0.000150392380396297,-0.00013678216170057156,-0.008957714784884385,-0.006544918253254983,0.04398446625256458,-0.10666460579083026
matched_correct_gls_practical,flattened_minus_ols,gls_flattened,ols,0,20260805,20260804,seed00_ref20260805_label20260804_noise00500_rep006_seed2026090106,0.05,6,0.0001926011712777842,0.00025124121462422044,0.00577234890932965,0.004258377884107434,0.06412845036166281,-0.019234260570131667
matched_correct_gls_practical,flattened_minus_ols,gls_flattened,ols,0,20260805,20260804,seed00_ref20260805_label20260804_noise00500_rep007_seed2026090107,0.05,7,-0.0004520833393031609,-0.0003559990035969518,-0.010431314217147825,-0.0076464629006623985,0.03643883159447325,-0.11841939511878152
matched_correct_gls_practical,flattened_minus_ols,gls_flattened,ols,0,20260805,20260804,seed00_ref20260805_label20260804_noise00500_rep008_seed2026090108,0.05,8,0.00024714208929710324,0.0001897514333096123,0.005317605396301106,0.00391965878796352,0.077734763684711,-0.02761560201314195
matched_correct_gls_practical,flattened_minus_ols,gls_flattened,ols,0,20260805,20260804,seed00_ref20260805_label20260804_noise00500_rep009_seed2026090109,0.05,9,0.0004129042003838401,0.00037202583444637116,0.007492785657034595,0.005531982346279052,0.05898176356179663,-0.013413707833616062
matched_correct_gls_practical,flattened_minus_ols,gls_flattened,ols,0,20260805,20260804,seed00_ref20260805_label20260804_noise00500_rep010_seed2026090110,0.05,10,0.0002344921016757262,0.0001546230496814044,0.005854695788036324,0.0043083955623134385,0.08780621158806223,-0.029006484075291716
matched_correct_gls_practical,flattened_minus_ols,gls_flattened,ols,0,20260805,20260804,seed00_ref20260805_label20260804_noise00500_rep011_seed2026090111,0.05,11,1.3755611324134387e-05,-0.0002760313391327318,-0.009729294004239164,-0.007123128153945668,0.03372561427816523,-0.10157241221305569
matched_correct_gls_practical,flattened_minus_ols,gls_flattened,ols,0,20260805,20260804,seed00_ref20260805_label20260804_noise01000_rep000_seed2026090100,0.1,0,-1.615547574379539e-05,-0.000207401618155717,-0.00875783285938525,-0.006406230870973195,0.014922931430774833,-0.042243519807003915
matched_correct_gls_practical,flattened_minus_ols,gls_flattened,ols,0,20260805,20260804,seed00_ref20260805_label20260804_noise01000_rep001_seed2026090101,0.1,1,-0.0004670339261164669,-0.00043765367549486456,-0.009133185364462837,-0.0067054935674885074,0.0063703281359364095,-0.04290111855518086
matched_correct_gls_practical,flattened_minus_ols,gls_flattened,ols,0,20260805,20260804,seed00_ref20260805_label20260804_noise01000_rep002_seed2026090102,0.1,2,-0.00037651287344978024,-0.00048140790793102517,-0.00886572098978955,-0.006520183490635156,0.008257996751479535,-0.04365827192291727
matched_correct_gls_practical,flattened_minus_ols,gls_flattened,ols,0,20260805,20260804,seed00_ref20260805_label20260804_noise01000_rep003_seed2026090103,0.1,3,0.00028029479895413933,-7.985618603845168e-05,-0.011779052914092647,-0.008591319339907422,0.017686965748233918,-0.03544240225765383
matched_correct_gls_practical,flattened_minus_ols,gls_flattened,ols,0,20260805,20260804,seed00_ref20260805_label20260804_noise01000_rep004_seed2026090104,0.1,4,-0.0004866477808741776,-0.00043773345272152264,-0.010034909136768522,-0.007368419042384111,0.0070459230741601875,-0.04990256078845379
matched_correct_gls_practical,flattened_minus_ols,gls_flattened,ols,0,20260805,20260804,seed00_ref20260805_label20260804_noise01000_rep005_seed2026090105,0.1,5,-0.00018897160078257258,-0.00022215132221292677,-0.008195205999407928,-0.005998090844497317,0.011953238894143237,-0.0416400861292594
matched_correct_gls_practical,flattened_minus_ols,gls_flattened,ols,0,20260805,20260804,seed00_ref20260805_label20260804_noise01000_rep006_seed2026090106,0.1,6,-0.0002495307855917006,-0.0005287262573276386,-0.009563786502963079,-0.007034621572501121,0.008471571191164262,-0.039295596766704355
matched_correct_gls_practical,flattened_minus_ols,gls_flattened,ols,0,20260805,20260804,seed00_ref20260805_label20260804_noise01000_rep007_seed2026090107,0.1,7,-0.0005772805371361267,-0.0004778327484114553,-0.01068299354172697,-0.007845261938770665,0.006498745605693301,-0.05078474195346527
matched_correct_gls_practical,flattened_minus_ols,gls_flattened,ols,0,20260805,20260804,seed00_ref20260805_label20260804_noise01000_rep008_seed2026090108,0.1,8,-0.00016759804335511608,-2.7320864641799947e-05,-0.009677525860519842,-0.007056977173378998,0.016531333423878136,-0.04078998351940477
matched_correct_gls_practical,flattened_minus_ols,gls_flattened,ols,0,20260805,20260804,seed00_ref20260805_label20260804_noise01000_rep009_seed2026090109,0.1,9,-0.00042614558037143424,-0.00047150165727677384,-0.008616613510826432,-0.006338373940889985,0.006668811802204022,-0.046664818499143834
matched_correct_gls_practical,flattened_minus_ols,gls_flattened,ols,0,20260805,20260804,seed00_ref20260805_label20260804_noise01000_rep010_seed2026090110,0.1,10,0.0002237471348713327,8.747419432952874e-05,-0.010871116085278132,-0.007911691363142404,0.015299504556314014,-0.034404389685942505
matched_correct_gls_practical,flattened_minus_ols,gls_flattened,ols,0,20260805,20260804,seed00_ref20260805_label20260804_noise01000_rep011_seed2026090111,0.1,11,0.0002531143240140643,-0.0002279263995074443,-0.009477128433579618,-0.006930714857612319,0.007538027212255605,-0.036433445734984415
matched_correct_gls_practical,flattened_minus_ols,gls_flattened,ols,0,20260805,20260804,seed00_ref20260805_label20260804_noise02000_rep000_seed2026090100,0.2,0,-0.0003727962996140366,-0.0007985041495034151,-0.007673342447734988,-0.005680012366926668,-0.009861985640702287,-0.01603778347384588
matched_correct_gls_practical,flattened_minus_ols,gls_flattened,ols,0,20260805,20260804,seed00_ref20260805_label20260804_noise02000_rep001_seed2026090101,0.2,1,-0.0009932056895041175,-0.0014208349567628176,-0.008202429385339771,-0.006148861619552526,-0.013822127363523729,-0.016686389099037635
matched_correct_gls_practical,flattened_minus_ols,gls_flattened,ols,0,20260805,20260804,seed00_ref20260805_label20260804_noise02000_rep002_seed2026090102,0.2,2,-0.000880141195742451,-0.0014655679473318806,-0.007787907720859244,-0.0058575123007919006,-0.014225156077079415,-0.016911611603384058
matched_correct_gls_practical,flattened_minus_ols,gls_flattened,ols,0,20260805,20260804,seed00_ref20260805_label20260804_noise02000_rep003_seed2026090103,0.2,3,0.00023973580812947093,-0.000550535233924121,-0.013113808176973496,-0.00959160348752175,-0.007085613496849552,-0.010922335242092851
matched_correct_gls_practical,flattened_minus_ols,gls_flattened,ols,0,20260805,20260804,seed00_ref20260805_label20260804_noise02000_rep004_seed2026090104,0.2,4,-0.000905149516439191,-0.001117657064627714,-0.009939383011752456,-0.007372678745449557,-0.01041163407104051,-0.020105663935546803
matched_correct_gls_practical,flattened_minus_ols,gls_flattened,ols,0,20260805,20260804,seed00_ref20260805_label20260804_noise02000_rep005_seed2026090105,0.2,5,-0.0005463881261922876,-0.0008945075490147392,-0.006500552132803872,-0.00484280505676582,-0.011371228272630818,-0.01569910338752556
matched_correct_gls_practical,flattened_minus_ols,gls_flattened,ols,0,20260805,20260804,seed00_ref20260805_label20260804_noise02000_rep006_seed2026090106,0.2,6,-0.0007893532784110924,-0.0014303366650244842,-0.009095098352298048,-0.006800563276957994,-0.014612474449657853,-0.014198092606884982
matched_correct_gls_practical,flattened_minus_ols,gls_flattened,ols,0,20260805,20260804,seed00_ref20260805_label20260804_noise02000_rep007_seed2026090107,0.2,7,-0.0010293167118221314,-0.0013472110604723642,-0.01129023732088863,-0.008383776158044642,-0.01536945621405894,-0.021165930401567445
matched_correct_gls_practical,flattened_minus_ols,gls_flattened,ols,0,20260805,20260804,seed00_ref20260805_label20260804_noise02000_rep008_seed2026090108,0.2,8,-0.00036907648738904175,-0.00045148135148442847,-0.00938896731734784,-0.00688181134166066,-0.0062828468834426054,-0.013845317561930859
matched_correct_gls_practical,flattened_minus_ols,gls_flattened,ols,0,20260805,20260804,seed00_ref20260805_label20260804_noise02000_rep009_seed2026090109,0.2,9,-0.0008462525288961131,-0.0012510991818847073,-0.007676553451309798,-0.005747719328421941,-0.012990217512949709,-0.01749834346220025
matched_correct_gls_practical,flattened_minus_ols,gls_flattened,ols,0,20260805,20260804,seed00_ref20260805_label20260804_noise02000_rep010_seed2026090110,0.2,10,-0.0002166260428235478,-0.0006269538878769798,-0.011918889180782988,-0.008740063240011142,-0.011295001827463347,-0.010907622298211406
matched_correct_gls_practical,flattened_minus_ols,gls_flattened,ols,0,20260805,20260804,seed00_ref20260805_label20260804_noise02000_rep011_seed2026090111,0.2,11,0.00010534355119112826,-0.000815901885514142,-0.009115186130583264,-0.006726872688396279,-0.014264374008996716,-0.011912687787202891
matched_correct_gls_practical,flattened_minus_ols,gls_flattened,ols,0,20260805,20260804,seed00_ref20260805_label20260804_noise04000_rep000_seed2026090100,0.4,0,-0.0009323286503206685,-0.0019275163866503686,-0.005511345756157526,-0.004287436295308811,-0.020223662931334818,-0.006005921349637067
matched_correct_gls_practical,flattened_minus_ols,gls_flattened,ols,0,20260805,20260804,seed00_ref20260805_label20260804_noise04000_rep001_seed2026090101,0.4,1,-0.0016182507378212363,-0.0034003511294647404,-0.005474623636417042,-0.004541791850909083,-0.019358650352691686,-0.006769407129954441
matched_correct_gls_practical,flattened_minus_ols,gls_flattened,ols,0,20260805,20260804,seed00_ref20260805_label20260804_noise04000_rep002_seed2026090102,0.4,2,-0.0018515185767416509,-0.0038600094050811606,-0.006153203373690519,-0.005100438365844506,-0.022579950019296247,-0.007422801244310051
matched_correct_gls_practical,flattened_minus_ols,gls_flattened,ols,0,20260805,20260804,seed00_ref20260805_label20260804_noise04000_rep003_seed2026090103,0.4,3,-0.00019996959720086638,-0.002136234175184548,-0.014348332332333458,-0.010654291530859283,-0.01871523074878878,-0.0034880798822354286
matched_correct_gls_practical,flattened_minus_ols,gls_flattened,ols,0,20260805,20260804,seed00_ref20260805_label20260804_noise04000_rep004_seed2026090104,0.4,4,-0.0013346797939138288,-0.0026181356275681578,-0.009807212377183294,-0.007487425629105426,-0.015064056553353744,-0.007943609102404325
matched_correct_gls_practical,flattened_minus_ols,gls_flattened,ols,0,20260805,20260804,seed00_ref20260805_label20260804_noise04000_rep005_seed2026090105,0.4,5,-0.0009783149972252825,-0.0023130702028343053,-0.002099704620604159,-0.0019139118330634974,-0.020650582984712562,-0.00635017915942826
matched_correct_gls_practical,flattened_minus_ols,gls_flattened,ols,0,20260805,20260804,seed00_ref20260805_label20260804_noise04000_rep006_seed2026090106,0.4,6,-0.0014520908621913353,-0.0030551512635468847,-0.007840134149489031,-0.006157504134556346,-0.022892236274184796,-0.005167357775502923
matched_correct_gls_practical,flattened_minus_ols,gls_flattened,ols,0,20260805,20260804,seed00_ref20260805_label20260804_noise04000_rep007_seed2026090107,0.4,7,-0.001637013265449072,-0.0036116343331657197,-0.012606833593221567,-0.009666183144744545,-0.02252756932945421,-0.009179292616244394
matched_correct_gls_practical,flattened_minus_ols,gls_flattened,ols,0,20260805,20260804,seed00_ref20260805_label20260804_noise04000_rep008_seed2026090108,0.4,8,-0.0007765470032390365,-0.0021708163352311127,-0.00771459167319799,-0.005908840883464328,-0.015560650807321164,-0.004635237108021162
matched_correct_gls_practical,flattened_minus_ols,gls_flattened,ols,0,20260805,20260804,seed00_ref20260805_label20260804_noise04000_rep009_seed2026090109,0.4,9,-0.0012323203817265482,-0.002747055047938929,-0.007074409938386705,-0.005550065392008308,-0.01930484544603095,-0.0052438125359901555
matched_correct_gls_practical,flattened_minus_ols,gls_flattened,ols,0,20260805,20260804,seed00_ref20260805_label20260804_noise04000_rep010_seed2026090110,0.4,10,-0.0011629162564121276,-0.0029188636502163468,-0.014572209300603212,-0.010950981290795636,-0.022573124369266173,-0.004483294769213497
matched_correct_gls_practical,flattened_minus_ols,gls_flattened,ols,0,20260805,20260804,seed00_ref20260805_label20260804_noise04000_rep011_seed2026090111,0.4,11,-0.00021065561041549996,-0.002446145014357831,-0.008580224292102812,-0.006576902984818167,-0.02305680577636382,-0.0038539111702278195
matched_correct_gls_practical,flattened_minus_ols,gls_flattened,ols,0,20260805,20260804,seed00_ref20260805_label20260804_noise08000_rep000_seed2026090100,0.8,0,-0.001467899450294352,-0.004851777605949459,-0.041528256695793964,-0.030187185828486007,-0.01797839708378368,-0.014173302590376524
matched_correct_gls_practical,flattened_minus_ols,gls_flattened,ols,0,20260805,20260804,seed00_ref20260805_label20260804_noise08000_rep001_seed2026090101,0.8,1,-0.0013397744471685957,-0.0025564197343210804,-0.005961642488997776,-0.004744809662496352,-0.019222640384943368,-0.008031708166440943
matched_correct_gls_practical,flattened_minus_ols,gls_flattened,ols,0,20260805,20260804,seed00_ref20260805_label20260804_noise08000_rep002_seed2026090102,0.8,2,-0.001475606671234253,-0.007016947300935994,-0.033801835830312266,-0.025244773214888494,-0.015442263457831285,-0.012601359282546243
matched_correct_gls_practical,flattened_minus_ols,gls_flattened,ols,0,20260805,20260804,seed00_ref20260805_label20260804_noise08000_rep003_seed2026090103,0.8,3,0.0008690920234439847,-0.003693365764765477,-0.04761084564379514,-0.03430735589386413,-0.020501055963088044,-0.007681924669653339
matched_correct_gls_practical,flattened_minus_ols,gls_flattened,ols,0,20260805,20260804,seed00_ref20260805_label20260804_noise08000_rep004_seed2026090104,0.8,4,-0.0018949456058278136,-0.004043445964292014,-0.03705757682264921,-0.026900808043744062,-0.014318265261833885,-0.019444167574621307
matched_correct_gls_practical,flattened_minus_ols,gls_flattened,ols,0,20260805,20260804,seed00_ref20260805_label20260804_noise08000_rep005_seed2026090105,0.8,5,4.9997143767521735e-05,-0.0011848348373177942,-0.00938960120108645,-0.006824712467702665,-0.015939802371090384,-0.00301896834211135
matched_correct_gls_practical,flattened_minus_ols,gls_flattened,ols,0,20260805,20260804,seed00_ref20260805_label20260804_noise08000_rep006_seed2026090106,0.8,6,-0.00032945950455331996,-0.0006277080966303195,-0.02220176505307614,-0.015640022382521157,-0.015879453668259824,-0.0037858522412266282
matched_correct_gls_practical,flattened_minus_ols,gls_flattened,ols,0,20260805,20260804,seed00_ref20260805_label20260804_noise08000_rep007_seed2026090107,0.8,7,-0.000597617172791387,-0.004972901972969568,-0.04903566073997123,-0.03561997250514304,-0.017880369200572455,-0.015586967009599606
matched_correct_gls_practical,flattened_minus_ols,gls_flattened,ols,0,20260805,20260804,seed00_ref20260805_label20260804_noise08000_rep008_seed2026090108,0.8,8,-0.002688930549942792,-0.004992592419473307,-0.038818947345311106,-0.028354501335644988,-0.017553034249018884,-0.016420885027465637
matched_correct_gls_practical,flattened_minus_ols,gls_flattened,ols,0,20260805,20260804,seed00_ref20260805_label20260804_noise08000_rep009_seed2026090109,0.8,9,-0.000680397528167842,-0.004368588395448625,-0.03395117123954672,-0.02484636851051969,-0.016045555430135305,-0.014667113760599593
matched_correct_gls_practical,flattened_minus_ols,gls_flattened,ols,0,20260805,20260804,seed00_ref20260805_label20260804_noise08000_rep010_seed2026090110,0.8,10,-0.0013644147822259312,-0.0019188163719709994,-0.04555197249600651,-0.032328073093115584,-0.02183654718507566,-0.008659411486537483
matched_correct_gls_practical,flattened_minus_ols,gls_flattened,ols,0,20260805,20260804,seed00_ref20260805_label20260804_noise08000_rep011_seed2026090111,0.8,11,0.0014230737137912453,-0.0016082519126850991,-0.010226882298421391,-0.00752769108243978,-0.01932218780653927,-0.0019716415636195084
matched_correct_gls_practical,flattened_minus_ols,gls_flattened,ols,1,20260815,20260814,seed01_ref20260815_label20260814_noise00500_rep000_seed2026091100,0.05,0,-0.0019362666209365165,-0.002189812390540391,-0.007973074714391015,-0.006196998034148249,0.12246224041389953,-0.1423917547565754
matched_correct_gls_practical,flattened_minus_ols,gls_flattened,ols,1,20260815,20260814,seed01_ref20260815_label20260814_noise00500_rep001_seed2026091101,0.05,1,0.0008823851384502646,0.0007019973255925627,0.0003575960931494482,0.0003514722060519171,0.12934220625429882,-0.039994559432707355
matched_correct_gls_practical,flattened_minus_ols,gls_flattened,ols,1,20260815,20260814,seed01_ref20260815_label20260814_noise00500_rep002_seed2026091102,0.05,2,0.00023166125682780314,0.0002156082929054559,-0.00046351963534752016,-0.0003200544123577176,0.15305243195261475,-0.04031229486914212
matched_correct_gls_practical,flattened_minus_ols,gls_flattened,ols,1,20260815,20260814,seed01_ref20260815_label20260814_noise00500_rep003_seed2026091103,0.05,3,-0.0022083553432652447,-0.00219607725136442,-0.007715376736103563,-0.006007085466928852,0.14095345271992654,-0.15160082535341735
matched_correct_gls_practical,flattened_minus_ols,gls_flattened,ols,1,20260815,20260814,seed01_ref20260815_label20260814_noise00500_rep004_seed2026091104,0.05,4,-0.0002469967484360902,-0.00018544013134713655,-0.002862502112810361,-0.0021506396193099464,0.11873587426653609,-0.06104059845118881
matched_correct_gls_practical,flattened_minus_ols,gls_flattened,ols,1,20260815,20260814,seed01_ref20260815_label20260814_noise00500_rep005_seed2026091105,0.05,5,0.0006102931539654077,0.0007510302010743375,-0.0021394114712887102,-0.001502212220468091,0.11863659334311638,-0.03632266199417389
matched_correct_gls_practical,flattened_minus_ols,gls_flattened,ols,1,20260815,20260814,seed01_ref20260815_label20260814_noise00500_rep006_seed2026091106,0.05,6,0.0007215035367452438,0.0007450813121437361,-0.0016351413642150536,-0.0011232216202188283,0.15617450735618554,-0.027467504446692548
matched_correct_gls_practical,flattened_minus_ols,gls_flattened,ols,1,20260815,20260814,seed01_ref20260815_label20260814_noise00500_rep007_seed2026091107,0.05,7,0.0006615827840313337,0.0007472300479598459,-0.0004715048931949184,-0.0002605053869887408,0.13719244877729864,-0.020034405036243985
matched_correct_gls_practical,flattened_minus_ols,gls_flattened,ols,1,20260815,20260814,seed01_ref20260815_label20260814_noise00500_rep008_seed2026091108,0.05,8,0.0003595256239874167,0.0004130115147328861,-0.0038823726828323135,-0.002832610074460673,0.1354554736543072,-0.05291015286436762
matched_correct_gls_practical,flattened_minus_ols,gls_flattened,ols,1,20260815,20260814,seed01_ref20260815_label20260814_noise00500_rep009_seed2026091109,0.05,9,0.0012355901152129312,0.0010384252248855363,0.0013219430030673163,0.0011079821940058743,0.14909339169158775,0.0155834154365051
matched_correct_gls_practical,flattened_minus_ols,gls_flattened,ols,1,20260815,20260814,seed01_ref20260815_label20260814_noise00500_rep010_seed2026091110,0.05,10,0.00012464975150719426,0.00033369919331469045,-0.0025730228423589407,-0.0018748322264213746,0.1725931253434161,-0.08310506419900543
matched_correct_gls_practical,flattened_minus_ols,gls_flattened,ols,1,20260815,20260814,seed01_ref20260815_label20260814_noise00500_rep011_seed2026091111,0.05,11,0.0005608480922145165,0.00016841688119004217,-0.0010160681499665758,-0.0007365183352792126,0.1369834387275004,-0.04276276279827984
matched_correct_gls_practical,flattened_minus_ols,gls_flattened,ols,1,20260815,20260814,seed01_ref20260815_label20260814_noise01000_rep000_seed2026091100,0.1,0,-0.0019742766511646748,-0.0026536311360611797,-0.007260339195243715,-0.005737009173183538,0.04912402232822011,-0.06724260746889898
matched_correct_gls_practical,flattened_minus_ols,gls_flattened,ols,1,20260815,20260814,seed01_ref20260815_label20260814_noise01000_rep001_seed2026091101,0.1,1,-0.0019045064555117952,-0.002254240448265943,-0.008064388219660046,-0.006273162510604557,0.05346860730053904,-0.06606502655828628
matched_correct_gls_practical,flattened_minus_ols,gls_flattened,ols,1,20260815,20260814,seed01_ref20260815_label20260814_noise01000_rep002_seed2026091102,0.1,2,-0.0018687341538930202,-0.0021263814301234474,-0.007653881731424006,-0.005951771096025904,0.05182106707339118,-0.06954748992842963
matched_correct_gls_practical,flattened_minus_ols,gls_flattened,ols,1,20260815,20260814,seed01_ref20260815_label20260814_noise01000_rep003_seed2026091103,0.1,3,-0.002322508197037776,-0.0025921486394100135,-0.006599178169326758,-0.005235387016436888,0.0600813980315551,-0.07301881391902909
matched_correct_gls_practical,flattened_minus_ols,gls_flattened,ols,1,20260815,20260814,seed01_ref20260815_label20260814_noise01000_rep004_seed2026091104,0.1,4,-0.0018631238599166045,-0.0019443165372636795,-0.007688996868598363,-0.005952510413296475,0.04501318517131514,-0.06679119860243077
matched_correct_gls_practical,flattened_minus_ols,gls_flattened,ols,1,20260815,20260814,seed01_ref20260815_label20260814_noise01000_rep005_seed2026091105,0.1,5,-0.001750467376528314,-0.0022740011810374328,-0.00550601047938748,-0.004386407505107881,0.05861116639620367,-0.05980980684219572
matched_correct_gls_practical,flattened_minus_ols,gls_flattened,ols,1,20260815,20260814,seed01_ref20260815_label20260814_noise01000_rep006_seed2026091106,0.1,6,-0.0016883949647573948,-0.0019998840865314838,-0.007407995720062566,-0.005752904824434135,0.05967901705061052,-0.061573762572425306
matched_correct_gls_practical,flattened_minus_ols,gls_flattened,ols,1,20260815,20260814,seed01_ref20260815_label20260814_noise01000_rep007_seed2026091107,0.1,7,-0.0024018635662604038,-0.0026496511620891783,-0.009139395402950057,-0.007123071592865515,0.04661872414767365,-0.07653164288620884
matched_correct_gls_practical,flattened_minus_ols,gls_flattened,ols,1,20260815,20260814,seed01_ref20260815_label20260814_noise01000_rep008_seed2026091108,0.1,8,-0.0025158954464801764,-0.0024171751821649434,-0.0055430773039192305,-0.004431308249679855,0.04737039980208091,-0.07026772464942121
matched_correct_gls_practical,flattened_minus_ols,gls_flattened,ols,1,20260815,20260814,seed01_ref20260815_label20260814_noise01000_rep009_seed2026091109,0.1,9,-0.00147134931081494,-0.0019688511340744397,-0.0050069744350630385,-0.003973739060726955,0.04998322888033835,-0.06318135947829351
matched_correct_gls_practical,flattened_minus_ols,gls_flattened,ols,1,20260815,20260814,seed01_ref20260815_label20260814_noise01000_rep010_seed2026091110,0.1,10,-0.0016726442036488764,-0.0020099563378082885,-0.009728979719195952,-0.007469180967460742,0.054224155126058715,-0.06640157279604897
matched_correct_gls_practical,flattened_minus_ols,gls_flattened,ols,1,20260815,20260814,seed01_ref20260815_label20260814_noise01000_rep011_seed2026091111,0.1,11,-0.001435057098582021,-0.0023844561482095072,-0.007619324391568427,-0.00596069834662305,0.046747357652296095,-0.058780688663881975
matched_correct_gls_practical,flattened_minus_ols,gls_flattened,ols,1,20260815,20260814,seed01_ref20260815_label20260814_noise02000_rep000_seed2026091100,0.2,0,-0.0018520976970117231,-0.0035584560409811505,-0.0068968030130129865,-0.005623031415629531,0.009780681282816728,-0.024578300258076835
matched_correct_gls_practical,flattened_minus_ols,gls_flattened,ols,1,20260815,20260814,seed01_ref20260815_label20260814_noise02000_rep001_seed2026091101,0.2,1,-0.0019000453098987347,-0.0028104144783172857,-0.008919082901033715,-0.006988021489274354,0.011987950686958238,-0.02539850383706721
matched_correct_gls_practical,flattened_minus_ols,gls_flattened,ols,1,20260815,20260814,seed01_ref20260815_label20260814_noise02000_rep002_seed2026091102,0.2,2,-0.0018279069491600741,-0.002543946945387565,-0.007887295872633038,-0.006187506906553231,0.01067453990101841,-0.02783832189231994
matched_correct_gls_practical,flattened_minus_ols,gls_flattened,ols,1,20260815,20260814,seed01_ref20260815_label20260814_noise02000_rep003_seed2026091103,0.2,3,-0.0024165310827200526,-0.0033334380477301473,-0.00556930799860722,-0.004594507178123763,0.014700409450421725,-0.029389686680562965
matched_correct_gls_practical,flattened_minus_ols,gls_flattened,ols,1,20260815,20260814,seed01_ref20260815_label20260814_noise02000_rep004_seed2026091104,0.2,4,-0.001723016430921931,-0.0022817948233037344,-0.007853546969634584,-0.006123169225564495,0.003713995765369127,-0.024434752436145457
matched_correct_gls_practical,flattened_minus_ols,gls_flattened,ols,1,20260815,20260814,seed01_ref20260815_label20260814_noise02000_rep005_seed2026091105,0.2,5,-0.001571098672237481,-0.0028557992339102722,-0.003742915544201364,-0.0031888702844298233,0.019310440222249037,-0.019953019049358645
matched_correct_gls_practical,flattened_minus_ols,gls_flattened,ols,1,20260815,20260814,seed01_ref20260815_label20260814_noise02000_rep006_seed2026091106,0.2,6,-0.0014468001686028242,-0.0021967369111410284,-0.007267542443335939,-0.005680300090505852,0.020016805801006843,-0.02097053000635274
matched_correct_gls_practical,flattened_minus_ols,gls_flattened,ols,1,20260815,20260814,seed01_ref20260815_label20260814_noise02000_rep007_seed2026091107,0.2,7,-0.0023852503084725307,-0.0034679486090943568,-0.01058244879809589,-0.008312683536397858,0.005792945196310351,-0.031638060647502186
matched_correct_gls_practical,flattened_minus_ols,gls_flattened,ols,1,20260815,20260814,seed01_ref20260815_label20260814_noise02000_rep008_seed2026091108,0.2,8,-0.002749057735593946,-0.003185877960372424,-0.0038134810675317654,-0.003280440878679014,0.005010087279364361,-0.027433629904919155
matched_correct_gls_practical,flattened_minus_ols,gls_flattened,ols,1,20260815,20260814,seed01_ref20260815_label20260814_noise02000_rep009_seed2026091109,0.2,9,-0.001111920590453841,-0.002287166329014767,-0.002581925437095345,-0.0022433789727480113,0.013443281601528634,-0.021618313428833913
matched_correct_gls_practical,flattened_minus_ols,gls_flattened,ols,1,20260815,20260814,seed01_ref20260815_label20260814_noise02000_rep010_seed2026091110,0.2,10,-0.0016355044674128405,-0.00250463956863875,-0.0118708206304039,-0.009113833418972983,0.011740920400732602,-0.02601684164564655
matched_correct_gls_practical,flattened_minus_ols,gls_flattened,ols,1,20260815,20260814,seed01_ref20260815_label20260814_noise02000_rep011_seed2026091111,0.2,11,-0.0012320248779993381,-0.0030625433913763767,-0.007831121049841738,-0.006218997276197291,0.00509212619848487,-0.018902183291592545
matched_correct_gls_practical,flattened_minus_ols,gls_flattened,ols,1,20260815,20260814,seed01_ref20260815_label20260814_noise04000_rep000_seed2026091100,0.4,0,-0.0018554798903161474,-0.005169183485221662,-0.0055994425825036664,-0.005042561784447397,-0.005436243422891618,-0.004528181915157026
matched_correct_gls_practical,flattened_minus_ols,gls_flattened,ols,1,20260815,20260814,seed01_ref20260815_label20260814_noise04000_rep001_seed2026091101,0.4,1,-0.002315398319628459,-0.0047739739870091835,-0.011197122706216978,-0.009010351813713124,-0.005506582166818097,-0.008901653876961957
matched_correct_gls_practical,flattened_minus_ols,gls_flattened,ols,1,20260815,20260814,seed01_ref20260815_label20260814_noise04000_rep002_seed2026091102,0.4,2,-0.0021740319955479426,-0.0035813119361133017,-0.008646949219605071,-0.006934528139408869,-0.004163160873964289,-0.011346551134606697
matched_correct_gls_practical,flattened_minus_ols,gls_flattened,ols,1,20260815,20260814,seed01_ref20260815_label20260814_noise04000_rep003_seed2026091103,0.4,3,-0.0028618661542398893,-0.004837252380469975,-0.002978203523692824,-0.0030305531453681533,-0.004158142565644729,-0.010326444655643252
matched_correct_gls_practical,flattened_minus_ols,gls_flattened,ols,1,20260815,20260814,seed01_ref20260815_label20260814_noise04000_rep004_seed2026091104,0.4,4,-0.0015862176772939995,-0.0030624355229900146,-0.009312400717959024,-0.007322222872157447,-0.011365757941812715,-0.006545218540999764
matched_correct_gls_practical,flattened_minus_ols,gls_flattened,ols,1,20260815,20260814,seed01_ref20260815_label20260814_noise04000_rep005_seed2026091105,0.4,5,-0.0014518188818796185,-0.004054013309298998,-0.0013197355137389843,-0.0017040323036480176,0.004158124505456939,-0.0041942934096093065
matched_correct_gls_practical,flattened_minus_ols,gls_flattened,ols,1,20260815,20260814,seed01_ref20260815_label20260814_noise04000_rep006_seed2026091106,0.4,6,-0.0015351861095908026,-0.0028163579691205254,-0.0070223659811227135,-0.005617306424830493,0.0018828107338999533,-0.0066830363824319505
matched_correct_gls_practical,flattened_minus_ols,gls_flattened,ols,1,20260815,20260814,seed01_ref20260815_label20260814_noise04000_rep007_seed2026091107,0.4,7,-0.0020848578987885946,-0.0039058545807154343,-0.013244246948363902,-0.010328810861194082,-0.00894183457895048,-0.011216465535375031
matched_correct_gls_practical,flattened_minus_ols,gls_flattened,ols,1,20260815,20260814,seed01_ref20260815_label20260814_noise04000_rep008_seed2026091108,0.4,8,-0.00321086036742968,-0.004800627912464023,-0.0015539464632926547,-0.001980431394703941,-0.010017440211535833,-0.009435017722346117
matched_correct_gls_practical,flattened_minus_ols,gls_flattened,ols,1,20260815,20260814,seed01_ref20260815_label20260814_noise04000_rep009_seed2026091109,0.4,9,-0.0014174671840430642,-0.00373044231477046,0.0019217378170354182,0.0007104478809754067,-0.0026879877439811573,-0.006711778062601148
matched_correct_gls_practical,flattened_minus_ols,gls_flattened,ols,1,20260815,20260814,seed01_ref20260815_label20260814_noise04000_rep010_seed2026091110,0.4,10,-0.0019488047306870926,-0.004138715777736446,-0.01595338463850493,-0.01234159327358375,-0.004370506905860605,-0.010868330965303041
matched_correct_gls_practical,flattened_minus_ols,gls_flattened,ols,1,20260815,20260814,seed01_ref20260815_label20260814_noise04000_rep011_seed2026091111,0.4,11,-0.001276882613028496,-0.004694755793883371,-0.009693708894562336,-0.0078837071719422,-0.010660849936116934,-0.004372492482581869
matched_correct_gls_practical,flattened_minus_ols,gls_flattened,ols,1,20260815,20260814,seed01_ref20260815_label20260814_noise08000_rep000_seed2026091100,0.8,0,-0.000921455566813334,-0.002786257951674087,-0.03999664263957825,-0.028914359621926455,-0.006224842331875813,-0.004718126331511474
matched_correct_gls_practical,flattened_minus_ols,gls_flattened,ols,1,20260815,20260814,seed01_ref20260815_label20260814_noise08000_rep001_seed2026091101,0.8,1,-0.0009129454421111793,-0.004472572224590798,-0.05764316657517632,-0.04207823257205878,-5.275921982872411e-05,-0.006540925995570213
matched_correct_gls_practical,flattened_minus_ols,gls_flattened,ols,1,20260815,20260814,seed01_ref20260815_label20260814_noise08000_rep002_seed2026091102,0.8,2,-0.0006378069381794971,-0.003160105947591585,-0.029031361191754312,-0.021489623621242737,-0.004783126683233885,-0.004853393586090604
matched_correct_gls_practical,flattened_minus_ols,gls_flattened,ols,1,20260815,20260814,seed01_ref20260815_label20260814_noise08000_rep003_seed2026091103,0.8,3,-0.0017735396721327845,-0.0013313834842816341,-0.009743657783723436,-0.007265263303836145,-0.0021189207330305493,-0.0030149031150259464
matched_correct_gls_practical,flattened_minus_ols,gls_flattened,ols,1,20260815,20260814,seed01_ref20260815_label20260814_noise08000_rep004_seed2026091104,0.8,4,-0.00140053460668077,-0.004999958755368017,-0.0468392495130141,-0.03464298717662584,-0.008023465037526156,-0.007932526675891838
matched_correct_gls_practical,flattened_minus_ols,gls_flattened,ols,1,20260815,20260814,seed01_ref20260815_label20260814_noise08000_rep005_seed2026091105,0.8,5,-0.0005010101960354341,-0.002015171339281585,-0.01479269971393804,-0.010974604414063283,-0.0007695377217005195,-0.004513910774500474
matched_correct_gls_practical,flattened_minus_ols,gls_flattened,ols,1,20260815,20260814,seed01_ref20260815_label20260814_noise08000_rep006_seed2026091106,0.8,6,-0.0004683044835877004,-0.0027397680551863313,-0.027073089278642493,-0.019857904169871987,0.003050737460061681,-0.004736254692237374
matched_correct_gls_practical,flattened_minus_ols,gls_flattened,ols,1,20260815,20260814,seed01_ref20260815_label20260814_noise08000_rep007_seed2026091107,0.8,7,-0.0016625434804447004,-0.003060970606348634,-0.049877370443961455,-0.03627240331116999,-0.010259989638949252,-0.011453882411127436
matched_correct_gls_practical,flattened_minus_ols,gls_flattened,ols,1,20260815,20260814,seed01_ref20260815_label20260814_noise08000_rep008_seed2026091108,0.8,8,-0.0006823881762765271,-0.0009661526106438667,-0.01487940991696557,-0.01083905284704001,-0.005396008423545262,-0.003442090646270657
matched_correct_gls_practical,flattened_minus_ols,gls_flattened,ols,1,20260815,20260814,seed01_ref20260815_label20260814_noise08000_rep009_seed2026091109,0.8,9,-0.0014636216670050883,-0.0036126536517839813,-0.008143685617108543,-0.006592097115896811,-0.0019488782346253064,-0.0060947760980076815
matched_correct_gls_practical,flattened_minus_ols,gls_flattened,ols,1,20260815,20260814,seed01_ref20260815_label20260814_noise08000_rep010_seed2026091110,0.8,10,-0.0007434075175517529,-0.004039681891448599,-0.03654557605468223,-0.027069518447953356,-0.005030440158616312,-0.002766714430678441
matched_correct_gls_practical,flattened_minus_ols,gls_flattened,ols,1,20260815,20260814,seed01_ref20260815_label20260814_noise08000_rep011_seed2026091111,0.8,11,-0.0003323760082958316,-0.004892224964455738,-0.05619516653410139,-0.04132630097109824,-0.009832290125135534,-0.006116813673956223
matched_correct_gls_practical,flattened_minus_ols,gls_flattened,ols,2,20260825,20260824,seed02_ref20260825_label20260824_noise00500_rep000_seed2026092100,0.05,0,0.0004985422666374806,0.0005138843682231387,-0.011277853009695749,-0.008447052666329169,0.024251741690860307,-0.036756027694683
matched_correct_gls_practical,flattened_minus_ols,gls_flattened,ols,2,20260825,20260824,seed02_ref20260825_label20260824_noise00500_rep001_seed2026092101,0.05,1,0.0004575123157304628,0.00029968165504223876,-0.011104183815415558,-0.008337624945118693,0.020574890473338048,-0.040753222582925464
matched_correct_gls_practical,flattened_minus_ols,gls_flattened,ols,2,20260825,20260824,seed02_ref20260825_label20260824_noise00500_rep002_seed2026092102,0.05,2,0.0007159869026419907,0.000636876258474639,-0.011469853213086356,-0.008578524448303315,0.040677856222434805,-0.030237090270732736
matched_correct_gls_practical,flattened_minus_ols,gls_flattened,ols,2,20260825,20260824,seed02_ref20260825_label20260824_noise00500_rep003_seed2026092103,0.05,3,0.00019366291962313875,0.00042344467073532344,-0.011154353860524102,-0.00836103974777086,0.03528181376595185,-0.0454293075634169
matched_correct_gls_practical,flattened_minus_ols,gls_flattened,ols,2,20260825,20260824,seed02_ref20260825_label20260824_noise00500_rep004_seed2026092104,0.05,4,0.0005590877922567461,0.00038591540115281986,-0.011360032977161372,-0.008524590021438516,0.027063156424596446,-0.03782529243019361
matched_correct_gls_practical,flattened_minus_ols,gls_flattened,ols,2,20260825,20260824,seed02_ref20260825_label20260824_noise00500_rep005_seed2026092105,0.05,5,0.0006020298796555745,0.0005457161817445377,-0.009826433379953703,-0.007349474997972449,0.05198385781909787,-0.026566211063349776
matched_correct_gls_practical,flattened_minus_ols,gls_flattened,ols,2,20260825,20260824,seed02_ref20260825_label20260824_noise00500_rep006_seed2026092106,0.05,6,0.0004676522351639012,0.0005209997465455418,-0.011478387270567603,-0.00859443843066754,0.029615389954962712,-0.033903121410415515
matched_correct_gls_practical,flattened_minus_ols,gls_flattened,ols,2,20260825,20260824,seed02_ref20260825_label20260824_noise00500_rep007_seed2026092107,0.05,7,0.0005751222998602312,0.00047506013243373,-0.011275757397791408,-0.008444935021881983,0.03227162151028207,-0.03863726205522244
matched_correct_gls_practical,flattened_minus_ols,gls_flattened,ols,2,20260825,20260824,seed02_ref20260825_label20260824_noise00500_rep008_seed2026092108,0.05,8,0.0005777570528759657,0.0005871364719354788,-0.01087638011410541,-0.00813484851727958,0.026363224491003923,-0.04281010613050329
matched_correct_gls_practical,flattened_minus_ols,gls_flattened,ols,2,20260825,20260824,seed02_ref20260825_label20260824_noise00500_rep009_seed2026092109,0.05,9,0.0003018904017596802,0.0003800609179097636,-0.011274844711105403,-0.008456696642813732,0.041351412515704844,-0.04383450588866955
matched_correct_gls_practical,flattened_minus_ols,gls_flattened,ols,2,20260825,20260824,seed02_ref20260825_label20260824_noise00500_rep010_seed2026092110,0.05,10,0.0005861634168649876,0.0005031224373081011,-0.010942405743454842,-0.008191121282098146,0.04154510890295571,-0.03321433282124353
matched_correct_gls_practical,flattened_minus_ols,gls_flattened,ols,2,20260825,20260824,seed02_ref20260825_label20260824_noise00500_rep011_seed2026092111,0.05,11,0.00036351843992454835,0.00039742759921529425,-0.011598526910917895,-0.008703459848643458,0.03326975159383361,-0.04666895113014924
matched_correct_gls_practical,flattened_minus_ols,gls_flattened,ols,2,20260825,20260824,seed02_ref20260825_label20260824_noise01000_rep000_seed2026092100,0.1,0,0.000451146125275359,0.0006852867107934035,-0.011137766634599533,-0.008321626466705867,0.00748905715936532,-0.012098102200375438
matched_correct_gls_practical,flattened_minus_ols,gls_flattened,ols,2,20260825,20260824,seed02_ref20260825_label20260824_noise01000_rep001_seed2026092101,0.1,1,0.0005689765623300702,0.000328900838776347,-0.010936086895765751,-0.008206235138911833,0.007033484032107795,-0.013955301030104561
matched_correct_gls_practical,flattened_minus_ols,gls_flattened,ols,2,20260825,20260824,seed02_ref20260825_label20260824_noise01000_rep002_seed2026092102,0.1,2,0.0007809028128387407,0.00092682997293142,-0.011775892948766908,-0.00877401203144168,0.020535870921673638,-0.007805228713589019
matched_correct_gls_practical,flattened_minus_ols,gls_flattened,ols,2,20260825,20260824,seed02_ref20260825_label20260824_noise01000_rep003_seed2026092103,0.1,3,0.00016419195312000756,0.0006401289394373233,-0.011141066552725398,-0.008322140133389222,0.018672460974511917,-0.017297723214536376
matched_correct_gls_practical,flattened_minus_ols,gls_flattened,ols,2,20260825,20260824,seed02_ref20260825_label20260824_noise01000_rep004_seed2026092104,0.1,4,0.000791432920244306,0.0006485347384410645,-0.011406224527072184,-0.008527031182478884,0.012353343929674354,-0.01094100918272356
matched_correct_gls_practical,flattened_minus_ols,gls_flattened,ols,2,20260825,20260824,seed02_ref20260825_label20260824_noise01000_rep005_seed2026092105,0.1,5,0.0004885057649475222,0.0005330625567296909,-0.008671936976052286,-0.006479034980591547,0.025929044941830792,-0.004302218001529967
matched_correct_gls_practical,flattened_minus_ols,gls_flattened,ols,2,20260825,20260824,seed02_ref20260825_label20260824_noise01000_rep006_seed2026092106,0.1,6,0.0005770635882855757,0.0007236485146746019,-0.011587690625524338,-0.008652609505416575,0.012625941962219889,-0.0076526765335585
matched_correct_gls_practical,flattened_minus_ols,gls_flattened,ols,2,20260825,20260824,seed02_ref20260825_label20260824_noise01000_rep007_seed2026092107,0.1,7,0.0006610799086806118,0.0005944394942528908,-0.011030848047215547,-0.00824301220272361,0.017299076243271205,-0.01310224935869031
matched_correct_gls_practical,flattened_minus_ols,gls_flattened,ols,2,20260825,20260824,seed02_ref20260825_label20260824_noise01000_rep008_seed2026092108,0.1,8,0.0009072221090557775,0.0010444581814066656,-0.010303914731138675,-0.00765117118318831,0.012574660397950632,-0.015729216564509985
matched_correct_gls_practical,flattened_minus_ols,gls_flattened,ols,2,20260825,20260824,seed02_ref20260825_label20260824_noise01000_rep009_seed2026092109,0.1,9,0.00040691550785532105,0.0005204157922768238,-0.011189467102070916,-0.008372343406855831,0.025479570456692358,-0.014755822239749916
matched_correct_gls_practical,flattened_minus_ols,gls_flattened,ols,2,20260825,20260824,seed02_ref20260825_label20260824_noise01000_rep010_seed2026092110,0.1,10,0.0005840082856572726,0.000510475393448756,-0.010823181826791983,-0.008095436995673,0.023920191843005645,-0.010468313845675592
matched_correct_gls_practical,flattened_minus_ols,gls_flattened,ols,2,20260825,20260824,seed02_ref20260825_label20260824_noise01000_rep011_seed2026092111,0.1,11,0.0007952004530780987,0.0007179044522079292,-0.01187031931015925,-0.008874078338055091,0.023506104862603072,-0.014921715276656977
matched_correct_gls_practical,flattened_minus_ols,gls_flattened,ols,2,20260825,20260824,seed02_ref20260825_label20260824_noise02000_rep000_seed2026092100,0.2,0,-0.00034174759154534384,-5.174092283136145e-05,-0.010889190229406709,-0.008195650486101602,-0.015834385697197195,-0.005919401676269143
matched_correct_gls_practical,flattened_minus_ols,gls_flattened,ols,2,20260825,20260824,seed02_ref20260825_label20260824_noise02000_rep001_seed2026092101,0.2,1,-4.180817191001829e-06,-0.0006694937343296181,-0.010509057846426417,-0.007979470835021485,-0.014783990305832218,-0.006348116653932534
matched_correct_gls_practical,flattened_minus_ols,gls_flattened,ols,2,20260825,20260824,seed02_ref20260825_label20260824_noise02000_rep002_seed2026092102,0.2,2,8.838751683637458e-05,0.00024363242148284225,-0.012337702916558668,-0.009236305649908794,-0.007587747473747575,-0.002660517679023089
matched_correct_gls_practical,flattened_minus_ols,gls_flattened,ols,2,20260825,20260824,seed02_ref20260825_label20260824_noise02000_rep003_seed2026092103,0.2,3,-0.0004885620078685093,-2.535418137411538e-05,-0.010615073391084695,-0.007969530160925664,-0.008409302657643947,-0.007963981454893743
matched_correct_gls_practical,flattened_minus_ols,gls_flattened,ols,2,20260825,20260824,seed02_ref20260825_label20260824_noise02000_rep004_seed2026092104,0.2,4,0.00014451802561657456,-5.2968377115214516e-05,-0.01129319130353501,-0.008489206729832777,-0.010803136741460717,-0.0043421685334752436
matched_correct_gls_practical,flattened_minus_ols,gls_flattened,ols,2,20260825,20260824,seed02_ref20260825_label20260824_noise02000_rep005_seed2026092105,0.2,5,-0.00023878985731645708,-0.0004197662333797758,-0.005930254447123695,-0.004510767302912222,-0.004197792516044574,2.6643847681695476e-05
matched_correct_gls_practical,flattened_minus_ols,gls_flattened,ols,2,20260825,20260824,seed02_ref20260825_label20260824_noise02000_rep006_seed2026092106,0.2,6,1.6524216209179432e-05,6.637916122234633e-05,-0.011875165930964604,-0.008907946774093067,-0.0150695528034126,-0.0013651828192802196
matched_correct_gls_practical,flattened_minus_ols,gls_flattened,ols,2,20260825,20260824,seed02_ref20260825_label20260824_noise02000_rep007_seed2026092107,0.2,7,0.0001687185452572404,-0.00024763299191171706,-0.010696726417348423,-0.008055870662218134,-0.0074814119304289495,-0.00482779272189604
matched_correct_gls_practical,flattened_minus_ols,gls_flattened,ols,2,20260825,20260824,seed02_ref20260825_label20260824_noise02000_rep008_seed2026092108,0.2,8,0.0004944916333299576,0.0006133515410539636,-0.009117503509592728,-0.006770203260961449,-0.012652843423650362,-0.007084071115019297
matched_correct_gls_practical,flattened_minus_ols,gls_flattened,ols,2,20260825,20260824,seed02_ref20260825_label20260824_noise02000_rep009_seed2026092109,0.2,9,-9.005497927491724e-05,-5.417203480120869e-05,-0.010573250504576803,-0.007940354974473873,-0.0014497056094120442,-0.0054695717968336055
matched_correct_gls_practical,flattened_minus_ols,gls_flattened,ols,2,20260825,20260824,seed02_ref20260825_label20260824_noise02000_rep010_seed2026092110,0.2,10,-2.2544635106480637e-05,-0.0003638128133738594,-0.010178282623346191,-0.007681627798095669,-0.0011965498303552202,-0.003432848263466015
matched_correct_gls_practical,flattened_minus_ols,gls_flattened,ols,2,20260825,20260824,seed02_ref20260825_label20260824_noise02000_rep011_seed2026092111,0.2,11,0.0003806770004341209,-8.556279498392327e-05,-0.012270029449659603,-0.009236273232009096,-0.0033520649750387044,-0.006372674419777624
matched_correct_gls_practical,flattened_minus_ols,gls_flattened,ols,2,20260825,20260824,seed02_ref20260825_label20260824_noise04000_rep000_seed2026092100,0.4,0,-0.0012904227010223646,-0.0017476595912758741,-0.010110238701502738,-0.007805551133083233,-0.02355775384220138,-0.003906930562018074
matched_correct_gls_practical,flattened_minus_ols,gls_flattened,ols,2,20260825,20260824,seed02_ref20260825_label20260824_noise04000_rep001_seed2026092101,0.4,1,-0.0008868401912787705,-0.0029465379621562704,-0.009448969441868349,-0.007499098915652924,-0.02287045685293143,-0.004097159375167969
matched_correct_gls_practical,flattened_minus_ols,gls_flattened,ols,2,20260825,20260824,seed02_ref20260825_label20260824_noise04000_rep002_seed2026092102,0.4,2,-0.0009207145457991728,-0.0017858147254543044,-0.01353842408379613,-0.010335412649800535,-0.020560019909625415,-0.0015221571210775053
matched_correct_gls_practical,flattened_minus_ols,gls_flattened,ols,2,20260825,20260824,seed02_ref20260825_label20260824_noise04000_rep003_seed2026092103,0.4,3,-0.0013445417831327022,-0.0021062634545529757,-0.007831622556168871,-0.006157931853828291,-0.02039959046275963,-0.0040545078242246735
matched_correct_gls_practical,flattened_minus_ols,gls_flattened,ols,2,20260825,20260824,seed02_ref20260825_label20260824_noise04000_rep004_seed2026092104,0.4,4,-0.001000487611636458,-0.002286927186607113,-0.010552121624651578,-0.008207261002843302,-0.019255292738830976,-0.0030974546447066764
matched_correct_gls_practical,flattened_minus_ols,gls_flattened,ols,2,20260825,20260824,seed02_ref20260825_label20260824_noise04000_rep005_seed2026092105,0.4,5,-0.0011524947580026645,-0.0022646916127170014,0.0007636332903196985,0.00018165625548605124,-0.016083228239805347,-0.00010833261002951566
matched_correct_gls_practical,flattened_minus_ols,gls_flattened,ols,2,20260825,20260824,seed02_ref20260825_label20260824_noise04000_rep006_seed2026092106,0.4,6,-0.0009240482761011526,-0.0017637334545277383,-0.012462930279691586,-0.009523831578089781,-0.028099379926499246,-0.0008304468286473021
matched_correct_gls_practical,flattened_minus_ols,gls_flattened,ols,2,20260825,20260824,seed02_ref20260825_label20260824_noise04000_rep007_seed2026092107,0.4,7,-0.0004451937243226123,-0.0022238520794349015,-0.010646270856518814,-0.008250430299346134,-0.018542372794686512,-0.0016566233018910914
matched_correct_gls_practical,flattened_minus_ols,gls_flattened,ols,2,20260825,20260824,seed02_ref20260825_label20260824_noise04000_rep008_seed2026092108,0.4,8,-0.00041428363941081736,-0.0012057682518047397,-0.0064613038378277254,-0.004988170397991709,-0.024883155483625075,-0.003973731430986671
matched_correct_gls_practical,flattened_minus_ols,gls_flattened,ols,2,20260825,20260824,seed02_ref20260825_label20260824_noise04000_rep009_seed2026092109,0.4,9,-0.0007811692020496808,-0.0011542461716149977,-0.00777316134456274,-0.005946971190870121,-0.014849276336338368,-0.002493959687546843
matched_correct_gls_practical,flattened_minus_ols,gls_flattened,ols,2,20260825,20260824,seed02_ref20260825_label20260824_noise04000_rep010_seed2026092110,0.4,10,-0.0003854410876557024,-0.0013777528801812156,-0.007521577071322727,-0.005798164366697445,-0.010904063039417489,0.00011385393754892448
matched_correct_gls_practical,flattened_minus_ols,gls_flattened,ols,2,20260825,20260824,seed02_ref20260825_label20260824_noise04000_rep011_seed2026092111,0.4,11,-0.0007007712106983366,-0.0025454112301053766,-0.01241259393262062,-0.00962948413605802,-0.017937678962413717,-0.004781675157213838
matched_correct_gls_practical,flattened_minus_ols,gls_flattened,ols,2,20260825,20260824,seed02_ref20260825_label20260824_noise08000_rep000_seed2026092100,0.8,0,-0.0001445354502388474,0.0012513073456452695,-0.023454412864369445,-0.016955885020149553,-0.019616757955181585,-0.0009068987386902094
matched_correct_gls_practical,flattened_minus_ols,gls_flattened,ols,2,20260825,20260824,seed02_ref20260825_label20260824_noise08000_rep001_seed2026092101,0.8,1,0.0008776328310939885,-0.0003974898197310339,-0.04536673070281183,-0.033372030028493094,-0.018445851154279103,-0.004456070139194468
matched_correct_gls_practical,flattened_minus_ols,gls_flattened,ols,2,20260825,20260824,seed02_ref20260825_label20260824_noise08000_rep002_seed2026092102,0.8,2,-0.0005633406310924238,-0.00103603629694482,-0.024080760224151287,-0.01768786129246469,-0.021674747407781858,-0.0021601504146160355
matched_correct_gls_practical,flattened_minus_ols,gls_flattened,ols,2,20260825,20260824,seed02_ref20260825_label20260824_noise08000_rep003_seed2026092103,0.8,3,0.0012517327917037635,-0.0005734641019705111,-0.04600137707079066,-0.0337090067970659,-0.016496954677992948,-0.0022032721409901423
matched_correct_gls_practical,flattened_minus_ols,gls_flattened,ols,2,20260825,20260824,seed02_ref20260825_label20260824_noise08000_rep004_seed2026092104,0.8,4,-0.0014725507200982202,-0.0017457724933502838,-0.027165258512307555,-0.0201621117650147,-0.01933273839219951,-0.005057012806529704
matched_correct_gls_practical,flattened_minus_ols,gls_flattened,ols,2,20260825,20260824,seed02_ref20260825_label20260824_noise08000_rep005_seed2026092105,0.8,5,-0.00023773119096703876,-0.0014447130161421295,-0.03778573413889752,-0.027846227730679796,-0.02209763568645262,-0.0009855142202057632
matched_correct_gls_practical,flattened_minus_ols,gls_flattened,ols,2,20260825,20260824,seed02_ref20260825_label20260824_noise08000_rep006_seed2026092106,0.8,6,-0.0014124721003530016,-0.002555505892769372,-0.023092305572028793,-0.01732984123129111,-0.02950914186125364,-0.003701668390741597
matched_correct_gls_practical,flattened_minus_ols,gls_flattened,ols,2,20260825,20260824,seed02_ref20260825_label20260824_noise08000_rep007_seed2026092107,0.8,7,-0.001784686052073381,-0.005079412402254679,-0.05444134197319206,-0.04086886394266642,-0.019204988895854758,-0.006536029139937893
matched_correct_gls_practical,flattened_minus_ols,gls_flattened,ols,2,20260825,20260824,seed02_ref20260825_label20260824_noise08000_rep008_seed2026092108,0.8,8,-0.0008971878143290146,-0.0009331025102687907,-0.053658073572306564,-0.039274719320390394,-0.02390049592539767,-0.003947021322761923
matched_correct_gls_practical,flattened_minus_ols,gls_flattened,ols,2,20260825,20260824,seed02_ref20260825_label20260824_noise08000_rep009_seed2026092109,0.8,9,0.0006752613388917306,0.0011200493419435409,-0.038286473263203,-0.027463991092599782,-0.019256744226570977,-0.002116318821772767
matched_correct_gls_practical,flattened_minus_ols,gls_flattened,ols,2,20260825,20260824,seed02_ref20260825_label20260824_noise08000_rep010_seed2026092110,0.8,10,0.0003531017715774354,-0.0006007195087224804,-0.014390559303238848,-0.010611340061290053,-0.014592590959652929,-0.00046713412005350285
matched_correct_gls_practical,flattened_minus_ols,gls_flattened,ols,2,20260825,20260824,seed02_ref20260825_label20260824_noise08000_rep011_seed2026092111,0.8,11,-0.0010314370415760443,-0.003933917605019821,-0.0530535140689149,-0.03952649977617839,-0.022111906485535293,-0.008820927078778684
matched_correct_gls_practical,flattened_minus_ols,gls_flattened,ols,3,20260905,20260904,seed03_ref20260905_label20260904_noise00500_rep000_seed2026093100,0.05,0,-0.00018777089666691116,-0.00025947137499346407,-0.014161278249959164,-0.010340954409096437,0.09616263090267374,-0.0821745101851672
matched_correct_gls_practical,flattened_minus_ols,gls_flattened,ols,3,20260905,20260904,seed03_ref20260905_label20260904_noise00500_rep001_seed2026093101,0.05,1,-0.000197473686310512,-0.0002100596381207076,-0.014607622939298737,-0.010657576287179282,0.0983820961295141,-0.07632012439674263
matched_correct_gls_practical,flattened_minus_ols,gls_flattened,ols,3,20260905,20260904,seed03_ref20260905_label20260904_noise00500_rep002_seed2026093102,0.05,2,-0.0016794355565364627,-0.0015600545606791472,0.003295763716129274,0.002247891737549912,0.0723885526803505,-0.09683294879024862
matched_correct_gls_practical,flattened_minus_ols,gls_flattened,ols,3,20260905,20260904,seed03_ref20260905_label20260904_noise00500_rep003_seed2026093103,0.05,3,-0.0007437841590761107,-0.0009447965360437904,0.003128277315506911,0.0021915054064323147,0.08507871218803897,-0.07791782257833813
matched_correct_gls_practical,flattened_minus_ols,gls_flattened,ols,3,20260905,20260904,seed03_ref20260905_label20260904_noise00500_rep004_seed2026093104,0.05,4,-0.0015749603940908297,-0.0016549573024423614,0.004240502371091082,0.0029243728024200832,0.05234498824899125,-0.07781209495328545
matched_correct_gls_practical,flattened_minus_ols,gls_flattened,ols,3,20260905,20260904,seed03_ref20260905_label20260904_noise00500_rep005_seed2026093105,0.05,5,-0.0003018815185920898,-0.0003236357561220704,-0.01451738797064106,-0.010609535959717864,0.10261181048135404,-0.08065223255511267
matched_correct_gls_practical,flattened_minus_ols,gls_flattened,ols,3,20260905,20260904,seed03_ref20260905_label20260904_noise00500_rep006_seed2026093106,0.05,6,-0.0019003264833897249,-0.002188464369484777,0.0024855811725073007,0.0015788270734781173,0.05692679165289105,-0.11772820496223879
matched_correct_gls_practical,flattened_minus_ols,gls_flattened,ols,3,20260905,20260904,seed03_ref20260905_label20260904_noise00500_rep007_seed2026093107,0.05,7,-0.0013185737726885138,-0.001541515607322963,0.0027318327254297614,0.0018303484593625852,0.0712438053149751,-0.09039434091079412
matched_correct_gls_practical,flattened_minus_ols,gls_flattened,ols,3,20260905,20260904,seed03_ref20260905_label20260904_noise00500_rep008_seed2026093108,0.05,8,-0.000623030973458949,-0.0008364029746905921,0.006100787735753732,0.004383170984948781,0.0667806114486873,-0.054849085754169025
matched_correct_gls_practical,flattened_minus_ols,gls_flattened,ols,3,20260905,20260904,seed03_ref20260905_label20260904_noise00500_rep009_seed2026093109,0.05,9,-0.001070471597134165,-0.001171572298648338,0.005838122768969667,0.004153525515632972,0.09110218293176198,-0.07908266232381145
matched_correct_gls_practical,flattened_minus_ols,gls_flattened,ols,3,20260905,20260904,seed03_ref20260905_label20260904_noise00500_rep010_seed2026093110,0.05,10,-0.0011885918295451714,-0.0012086057545208362,0.0033856272280051725,0.0023521317520395213,0.06632341068543557,-0.0793219433952399
matched_correct_gls_practical,flattened_minus_ols,gls_flattened,ols,3,20260905,20260904,seed03_ref20260905_label20260904_noise00500_rep011_seed2026093111,0.05,11,-0.0013508760351612636,-0.001453254451303232,0.004628984890723387,0.003242484930028655,0.05136977832741385,-0.08574264557223188
matched_correct_gls_practical,flattened_minus_ols,gls_flattened,ols,3,20260905,20260904,seed03_ref20260905_label20260904_noise01000_rep000_seed2026093100,0.1,0,-3.5046533153892945e-05,-0.000212608052134855,-0.013449280704484812,-0.009809358721154515,0.03441882328971091,-0.031135351257613575
matched_correct_gls_practical,flattened_minus_ols,gls_flattened,ols,3,20260905,20260904,seed03_ref20260905_label20260904_noise01000_rep001_seed2026093101,0.1,1,-0.00022329724156958108,-0.0003407253898620455,-0.014775608873012547,-0.01079021172224165,0.03411946395626919,-0.027743171687265367
matched_correct_gls_practical,flattened_minus_ols,gls_flattened,ols,3,20260905,20260904,seed03_ref20260905_label20260904_noise01000_rep002_seed2026093102,0.1,2,-0.0003193927134810537,-0.0002414661301272658,-0.01521960162392566,-0.01109097318344815,0.04029710424958188,-0.0340494389261925
matched_correct_gls_practical,flattened_minus_ols,gls_flattened,ols,3,20260905,20260904,seed03_ref20260905_label20260904_noise01000_rep003_seed2026093103,0.1,3,0.00041700923522247635,-7.52862123760134e-05,-0.014089728853066474,-0.010256114790626769,0.031758257680549296,-0.023599901271378787
matched_correct_gls_practical,flattened_minus_ols,gls_flattened,ols,3,20260905,20260904,seed03_ref20260905_label20260904_noise01000_rep004_seed2026093104,0.1,4,9.929567512084736e-06,-0.00046662591195534286,-0.01521642327381767,-0.011118862770479021,0.021531644483208545,-0.023477851136397998
matched_correct_gls_practical,flattened_minus_ols,gls_flattened,ols,3,20260905,20260904,seed03_ref20260905_label20260904_noise01000_rep005_seed2026093105,0.1,5,-0.0005163502496000616,-0.00047595923509730076,-0.014323918325231166,-0.010484193084674187,0.03237565694656186,-0.03163898179725422
matched_correct_gls_practical,flattened_minus_ols,gls_flattened,ols,3,20260905,20260904,seed03_ref20260905_label20260904_noise01000_rep006_seed2026093106,0.1,6,2.161092112651364e-06,-0.00010103217599494174,-0.014458518627144534,-0.010515129704349924,0.02402986102504001,-0.02704277938102484
matched_correct_gls_practical,flattened_minus_ols,gls_flattened,ols,3,20260905,20260904,seed03_ref20260905_label20260904_noise01000_rep007_seed2026093107,0.1,7,-0.0001598025367405831,-0.0003368393842541617,-0.013901439549217631,-0.010143670302582175,0.022100302428875063,-0.02948139679800299
matched_correct_gls_practical,flattened_minus_ols,gls_flattened,ols,3,20260905,20260904,seed03_ref20260905_label20260904_noise01000_rep008_seed2026093108,0.1,8,-9.137098150857614e-05,-0.00023951708707473096,-0.012904220292488167,-0.009420987619769117,0.023238880472616907,-0.02898988235168809
matched_correct_gls_practical,flattened_minus_ols,gls_flattened,ols,3,20260905,20260904,seed03_ref20260905_label20260904_noise01000_rep009_seed2026093109,0.1,9,0.00020340541552396618,2.4833656535411253e-05,-0.01064188128742527,-0.007730754381170768,0.029574511237956846,-0.02371170421896518
matched_correct_gls_practical,flattened_minus_ols,gls_flattened,ols,3,20260905,20260904,seed03_ref20260905_label20260904_noise01000_rep010_seed2026093110,0.1,10,-0.00014705249293570088,-0.000198528495211292,-0.01412835938938195,-0.010307004452447921,0.018645179062035222,-0.028650039147541717
matched_correct_gls_practical,flattened_minus_ols,gls_flattened,ols,3,20260905,20260904,seed03_ref20260905_label20260904_noise01000_rep011_seed2026093111,0.1,11,-0.00019207027720238856,-0.00021650995258098993,-0.011514110516760212,-0.008402832145494532,0.025802015452180083,-0.03430739072989897
matched_correct_gls_practical,flattened_minus_ols,gls_flattened,ols,3,20260905,20260904,seed03_ref20260905_label20260904_noise02000_rep000_seed2026093100,0.2,0,-0.0002484756963920809,-0.0008264705417462825,-0.013549087855967201,-0.009938755369823915,-0.00099990885178447,-0.01117917012832259
matched_correct_gls_practical,flattened_minus_ols,gls_flattened,ols,3,20260905,20260904,seed03_ref20260905_label20260904_noise02000_rep001_seed2026093101,0.2,1,-0.000658019353234951,-0.001316021876516027,-0.015934474301076973,-0.01173344191840564,-0.0028336668828978784,-0.00886190575400736
matched_correct_gls_practical,flattened_minus_ols,gls_flattened,ols,3,20260905,20260904,seed03_ref20260905_label20260904_noise02000_rep002_seed2026093102,0.2,2,-0.0007286792843350653,-0.0009231593164275853,-0.0167771182688623,-0.012270858772474691,0.0022374051519176152,-0.014446800381535674
matched_correct_gls_practical,flattened_minus_ols,gls_flattened,ols,3,20260905,20260904,seed03_ref20260905_label20260904_noise02000_rep003_seed2026093103,0.2,3,0.00038092106566683936,-0.0006140183550152889,-0.014798301536277259,-0.010811199795919046,-0.004049729109558031,-0.006046795520442849
matched_correct_gls_practical,flattened_minus_ols,gls_flattened,ols,3,20260905,20260904,seed03_ref20260905_label20260904_noise02000_rep004_seed2026093104,0.2,4,-0.00039269789978479963,-0.0016575107651162768,-0.017000160565814104,-0.01254162685724114,-0.011882421643379715,-0.0067270741758374
matched_correct_gls_practical,flattened_minus_ols,gls_flattened,ols,3,20260905,20260904,seed03_ref20260905_label20260904_noise02000_rep005_seed2026093105,0.2,5,-0.0012639360581994663,-0.0016242787530205416,-0.015253345713171051,-0.01129193587008126,-0.004963771535607009,-0.012117075071263805
matched_correct_gls_practical,flattened_minus_ols,gls_flattened,ols,3,20260905,20260904,seed03_ref20260905_label20260904_noise02000_rep006_seed2026093106,0.2,6,-0.00046183809318400826,-0.000853879249589129,-0.015225768975047238,-0.01113081649629094,-0.014219707038731766,-0.00888049874395791
matched_correct_gls_practical,flattened_minus_ols,gls_flattened,ols,3,20260905,20260904,seed03_ref20260905_label20260904_noise02000_rep007_seed2026093107,0.2,7,-0.000624230204111953,-0.0011272043402706933,-0.01438151819411082,-0.010567079374920019,-0.01013997610819839,-0.011071099831305053
matched_correct_gls_practical,flattened_minus_ols,gls_flattened,ols,3,20260905,20260904,seed03_ref20260905_label20260904_noise02000_rep008_seed2026093108,0.2,8,-0.00036202533847856655,-0.0009043125844458433,-0.01226573191656033,-0.009027473402225705,-0.010613781729223781,-0.010199110177577575
matched_correct_gls_practical,flattened_minus_ols,gls_flattened,ols,3,20260905,20260904,seed03_ref20260905_label20260904_noise02000_rep009_seed2026093109,0.2,9,-0.00016481302667048503,-0.0005518585074978655,-0.007447539019964977,-0.005474028577354295,-0.006384512132689757,-0.007408996682455982
matched_correct_gls_practical,flattened_minus_ols,gls_flattened,ols,3,20260905,20260904,seed03_ref20260905_label20260904_noise02000_rep010_seed2026093110,0.2,10,-0.0006616905916079219,-0.0009639928029282208,-0.014464772802874504,-0.010631088499649999,-0.014811262180298934,-0.010425061046166029
matched_correct_gls_practical,flattened_minus_ols,gls_flattened,ols,3,20260905,20260904,seed03_ref20260905_label20260904_noise02000_rep011_seed2026093111,0.2,11,-0.0005341615459137916,-0.0008846312784748511,-0.009378641166495005,-0.006926836293958238,-0.008999955367892554,-0.013819380192331199
matched_correct_gls_practical,flattened_minus_ols,gls_flattened,ols,3,20260905,20260904,seed03_ref20260905_label20260904_noise04000_rep000_seed2026093100,0.4,0,-0.0008698862230557269,-0.00291664154594537,-0.015268281137385431,-0.01146230360101641,-0.01602326750838623,-0.004289553982718131
matched_correct_gls_practical,flattened_minus_ols,gls_flattened,ols,3,20260905,20260904,seed03_ref20260905_label20260904_noise04000_rep001_seed2026093101,0.4,1,-0.001273076719272792,-0.00356011292673597,-0.01666920136221739,-0.0125630330394918,-0.016982453602339964,-0.002571426502939067
matched_correct_gls_practical,flattened_minus_ols,gls_flattened,ols,3,20260905,20260904,seed03_ref20260905_label20260904_noise04000_rep002_seed2026093102,0.4,2,-0.0014987114628721154,-0.002660873612060022,-0.017729912035276296,-0.01313685722682506,-0.013322626388207581,-0.00681904654618215
matched_correct_gls_practical,flattened_minus_ols,gls_flattened,ols,3,20260905,20260904,seed03_ref20260905_label20260904_noise04000_rep003_seed2026093103,0.4,3,0.00014232021180599075,-0.0020207368896717204,-0.016848706618286968,-0.012428323930325003,-0.018672257245680335,-0.0011738864275150362
matched_correct_gls_practical,flattened_minus_ols,gls_flattened,ols,3,20260905,20260904,seed03_ref20260905_label20260904_noise04000_rep004_seed2026093104,0.4,4,-0.0011047479115887104,-0.0041591846649753905,-0.020555673308992217,-0.015428302719438902,-0.023490333942663977,-0.0011742854344520826
matched_correct_gls_practical,flattened_minus_ols,gls_flattened,ols,3,20260905,20260904,seed03_ref20260905_label20260904_noise04000_rep005_seed2026093105,0.4,5,-0.0024885696833462645,-0.00440857060889005,-0.017274212969302427,-0.013158191027442978,-0.01702324860848048,-0.004951745135452601
matched_correct_gls_practical,flattened_minus_ols,gls_flattened,ols,3,20260905,20260904,seed03_ref20260905_label20260904_noise04000_rep006_seed2026093106,0.4,6,-0.0016550160845732464,-0.003413744967507626,-0.017009029772574458,-0.01275585953758962,-0.028952397434836907,-0.0039061453431177284
matched_correct_gls_practical,flattened_minus_ols,gls_flattened,ols,3,20260905,20260904,seed03_ref20260905_label20260904_noise04000_rep007_seed2026093107,0.4,7,-0.0013107989941957277,-0.003076939744170726,-0.016339730184043666,-0.012216630243032489,-0.019835300054528604,-0.00472077243820368
matched_correct_gls_practical,flattened_minus_ols,gls_flattened,ols,3,20260905,20260904,seed03_ref20260905_label20260904_noise04000_rep008_seed2026093108,0.4,8,-0.0007588466363619428,-0.002239578894408789,-0.010856199980871839,-0.00818153255055526,-0.02194457121622051,-0.0033431836236776924
matched_correct_gls_practical,flattened_minus_ols,gls_flattened,ols,3,20260905,20260904,seed03_ref20260905_label20260904_noise04000_rep009_seed2026093109,0.4,9,-0.0008753737043367127,-0.0027950706356296706,-0.0016884674010427814,-0.0017463388805121216,-0.0188786710554274,-0.0021573603772657712
matched_correct_gls_practical,flattened_minus_ols,gls_flattened,ols,3,20260905,20260904,seed03_ref20260905_label20260904_noise04000_rep010_seed2026093110,0.4,10,-0.0017909737816834692,-0.003373746111446918,-0.014910006441816614,-0.01129293419041566,-0.025913054277709513,-0.004861273855891968
matched_correct_gls_practical,flattened_minus_ols,gls_flattened,ols,3,20260905,20260904,seed03_ref20260905_label20260904_noise04000_rep011_seed2026093111,0.4,11,-0.0012790536973589783,-0.0028626764009354877,-0.004679851308254657,-0.0038893866897393714,-0.023238719983638134,-0.005566602151036992
matched_correct_gls_practical,flattened_minus_ols,gls_flattened,ols,3,20260905,20260904,seed03_ref20260905_label20260904_noise08000_rep000_seed2026093100,0.8,0,-0.0019266778807524032,-0.0028773855178690355,-0.025803217808918144,-0.018752606396134297,-0.02004627944570858,-0.004963424838555053
matched_correct_gls_practical,flattened_minus_ols,gls_flattened,ols,3,20260905,20260904,seed03_ref20260905_label20260904_noise08000_rep001_seed2026093101,0.8,1,4.658759808007229e-05,-0.0026511194634702417,-0.05610106445555185,-0.040071578811262,-0.017769704616954707,-0.0020979121662767497
matched_correct_gls_practical,flattened_minus_ols,gls_flattened,ols,3,20260905,20260904,seed03_ref20260905_label20260904_noise08000_rep002_seed2026093102,0.8,2,-0.002201801821877014,-0.0020566894305777406,-0.027767549151618942,-0.019932336193149047,-0.014085820300714813,-0.007556017988075148
matched_correct_gls_practical,flattened_minus_ols,gls_flattened,ols,3,20260905,20260904,seed03_ref20260905_label20260904_noise08000_rep003_seed2026093103,0.8,3,0.0005305266172234147,-0.0015117584348638413,-0.05246401887831964,-0.037308506703463085,-0.02332474896850112,-0.003226397213978105
matched_correct_gls_practical,flattened_minus_ols,gls_flattened,ols,3,20260905,20260904,seed03_ref20260905_label20260904_noise08000_rep004_seed2026093104,0.8,4,-0.000986425095254484,-0.0039302464349969535,-0.027237246619482236,-0.019970327973429347,-0.02190836290681686,-0.0037768611821338283
matched_correct_gls_practical,flattened_minus_ols,gls_flattened,ols,3,20260905,20260904,seed03_ref20260905_label20260904_noise08000_rep005_seed2026093105,0.8,5,-0.0007312465680687774,-0.0015773198059790272,-0.029399902524752664,-0.021017777662976078,-0.017593625981224825,-0.0023116404998648754
matched_correct_gls_practical,flattened_minus_ols,gls_flattened,ols,3,20260905,20260904,seed03_ref20260905_label20260904_noise08000_rep006_seed2026093106,0.8,6,-0.002039927409198561,-0.0016943219594984238,-0.03544872932484666,-0.025214878355310333,-0.025736179740668108,-0.003684885847881958
matched_correct_gls_practical,flattened_minus_ols,gls_flattened,ols,3,20260905,20260904,seed03_ref20260905_label20260904_noise08000_rep007_seed2026093107,0.8,7,0.0005360784658043904,0.0005707257578159708,-0.036305390650034575,-0.02531296818897688,-0.019231813942192977,-0.0011724161777282305
matched_correct_gls_practical,flattened_minus_ols,gls_flattened,ols,3,20260905,20260904,seed03_ref20260905_label20260904_noise08000_rep008_seed2026093108,0.8,8,-0.0008259068718929896,-0.00048396205221656885,-0.05404454353141264,-0.03817722713644811,-0.02317931406622442,-0.005028386849809774
matched_correct_gls_practical,flattened_minus_ols,gls_flattened,ols,3,20260905,20260904,seed03_ref20260905_label20260904_noise08000_rep009_seed2026093109,0.8,9,0.0002764736188646255,0.00030176911070622925,-0.009354052181123174,-0.006470750400873859,-0.02006019836481543,-0.001322521116304598
matched_correct_gls_practical,flattened_minus_ols,gls_flattened,ols,3,20260905,20260904,seed03_ref20260905_label20260904_noise08000_rep010_seed2026093110,0.8,10,-0.00184777921124335,-0.0037431771308379935,-0.03429015912557776,-0.02508099496003291,-0.022478009448982705,-0.006085116803403734
matched_correct_gls_practical,flattened_minus_ols,gls_flattened,ols,3,20260905,20260904,seed03_ref20260905_label20260904_noise08000_rep011_seed2026093111,0.8,11,0.00048569868832737395,-0.00038660030903880926,-0.04618420626704811,-0.032318433498672916,-0.021434588160746282,-0.002556580597494973
matched_correct_gls_practical,flattened_minus_ols,gls_flattened,ols,4,20260915,20260914,seed04_ref20260915_label20260914_noise00500_rep000_seed2026094100,0.05,0,-0.0016485345272259644,-0.0018611579856337712,-0.014321861235001565,-0.010860948256296854,0.09286610169072906,-0.14072159779736415
matched_correct_gls_practical,flattened_minus_ols,gls_flattened,ols,4,20260915,20260914,seed04_ref20260915_label20260914_noise00500_rep001_seed2026094101,0.05,1,0.000404578271236522,0.0004903196507557439,0.007605794007454425,0.005722540302780743,0.09306364374854548,-0.033528097853686045
matched_correct_gls_practical,flattened_minus_ols,gls_flattened,ols,4,20260915,20260914,seed04_ref20260915_label20260914_noise00500_rep002_seed2026094102,0.05,2,-7.492412388251934e-05,-0.00021760992962047143,0.007869247517649947,0.005841017429879081,0.08835415623141119,-0.04537068301302227
matched_correct_gls_practical,flattened_minus_ols,gls_flattened,ols,4,20260915,20260914,seed04_ref20260915_label20260914_noise00500_rep003_seed2026094103,0.05,3,-1.9703744894433717e-05,-6.611448512316986e-05,0.006384984622666012,0.004748598394477055,0.0822589014708961,-0.0554902273748934
matched_correct_gls_practical,flattened_minus_ols,gls_flattened,ols,4,20260915,20260914,seed04_ref20260915_label20260914_noise00500_rep004_seed2026094104,0.05,4,0.0003797595547160859,0.0005511763412580084,0.007428028377755136,0.005598747828624573,0.09342187091435328,-0.03404066017032514
matched_correct_gls_practical,flattened_minus_ols,gls_flattened,ols,4,20260915,20260914,seed04_ref20260915_label20260914_noise00500_rep005_seed2026094105,0.05,5,-0.00044297723979777603,-0.0004183034063371116,0.005495956113488076,0.004053359048626248,0.06435154983986324,-0.06040301927410008
matched_correct_gls_practical,flattened_minus_ols,gls_flattened,ols,4,20260915,20260914,seed04_ref20260915_label20260914_noise00500_rep006_seed2026094106,0.05,6,-0.0014802473435115149,-0.0018772993825962037,-0.015619282044043503,-0.011826545596257176,0.08574196672784407,-0.13428754335591675
matched_correct_gls_practical,flattened_minus_ols,gls_flattened,ols,4,20260915,20260914,seed04_ref20260915_label20260914_noise00500_rep007_seed2026094107,0.05,7,-0.001970546412355084,-0.0019140729061872391,-0.01559826365791428,-0.011816505602485039,0.10258221881999319,-0.1445517043770117
matched_correct_gls_practical,flattened_minus_ols,gls_flattened,ols,4,20260915,20260914,seed04_ref20260915_label20260914_noise00500_rep008_seed2026094108,0.05,8,-0.0019347265241507206,-0.001963566681009263,-0.01573081332154147,-0.011919237321918574,0.08555562492197444,-0.14859218378892036
matched_correct_gls_practical,flattened_minus_ols,gls_flattened,ols,4,20260915,20260914,seed04_ref20260915_label20260914_noise00500_rep009_seed2026094109,0.05,9,-0.00013636339261205443,-0.00016131696218327218,0.007037349747884281,0.005230493481715004,0.09376866781168491,-0.043822642972653814
matched_correct_gls_practical,flattened_minus_ols,gls_flattened,ols,4,20260915,20260914,seed04_ref20260915_label20260914_noise00500_rep010_seed2026094110,0.05,10,0.00010105064817120257,0.0002762767693687551,0.007310278288473526,0.005480857153552177,0.08778797504664038,-0.051030478116121714
matched_correct_gls_practical,flattened_minus_ols,gls_flattened,ols,4,20260915,20260914,seed04_ref20260915_label20260914_noise00500_rep011_seed2026094111,0.05,11,-0.0017911634773103424,-0.0018364832136621295,-0.014816914116836721,-0.01122722473500859,0.08050558299236776,-0.1378250290968399
matched_correct_gls_practical,flattened_minus_ols,gls_flattened,ols,4,20260915,20260914,seed04_ref20260915_label20260914_noise01000_rep000_seed2026094100,0.1,0,-0.0012367895966309272,-0.0017979232681025192,-0.012587826315985762,-0.009563724587697164,0.03635619765295872,-0.056485307346637814
matched_correct_gls_practical,flattened_minus_ols,gls_flattened,ols,4,20260915,20260914,seed04_ref20260915_label20260914_noise01000_rep001_seed2026094101,0.1,1,-0.0017352495614836039,-0.0020076609816870594,-0.014551883071470484,-0.011045180313848268,0.02322837336782424,-0.05730543927657439
matched_correct_gls_practical,flattened_minus_ols,gls_flattened,ols,4,20260915,20260914,seed04_ref20260915_label20260914_noise01000_rep002_seed2026094102,0.1,2,-0.0015626174979611884,-0.0021824890659523644,-0.015656893695401353,-0.011888816037665062,0.030121297195598862,-0.05739410193189154
matched_correct_gls_practical,flattened_minus_ols,gls_flattened,ols,4,20260915,20260914,seed04_ref20260915_label20260914_noise01000_rep003_seed2026094103,0.1,3,-0.0018593690898867365,-0.002393020771738641,-0.01528730960720881,-0.011641696440599092,0.033554420358749004,-0.06734194749687816
matched_correct_gls_practical,flattened_minus_ols,gls_flattened,ols,4,20260915,20260914,seed04_ref20260915_label20260914_noise01000_rep004_seed2026094104,0.1,4,-0.00149742357902935,-0.001883080244629326,-0.015951097024034966,-0.012074600976129224,0.037544790015094476,-0.05750559257246879
matched_correct_gls_practical,flattened_minus_ols,gls_flattened,ols,4,20260915,20260914,seed04_ref20260915_label20260914_noise01000_rep005_seed2026094105,0.1,5,-0.001288499622644379,-0.001922450265344558,-0.01525452761858348,-0.011560077467867913,0.028021463100500688,-0.057971294190065414
matched_correct_gls_practical,flattened_minus_ols,gls_flattened,ols,4,20260915,20260914,seed04_ref20260915_label20260914_noise01000_rep006_seed2026094106,0.1,6,-0.0009094053504737354,-0.0015841005531458535,-0.0150482339748923,-0.011362843472189743,0.029238627596429145,-0.048264727597544965
matched_correct_gls_practical,flattened_minus_ols,gls_flattened,ols,4,20260915,20260914,seed04_ref20260915_label20260914_noise01000_rep007_seed2026094107,0.1,7,-0.0017189383919802292,-0.0018946238662674586,-0.015261967347323324,-0.011560725841126884,0.0459781581828036,-0.059111835969653415
matched_correct_gls_practical,flattened_minus_ols,gls_flattened,ols,4,20260915,20260914,seed04_ref20260915_label20260914_noise01000_rep008_seed2026094108,0.1,8,-0.0015489572659881101,-0.0018399450897194358,-0.015459330274725791,-0.011698910449293887,0.02888344829111511,-0.061183087327915775
matched_correct_gls_practical,flattened_minus_ols,gls_flattened,ols,4,20260915,20260914,seed04_ref20260915_label20260914_noise01000_rep009_seed2026094109,0.1,9,-0.0013915395169959988,-0.002063814897359989,-0.015532472338284475,-0.011779973332650628,0.040187087553294365,-0.053897664669519285
matched_correct_gls_practical,flattened_minus_ols,gls_flattened,ols,4,20260915,20260914,seed04_ref20260915_label20260914_noise01000_rep010_seed2026094110,0.1,10,-0.0021287379593856737,-0.0022871688235245186,-0.015022392021044384,-0.011433599527967186,0.030039850972589655,-0.06452475721282136
matched_correct_gls_practical,flattened_minus_ols,gls_flattened,ols,4,20260915,20260914,seed04_ref20260915_label20260914_noise01000_rep011_seed2026094111,0.1,11,-0.0014048047809272768,-0.0016230055917450664,-0.013774183834114884,-0.010425222477842278,0.024481125990526653,-0.05124783757490703
matched_correct_gls_practical,flattened_minus_ols,gls_flattened,ols,4,20260915,20260914,seed04_ref20260915_label20260914_noise02000_rep000_seed2026094100,0.2,0,-0.0008342154620523956,-0.0019879473059679076,-0.009604071771430855,-0.007369784827196912,0.006565969540932137,-0.019050183200549187
matched_correct_gls_practical,flattened_minus_ols,gls_flattened,ols,4,20260915,20260914,seed04_ref20260915_label20260914_noise02000_rep001_seed2026094101,0.2,1,-0.0015539509306941313,-0.0022999289979249715,-0.01323602194686968,-0.010090882447635563,-0.008168275598052999,-0.01914040456047772
matched_correct_gls_practical,flattened_minus_ols,gls_flattened,ols,4,20260915,20260914,seed04_ref20260915_label20260914_noise02000_rep002_seed2026094102,0.2,2,-0.0013476713122305695,-0.0025890208433334283,-0.015609395565380324,-0.011885989337732605,0.0005815756546223572,-0.019424032052985485
matched_correct_gls_practical,flattened_minus_ols,gls_flattened,ols,4,20260915,20260914,seed04_ref20260915_label20260914_noise02000_rep003_seed2026094103,0.2,3,-0.0017428891852204753,-0.0031457956588804292,-0.014969461175534104,-0.011494713851531724,0.001127133594190033,-0.027207929646084095
matched_correct_gls_practical,flattened_minus_ols,gls_flattened,ols,4,20260915,20260914,seed04_ref20260915_label20260914_noise02000_rep004_seed2026094104,0.2,4,-0.0012623741820650125,-0.0020785755603420497,-0.015887004830952733,-0.012032430667000271,0.004620711476440942,-0.019348206542273205
matched_correct_gls_practical,flattened_minus_ols,gls_flattened,ols,4,20260915,20260914,seed04_ref20260915_label20260914_noise02000_rep005_seed2026094105,0.2,5,-0.0009419830668229989,-0.0021232465960503433,-0.0147107454434946,-0.011164392890752883,0.001329743184762311,-0.019762219507734935
matched_correct_gls_practical,flattened_minus_ols,gls_flattened,ols,4,20260915,20260914,seed04_ref20260915_label20260914_noise02000_rep006_seed2026094106,0.2,6,-0.0004578529278423671,-0.001554128151340567,-0.014543170827362895,-0.010955962631060523,-0.0004525194532014609,-0.012405449346146513
matched_correct_gls_practical,flattened_minus_ols,gls_flattened,ols,4,20260915,20260914,seed04_ref20260915_label20260914_noise02000_rep007_seed2026094107,0.2,7,-0.0014932493944856684,-0.002140674677971327,-0.015152021574398766,-0.011486436674082723,0.013956408536893505,-0.02112089882240742
matched_correct_gls_practical,flattened_minus_ols,gls_flattened,ols,4,20260915,20260914,seed04_ref20260915_label20260914_noise02000_rep008_seed2026094108,0.2,8,-0.0012061679547282766,-0.0019893573055937974,-0.015329237867282464,-0.011595538780355574,0.0015110702944951537,-0.021674883912611298
matched_correct_gls_practical,flattened_minus_ols,gls_flattened,ols,4,20260915,20260914,seed04_ref20260915_label20260914_noise02000_rep009_seed2026094109,0.2,9,-0.0009836819105779882,-0.0024065665106598744,-0.0155423655435305,-0.011809813639023559,0.009932289772030645,-0.016423451215108242
matched_correct_gls_practical,flattened_minus_ols,gls_flattened,ols,4,20260915,20260914,seed04_ref20260915_label20260914_noise02000_rep010_seed2026094110,0.2,10,-0.0019375473346693317,-0.0027379456456883278,-0.014206666948450408,-0.010876081028280915,0.0009414597710588613,-0.022973768071706813
matched_correct_gls_practical,flattened_minus_ols,gls_flattened,ols,4,20260915,20260914,seed04_ref20260915_label20260914_noise02000_rep011_seed2026094111,0.2,11,-0.0011293284995069763,-0.00171174917356412,-0.011732605681754382,-0.008906173266470696,-0.004598896015644893,-0.014248714152524489
matched_correct_gls_practical,flattened_minus_ols,gls_flattened,ols,4,20260915,20260914,seed04_ref20260915_label20260914_noise04000_rep000_seed2026094100,0.4,0,-0.0007425024620172915,-0.002758600262194044,-0.0042057912348073545,-0.0035495995283819637,-0.0042093660997466475,-0.005551311057433006
matched_correct_gls_practical,flattened_minus_ols,gls_flattened,ols,4,20260915,20260914,seed04_ref20260915_label20260914_noise04000_rep001_seed2026094101,0.4,1,-0.0019577385721235574,-0.003317251238190322,-0.009200435051789912,-0.00728469777528945,-0.01962731648201932,-0.0063585898492590776
matched_correct_gls_practical,flattened_minus_ols,gls_flattened,ols,4,20260915,20260914,seed04_ref20260915_label20260914_noise04000_rep002_seed2026094102,0.4,2,-0.0015416179354025283,-0.003440528444116797,-0.015238514203925524,-0.011691971415404123,-0.009593172684595697,-0.006261762872880272
matched_correct_gls_practical,flattened_minus_ols,gls_flattened,ols,4,20260915,20260914,seed04_ref20260915_label20260914_noise04000_rep003_seed2026094103,0.4,3,-0.001959247711133427,-0.004881868668169975,-0.014112740910751875,-0.011134981139188038,-0.012262895752107816,-0.011381760788294004
matched_correct_gls_practical,flattened_minus_ols,gls_flattened,ols,4,20260915,20260914,seed04_ref20260915_label20260914_noise04000_rep004_seed2026094104,0.4,4,-0.0011397372335996137,-0.0025475166501931212,-0.01596940854538398,-0.012100038654806688,-0.007421297464425658,-0.005163049374869111
matched_correct_gls_practical,flattened_minus_ols,gls_flattened,ols,4,20260915,20260914,seed04_ref20260915_label20260914_noise04000_rep005_seed2026094105,0.4,5,-0.0011772065268477183,-0.002973197220363877,-0.012251673253663276,-0.009448171253807203,-0.007439083803142843,-0.007411009853350192
matched_correct_gls_practical,flattened_minus_ols,gls_flattened,ols,4,20260915,20260914,seed04_ref20260915_label20260914_noise04000_rep006_seed2026094106,0.4,6,-0.000381514087505308,-0.0024999381885908722,-0.014519118999997582,-0.011005225191943635,-0.011035793777072644,-0.0017972980912650538
matched_correct_gls_practical,flattened_minus_ols,gls_flattened,ols,4,20260915,20260914,seed04_ref20260915_label20260914_noise04000_rep007_seed2026094107,0.4,7,-0.0013763820315802477,-0.0025711649560554994,-0.015767341743353036,-0.011928937294038044,0.0007030125591516168,-0.007151471824813349
matched_correct_gls_practical,flattened_minus_ols,gls_flattened,ols,4,20260915,20260914,seed04_ref20260915_label20260914_noise04000_rep008_seed2026094108,0.4,8,-0.0010443863044913293,-0.002732584305286362,-0.01469368755463163,-0.011175259412840033,-0.005252530352124696,-0.007119368460263065
matched_correct_gls_practical,flattened_minus_ols,gls_flattened,ols,4,20260915,20260914,seed04_ref20260915_label20260914_noise04000_rep009_seed2026094109,0.4,9,-0.0010329009868860206,-0.0034969780761504865,-0.015341314677230322,-0.01178106853689026,-0.002022153325990317,-0.004487219177856883
matched_correct_gls_practical,flattened_minus_ols,gls_flattened,ols,4,20260915,20260914,seed04_ref20260915_label20260914_noise04000_rep010_seed2026094110,0.4,10,-0.0015888567329671588,-0.0033591102324040667,-0.011159805670885814,-0.008717613692856507,-0.00847524983650394,-0.006008980356457805
matched_correct_gls_practical,flattened_minus_ols,gls_flattened,ols,4,20260915,20260914,seed04_ref20260915_label20260914_noise04000_rep011_seed2026094111,0.4,11,-0.0012435195092806994,-0.0027981653142277463,-0.00627827067930975,-0.005063865076032903,-0.01350839612522825,-0.003095958887437966
matched_correct_gls_practical,flattened_minus_ols,gls_flattened,ols,4,20260915,20260914,seed04_ref20260915_label20260914_noise08000_rep000_seed2026094100,0.8,0,-0.0008467519812415114,-0.002039158192781554,-0.03713640813331154,-0.02703224532549031,-0.009206179358489441,-0.007602495991667402
matched_correct_gls_practical,flattened_minus_ols,gls_flattened,ols,4,20260915,20260914,seed04_ref20260915_label20260914_noise08000_rep001_seed2026094101,0.8,1,7.438185822583598e-05,-0.00278819289915061,-0.026152469480405838,-0.019295124488542204,-0.01388490211878346,-0.0012899213850516844
matched_correct_gls_practical,flattened_minus_ols,gls_flattened,ols,4,20260915,20260914,seed04_ref20260915_label20260914_noise08000_rep002_seed2026094102,0.8,2,-0.0022161608289373858,-0.0026499308476773953,-0.033808988876363744,-0.02456577105415636,-0.00807930205116758,-0.005575889372873233
matched_correct_gls_practical,flattened_minus_ols,gls_flattened,ols,4,20260915,20260914,seed04_ref20260915_label20260914_noise08000_rep003_seed2026094103,0.8,3,-0.003291613450274178,-0.0062399085488518136,-0.059561401477859266,-0.044015659631251314,-0.016057796066889063,-0.012693264143253558
matched_correct_gls_practical,flattened_minus_ols,gls_flattened,ols,4,20260915,20260914,seed04_ref20260915_label20260914_noise08000_rep004_seed2026094104,0.8,4,-0.0013524135047808805,-0.002667606209154405,-0.01803530444460555,-0.013477835001239558,-0.010713963875727206,-0.006028832992439392
matched_correct_gls_practical,flattened_minus_ols,gls_flattened,ols,4,20260915,20260914,seed04_ref20260915_label20260914_noise08000_rep005_seed2026094105,0.8,5,-0.0010859074360975995,-0.004389134334741807,-0.05770175599472227,-0.04232667589451544,-0.007533452660965612,-0.010207247601604408
matched_correct_gls_practical,flattened_minus_ols,gls_flattened,ols,4,20260915,20260914,seed04_ref20260915_label20260914_noise08000_rep006_seed2026094106,0.8,6,-0.0004472361338819786,-0.0024785979035321093,-0.0333683375516467,-0.02437565230582006,-0.015038343930051434,-0.0034327098725521754
matched_correct_gls_practical,flattened_minus_ols,gls_flattened,ols,4,20260915,20260914,seed04_ref20260915_label20260914_noise08000_rep007_seed2026094107,0.8,7,-0.0013668840841850605,-0.0046696263614057765,-0.024661117220364792,-0.018600038101246663,-0.005333386678014751,-0.004220330733469169
matched_correct_gls_practical,flattened_minus_ols,gls_flattened,ols,4,20260915,20260914,seed04_ref20260915_label20260914_noise08000_rep008_seed2026094108,0.8,8,0.00030741156613767195,-0.0007993124639090188,-0.024843928045514496,-0.01796838390641453,-0.0033485419211018996,-0.0025775054149952403
matched_correct_gls_practical,flattened_minus_ols,gls_flattened,ols,4,20260915,20260914,seed04_ref20260915_label20260914_noise08000_rep009_seed2026094109,0.8,9,-0.0008885436907042354,-0.0017706596067249558,-0.024673858555726014,-0.017994299919227297,-0.007706776203861843,-0.003003492928298046
matched_correct_gls_practical,flattened_minus_ols,gls_flattened,ols,4,20260915,20260914,seed04_ref20260915_label20260914_noise08000_rep010_seed2026094110,0.8,10,-0.0022335671713422656,-0.004500117571009321,-0.05800800840647613,-0.04257716287513358,-0.01264397385067384,-0.011954914534228367
matched_correct_gls_practical,flattened_minus_ols,gls_flattened,ols,4,20260915,20260914,seed04_ref20260915_label20260914_noise08000_rep011_seed2026094111,0.8,11,-0.0008728970497180466,-0.002253758794523386,-0.026166835405013633,-0.019229682817428984,-0.011638754803896978,-0.0018067404891908279
