seed_pair_index,working_model,noise_fraction,n_basis,validation_selection_score,validation_observed_nrmse,validation_latent_nrmse_radial,validation_hidden_nrmse_3d,validation_hidden_nrmse_tangential
0,gls_correct,0.05,3,22.433195196492548,0.976211862757124,0.9761115201508455,1.0324058590048455,1.068327756245667
0,gls_correct,0.05,6,20.76346986359944,0.9409809206664351,0.9405648797419258,0.9350439059404435,0.9313409375470473
0,gls_correct,0.05,11,20.73849110478298,0.9341552900022544,0.9337187654707217,0.9321050826644356,0.9310265244280117
0,gls_correct,0.05,19,14.606338544237387,0.6829211111332393,0.6816952864972454,0.7713966170807538,0.825860321094316
0,gls_correct,0.05,35,12.72020013499341,0.5996628063308895,0.5982004479028996,0.6907720842407424,0.7461918715273002
0,gls_correct,0.05,67,11.36978724275424,0.539624048701349,0.5381641487857391,0.6473174085967165,0.7109019342005531
0,gls_correct,0.05,131,9.24786002518429,0.44385783563455394,0.4420745837313495,0.6406194649315343,0.7442132423118317
0,gls_correct,0.05,259,6.7345992532065955,0.32418448443698,0.32079132474603567,0.5552653553647676,0.6673922622077438
0,gls_correct,0.05,387,5.952704899576884,0.2882162176445715,0.28459975933628917,0.567921149303303,0.6955121300010235
0,gls_correct,0.05,514,5.280061762001559,0.24805396147879114,0.24387535226398135,0.5569823389146183,0.6910741908635482
0,gls_correct,0.05,643,4.464549519048258,0.21354009437523916,0.20852875725521813,0.5691879715455281,0.7149650112020732
0,gls_correct,0.05,771,4.069919867406344,0.19457214693491476,0.1888110197259629,0.5390966781903895,0.6788201908637786
0,gls_correct,0.05,899,3.8281067100455957,0.18041039024084204,0.1739620780467861,0.5222863297869725,0.6592734423256036
0,gls_correct,0.05,1027,3.55729660137167,0.16651242419709925,0.1595954407063201,0.5190702381561852,0.6574610738960904
0,gls_correct,0.05,1283,3.2738636925501248,0.15172006852092645,0.1435115829405292,0.4917743547891607,0.6240999423764974
0,gls_correct,0.05,1539,3.379283310098694,0.15042830961695272,0.14230969368470078,0.4674698320371111,0.5921708293083513
0,gls_correct,0.05,1795,3.3875772425049533,0.15129302729974903,0.14290435526609982,0.4333344258024665,0.5471728947614652
0,gls_correct,0.05,2050,3.3959078396365627,0.15167269965868999,0.14323669284492271,0.42082679016367047,0.5306564358964794
0,gls_correct,0.1,3,11.251287019153418,0.9764625328000003,0.9761427820800731,1.0322947482867022,1.0681295483727073
0,gls_correct,0.1,6,10.421028167362461,0.9416885962850173,0.940554530451871,0.9349873342718698,0.9312531340440113
0,gls_correct,0.1,11,10.408623510262144,0.9349287049183489,0.9337173182526676,0.9320957175966886,0.9310118004842978
0,gls_correct,0.1,19,7.357118488573167,0.6854323767663913,0.6811505178554086,0.7717152869347359,0.8266552882091371
0,gls_correct,0.1,35,6.419973770253718,0.6038107993221856,0.5982367703646249,0.6908333102881613,0.7462664944135137
0,gls_correct,0.1,67,5.75062450418802,0.5445169352905651,0.5383409942490051,0.6474984093398067,0.7110871797372433
0,gls_correct,0.1,131,4.701590372226654,0.45030226508565435,0.4422915131336473,0.6420394113846556,0.7461605598480957
0,gls_correct,0.1,259,3.4807923566639527,0.3348283371647549,0.3214071820559659,0.5563156682886152,0.6686499150229773
0,gls_correct,0.1,387,3.1076026146901596,0.300762713424225,0.2859813116738361,0.5703700895409335,0.6984671818562348
0,gls_correct,0.1,514,2.7927809060861613,0.2636494587963653,0.24650515484547456,0.5458062352704455,0.6753152667724929
0,gls_correct,0.1,643,2.4206042849448237,0.2322150552040103,0.21246987112439983,0.55808398924067,0.6992803360957577
0,gls_correct,0.1,771,2.248963263428385,0.21609715071189042,0.19370303080490936,0.5470892298222543,0.6884919850824941
0,gls_correct,0.1,899,2.152165374853953,0.20477541474376124,0.18048981174843673,0.5327041607291817,0.6718777540752751
0,gls_correct,0.1,1027,2.0488081982776962,0.19422717538073786,0.16859550775688012,0.532587142088885,0.6737814976167965
0,gls_correct,0.1,1283,1.9706410579756504,0.1852173421852267,0.15752693606586263,0.5083651400382436,0.6436385954227806
0,gls_correct,0.1,1539,1.9563388147364058,0.18140930335260366,0.1520838182846797,0.4240711073617576,0.5333116275494004
0,gls_correct,0.1,1795,1.939865341142826,0.17856670804576136,0.14864191157248993,0.4240088674132041,0.533876826170823
0,gls_correct,0.1,2050,1.9434182910351492,0.17829674837659323,0.1482808439021781,0.4239837263950211,0.5339106888018507
0,gls_correct,0.2,3,5.692547635355865,0.9772964453529399,0.9762111088425623,1.0320790102325088,1.0677397901247743
0,gls_correct,0.2,6,5.284520787377629,0.9439370354717093,0.9405448772245645,0.9348876924320555,0.931092528177765
0,gls_correct,0.2,11,5.278462788054825,0.9374137751189678,0.933730550683708,0.9321057258552536,0.9310194169335083
0,gls_correct,0.2,19,3.780790700521653,0.6967114285237047,0.6809561475241783,0.7719922463645705,0.8271929039747073
0,gls_correct,0.2,35,3.325431815443841,0.619516771424249,0.5986241333600179,0.6904160695235873,0.7454096555790937
0,gls_correct,0.2,67,3.0030272444132162,0.563180601112249,0.5388679475918313,0.6482469370568609,0.7119565381733466
0,gls_correct,0.2,131,2.5034205675074044,0.47581470406380055,0.4439028353008316,0.6431753290026908,0.7471444229405351
0,gls_correct,0.2,259,1.9511179651182247,0.3733175994678198,0.3243054630475383,0.5625544638840407,0.6763519543921395
0,gls_correct,0.2,387,1.7940452452982507,0.34529892132420154,0.29120271077051485,0.560661730532444,0.6836915699023446
0,gls_correct,0.2,514,1.6635310012059195,0.31549799258018607,0.2540789183131428,0.5385674379165807,0.6636166089402994
0,gls_correct,0.2,643,1.5228479795524752,0.2921955409167538,0.22271081382368532,0.501631986438502,0.621502974114353
0,gls_correct,0.2,771,1.4675575587054501,0.2809691493607072,0.20650134127588307,0.4815069240274412,0.5983083880186488
0,gls_correct,0.2,899,1.439147338671326,0.2744432483619111,0.1967236829556038,0.45481872423113906,0.5648760227271813
0,gls_correct,0.2,1027,1.4097370294267317,0.26795889196723094,0.18703190588015817,0.44709120090599724,0.5567280664373296
0,gls_correct,0.2,1283,1.378277940169105,0.2622876325399708,0.1772100219496258,0.43693050751919404,0.5453018742548179
0,gls_correct,0.2,1539,1.3585268892482103,0.2578066668314016,0.16958287989685614,0.43734959988400596,0.547475801138558
0,gls_correct,0.2,1795,1.3534548016179648,0.2560489783754646,0.16704272405851298,0.4371452582830355,0.5477264262216983
0,gls_correct,0.2,2050,1.355464860775634,0.25611416358982597,0.16703496208741697,0.43700302484763265,0.5475391348342814
0,gls_correct,0.4,3,2.9744795631628556,0.9799491182639684,0.976370960876721,1.0316735110964432,1.0669869808250043
0,gls_correct,0.4,6,2.781725157670832,0.950853289250135,0.9405696569860944,0.9347425010185241,0.9308315383474438
0,gls_correct,0.4,11,2.7789416929220825,0.9450945684511677,0.9338039047888543,0.9322366066020674,0.9311878965550241
0,gls_correct,0.4,19,2.079360810809025,0.734587404707502,0.6809136633949918,0.7727539090028229,0.8283993578175536
0,gls_correct,0.4,35,1.874142176637682,0.6704130626181501,0.599663151396252,0.6903498368222222,0.7447343839762932
0,gls_correct,0.4,67,1.7335068161147522,0.6240317101337582,0.5406119892271274,0.6512816613298954,0.7156788313289851
0,gls_correct,0.4,131,1.521870875644965,0.5554774434302978,0.44834970643507727,0.6490981529919722,0.7538658093926965
0,gls_correct,0.4,259,1.3147161128644878,0.48346155804531765,0.33475033673856336,0.5824733528245728,0.7005834050851085
0,gls_correct,0.4,387,1.2631450314794181,0.4665489399197187,0.3071644502171092,0.5581280412127722,0.6755740067405723
0,gls_correct,0.4,514,1.2245867074071122,0.4501285197488958,0.27595608807352784,0.5459856985410729,0.6679813696774337
0,gls_correct,0.4,643,1.185051576500458,0.43776293378586256,0.25230490305512315,0.525210008552431,0.6460813639379248
0,gls_correct,0.4,771,1.172873647569607,0.4327491986930658,0.2410572052116818,0.5085178738202203,0.6263923768605926
0,gls_correct,0.4,899,1.1682635431923862,0.430931576607928,0.23637698238135285,0.5016255912280565,0.6182669774512538
0,gls_correct,0.4,1027,1.163083267239657,0.4287285219499924,0.23151059593778808,0.49531612920085216,0.6109693880751632
0,gls_correct,0.4,1283,1.1621815565803135,0.42818356818889053,0.22882604299316603,0.48803786870120786,0.6018001510513914
0,gls_correct,0.4,1539,1.1613779729456133,0.42765098906325827,0.22642431386697123,0.4880286870741722,0.6023918349431873
0,gls_correct,0.4,1795,1.1610102774687163,0.4270361030434288,0.22622183535872095,0.4873479511071374,0.6015288093402901
0,gls_correct,0.4,2050,1.1627051041296999,0.42761757423547464,0.22718542132448993,0.4867066190373011,0.6004197068127954
0,gls_correct,0.8,3,1.7183829611527939,0.9862609484650523,0.9767833321711467,1.0309667441836599,1.0655887890228268
0,gls_correct,0.8,6,1.637373803445173,0.9668443606843251,0.9407583673881109,0.9346840121784358,0.9306016895907545
0,gls_correct,0.8,11,1.6363393442026084,0.9629995567599755,0.9342136372818256,0.932946952521359,0.9320958192581329
0,gls_correct,0.8,19,1.3509945839459527,0.8226519434458912,0.6829501066767162,0.7770340255130835,0.8339281027672295
0,gls_correct,0.8,35,1.274130842775232,0.7837539500050807,0.6031556969915327,0.6915830836016413,0.7447472341490174
0,gls_correct,0.8,67,1.2254602857534034,0.7564930674919008,0.5468222698462467,0.6633724843763236,0.7308692817448684
0,gls_correct,0.8,131,1.1541038038616012,0.7189521625440487,0.4617904829338077,0.6663854274492619,0.7733356339164551
0,gls_correct,0.8,259,1.0982707853471572,0.6866907235941636,0.3693845699968737,0.6259715231827184,0.7497615431009431
0,gls_correct,0.8,387,1.0887491940046292,0.6817951215193719,0.3586656585401069,0.6372702811811504,0.7688705606998477
0,gls_correct,0.8,514,1.0876767896972075,0.6801079746506261,0.34931015241812946,0.6552023796863976,0.7964086593279306
0,gls_correct,0.8,643,1.083870319976796,0.6783864074543932,0.3472573485255062,0.6584421299441464,0.8014462049391259
0,gls_correct,0.8,771,1.0880765966063963,0.6795063423841158,0.3476221542243927,0.6582456386002457,0.8010809973900255
0,gls_correct,0.8,899,1.0914787770990892,0.6818788534789076,0.3533156868951357,0.6576742346676455,0.798649206796815
0,gls_correct,0.8,1027,1.094060581688783,0.6833547062296708,0.35804727502944406,0.6551757050458046,0.7937962588084115
0,gls_correct,0.8,1283,1.1015298261412474,0.6870865778302154,0.36887910559156606,0.6552573544123218,0.7905667262273379
0,gls_correct,0.8,1539,1.1062878453318097,0.6900881932910184,0.37591032229224774,0.6542060021302251,0.7868875637214332
0,gls_correct,0.8,1795,1.1074273544686646,0.6903617603386012,0.37994328286696444,0.6522294183445622,0.7828529962056573
0,gls_correct,0.8,2050,1.109158513985098,0.6915793999077486,0.3828707058625274,0.6500824439015014,0.7789106161069457
0,gls_flattened,0.05,3,20.26011139934634,0.9726494504133454,0.9724977479386029,1.0569427188456464,1.1097320856319162
0,gls_flattened,0.05,6,19.187207991011658,0.9363135032922433,0.9358868866364062,0.943801530807717,0.9490470592265435
0,gls_flattened,0.05,11,19.116433770337263,0.9294586449421648,0.9290197598475975,0.9436107917272113,0.9532246477543974
0,gls_flattened,0.05,19,13.61565772440227,0.6741595583185221,0.6729184578515587,0.7877590828533476,0.8558729121158999
0,gls_flattened,0.05,35,11.968143659372961,0.5970796987850517,0.5955906737402722,0.7055962524881187,0.7703226087533664
0,gls_flattened,0.05,67,10.725571871261257,0.5347855114237614,0.5333045635844401,0.6517710901364611,0.7200720936404629
0,gls_flattened,0.05,131,8.7536062235384,0.4388759396965269,0.43705778159925424,0.6510424539533268,0.7610864583762779
0,gls_flattened,0.05,259,6.395995045206743,0.3213745941832958,0.31799166663325834,0.5673657529385514,0.6850230767676532
0,gls_flattened,0.05,387,5.661418431473663,0.28508625136283117,0.28142899398221144,0.5779787271452829,0.7100364415768167
0,gls_flattened,0.05,514,4.952184975768589,0.24576963259022278,0.24154061153329298,0.5634327886098448,0.7002788704227937
0,gls_flattened,0.05,643,4.244335214812688,0.21221125338959415,0.2071631182826327,0.5703729810856938,0.7168021410483171
0,gls_flattened,0.05,771,3.8499867729678026,0.19305104066716602,0.18713234051796648,0.5377257964972956,0.6773157396718301
0,gls_flattened,0.05,899,3.585529556548046,0.17858867629911823,0.17204325589693983,0.5203639184445159,0.6570710539223242
0,gls_flattened,0.05,1027,3.3499646447243676,0.1662082655300803,0.15925329001880884,0.5127619388002219,0.6492107467666594
0,gls_flattened,0.05,1283,3.0778357873809625,0.15178640534134025,0.14354042544949783,0.4853427209526817,0.6156434721197742
0,gls_flattened,0.05,1539,3.0614808731557837,0.14772652031798433,0.13890408403413332,0.4951099145990765,0.6291327167023396
0,gls_flattened,0.05,1795,3.101375729536741,0.14999425663268526,0.14167936091437497,0.44933903620802046,0.5684984291331355
0,gls_flattened,0.05,2050,3.102601991081258,0.15014739468430474,0.1415975613142807,0.4277349207175723,0.5400760352473591
0,gls_flattened,0.1,3,10.16812746258178,0.9729363803573713,0.9724956450830318,1.0567962482294684,1.1095006075962244
0,gls_flattened,0.1,6,9.635224926172052,0.9370543113648142,0.9358741543220498,0.9437017662518769,0.9488899169831927
0,gls_flattened,0.1,11,9.600137331410489,0.9302716344834789,0.9290307192765509,0.9435957323820982,0.9531925846542948
0,gls_flattened,0.1,19,6.86389435487634,0.6772535854879541,0.6728444772587895,0.7885009609459092,0.8570488735673538
0,gls_flattened,0.1,35,6.0463254315722805,0.6012779014875688,0.5956262812252248,0.7056515320046676,0.7703881909114013
0,gls_flattened,0.1,67,5.429960445616221,0.5397492278089516,0.5334784156586488,0.6519389787610185,0.7202393116126983
0,gls_flattened,0.1,131,4.4559569142632425,0.44541075242383815,0.43731403549549835,0.6546181955007395,0.7660766694890828
0,gls_flattened,0.1,259,3.3120335612416896,0.3320594202662678,0.31858683724047576,0.5683494528214142,0.6861955879858472
0,gls_flattened,0.1,387,2.9633766333688345,0.29781413448,0.2828497016356367,0.5804548746292374,0.7130195358172089
0,gls_flattened,0.1,514,2.631653743017581,0.2613186908742911,0.24400896374620176,0.5585332525600575,0.6930756097032744
0,gls_flattened,0.1,643,2.3083846435978534,0.23083132820525365,0.2109076921975287,0.5604482486365602,0.702764636120301
0,gls_flattened,0.1,771,2.141715267821297,0.21490551804145586,0.19214922811702917,0.5459223333059859,0.6872369774696021
0,gls_flattened,0.1,899,2.035167764813444,0.20333781941553594,0.17879745644962794,0.5311587339892042,0.6701372487096662
0,gls_flattened,0.1,1027,1.9471012053980072,0.1941282838054439,0.1684470326484965,0.526729892362814,0.6660851496350343
0,gls_flattened,0.1,1283,1.8687267153954978,0.185468774141319,0.15769537941019943,0.5037627363453269,0.6375683235927437
0,gls_flattened,0.1,1539,1.8306759203140877,0.18032125676343044,0.1507241274409489,0.43042684413008553,0.541988784087906
0,gls_flattened,0.1,1795,1.8095509899003275,0.17768797318624707,0.1475498372400688,0.4308111761568489,0.5430799337608633
0,gls_flattened,0.1,2050,1.8066421967764887,0.17723502670683067,0.14695917366680378,0.4308707599642312,0.543265761364521
0,gls_flattened,0.2,3,5.156475553070028,0.9738933808461243,0.9724976682151097,1.056510005063437,1.1090444135678024
0,gls_flattened,0.2,6,4.895417391053226,0.9394391691524158,0.9358599763925585,0.9435163233985123,0.9485913610738063
0,gls_flattened,0.2,11,4.878316609887365,0.9329054836971681,0.9290693310835811,0.9435955485434513,0.9531668586925554
0,gls_flattened,0.2,19,3.5375419676034325,0.6889662792317832,0.6727813978652363,0.7893183315015396,0.858334054444927
0,gls_flattened,0.2,35,3.142120067241974,0.6169725782964627,0.5957894033757091,0.7059572358444738,0.7707690045226947
0,gls_flattened,0.2,67,2.845142537583167,0.558691424344624,0.5340043101981112,0.6526632042939693,0.7210714631946851
0,gls_flattened,0.2,131,2.3826464413405066,0.47105375674691374,0.4386969062583102,0.6553584787301828,0.7666023000916717
0,gls_flattened,0.2,259,1.8677296050737755,0.3707043507642423,0.3212303277065432,0.5749102014962764,0.6944162620342654
0,gls_flattened,0.2,387,1.7223981800401347,0.3427089744025531,0.2879775047618805,0.5635883345428296,0.6886078580682676
0,gls_flattened,0.2,514,1.5867706996517343,0.3134471172838559,0.251306862266122,0.5444456965453516,0.6722991280415588
0,gls_flattened,0.2,643,1.464360663591527,0.29088250914250047,0.2212275043889028,0.5185473631952947,0.6445324015454998
0,gls_flattened,0.2,771,1.4121773347541122,0.28017985780733795,0.2054410207385842,0.479316040708526,0.5956741621904942
0,gls_flattened,0.2,899,1.3809634693000425,0.2736108906312965,0.19524325075271162,0.4619192644374636,0.5747397352042151
0,gls_flattened,0.2,1027,1.3506755002903412,0.2673967290723093,0.18604329974879621,0.45387712851856604,0.5660274579419137
0,gls_flattened,0.2,1283,1.3222559053959706,0.2620263920235097,0.1766776673498919,0.44327385264450864,0.5538875636662559
0,gls_flattened,0.2,1539,1.3002435202388625,0.25764197927952176,0.16922296605223744,0.4435748485347288,0.5558380853457102
0,gls_flattened,0.2,1795,1.2938561937854909,0.2560872320825612,0.1670757877355855,0.44382291113662603,0.5566019788825342
0,gls_flattened,0.2,2050,1.293873550657108,0.25605749064868455,0.1669212390361606,0.4438007016651942,0.5566037814174088
0,gls_flattened,0.4,3,2.715386398307269,0.976942357825466,0.9725266238216497,1.055964361998615,1.1081591538584645
0,gls_flattened,0.4,6,2.593219342150688,0.9468376236509582,0.9358742225444918,0.94321827215351,0.9480862215859828
0,gls_flattened,0.4,11,2.5853386788469623,0.9411067496288955,0.9292098503875703,0.943719621481503,0.953279066681338
0,gls_flattened,0.4,19,1.9627583094410352,0.7280648641076137,0.6729236458826766,0.7905906402957426,0.8602079126505311
0,gls_flattened,0.4,35,1.7869543657007156,0.6684106935634748,0.5970242937973816,0.7025397449049157,0.7648805675617787
0,gls_flattened,0.4,67,1.6574136512871405,0.6203828348564108,0.535765829447531,0.6556574743544856,0.7247157118734938
0,gls_flattened,0.4,131,1.462985160949314,0.5514253471388354,0.4426473635502735,0.6620542549965905,0.7746245055402757
0,gls_flattened,0.4,259,1.2721731507399756,0.4815524475987501,0.33186472739588146,0.595352622405645,0.7193158491076407
0,gls_flattened,0.4,387,1.2257631657111003,0.4648965396764872,0.30397749081398134,0.57243385169772,0.696183577116322
0,gls_flattened,0.4,514,1.1868460037961885,0.44909032971202995,0.2739946853813579,0.5591070777459509,0.6863604652141181
0,gls_flattened,0.4,643,1.1533229535030622,0.4375959676549473,0.2518280232413627,0.5358062825511382,0.6605411559140605
0,gls_flattened,0.4,771,1.1419370950742873,0.43326217403361017,0.24143713116249108,0.5166318908232395,0.6372710802865477
0,gls_flattened,0.4,899,1.136879741078724,0.4313834988274443,0.23684681376654193,0.5091593536070106,0.6283335936618821
0,gls_flattened,0.4,1027,1.1314424403265912,0.42937130855416256,0.23270161583635104,0.5025001842681933,0.6203791142238287
0,gls_flattened,0.4,1283,1.130674792342743,0.42919793400798056,0.2307876771193013,0.4944109216206862,0.6099261800572471
0,gls_flattened,0.4,1539,1.1293925301939354,0.428880319075297,0.228927392502033,0.4940189279059454,0.6098595510596317
0,gls_flattened,0.4,1795,1.1286960971132058,0.4284769237797941,0.22937982702945067,0.4937410253304162,0.6093731945085565
0,gls_flattened,0.4,2050,1.129999558893304,0.429056384177326,0.23038173543380822,0.49322077285217514,0.60841739414424
0,gls_flattened,0.8,3,1.6005474670015403,0.9842068414555886,0.972684100241091,1.0549808345061178,1.1064977731329055
0,gls_flattened,0.8,6,1.5503688513418796,0.9639235611175706,0.9360962903235645,0.9436395090889628,0.9486301141925525
0,gls_flattened,0.8,11,1.5473169385230028,0.9601287804132167,0.929805763697153,0.945017519531198,0.9550283388352837
0,gls_flattened,0.8,19,1.2967677711206418,0.8182076623153386,0.6739657908270852,0.7929684127091248,0.8632993705639302
0,gls_flattened,0.8,35,1.2324546679058213,0.782293793160893,0.5999919984580628,0.7046776187149115,0.7665633177173397
0,gls_flattened,0.8,67,1.187427391390003,0.7543376733683703,0.5420875314426542,0.6677033915678355,0.7397446933536439
0,gls_flattened,0.8,131,1.1226766847685512,0.7165076976811591,0.45640680864706384,0.6820044718648316,0.79778592925808
0,gls_flattened,0.8,259,1.0723249869585365,0.6856159317924476,0.3667568633315182,0.643004192108383,0.7742717816733417
0,gls_flattened,0.8,387,1.0650641072869564,0.6815701092005221,0.3573083158931117,0.6553826029553785,0.7942687095211728
0,gls_flattened,0.8,514,1.063698468522019,0.6802030933056487,0.35032770437916655,0.6755586175817242,0.8240070077897154
0,gls_flattened,0.8,643,1.0615887353827527,0.6794098250943666,0.34991838430396754,0.6722437491496476,0.8195787402684888
0,gls_flattened,0.8,771,1.0648590527980033,0.6812341574611654,0.352024631911916,0.6680183262941596,0.8131992294294251
0,gls_flattened,0.8,899,1.0683062700363513,0.6836815196322794,0.3582808599838547,0.6663873448400094,0.8091491709178765
0,gls_flattened,0.8,1027,1.0706514591722016,0.6852926687110722,0.36399758427367224,0.663297769963035,0.8031911260357708
0,gls_flattened,0.8,1283,1.0775701438962513,0.6895958340503379,0.3761417484506547,0.6621202284568661,0.7978032387372861
0,gls_flattened,0.8,1539,1.0824726453316116,0.6929922062889462,0.3843193275014471,0.6601941799990537,0.7925072204796549
0,gls_flattened,0.8,1795,1.0834598987496353,0.6935229559373882,0.38947044338847797,0.6583980024955843,0.7883226175203456
0,gls_flattened,0.8,2050,1.0852079462704378,0.6948169056886598,0.39273125781510143,0.6561879642913498,0.7841558079656555
0,ols,0.05,3,19.184859108360126,0.9735358588190562,0.9733569505559968,1.0734642333028261,1.13537574862838
0,ols,0.05,6,18.459205648254844,0.9367126062986818,0.9362972898108506,0.9578256492676517,0.9719284830084624
0,ols,0.05,11,18.342853055844987,0.9308082719685525,0.9303909818346194,0.963043444094462,0.9842333086689458
0,ols,0.05,19,13.239125553677916,0.6718184951948337,0.6705924236095179,0.8143695833571156,0.8976031269347916
0,ols,0.05,35,11.774709201122207,0.5975058305033368,0.5960125817653873,0.7265494046946457,0.8019331831632636
0,ols,0.05,67,10.511265145690041,0.5333923671573148,0.5319191960134318,0.666131427333038,0.7423242189705123
0,ols,0.05,131,8.588768679137909,0.43583628315100226,0.43403444830352406,0.6671444140793296,0.7851124547415193
0,ols,0.05,259,6.315929570864402,0.32050096738921247,0.31716142879102266,0.5834436391145571,0.7074319432815349
0,ols,0.05,387,5.591031062147768,0.28371570622608494,0.28005050393491454,0.5930278570976755,0.7307888589826045
0,ols,0.05,514,4.857676315102753,0.24650135614808646,0.24232530751435696,0.5697497979705924,0.7085331934269524
0,ols,0.05,643,4.191776543779221,0.21271112633119768,0.2078395419525212,0.5642666802405288,0.7084696717470941
0,ols,0.05,771,3.8079279101464665,0.19323207347797688,0.1872365650024581,0.5424201741481133,0.6835094589012346
0,ols,0.05,899,3.5053667291355315,0.17787845383904632,0.1712556063438305,0.5224888688819992,0.660013467620288
0,ols,0.05,1027,3.277305857602982,0.1663051790487984,0.1593344383449816,0.5090944760174594,0.6443666905086257
0,ols,0.05,1283,3.0137796390746314,0.15293313602447828,0.14471935405359304,0.48325005499637297,0.6127076464182613
0,ols,0.05,1539,2.9136102948469897,0.14785188087080256,0.13877175455046833,0.5013210215930975,0.637337551118129
0,ols,0.05,1795,2.9708469076095376,0.1507537852459427,0.14206379666602412,0.47312616238428573,0.5997581824250225
0,ols,0.05,2050,2.9731723594152437,0.15087199729178882,0.14235185905808082,0.4394111562577822,0.5553572328963213
0,ols,0.1,3,9.634691640844748,0.9738239496622675,0.9733331727204503,1.0733106298780777,1.1351471010108902
0,ols,0.1,6,9.27462917607631,0.9374308565669899,0.9362748952221506,0.9576747303766963,0.9716947780007156
0,ols,0.1,11,9.216919345750217,0.9315977854696125,0.9304072765116985,0.9630117798985179,0.9841712688323373
0,ols,0.1,19,6.679214794917748,0.6750958521268121,0.6706573554261407,0.8148590724879351,0.8983101263741075
0,ols,0.1,35,5.953199516917285,0.6017109343082097,0.5960545042845742,0.726593365730832,0.8019782929064471
0,ols,0.1,67,5.326400562691888,0.5383576953012522,0.532086651598517,0.6662787033711849,0.7424642265194561
0,ols,0.1,131,4.377557349999672,0.44245788696893734,0.4343527163587193,0.6713067900454986,0.790878857205597
0,ols,0.1,259,3.276391141755996,0.3311577914227777,0.317744884795034,0.5843771736933357,0.7085397267347388
0,ols,0.1,387,2.9338389098383906,0.29653330039647313,0.28154565929027237,0.5919487522037102,0.7289267076371325
0,ols,0.1,514,2.5884194437453094,0.2616197747723731,0.24434264329860853,0.555784001506331,0.6892816365084529
0,ols,0.1,643,2.2872780537044277,0.23118448799736882,0.21113501224521905,0.5617015999028161,0.7043623979050646
0,ols,0.1,771,2.1289716898631545,0.2151817172286091,0.1925331362459267,0.5446504067690312,0.6854395723795483
0,ols,0.1,899,2.0080563891025425,0.20296005985734902,0.17828808727090792,0.5338267429956663,0.6737525778643101
0,ols,0.1,1027,1.9241397226275445,0.1944778350510876,0.16882820123885522,0.5239016723393431,0.662290562925609
0,ols,0.1,1283,1.8461617060196955,0.18659581952084114,0.15933820653462305,0.4919860190833416,0.6217388975187009
0,ols,0.1,1539,1.7915041713777649,0.18107264961109593,0.15158530659800784,0.44202538158902177,0.5571812845676795
0,ols,0.1,1795,1.7670375149316193,0.17859866169431857,0.14862860338913042,0.44248408420414514,0.5583188126569437
0,ols,0.1,2050,1.7611219836817147,0.17800048611811248,0.14786104920431814,0.44244280669230623,0.5584004380019557
0,ols,0.2,3,4.897043727799095,0.9747710771446156,0.9732923811878771,1.0730105638937635,1.1346969701668497
0,ols,0.2,6,4.721196814516073,0.9397685337685161,0.9362421220697451,0.9573887939804826,0.9712455194586381
0,ols,0.2,11,4.693059287299945,0.9341675727975317,0.9304583078641696,0.9629828512310254,0.9840914811170983
0,ols,0.2,19,3.4517602862468375,0.6870695465617146,0.6708386199060601,0.8163927847918299,0.9005375671314068
0,ols,0.2,35,3.1018744142233583,0.6174133570096493,0.5962353560445462,0.7268840359915774,0.8023256457482048
0,ols,0.2,67,2.8001209862535124,0.5573514456580514,0.5326072095056715,0.6669664122353179,0.7432431808530503
0,ols,0.2,131,2.351461843425019,0.4680617393778894,0.4354554032383991,0.6735608106455455,0.7936589465087134
0,ols,0.2,259,1.8579821138352723,0.36983601078450384,0.3205795740784852,0.5934595245872196,0.7201550273917255
0,ols,0.2,387,1.7157801608434433,0.3415278243236371,0.2866858711402988,0.5695839423093542,0.6971766619404477
0,ols,0.2,514,1.5761853774430197,0.3137407375876311,0.2516613642016044,0.5537369605973065,0.6847662245814546
0,ols,0.2,643,1.4623351680192165,0.2910830264573487,0.22123302613740367,0.5225420848412393,0.6499380084783309
0,ols,0.2,771,1.4120030397782681,0.2810559451758828,0.2063832142855678,0.49222283564569813,0.6127679252584338
0,ols,0.2,899,1.3786579895681774,0.2744198832530971,0.19614177310398614,0.47473434981622403,0.5916967629583648
0,ols,0.2,1027,1.3476060344890133,0.26824270395343813,0.18714264070180878,0.46645993088042886,0.5825999200009181
0,ols,0.2,1283,1.3209986198889416,0.26294764088962835,0.1779825143434701,0.45497770287991407,0.569221709913036
0,ols,0.2,1539,1.2990599711601265,0.25858286782836953,0.17060842195268563,0.4547871997510047,0.5704716412494168
0,ols,0.2,1795,1.291973364423199,0.2571686767309489,0.1687431212355371,0.4551016129813812,0.5712594720749952
0,ols,0.2,2050,1.2913643464839575,0.25704633767258617,0.16845335215656518,0.455013837891989,0.5712003491045624
0,ols,0.4,3,2.5981571092893714,0.9777602464884061,0.9732378548222665,1.072439048903349,1.13382544464118
0,ols,0.4,6,2.51663485771777,0.9470812818639063,0.9362273696851743,0.9569048462097235,0.970457902052698
0,ols,0.4,11,2.5036691715575308,0.9422025857102083,0.9306368555184313,0.9630594090230157,0.9841021967383118
0,ols,0.4,19,1.9307758490846993,0.7265726036580626,0.6711406909664128,0.8173397646009111,0.9018166778449378
0,ols,0.4,35,1.7768709268705232,0.6686313227526043,0.5972702954348789,0.7215961931142277,0.7937746039381653
0,ols,0.4,67,1.645622144543397,0.6192595958464694,0.534387767367463,0.6699070791402169,0.7467870975338426
0,ols,0.4,131,1.4589671806516031,0.549071624160853,0.4396988937705728,0.6819154406587823,0.8039212928591614
0,ols,0.4,259,1.2781491948190942,0.481047122294858,0.3313813784621475,0.6143827122310724,0.745666989965924
0,ols,0.4,387,1.2338126553365287,0.46435868110516215,0.303317805314315,0.5989583480142024,0.7326146053040032
0,ols,0.4,514,1.1945694262225788,0.4495860015284074,0.27514332662021784,0.5833953493908085,0.7189691351566084
0,ols,0.4,643,1.1648218959934549,0.43840409626848925,0.25336861356039775,0.5563601508829303,0.687894673565595
0,ols,0.4,771,1.1544947654574693,0.4345048799921094,0.2433964671016269,0.5297918474357709,0.6545532855226984
0,ols,0.4,899,1.1494557487308892,0.43260946448119336,0.23891867763547403,0.5217072114816249,0.644757292927127
0,ols,0.4,1027,1.144104931093737,0.43060329006063663,0.23510124481951755,0.5147531618067377,0.6363219349327861
0,ols,0.4,1283,1.1439664343581541,0.4305540018513272,0.23349139080462888,0.5053342678330554,0.6240091908320121
0,ols,0.4,1539,1.1434665312086125,0.4303681240680011,0.23194981934427958,0.5041702568919515,0.6228150131146376
0,ols,0.4,1795,1.1428123374760732,0.4301119484408735,0.23282930947850985,0.503905122346587,0.6222377367521069
0,ols,0.4,2050,1.1442695210126923,0.4306565815432451,0.23380279534783224,0.5033208832562621,0.6212043471998384
0,ols,0.8,3,1.5599480437165203,0.9848416323008781,0.9732370048722627,1.0714108931994608,1.132197952213556
0,ols,0.8,6,1.5272166284179602,0.96417461534641,0.9365813735554619,0.9573162951073549,0.970898113298926
0,ols,0.8,11,1.5221409590479669,0.9609754511981704,0.9314691858648857,0.9644157609287398,0.9857846988389597
0,ols,0.8,19,1.2945710719517092,0.8172650272059411,0.6724275442729986,0.8204416491536799,0.9058557534311417
0,ols,0.8,35,1.2393938651830214,0.7824155049506882,0.6000602261172101,0.7239694011537009,0.7959300825110724
0,ols,0.8,67,1.1937333965994055,0.753657535906522,0.5408641332145301,0.6819283628695206,0.7616516407199293
0,ols,0.8,131,1.1323400991441235,0.7150034012095654,0.4540195184570088,0.7047749758233101,0.8309806087285828
0,ols,0.8,259,1.0857920412307696,0.6856623026378537,0.36755825979712026,0.6713063490901697,0.8131049700043587
0,ols,0.8,387,1.0800759646169305,0.68205433536242,0.357847308271583,0.6851767014122067,0.8349926819128566
0,ols,0.8,514,1.0788971836704768,0.6812943691472705,0.3540406209534597,0.6992087650574961,0.8552437394848694
0,ols,0.8,643,1.0782821619923806,0.6809357180389871,0.35367142870156215,0.6877848309099059,0.8397489572033999
0,ols,0.8,771,1.081647980908388,0.6830524882310239,0.356734394083164,0.681432969319555,0.8302098806206679
0,ols,0.8,899,1.0856097134354366,0.6855498480151292,0.3633135202534734,0.6785860264966114,0.8244101260516025
0,ols,0.8,1027,1.088118163669122,0.6871397647263987,0.3694802372281371,0.674883509548379,0.8174898216307028
0,ols,0.8,1283,1.0953478567776778,0.6917081247365998,0.3821240769293029,0.67164841542,0.8091194157251763
0,ols,0.8,1539,1.101212700766766,0.6954032203331213,0.3910775108441025,0.6683793549547875,0.8016949493779494
0,ols,0.8,1795,1.1023796405499087,0.6961229861883972,0.39694327815753394,0.6664006916867861,0.7970008603194031
0,ols,0.8,2050,1.104462828211344,0.6974300228670157,0.4003566152419265,0.6639236560528826,0.7923966041312491
1,gls_correct,0.05,3,22.529160159008768,0.9682318237175392,0.9681589477054705,1.0335735381681201,1.0816476734820033
1,gls_correct,0.05,6,21.314948608045952,0.9408792254879943,0.9408953657710665,0.9335909097253912,0.9278786976569617
1,gls_correct,0.05,11,20.780662129174875,0.923195990838254,0.9232205915465451,0.9259843434718191,0.9281248667070692
1,gls_correct,0.05,19,14.799683577764094,0.6863355333356482,0.6856665551110371,0.7806714132025369,0.8471320479192664
1,gls_correct,0.05,35,12.720532683899322,0.6012749434036619,0.5999311291105255,0.6980210324351107,0.76557437334712
1,gls_correct,0.05,67,11.319765303223443,0.5394902051758755,0.5381367300988609,0.6759029922491139,0.7659830518292629
1,gls_correct,0.05,131,9.490182683413872,0.45092804860719027,0.4488666938719597,0.6692901407015471,0.7995941700048892
1,gls_correct,0.05,259,6.7461453509450715,0.30962480164763145,0.30603292022338385,0.5924899625028375,0.7422222520185109
1,gls_correct,0.05,387,5.657772972604476,0.26579789293384476,0.26178368759058385,0.5659957574855375,0.7182688342553719
1,gls_correct,0.05,514,5.30490925110012,0.2457850745757336,0.2414672239374166,0.5873580560907576,0.7533143442113154
1,gls_correct,0.05,643,4.6155121078858015,0.21528252394120906,0.21002160342701628,0.5850584899446357,0.7575334453027843
1,gls_correct,0.05,771,4.089803732911767,0.192009571098441,0.1859137260902708,0.5639559255202874,0.7336157871051915
1,gls_correct,0.05,899,3.833347573867716,0.17467179779470954,0.16822720898646137,0.5698016464951168,0.7448695766158139
1,gls_correct,0.05,1027,3.7095165715643112,0.16681924595074474,0.15977443975443562,0.5774408566235814,0.7566725067872363
1,gls_correct,0.05,1283,3.49908529908051,0.15540504023614768,0.14777969460678406,0.6010769923068341,0.7905098477389098
1,gls_correct,0.05,1539,3.3586788071425,0.15097050514552046,0.1434495074877503,0.5722978140052604,0.7521958103835092
1,gls_correct,0.05,1795,3.315693250263165,0.14968036301458598,0.14264143309099342,0.5428721346383045,0.7124670065473572
1,gls_correct,0.05,2050,3.3182001214932715,0.14865182508819216,0.14093218159674634,0.5020192129330753,0.6574187271312888
1,gls_correct,0.1,3,11.297255802690673,0.9685276083365575,0.9682276172850068,1.033433054012056,1.0813613094638013
1,gls_correct,0.1,6,10.690106729941599,0.9411394219904063,0.9408771945760478,0.9335403253328414,0.9278024605941639
1,gls_correct,0.1,11,10.422750215155057,0.9235025586743263,0.9231657804043548,0.9260576661100922,0.928296918894122
1,gls_correct,0.1,19,7.447272549187776,0.6891424069293942,0.6860433617839421,0.7811018901623105,0.8475998054018651
1,gls_correct,0.1,35,6.42034496957896,0.6052503831253911,0.6001027933755968,0.6974314982114569,0.7645080673566987
1,gls_correct,0.1,67,5.723329466596611,0.5442045393556659,0.5383952493225973,0.6749940362517345,0.7644149816034292
1,gls_correct,0.1,131,4.82543954009,0.45752324047993004,0.44926127259482024,0.6690007504444903,0.7989861631312715
1,gls_correct,0.1,259,3.489407628074065,0.32058198983526515,0.306704244691645,0.596401984080652,0.7475459660495267
1,gls_correct,0.1,387,2.9685564283091233,0.2790931004332517,0.26315226609059533,0.5678863380217073,0.7205276529575194
1,gls_correct,0.1,514,2.805850809259116,0.2611866089468612,0.24392496430966507,0.564637963628414,0.7211575544141496
1,gls_correct,0.1,643,2.496468827250901,0.23368486550101109,0.21392997523648685,0.5780392361709237,0.7469461557964071
1,gls_correct,0.1,771,2.27012543749327,0.21395888133495788,0.19123293132600716,0.5730345191845947,0.7449618373747584
1,gls_correct,0.1,899,2.1607921713646197,0.19936602773961773,0.17546404485142775,0.5746984398720719,0.7501802560518858
1,gls_correct,0.1,1027,2.1111933633130118,0.19336323446382345,0.16894443386137978,0.5610892576877714,0.7327369393880053
1,gls_correct,0.1,1283,2.023526271454225,0.18516484820415421,0.1585020714480661,0.5113429075822272,0.6669680416063987
1,gls_correct,0.1,1539,1.948974198744467,0.17752030744412742,0.14914741471409051,0.4871614446700421,0.6358869771198564
1,gls_correct,0.1,1795,1.918219847189077,0.17489277334080144,0.14609164312002906,0.48534235954755295,0.6339637939806652
1,gls_correct,0.1,2050,1.9125723990540762,0.1745287208541951,0.14543338737728634,0.48274307354090445,0.6305458796471849
1,gls_correct,0.2,3,5.713236781173428,0.9695513681986093,0.9683686820849267,1.0331565151690645,1.0807931314660477
1,gls_correct,0.2,6,5.411477688223518,0.9425045536021844,0.9408504828575986,0.9334539237241449,0.9276685415407077
1,gls_correct,0.2,11,5.278511411796463,0.9252304613216364,0.9230745432267081,0.9262432306183754,0.9286952538994857
1,gls_correct,0.2,19,3.818721066836424,0.699238771393616,0.6861809397329527,0.7814708217423737,0.8481165853016424
1,gls_correct,0.2,35,3.3250920224671727,0.6201116373745443,0.6005229925296458,0.6957771403042217,0.7615491150294145
1,gls_correct,0.2,67,2.987488250898777,0.5621673717311874,0.5390818220887618,0.6753727881601558,0.7646294562422763
1,gls_correct,0.2,131,2.566883961227571,0.4821260159930952,0.4506712586796439,0.6672520651656711,0.7957595005880473
1,gls_correct,0.2,259,1.9592603675785634,0.36027699616989456,0.30990918095012265,0.599223206300909,0.7505283249996695
1,gls_correct,0.2,387,1.7352477960035142,0.3254210789175542,0.2681446794755893,0.5749119594053073,0.7289458170808968
1,gls_correct,0.2,514,1.6731901545185721,0.3119861231718852,0.25086893387974557,0.5695417664123906,0.7261481259964698
1,gls_correct,0.2,643,1.5536981704150863,0.2917301264554911,0.2237868923082773,0.5317053646569174,0.6806514519078517
1,gls_correct,0.2,771,1.4754325077217791,0.278699622296724,0.20622911285613313,0.5263927679760979,0.6775302206469282
1,gls_correct,0.2,899,1.4412215274180393,0.2700592875636066,0.19380052171294213,0.5095366767014564,0.657324582994813
1,gls_correct,0.2,1027,1.4167992115819317,0.2638506682457898,0.18422840741305133,0.5076942982375284,0.6569261247474691
1,gls_correct,0.2,1283,1.3831908983067451,0.25751341241699804,0.174266907617992,0.5026204453944259,0.6520886966054488
1,gls_correct,0.2,1539,1.3585220804149893,0.252654143650105,0.16706868482749626,0.5006389772658512,0.6508426336859591
1,gls_correct,0.2,1795,1.3476945533332856,0.2510782328948712,0.16485938462709773,0.498401477895174,0.6482243690913355
1,gls_correct,0.2,2050,1.3464990329783728,0.2511521144349718,0.1645359596386212,0.4955883154100138,0.6444443205713224
1,gls_correct,0.4,3,2.9820692881495905,0.9729153125532447,0.9686657058170066,1.0326211711676094,1.0796750059830813
1,gls_correct,0.4,6,2.836034700903165,0.9468478879160077,0.939822582787884,0.9340809234348623,0.9295866257326449
1,gls_correct,0.4,11,2.772117803950502,0.9322413924342373,0.9229837151160027,0.9267659258382945,0.9296874063098223
1,gls_correct,0.4,19,2.09061571318049,0.7355267516033205,0.6881814731166375,0.7838517212616932,0.8507538275632301
1,gls_correct,0.4,35,1.8729533115137176,0.6688402851266922,0.6017904261272927,0.6946159642830678,0.7588457264675951
1,gls_correct,0.4,67,1.72437388661288,0.6212488837965403,0.5413456078086931,0.6779912618449293,0.7674895312954901
1,gls_correct,0.4,131,1.5533807265438468,0.5597269666509732,0.45579050947954675,0.6690018210666707,0.7960807178569155
1,gls_correct,0.4,259,1.323265700417928,0.4732906797020153,0.32197356116969983,0.6115599465804357,0.7641467376553247
1,gls_correct,0.4,387,1.248911428505154,0.45171061790675604,0.2864761025249774,0.6012831710080826,0.7606332596779367
1,gls_correct,0.4,514,1.2350669134879866,0.4455757240603621,0.27482291725652325,0.5917502754606805,0.750617251648341
1,gls_correct,0.4,643,1.2008266569389001,0.43490023286925267,0.2533030065393348,0.5640571220020153,0.7178951363036283
1,gls_correct,0.4,771,1.1813172095734614,0.42906052952401935,0.24207407593181982,0.5548114156379644,0.7080287762038863
1,gls_correct,0.4,899,1.1746962235186087,0.42560740371607514,0.23495002969383383,0.5570810142482933,0.7130428384739783
1,gls_correct,0.4,1027,1.1713419824368063,0.4234182936884623,0.22978668217060513,0.5569812092890346,0.7142032232228122
1,gls_correct,0.4,1283,1.168329599209218,0.4221926761624614,0.22698056154997684,0.5528257110982125,0.7091511758503203
1,gls_correct,0.4,1539,1.1648806914519223,0.421035841769581,0.2252561732702333,0.5502484607734437,0.7060142398266827
1,gls_correct,0.4,1795,1.1622454467003671,0.42072816113509665,0.22521141528070196,0.5470088654288525,0.7015396896055658
1,gls_correct,0.4,2050,1.1630942890658136,0.4213962417371335,0.22586135370713614,0.5436026363685488,0.6966585615532663
1,gls_correct,0.8,3,1.7189571725539698,0.9812114599480029,0.9693192572138657,1.0316215379423248,1.0775119152219514
1,gls_correct,0.8,6,1.6545298994865074,0.9617512471699575,0.9400557041376288,0.9340402183138039,0.9293231369113499
1,gls_correct,0.8,11,1.6269325112551645,0.9507577335710052,0.9225869987738683,0.928328980488744,0.9327405653732904
1,gls_correct,0.8,19,1.3498655059301239,0.8197498449986367,0.6899255312703559,0.7877381158822173,0.856002208497331
1,gls_correct,0.8,35,1.2720698419320198,0.7798885609997687,0.6050964347384117,0.7016999825966262,0.7682515856822887
1,gls_correct,0.8,67,1.2194734931565618,0.7522580905556051,0.54879433668876,0.6831033090364791,0.7713702060854745
1,gls_correct,0.8,131,1.168508791205315,0.7210608421569594,0.47197685526553407,0.6903826855401757,0.8207236513452999
1,gls_correct,0.8,259,1.1053793552737619,0.6814451953786097,0.3624613668170517,0.659536573770597,0.8189100978753157
1,gls_correct,0.8,387,1.092203902181691,0.6754615730862299,0.3490942992416158,0.6857695225561412,0.8606920640950495
1,gls_correct,0.8,514,1.097063502882558,0.6771572866508992,0.35313924997916585,0.7014110186275975,0.8815232298954457
1,gls_correct,0.8,643,1.0931469384805395,0.675426296927064,0.3483095146818467,0.695351152718859,0.8744247862987197
1,gls_correct,0.8,771,1.0950535760062985,0.6768585218193864,0.3509899305569378,0.7045520235734798,0.8865335186130049
1,gls_correct,0.8,899,1.0984167330050427,0.6785783418597532,0.354582743498328,0.7137292980971682,0.8983702286756149
1,gls_correct,0.8,1027,1.1019265036797707,0.6799929962244544,0.3587919578526872,0.7174835260155761,0.9023850698814257
1,gls_correct,0.8,1283,1.1080998365680232,0.6832925680809635,0.3695877810937192,0.717519542988487,0.8990650812018552
1,gls_correct,0.8,1539,1.1111212725962971,0.6854214489253344,0.3773519061801464,0.7135715608882179,0.890961060520392
1,gls_correct,0.8,1795,1.1111361478712503,0.6863194324582073,0.3811817722823206,0.7081298692620988,0.8819367667608645
1,gls_correct,0.8,2050,1.1127393271643602,0.687662470494192,0.3838177680701702,0.7031730562866758,0.87399023841941
1,gls_flattened,0.05,3,20.35840159378373,0.960382766680031,0.9602683115080253,1.065448305437698,1.1404570150050406
1,gls_flattened,0.05,6,19.5635650654316,0.9341265102980424,0.9341094625865156,0.945279744424602,0.9538482916918779
1,gls_flattened,0.05,11,19.10820110006625,0.9149705101680999,0.9149229239418988,0.938439873999704,0.9563037713298339
1,gls_flattened,0.05,19,13.862711448982315,0.6776588486308558,0.6769424128709839,0.805076458081281,0.891974524013572
1,gls_flattened,0.05,35,12.14788856820322,0.5994595241798845,0.5981510236318143,0.7021360695610754,0.7733023430834725
1,gls_flattened,0.05,67,10.877784082957454,0.5373508116049018,0.535992745190229,0.6835611746250424,0.7791114918806353
1,gls_flattened,0.05,131,9.030952838572945,0.44558831559741185,0.4435120057304405,0.681036338551838,0.8192926335652778
1,gls_flattened,0.05,259,6.260852006602921,0.304726732688837,0.301044669179008,0.6036530321939665,0.7595699462690139
1,gls_flattened,0.05,387,5.325617324399944,0.26214959660510984,0.2580664818288564,0.5739292967277642,0.7303953903483421
1,gls_flattened,0.05,514,4.97225620636595,0.242612978092416,0.23819321082496847,0.6022656172209963,0.7747771698243641
1,gls_flattened,0.05,643,4.3401611634380135,0.21240477142673453,0.20709804136461848,0.5847554014267238,0.7577428153287794
1,gls_flattened,0.05,771,3.878437315553064,0.1904766951303293,0.1844247651958564,0.5660651521334016,0.7367867688919932
1,gls_flattened,0.05,899,3.602342505455393,0.17434007033650556,0.16794265573883416,0.5742788490898306,0.7510026774595158
1,gls_flattened,0.05,1027,3.465304838669811,0.16681327505227136,0.15981681369246103,0.576647334557915,0.7555894240336175
1,gls_flattened,0.05,1283,3.2216310820828826,0.1544239059579651,0.14683461212815327,0.6017430503941831,0.7915461783912131
1,gls_flattened,0.05,1539,3.0784508767559076,0.14872593737291315,0.1417062243388358,0.5649384621332464,0.7424959051316331
1,gls_flattened,0.05,1795,3.0489364882392587,0.1466762239332855,0.13887655202081708,0.5051715901892205,0.6620568806512789
1,gls_flattened,0.05,2050,3.0409502925276555,0.1460451642857263,0.13808523683220766,0.4937993772984313,0.6467924614717334
1,gls_flattened,0.1,3,10.213485180097084,0.9607237112014583,0.9603011265904716,1.0652276754161638,1.1400692176821041
1,gls_flattened,0.1,6,9.81561868495423,0.9344756609417839,0.9341134410750443,0.9451995587042754,0.9537038788909732
1,gls_flattened,0.1,11,9.588180488095627,0.9154114705538604,0.9148887758746961,0.938495460403041,0.9564258289169799
1,gls_flattened,0.1,19,6.979780368211698,0.6803276847113069,0.6770062344804931,0.8051637768492919,0.8920767826459146
1,gls_flattened,0.1,35,6.13278969901923,0.6033289430509131,0.5982584377803897,0.7054439772455235,0.7785412586187409
1,gls_flattened,0.1,67,5.502489901828928,0.5420711782334934,0.5362295638944993,0.6840416147223976,0.7797324647812717
1,gls_flattened,0.1,131,4.5960196671742795,0.4522929938733425,0.44391176202599847,0.6819320656085618,0.8204457637090434
1,gls_flattened,0.1,259,3.2507799104141064,0.3161405905317869,0.30194782408379994,0.6054440911925483,0.7618176106295428
1,gls_flattened,0.1,387,2.804219925132575,0.27570360199110755,0.25951730386349253,0.5759988255314127,0.7328856038695607
1,gls_flattened,0.1,514,2.64218931603383,0.2581144805206537,0.24066863628937574,0.5772071369830364,0.7394567603188863
1,gls_flattened,0.1,643,2.3600645451281648,0.23110119240875104,0.21108311032374216,0.578585249364868,0.7483413691661175
1,gls_flattened,0.1,771,2.161888950506571,0.21251051483258768,0.19015539562909187,0.5690159052001037,0.7396429371060348
1,gls_flattened,0.1,899,2.0448500849022473,0.19900815734405677,0.17548300928352892,0.5725386204008603,0.7472073887905285
1,gls_flattened,0.1,1027,1.9841040793589453,0.19257273053846,0.16823589638066383,0.5551732553063701,0.7248511385986188
1,gls_flattened,0.1,1283,1.8875752071003278,0.18313385267046497,0.15619983833840054,0.5153063483708987,0.6728020927952919
1,gls_flattened,0.1,1539,1.8114957921234112,0.17543014200546014,0.14665324636515475,0.4912677243541205,0.6419213805067983
1,gls_flattened,0.1,1795,1.7855319777698775,0.1730105045805358,0.1438318918535859,0.4890074731576875,0.6393460601168437
1,gls_flattened,0.1,2050,1.781190263225574,0.17266002051396737,0.14317449834627546,0.48638558489135547,0.6358975554773838
1,gls_flattened,0.2,3,5.174941790268545,0.9619493791485741,0.9603710195893328,1.064791074646698,1.1392981482971054
1,gls_flattened,0.2,6,4.97696718233154,0.9361099600868904,0.9341304975273488,0.9450527227115959,0.9534316127130874
1,gls_flattened,0.2,11,4.864366418329335,0.9175233328240123,0.9148445927964034,0.9386298055035801,0.9566920002289135
1,gls_flattened,0.2,19,3.5873770724026386,0.6909177457299823,0.6771729756844307,0.8054129712020415,0.8923775177821721
1,gls_flattened,0.2,35,3.180254756873016,0.6180028505956653,0.5985459958615027,0.7091081455354301,0.7842443788238773
1,gls_flattened,0.2,67,2.876855861033351,0.560121507550898,0.5369249200163524,0.6863846777198819,0.7830060377938596
1,gls_flattened,0.2,131,2.4526505201944846,0.4773147581284913,0.44533872234053046,0.6838014282971253,0.8225965622586303
1,gls_flattened,0.2,259,1.8449184402862076,0.35666820315732933,0.30543970490083056,0.6037464061004919,0.7583518555978911
1,gls_flattened,0.2,387,1.6546696600711088,0.3227452483305154,0.26477212536580225,0.5834169189374125,0.7417938380927932
1,gls_flattened,0.2,514,1.5929154693868812,0.3095596489937138,0.24766948584230644,0.5727950013478512,0.7315590709956105
1,gls_flattened,0.2,643,1.4856452051014382,0.28959362335729694,0.22096881400990365,0.5358177980853581,0.6870764147616829
1,gls_flattened,0.2,771,1.415054924565055,0.2767645858024796,0.2037790386707077,0.5211114756524532,0.6709129348039394
1,gls_flattened,0.2,899,1.3785727333533702,0.2686778870555541,0.19207079212510214,0.5144266802964493,0.6644463849748953
1,gls_flattened,0.2,1027,1.3503546470964425,0.2626123130007435,0.18256243066480182,0.5132242718749828,0.6648731680201246
1,gls_flattened,0.2,1283,1.3185270858582852,0.2565244027414821,0.17293255596345633,0.5074687622729362,0.6589997122015842
1,gls_flattened,0.2,1539,1.2947712073675952,0.251910291697826,0.1659216203280386,0.5048723598532739,0.6568528890239129
1,gls_flattened,0.2,1795,1.2866153998585481,0.25055043297458474,0.16405200952838575,0.502159784343679,0.6535155528864106
1,gls_flattened,0.2,2050,1.286526771139487,0.25068419317580576,0.16379739387436773,0.49938226510287914,0.6497714558278315
1,gls_flattened,0.4,3,2.719776175250965,0.9660650671497598,0.960527851319335,1.0639365419891582,1.1377741580903622
1,gls_flattened,0.4,6,2.624188711136209,0.9423222413932132,0.9342010055664018,0.9448132066389427,0.9529533347574538
1,gls_flattened,0.4,11,2.57048883860721,0.9255828319116816,0.9148083979028007,0.9390597340227441,0.9574646292014602
1,gls_flattened,0.4,19,1.9785106739857266,0.7274498734820097,0.6778964023138334,0.8062925385336738,0.8933591347496891
1,gls_flattened,0.4,35,1.7996108647426434,0.6669025434614375,0.5995295272577321,0.7110822190347476,0.7868152772286798
1,gls_flattened,0.4,67,1.667399083790234,0.619392415039691,0.539147213927314,0.6887106166330819,0.7854427253301388
1,gls_flattened,0.4,131,1.4953820178360828,0.5559181511437852,0.45060922490684546,0.6849785845895159,0.8220998656786386
1,gls_flattened,0.4,259,1.2681878801301167,0.47086957418742353,0.3174614482238945,0.6180395051085643,0.7748017329874449
1,gls_flattened,0.4,387,1.2065826437592253,0.4502987688725193,0.28394777213521244,0.6106828512396122,0.7745421190303524
1,gls_flattened,0.4,514,1.1924601055446769,0.44432113528204686,0.2726377190026724,0.6021616927445684,0.7657923970168818
1,gls_flattened,0.4,643,1.1628243687588957,0.43414435385076017,0.2520799903191548,0.5692022014830284,0.7254018750656995
1,gls_flattened,0.4,771,1.1457454183833835,0.4284914829985076,0.24155959176064523,0.558866568206531,0.7138027480352082
1,gls_flattened,0.4,899,1.139058069168253,0.4255672517692359,0.23543617960594757,0.562302956413839,0.7201616566366204
1,gls_flattened,0.4,1027,1.134773653545616,0.42370568389751684,0.2307455563188133,0.5629515351183162,0.7222332821721135
1,gls_flattened,0.4,1283,1.1322194899017302,0.42289986266546115,0.22880647821603853,0.5579225204837974,0.7157579290705405
1,gls_flattened,0.4,1539,1.1295757297683242,0.42209631660418784,0.2275149196255565,0.554676575682643,0.7115873528565316
1,gls_flattened,0.4,1795,1.128467109772959,0.4220207409883347,0.2280013850846341,0.5508796545623327,0.7062074733069404
1,gls_flattened,0.4,2050,1.130020789288413,0.4228063697445099,0.22884209673663528,0.5475977147124095,0.7014455942637441
1,gls_flattened,0.8,3,1.597464446480332,0.9763273411430808,0.9609096462627585,1.0623024013238391,1.1347991507226591
1,gls_flattened,0.8,6,1.5557725894230117,0.958831542554769,0.9345141209162727,0.9445219512533535,0.9521903549413494
1,gls_flattened,0.8,11,1.5328272760195354,0.946577257492498,0.9148492705663561,0.9412793423789637,0.9612831046605202
1,gls_flattened,0.8,19,1.2960753398946534,0.8147588335999436,0.6800707005849796,0.8094455183369322,0.8971226463643317
1,gls_flattened,0.8,35,1.2325513572183142,0.7786110834038037,0.6028899655750687,0.7180598747886909,0.7959582441887654
1,gls_flattened,0.8,67,1.1865301400425132,0.7509617399056845,0.546333720138317,0.6969006624913825,0.7943099770426724
1,gls_flattened,0.8,131,1.1351724480802796,0.7189797369058567,0.46714074267802846,0.7072706874983617,0.8479796989821798
1,gls_flattened,0.8,259,1.0739098178924558,0.6800905759069308,0.35899761841434286,0.6742589843961997,0.8411092749605561
1,gls_flattened,0.8,387,1.0640518008328066,0.6751111592121745,0.3481363776200265,0.7000836004411507,0.8812268410314762
1,gls_flattened,0.8,514,1.0683194611179663,0.6772661350537019,0.35359271089220595,0.715791852901224,0.9016867612707663
1,gls_flattened,0.8,643,1.0658687710983512,0.6762157458370835,0.3505933275567718,0.7044454126754482,0.8865492733406993
1,gls_flattened,0.8,771,1.0680254083879197,0.677868538494169,0.35516487978763794,0.7102339667236692,0.8932517364294902
1,gls_flattened,0.8,899,1.0715361108003065,0.6799820216363494,0.3599673702180281,0.7201008895713287,0.9056923695677561
1,gls_flattened,0.8,1027,1.0747710764320382,0.681885390612707,0.3651446815061212,0.7244242627338501,0.9102161289657028
1,gls_flattened,0.8,1283,1.0808675190896948,0.6858187104045731,0.3775101891659601,0.7231168034596697,0.9044597171176282
1,gls_flattened,0.8,1539,1.0845320945824286,0.6884508506947161,0.38599821947905405,0.7183052988876573,0.8948330415622627
1,gls_flattened,0.8,1795,1.0856195064291967,0.6896333381999673,0.390668203338548,0.7121051004713649,0.8843965940650679
1,gls_flattened,0.8,2050,1.0876447903328128,0.6911630757731575,0.3936733471099531,0.707341426697456,0.8765581974231211
1,ols,0.05,3,19.300802509285603,0.9608655195471504,0.9607355772311202,1.0884629921867586,1.1781396730620093
1,ols,0.05,6,18.71922590126189,0.9319125331856456,0.9318549930660068,0.9609798340137367,0.9829814211822726
1,ols,0.05,11,18.308304463108996,0.9114554919869168,0.9113568564122851,0.9579736197739822,0.9926662477737646
1,ols,0.05,19,13.546663631152827,0.6744041280107226,0.6736686907627933,0.8365443620882712,0.9438365938120666
1,ols,0.05,35,12.048639411907216,0.5998271217993691,0.5985470962417999,0.7268487894744596,0.8126295467245686
1,ols,0.05,67,10.803159052798408,0.5378229902509355,0.5364716900217815,0.7019643714924434,0.8074126414327628
1,ols,0.05,131,8.917373062668277,0.4439411659700539,0.44185863962655003,0.705015812615564,0.8552339498084849
1,ols,0.05,259,6.099025401671245,0.30363293144811926,0.29988318862103736,0.6284638972248122,0.7948828237444037
1,ols,0.05,387,5.23303154812573,0.2605200654529691,0.2564080022195849,0.5863146987685358,0.7481106282125526
1,ols,0.05,514,4.8604636550147,0.24197195240557992,0.23754538763840402,0.6126044680437374,0.7892030390368322
1,ols,0.05,643,4.239255892467397,0.2110461201809255,0.20574033365793853,0.5896019457097602,0.764670427515317
1,ols,0.05,771,3.813222041696182,0.18983677493365905,0.18385096996833572,0.5717527888949645,0.7446581889453329
1,ols,0.05,899,3.510806557425352,0.1747811384033503,0.16845312797415832,0.5806562159493391,0.7595767181709704
1,ols,0.05,1027,3.3636940556604196,0.16745647955592471,0.16054135247601378,0.577327809693254,0.7563925614043887
1,ols,0.05,1283,3.099084384230071,0.15428361029398846,0.14676502081331688,0.6039813000514151,0.7945789106171741
1,ols,0.05,1539,2.9678480547385586,0.1477495695607583,0.14065462965499045,0.5516139458629625,0.7246255679858149
1,ols,0.05,1795,2.930904972648099,0.14591097805596318,0.1377699750563721,0.4915850698735558,0.6438795910941146
1,ols,0.05,2050,2.918564816817558,0.14529660205914566,0.13700394999757595,0.48900745224854014,0.6405104527088439
1,ols,0.1,3,9.687376388130955,0.961193577546451,0.9607418559391073,1.0881859929601425,1.1776808781066397
1,ols,0.1,6,9.396361470853497,0.932318956373381,0.9318649651545483,0.9608650419018421,0.9827743926378681
1,ols,0.1,11,9.191262748708727,0.9119693896706211,0.9113267086640734,0.9580062637935446,0.9927434961803527
1,ols,0.1,19,6.824373193309708,0.6771267113414562,0.6737430023749104,0.8365908334378732,0.9438684392022397
1,ols,0.1,35,6.084761319627268,0.6037422038479062,0.5986662860209935,0.7270839953173724,0.8129342575647635
1,ols,0.1,67,5.468039020612454,0.5425521550314841,0.536731393272491,0.7025629922742276,0.8082017254234168
1,ols,0.1,131,4.542546148011254,0.45072180703736486,0.4423079148689453,0.7061257651636502,0.8566777270122046
1,ols,0.1,259,3.1772626247810662,0.31525501328556454,0.3009551684985324,0.618388676420669,0.7803746447518779
1,ols,0.1,387,2.763879856064356,0.2742367048993681,0.25794958410853597,0.5886073249220719,0.7508913952186685
1,ols,0.1,514,2.5940662880699197,0.2573863985738977,0.23999239527956526,0.598245468273817,0.7687564510343236
1,ols,0.1,643,2.3182024079915444,0.2300155536763079,0.20996451133182228,0.5781204673934727,0.7479443807163645
1,ols,0.1,771,2.134807408097192,0.2118192318257852,0.19021321733923738,0.5576673396155613,0.7240483103632976
1,ols,0.1,899,2.009043226209941,0.19933960763970018,0.17592504867342154,0.5796920796460531,0.7568714906493632
1,ols,0.1,1027,1.940390579352216,0.19252675655716864,0.16814651481228562,0.5373892933789012,0.7006908250135995
1,ols,0.1,1283,1.8382791502798164,0.18239491215166626,0.15531992546331866,0.5109103180726801,0.6670383513579429
1,ols,0.1,1539,1.7632855892227501,0.17495428582463224,0.1461247198025891,0.4978282584665394,0.6509312569409295
1,ols,0.1,1795,1.7406371139606296,0.17270629338935628,0.1435034493041368,0.49506411911607323,0.6476306987400186
1,ols,0.1,2050,1.73724638533331,0.17236963772843147,0.14285726955728625,0.49246120217235795,0.6442061370933492
1,ols,0.2,3,4.917430190968706,0.9623895978838956,0.9607595005843234,1.0876373060024174,1.1767683259074326
1,ols,0.2,6,4.772855463488596,0.9340960215776039,0.9318944830870629,0.9606494232693894,0.9823770598314701
1,ols,0.2,11,4.6715449453615125,0.9142706792990997,0.9112872983340106,0.9580891547162697,0.9929128751138477
1,ols,0.2,19,3.514772400227478,0.687890381278923,0.6739336215961473,0.83676101987839,0.9440301988705698
1,ols,0.2,35,3.160207745609092,0.6185007046805556,0.5989916959485326,0.7277216750978788,0.8137578980677356
1,ols,0.2,67,2.8643499032670134,0.5606047805007024,0.5375473929332738,0.7037014156905584,0.809535756930862
1,ols,0.2,131,2.4318529962980544,0.4759529561320029,0.44382505177273246,0.7094918309902281,0.8609924287050231
1,ols,0.2,259,1.8188170722857437,0.35596864621801766,0.30454381601753566,0.6174560443523393,0.7779794678046511
1,ols,0.2,387,1.6437507832291185,0.3217002620633533,0.263475359100863,0.5965226692571899,0.7604345723097082
1,ols,0.2,514,1.5790589411689602,0.30903661601372273,0.24706795715009597,0.5853869288051448,0.7492090231862435
1,ols,0.2,643,1.476362300827932,0.288938690402792,0.22056130240562988,0.5504804272389582,0.7074473006061203
1,ols,0.2,771,1.4103753584496548,0.2760256321070484,0.2030850568361524,0.5288803539961313,0.6817936979869793
1,ols,0.2,899,1.3714314112098076,0.26840095523668284,0.19196131237234138,0.5223191108233974,0.6753204971677781
1,ols,0.2,1027,1.3408800528384992,0.2624190227814395,0.18249438855012712,0.5211999757128166,0.6758200437123318
1,ols,0.2,1283,1.3101969238170132,0.2564096423240701,0.1729828291629463,0.5146917727394983,0.6688679834204159
1,ols,0.2,1539,1.2880738831371399,0.2520813152806307,0.16625768616258452,0.5114755297122718,0.6658019893165643
1,ols,0.2,1795,1.2819606960233354,0.2508835753365212,0.16464381804944822,0.508193441447939,0.6616361877624156
1,ols,0.2,2050,1.2828455880040832,0.25105573531430725,0.16443803293212064,0.5054731838255868,0.6579611056704706
1,ols,0.4,3,2.601424065662553,0.9664367600250348,0.9608151365892509,1.0865612254994856,1.1749634360075853
1,ols,0.4,6,2.5320387518104517,0.9406649609568626,0.9319918088233514,0.9602740702300099,0.9816493210322473
1,ols,0.4,11,2.484074254855145,0.922852365484235,0.9112795163578206,0.9584414061093582,0.9935188613324799
1,ols,0.4,19,1.9511303121776509,0.7248985460693428,0.6746456838097806,0.8373008869862318,0.9444827278487309
1,ols,0.4,35,1.7960891002554167,0.6673039096458012,0.6003726172529188,0.7375019839844889,0.828417772473898
1,ols,0.4,67,1.668267562206781,0.6198310102988879,0.5399112480941576,0.7075514776998051,0.8142510492613174
1,ols,0.4,131,1.4936803695700782,0.5549419646996753,0.44931095269040694,0.7110104747350592,0.860992775486341
1,ols,0.4,259,1.2668286627099523,0.47064195867717706,0.31747189709950624,0.6311716159367656,0.7933813468505808
1,ols,0.4,387,1.2112762447374334,0.4499912778389817,0.283482559552845,0.624954660401044,0.7946329577071461
1,ols,0.4,514,1.1961082745502638,0.44434497095035236,0.27286822110907927,0.6167968055780447,0.7861466763323531
1,ols,0.4,643,1.1688992371734173,0.4342405703061933,0.25289215385610225,0.5808686272307343,0.7414299519036195
1,ols,0.4,771,1.1535667944029073,0.4285485968047651,0.24237223292039964,0.5668534885270945,0.7246892408636315
1,ols,0.4,899,1.1467042488918904,0.42598667917045224,0.2369436881900827,0.5702989595891721,0.7308666591322646
1,ols,0.4,1027,1.1423337806010567,0.42435546392004,0.23256076780399107,0.5711075910799798,0.7330754237026826
1,ols,0.4,1283,1.1407111535207655,0.42373975951644066,0.2309861204002711,0.5651092448222096,0.7251703557887984
1,ols,0.4,1539,1.1393427291208464,0.4232389533203011,0.23000450036179468,0.5611492177691727,0.7199340501572219
1,ols,0.4,1795,1.1395781704193684,0.4233282593742866,0.2308479731186243,0.5566271848877075,0.7134604743346636
1,ols,0.4,2050,1.141885845414362,0.42418242311078935,0.2317936962610191,0.5534390069476012,0.7087981442902943
1,ols,0.8,3,1.5540414969642538,0.9765665819250099,0.9610077679215188,1.0844946118765924,1.1714350234728388
1,ols,0.8,6,1.5242579863587409,0.9578677025400238,0.9323444059899163,0.9597299218186399,0.9804283387363006
1,ols,0.8,11,1.5041683877412524,0.9452525331752949,0.9119594906522005,0.9607416538523142,0.9969602819084592
1,ols,0.8,19,1.2937984612630646,0.8131332437352287,0.6766835926735673,0.8397191675001129,0.9471502795084644
1,ols,0.8,35,1.2391560178547314,0.7787933186487527,0.6039113428995765,0.7443099641506453,0.8371332345408279
1,ols,0.8,67,1.1955101495991698,0.7513720405149495,0.5476145985237099,0.720529774393928,0.8302546424878251
1,ols,0.8,131,1.1434174775708634,0.7185723320334009,0.46725962494658857,0.7365178944599147,0.8910757036950637
1,ols,0.8,259,1.0828192719126966,0.6804487586887449,0.3604538061691101,0.6968300988125985,0.8727478412815596
1,ols,0.8,387,1.0749426840795475,0.6754845427155326,0.34994898370029803,0.7212610706936046,0.910506645199047
1,ols,0.8,514,1.078909852037664,0.677957829990873,0.3560977081678857,0.7340635539291881,0.9266691227607065
1,ols,0.8,643,1.0778291522669752,0.6772947917190293,0.35446843510135856,0.7179961400198408,0.904471776781238
1,ols,0.8,771,1.0804082041650538,0.6789280103551253,0.35960633616874627,0.7199742622894191,0.9056202886915288
1,ols,0.8,899,1.08414962239935,0.6812438382107088,0.365042245667102,0.7285411832014659,0.9160380545858985
1,ols,0.8,1027,1.087785610486318,0.6835153343764898,0.37082759955326566,0.7329038262637543,0.9204306964078609
1,ols,0.8,1283,1.094611078366975,0.6877772724587055,0.383817422481506,0.730036569174697,0.9122421054952229
1,ols,0.8,1539,1.0993560158827613,0.6907862789979339,0.3926353769647785,0.7241966438484053,0.9010056510600934
1,ols,0.8,1795,1.1015185921493609,0.6921663010161083,0.39784515933141473,0.7169141147538997,0.8888052369531692
1,ols,0.8,2050,1.104125596212138,0.693800099011363,0.40102577242807563,0.7121928710022591,0.880935737656161
2,gls_correct,0.05,3,22.55935081982125,0.9751738903826448,0.9751243806492963,1.045465666067379,1.0958900512988166
2,gls_correct,0.05,6,20.950050983161756,0.9397669790466175,0.9395835109498671,0.918549062084994,0.9022414724409575
2,gls_correct,0.05,11,20.77207978206918,0.9295247363434921,0.9293593452392233,0.9171659437493934,0.9077930947268619
2,gls_correct,0.05,19,15.19556611335968,0.6874335446325687,0.6866225057411768,0.7782968406110742,0.8412905422488054
2,gls_correct,0.05,35,12.567012084559657,0.5910661762601027,0.5897498841773173,0.6734397998223435,0.73063891434821
2,gls_correct,0.05,67,11.175473286157505,0.526884525290715,0.525521994001275,0.6830369243325541,0.7817671179137352
2,gls_correct,0.05,131,9.415595105414601,0.44944452091951864,0.4480356137452753,0.6595779520395808,0.7829719207064105
2,gls_correct,0.05,259,6.704248956742819,0.3143761061127507,0.31141606688703455,0.5494067360528784,0.6763763170833238
2,gls_correct,0.05,387,5.627569269492561,0.262251549138684,0.25866891069342224,0.5390916823648553,0.6786541599120018
2,gls_correct,0.05,514,4.821612207436384,0.22618781055702694,0.22175879177077595,0.5292434251004684,0.6748052529611147
2,gls_correct,0.05,643,4.319506816306418,0.20126443379846007,0.19583716455779931,0.47033986593635796,0.6001190907974351
2,gls_correct,0.05,771,4.103370455965866,0.18666792008824706,0.18096246940526303,0.46097204643519113,0.5908032761700658
2,gls_correct,0.05,899,3.915512883946785,0.17795261066229429,0.17200685213004063,0.4636223427227066,0.5964021748807232
2,gls_correct,0.05,1027,3.6103457034941626,0.16103253342369658,0.15364077071285498,0.532300281323522,0.6932498919910279
2,gls_correct,0.05,1283,3.23754196121094,0.14163822567041703,0.1332282190113774,0.5184998852030557,0.6778892711814143
2,gls_correct,0.05,1539,3.1677861864261456,0.14037972013453406,0.1321218252049328,0.437305926080321,0.5685563150022906
2,gls_correct,0.05,1795,3.088343860090914,0.13692930362850594,0.12850171807285996,0.43045786875833686,0.5599249949221602
2,gls_correct,0.05,2050,3.073308848478209,0.13680919328444283,0.12836662978809957,0.4294215502040947,0.5585463948473047
2,gls_correct,0.1,3,11.314476444948662,0.9753620394460953,0.9751444074165264,1.0454369094047167,1.095828119404693
2,gls_correct,0.1,6,10.51161225823887,0.9402225332436319,0.9395640357576459,0.9185595902304994,0.9022756655905014
2,gls_correct,0.1,11,10.422966222900667,0.9300117803371056,0.9293400700230537,0.9172577846312776,0.9079711380204415
2,gls_correct,0.1,19,7.648802775038789,0.6900549630050125,0.6866301886441266,0.778405540496531,0.8414622085220583
2,gls_correct,0.1,35,6.343916328881092,0.5949989488132975,0.5897926887531307,0.6735588052761866,0.7308048380136202
2,gls_correct,0.1,67,5.652126670101985,0.5316674113276283,0.5257458846816807,0.6822675334551428,0.7804669657466569
2,gls_correct,0.1,131,4.7836844834307595,0.45540817630069497,0.4484440998498604,0.6597447737999359,0.7830399783632821
2,gls_correct,0.1,259,3.4679149632028605,0.32493966299408333,0.31243828520041184,0.5507335418090923,0.6779138877499702
2,gls_correct,0.1,387,2.9530872338114897,0.2754253079669918,0.2602425515739203,0.5415508667878546,0.6816343043114003
2,gls_correct,0.1,514,2.578204616667504,0.24232933002709042,0.2242602227745052,0.5111075213941051,0.6491093120855299
2,gls_correct,0.1,643,2.3502528544283376,0.21938740284285005,0.19826518115708058,0.47370134962527216,0.6041505423911835
2,gls_correct,0.1,771,2.252609277116934,0.2062843730505326,0.18385524199786485,0.4645952302702279,0.5951011169112473
2,gls_correct,0.1,899,2.1717139300580253,0.19901257679674636,0.1755182168393973,0.46026915731916535,0.5910843236638236
2,gls_correct,0.1,1027,2.054156746831715,0.1869888715392146,0.16124461430492013,0.4492846687371958,0.5791812894287985
2,gls_correct,0.1,1283,1.912714986811596,0.17383299375203598,0.14539095091679552,0.44372595351067834,0.5748120429504854
2,gls_correct,0.1,1539,1.8507798579082493,0.16735966237359332,0.13739739769044215,0.4412075194656819,0.5728919923550874
2,gls_correct,0.1,1795,1.8174623469968598,0.16460478776599033,0.13409986846667943,0.4342584268875833,0.5640741684878504
2,gls_correct,0.1,2050,1.811084064617554,0.16453505046930064,0.13402246937905135,0.4331964787258246,0.5626487784070049
2,gls_correct,0.2,3,5.724772281298026,0.976073758551942,0.9751874401083321,1.0453828446247606,1.0957077870965326
2,gls_correct,0.2,6,5.327588524359737,0.9419520338227937,0.9395285471953079,0.9186005565371932,0.9023768110911763
2,gls_correct,0.2,11,5.283901156845437,0.93195745806555,0.9293174658046349,0.9174814983141225,0.9083854725223257
2,gls_correct,0.2,19,3.9233570343311572,0.7003161822108153,0.6866924471229284,0.7787322071361858,0.841953227169978
2,gls_correct,0.2,35,3.2896339404806803,0.6099551425289022,0.5899732429428027,0.6740264617274891,0.7314491456816693
2,gls_correct,0.2,67,2.954793639511666,0.5500141114125041,0.526358261454707,0.6816574687867937,0.7792114303505672
2,gls_correct,0.2,131,2.5438141667416865,0.4787213042989859,0.4497201994133017,0.6609955103225246,0.7843327498667524
2,gls_correct,0.2,259,1.9505063288323103,0.36305847953313924,0.31573471078961823,0.5555657603743313,0.6836622142886762
2,gls_correct,0.2,387,1.7302336067428012,0.3216544894643817,0.26552706284919697,0.5496688835768591,0.6914431470579792
2,gls_correct,0.2,514,1.5806942720111543,0.29572987562322756,0.23142868261953095,0.5046061814227679,0.6382551899202861
2,gls_correct,0.2,643,1.4955257311119785,0.2786152331152733,0.20715053634129588,0.48552216015781013,0.6182271134706727
2,gls_correct,0.2,771,1.4611718680126078,0.26933847649514314,0.19444832817231458,0.47745337988820463,0.6102508295647346
2,gls_correct,0.2,899,1.4344205313678036,0.2646571764317884,0.18757644587353903,0.47418431037559317,0.6073920939012812
2,gls_correct,0.2,1027,1.3945757375872845,0.2567937578364473,0.17516764912903596,0.4630911725835554,0.5950187501577565
2,gls_correct,0.2,1283,1.349129421380438,0.2488048622225829,0.16219202693082488,0.4580533216246471,0.5909368773296817
2,gls_correct,0.2,1539,1.3298431331544207,0.24505194875492228,0.15597696325801255,0.4554826392244646,0.5887102023270991
2,gls_correct,0.2,1795,1.3197652369751738,0.2435699532274954,0.15369079492390034,0.44832621850536897,0.5794261640922146
2,gls_correct,0.2,2050,1.3180838059892948,0.24364684207015522,0.15390951946013226,0.44713358738861086,0.5777558055449173
2,gls_correct,0.4,3,2.9921826451214693,0.9785390235386648,0.9752854188032227,1.0452885113907124,1.095481254535491
2,gls_correct,0.4,6,2.8020425624483747,0.9479401056929927,0.939472929296494,0.9187558322525415,0.9026977874282038
2,gls_correct,0.4,11,2.7813326124216604,0.9388577608118522,0.9293304528135183,0.918096751397668,0.9094648623585844
2,gls_correct,0.4,19,2.146893871027885,0.7355258918322053,0.6870262633924623,0.7798078978169364,0.8434883614396004
2,gls_correct,0.4,35,1.8613052376477468,0.6597056707521971,0.5907563930637386,0.6757694095212838,0.7337816582586467
2,gls_correct,0.4,67,1.7138385918692798,0.6104557628317783,0.5283105180233588,0.6842404197798225,0.7821741004188928
2,gls_correct,0.4,131,1.543609087138379,0.5542208175951461,0.45408718789786695,0.6671328251290469,0.7915083610134968
2,gls_correct,0.4,259,1.323674697475802,0.4731177510088061,0.32734923141180766,0.5723412399886791,0.7035562995045525
2,gls_correct,0.4,387,1.251828432217938,0.44798324430435804,0.2841750182525083,0.5771919544196213,0.7244593873108883
2,gls_correct,0.4,514,1.2084487680228475,0.4334229391732552,0.25670721938507796,0.5416668561962817,0.6827870916264803
2,gls_correct,0.4,643,1.188746814243808,0.42549360862847285,0.2384822884122196,0.5276239631170015,0.6682961395561849
2,gls_correct,0.4,771,1.18369470535735,0.42189685939357374,0.23112984374064163,0.5232771100785176,0.6642324556643809
2,gls_correct,0.4,899,1.1802115861819578,0.4206233884383635,0.2284001921006217,0.5229195650057468,0.6644519022572354
2,gls_correct,0.4,1027,1.1720246873921012,0.4176877778048092,0.2209853204594812,0.5128259926390656,0.652399262305034
2,gls_correct,0.4,1283,1.165471454450229,0.4157497016966216,0.21549215717144823,0.5095384234673118,0.6492490642401424
2,gls_correct,0.4,1539,1.1627366963678687,0.41502368190805233,0.21369843352285386,0.5068100404042007,0.6459420708338127
2,gls_correct,0.4,1795,1.1618950457252615,0.41500896462301057,0.2137748582630158,0.4992188124461556,0.6354324897982363
2,gls_correct,0.4,2050,1.1622840052140582,0.415356186036983,0.2149107078617415,0.49750766259987617,0.6327686171862656
2,gls_correct,0.8,3,1.730283732268827,0.9848352105713478,0.9755289994965827,1.045155043817579,1.095084764258049
2,gls_correct,0.8,6,1.648183855895615,0.9629902656404145,0.9393815483667983,0.920131306341216,0.9052120409848096
2,gls_correct,0.8,11,1.6394862077874286,0.9564209071626782,0.929536975086409,0.9208018324636412,0.9140728169223351
2,gls_correct,0.8,19,1.382169353492466,0.8197823810805388,0.6886241744056315,0.784117592243153,0.8494707723333854
2,gls_correct,0.8,35,1.2744273436172064,0.7733894484751157,0.5943911257087259,0.682580621081507,0.7425367594556854
2,gls_correct,0.8,67,1.2223067558397724,0.7446623126934431,0.5356331742138266,0.6958288313175696,0.7961981526728538
2,gls_correct,0.8,131,1.1691984712179695,0.7144084299231827,0.47073264860475444,0.6889502595636601,0.8164715714242984
2,gls_correct,0.8,259,1.1122413848474044,0.6784303635104062,0.3643091374024047,0.6262705049057646,0.7675945752023287
2,gls_correct,0.8,387,1.1004072820170006,0.6717663649054367,0.3438577886366648,0.6652450261444937,0.8298873335030742
2,gls_correct,0.8,514,1.0953887664435207,0.6681814547341905,0.33618670252406324,0.6563251677863539,0.8197504021618253
2,gls_correct,0.8,643,1.097947081743792,0.6689837344389536,0.33447131662819723,0.6648307760942612,0.8322208232668905
2,gls_correct,0.8,771,1.103642754749858,0.6710970258202157,0.3391938933060497,0.6723674572784738,0.8413918363161853
2,gls_correct,0.8,899,1.1075564345784508,0.6728963738098316,0.34505230298768597,0.678984078712291,0.8488981623686853
2,gls_correct,0.8,1027,1.1088272605072784,0.6739390805606816,0.3468267529722571,0.6734026340823402,0.8404579791254302
2,gls_correct,0.8,1283,1.114302741436583,0.6773033981461128,0.35480834153501223,0.6746928318634068,0.8396936606658559
2,gls_correct,0.8,1539,1.1165226263413262,0.6792424573103868,0.3606763391543187,0.6714697175275154,0.8332359175168951
2,gls_correct,0.8,1795,1.1186068127803475,0.6806282148924493,0.3647906498163003,0.6628129687417025,0.819570239952391
2,gls_correct,0.8,2050,1.1197555291273327,0.6813549426491067,0.3679330507719221,0.6595327599417962,0.813813317435319
2,gls_flattened,0.05,3,20.653266483066933,0.968976673432648,0.9689141616407153,1.0741348240416646,1.1476404666367488
2,gls_flattened,0.05,6,19.55886014194955,0.931369495589326,0.9312119943628402,0.9258473246132263,0.9217508819177366
2,gls_flattened,0.05,11,19.386569251680818,0.921507518345274,0.9213801224663251,0.9319424013965772,0.9398871194051132
2,gls_flattened,0.05,19,14.338133723011502,0.6844527369717119,0.6837191925835909,0.8052320601135782,0.8864807512592288
2,gls_flattened,0.05,35,12.012929532489686,0.5858611871850761,0.5845663457252381,0.6886799485494307,0.7582789454673481
2,gls_flattened,0.05,67,10.681179527380928,0.5214581239241541,0.5200903993936417,0.6894092177660266,0.7942695201218773
2,gls_flattened,0.05,131,9.03442740788782,0.4430290727737813,0.441573667144193,0.6685595346778572,0.7990015002234112
2,gls_flattened,0.05,259,6.304351952415534,0.3078866201248527,0.3048268331495907,0.5560504706757577,0.6881087500570842
2,gls_flattened,0.05,387,5.284618974800937,0.25713651710088165,0.25348910584935647,0.5451479088361608,0.6885794955355965
2,gls_flattened,0.05,514,4.585281951731792,0.22352918317878287,0.21891360235905233,0.5027527277158567,0.6390128041931975
2,gls_flattened,0.05,643,4.072796010796719,0.19794520338166152,0.19250564317933763,0.4785837594198819,0.6122456839637724
2,gls_flattened,0.05,771,3.835698100753346,0.18455111010087652,0.17877518313745847,0.46247818162564186,0.5933748450611668
2,gls_flattened,0.05,899,3.657334743673633,0.17547510490951004,0.1694004441587861,0.4637151326512568,0.5971074628300029
2,gls_flattened,0.05,1027,3.3455835591571934,0.15985705627631341,0.15248443239723905,0.5333041709016172,0.6948486639253034
2,gls_flattened,0.05,1283,2.948488175897598,0.13996852785281097,0.131304970771025,0.5208040138853699,0.6813176769467738
2,gls_flattened,0.05,1539,2.8893863074009896,0.13628056022744073,0.12802894782718502,0.46290886953464067,0.6037324087732036
2,gls_flattened,0.05,1795,2.8249016885340907,0.13405823423670585,0.1254044771872124,0.43239390481835366,0.5630746389879367
2,gls_flattened,0.05,2050,2.8182020172190563,0.1340065024199098,0.12534529350577542,0.43162272574958244,0.562042326961789
2,gls_flattened,0.1,3,10.362173907732439,0.9692042724514082,0.9689305894877808,1.0740748059425445,1.1475309467737598
2,gls_flattened,0.1,6,9.816491796000623,0.9318577995035319,0.9312081307161737,0.9258740252142644,0.9218009166826252
2,gls_flattened,0.1,11,9.730418382382558,0.9220233605419628,0.9213857064581853,0.9320768794733295,0.9401173084738902
2,gls_flattened,0.1,19,7.219089819654722,0.6870594843574974,0.6837658325735619,0.8054147345299474,0.8867448642178469
2,gls_flattened,0.1,35,6.066891832399051,0.5898504964861694,0.5846408529190159,0.6889213713299727,0.7586202136213863
2,gls_flattened,0.1,67,5.406315121230354,0.5263222676418492,0.5203346117169743,0.6885783205275678,0.7928761949387435
2,gls_flattened,0.1,131,4.593518516035345,0.4491543201629617,0.4420101941742001,0.6686966342231097,0.7990186504765532
2,gls_flattened,0.1,259,3.27026073950103,0.31871729717770697,0.3058623797101932,0.5573417156489745,0.6895951288257022
2,gls_flattened,0.1,387,2.783845621132874,0.2705547599039519,0.25507472277702486,0.5475285318539995,0.6914508479537763
2,gls_flattened,0.1,514,2.4594044698607185,0.23949226449265115,0.22099551057574163,0.5102098427958217,0.6487688205256564
2,gls_flattened,0.1,643,2.22717177013358,0.21635984492796898,0.1949562072749922,0.4757900134584421,0.607845640394777
2,gls_flattened,0.1,771,2.1205764970299463,0.2044299774048478,0.18175584322527738,0.46587378062212564,0.5973456067026932
2,gls_flattened,0.1,899,2.044251607756955,0.19679919447972008,0.1729135576844225,0.46063341488894344,0.5921656245059327
2,gls_flattened,0.1,1027,1.9285709631983112,0.18485550768018755,0.1586473803632126,0.4484841537025452,0.5786339618824105
2,gls_flattened,0.1,1283,1.7922270376824054,0.1718255765288386,0.1428816875605788,0.452844898749787,0.5876105918588211
2,gls_flattened,0.1,1539,1.7243425380724042,0.16519045541534527,0.13466527397143727,0.44208901596570854,0.5745781766428147
2,gls_flattened,0.1,1795,1.6946512283974677,0.1625116683765017,0.13144541594360123,0.4360106385847158,0.5669203297476392
2,gls_flattened,0.1,2050,1.6923119202546777,0.16253109642374597,0.1314824719247203,0.4352192266408938,0.5658418802373201
2,gls_flattened,0.2,3,5.2509895276440774,0.9700797135757543,0.9689666110341068,1.0739581826055415,1.1473152191482556
2,gls_flattened,0.2,6,4.981547028221123,0.9337799619965707,0.931208175144775,0.9259400663819832,0.9219171143638006
2,gls_flattened,0.2,11,4.938911927241303,0.924146935689048,0.9214141549490632,0.9323888882129395,0.9406392810418889
2,gls_flattened,0.2,19,3.7083940008208356,0.6973615426578986,0.6839078474297775,0.8058889594331583,0.8874173959411761
2,gls_flattened,0.2,35,3.1513227528350574,0.6050441706913293,0.5848875565323745,0.689630042505916,0.7596044167325523
2,gls_flattened,0.2,67,2.8332198859974524,0.5449758265415812,0.5209833205171237,0.6883914081620462,0.7922638703589718
2,gls_flattened,0.2,131,2.4487522067468475,0.47300752601652,0.4433602990334083,0.6698863030765804,0.8001977061065038
2,gls_flattened,0.2,259,1.854308010328962,0.35768895524620653,0.3092520735316421,0.5621317516586878,0.6952603186144971
2,gls_flattened,0.2,387,1.648057315361662,0.31760110310029543,0.260502928455567,0.5555300578090872,0.7010705378194321
2,gls_flattened,0.2,514,1.5198324410748436,0.293484227400879,0.22823008719081964,0.5107234598219408,0.6476232006290327
2,gls_flattened,0.2,643,1.4334155136431788,0.27645372301613724,0.20425007324722722,0.48743912696372776,0.6216061368694693
2,gls_flattened,0.2,771,1.3958979288072355,0.26817335468818887,0.1927725267794179,0.47836447186274694,0.6119078186930614
2,gls_flattened,0.2,899,1.3714715130810646,0.2633945818771781,0.18555248200844288,0.4742319057268833,0.6079287358610442
2,gls_flattened,0.2,1027,1.333072896441624,0.2557008899968163,0.1732899746958451,0.4620050990156876,0.5939491692107758
2,gls_flattened,0.2,1283,1.290715740427716,0.24791941040972543,0.16074157590846608,0.45833974362228225,0.5916281779658265
2,gls_flattened,0.2,1539,1.2706585145917797,0.24424392026161215,0.15454968174913236,0.4559492495840359,0.5896315459926528
2,gls_flattened,0.2,1795,1.2625670262892494,0.2428994514601647,0.15249163565630153,0.44969723550882246,0.5815335823215998
2,gls_flattened,0.2,2050,1.262662264468229,0.24310913346397364,0.1529286155295193,0.4487745529267015,0.5801879361194091
2,gls_flattened,0.4,3,2.760333612288665,0.9731379155110124,0.9690513146020291,1.0737385940482431,1.1468970240659375
2,gls_flattened,0.4,6,2.632152470802374,0.9405505579203108,0.9312383957207534,0.9261557575569285,0.922273081012591
2,gls_flattened,0.4,11,2.6117938099749254,0.9317880420746635,0.9215408299439328,0.9331963249464077,0.9419483899450474
2,gls_flattened,0.4,19,2.04036799118605,0.7328651079256535,0.6844090013308799,0.8072474379275173,0.8892858170045016
2,gls_flattened,0.4,35,1.7920494295105653,0.655565622994878,0.5858066231085958,0.691777697661236,0.7624826684982374
2,gls_flattened,0.4,67,1.6534626077160068,0.6063539456073727,0.5230732832176569,0.6902460741453748,0.7940433751573656
2,gls_flattened,0.4,131,1.4944738626548502,0.5499161511646822,0.4479445857128425,0.6758965949865466,0.8071014762067845
2,gls_flattened,0.4,259,1.2757273843451904,0.4695488962158126,0.3211478573284639,0.5808015416875129,0.7177818245724695
2,gls_flattened,0.4,387,1.2095789838694468,0.4454270227467578,0.27963923758585946,0.583757910362137,0.734980196127455
2,gls_flattened,0.4,514,1.1736886028116367,0.43252731223541047,0.2545526800120672,0.5490490318037017,0.693681631589968
2,gls_flattened,0.4,643,1.152919635903439,0.4247275498298897,0.23705287898022961,0.5296052041453478,0.6714355628991325
2,gls_flattened,0.4,771,1.1464054624007287,0.42180451133315633,0.23093170691204337,0.5238191186530413,0.6650358637842287
2,gls_flattened,0.4,899,1.1437106939459558,0.4207499876176481,0.2282485158127907,0.5226564940132933,0.6641254541169406
2,gls_flattened,0.4,1027,1.1362270706644118,0.41802387367664456,0.221274678563558,0.5115397155889144,0.6505438446823946
2,gls_flattened,0.4,1283,1.1306083045208488,0.41633606949910146,0.21676574125285145,0.5092413724340942,0.6485190907242665
2,gls_flattened,0.4,1539,1.1287296949672412,0.41592337177802974,0.2155288414287231,0.5065419773377332,0.6451139215713537
2,gls_flattened,0.4,1795,1.1287968215232778,0.4161235101078886,0.21611485340791925,0.4998503411941087,0.6357110859491203
2,gls_flattened,0.4,2050,1.129957487024016,0.41668492732225193,0.21768748400823557,0.4983693565334855,0.6332454075704763
2,gls_flattened,0.8,3,1.6216078036752923,0.9809795884128308,0.9692713360734557,1.0733540999379902,1.1461137679234341
2,gls_flattened,0.8,6,1.5671551503682346,0.9578047832678688,0.9315365864315907,0.9282923376911016,0.925788029391791
2,gls_flattened,0.8,11,1.5585209120430117,0.9514912243229926,0.9222257522114461,0.9366713092917175,0.947453657164572
2,gls_flattened,0.8,19,1.3291778232025817,0.8179899458177545,0.6861479847251107,0.8116588310311029,0.8952770856005544
2,gls_flattened,0.8,35,1.2374685766776696,0.7707783530109156,0.5897163516551535,0.6988938025477621,0.7715058201551099
2,gls_flattened,0.8,67,1.189227019328045,0.7421692863078815,0.5306955287951499,0.7030900363391054,0.8098237473738696
2,gls_flattened,0.8,131,1.1393618908946972,0.7121044172366972,0.46503287873164306,0.6990300379554735,0.8338985704764372
2,gls_flattened,0.8,259,1.0829701162279297,0.6768887526877202,0.35984024332517683,0.6412461797133412,0.7906276650173529
2,gls_flattened,0.8,387,1.0729347908569966,0.6708649641492359,0.3415851766929092,0.6756636654229164,0.8452605092866015
2,gls_flattened,0.8,514,1.069666621620354,0.6687273314558272,0.33715008371608146,0.6715101246335972,0.8408082218399846
2,gls_flattened,0.8,643,1.0714784215485789,0.6697229679146797,0.3368560525373589,0.6706646127754738,0.8397072135037478
2,gls_flattened,0.8,771,1.0756342263324195,0.672168628748352,0.3425685818061537,0.6733352933244595,0.8417159296981845
2,gls_flattened,0.8,899,1.0796420471392756,0.6744962772313334,0.3491202173371574,0.679080907467917,0.8477700107627131
2,gls_flattened,0.8,1027,1.081289217409648,0.6757786952890267,0.3517015437888524,0.6727292231976736,0.8379680361724415
2,gls_flattened,0.8,1283,1.0867248191379024,0.6794552056434372,0.36140308690229933,0.6739527731883802,0.8365279303170453
2,gls_flattened,0.8,1539,1.0901555555005398,0.6819568193208351,0.36856573152534344,0.6702421529904318,0.8288873911867006
2,gls_flattened,0.8,1795,1.0926795203405006,0.6836700260655889,0.3736446863359013,0.6623235494291557,0.8158643640456553
2,gls_flattened,0.8,2050,1.0942275160547295,0.6847309711115566,0.3776203045593729,0.6591152187356859,0.8098634874323233
2,ols,0.05,3,19.76216522152145,0.9672660192288675,0.967200972932131,1.093614696973468,1.1806380180053517
2,ols,0.05,6,18.96600975941295,0.928297693168053,0.9281727072225398,0.9405703702260498,0.9498806339998507
2,ols,0.05,11,18.782685033022773,0.9193245984220836,0.9192410151556544,0.9547840479260422,0.9809254514303173
2,ols,0.05,19,14.05047164161166,0.6877054757477126,0.687062029309747,0.8411354054760252,0.941479091447297
2,ols,0.05,35,11.955411838432068,0.5851620201262907,0.5839125604104765,0.7133643051195496,0.797789382622534
2,ols,0.05,67,10.60242374744446,0.5189394508963137,0.5175863076790731,0.7043947755869793,0.8182864532898959
2,ols,0.05,131,8.99183725148684,0.44010893926302047,0.4386319171911197,0.6840478589836785,0.822943279738798
2,ols,0.05,259,6.205830550623556,0.3037459048450026,0.30062190605287753,0.5687854169495569,0.7075556465965024
2,ols,0.05,387,5.203629623016101,0.25469279951147,0.2510206166560785,0.5574900804915887,0.7064244321137418
2,ols,0.05,514,4.54650384696222,0.22253001109085316,0.21783440413543928,0.5117633179135141,0.6517808918531006
2,ols,0.05,643,4.024641886315908,0.19698751853080462,0.19166263472446665,0.4975097388480729,0.6384117007678299
2,ols,0.05,771,3.7688029075734892,0.18446516384403924,0.17869006987147837,0.47157122358788195,0.6058568965230027
2,ols,0.05,899,3.5758667683863656,0.17502195793310718,0.16884031068467165,0.4770780231620726,0.6154514153992386
2,ols,0.05,1027,3.26819176236438,0.15996174889967366,0.15272994122537417,0.5214300703223829,0.678728076492773
2,ols,0.05,1283,2.8513699719934866,0.13956164830326442,0.13089236210690444,0.5194375286728612,0.6795398658530097
2,ols,0.05,1539,2.7648146772944755,0.1353244957868534,0.12679054442619836,0.5033543961503766,0.6584254863323938
2,ols,0.05,1795,2.731902462334201,0.13371365208776553,0.12500558398420827,0.4405429350303834,0.5741487048155586
2,ols,0.05,2050,2.731458483871364,0.13369213347785688,0.12498163787055318,0.43977460491290626,0.573115005396772
2,ols,0.1,3,9.918497924043793,0.9674969228579795,0.967209805256092,1.0935245061783456,1.180485353010045
2,ols,0.1,6,9.52159233227045,0.928779946541528,0.9281789573961144,0.9406096762277162,0.9499442733935437
2,ols,0.1,11,9.42981581078209,0.9198268164033947,0.9192646183598666,0.9549520660706593,0.9811960490818931
2,ols,0.1,19,7.076101481727487,0.690237150570531,0.6871458206927393,0.841390278581704,0.9418327666060429
2,ols,0.1,35,6.039813846118281,0.5891527623441939,0.5840283395272124,0.7137320237673422,0.7983026068104359
2,ols,0.1,67,5.370115188439713,0.5238267882139334,0.5178379305812117,0.7040017174954243,0.8175693245811373
2,ols,0.1,131,4.575455526602421,0.4463127936243892,0.4390856943244177,0.684186228490567,0.8229607099637676
2,ols,0.1,259,3.2267354803036015,0.31474853035547434,0.3016657673780907,0.570037349220738,0.7089885381742423
2,ols,0.1,387,2.74981549836111,0.26822735619264704,0.252615921711327,0.5598198608704917,0.7092273957062297
2,ols,0.1,514,2.446387117921384,0.23863133137858117,0.21986433296035157,0.5144426039485448,0.6549655263308626
2,ols,0.1,643,2.20997563920799,0.21557127305238408,0.1941603936633526,0.4857328683324777,0.6217195138615742
2,ols,0.1,771,2.0953649822741047,0.20439100288068449,0.1817195273385289,0.4747206830563335,0.6094874746475055
2,ols,0.1,899,2.0138406003191927,0.19643913904976032,0.17245292841844614,0.46846887848173696,0.6029854249332849
2,ols,0.1,1027,1.8947038355700296,0.18481665895942678,0.1585235195710235,0.4553159242057229,0.5879731707933974
2,ols,0.1,1283,1.7614587455579755,0.17181933076288383,0.1428958532058526,0.45910175582861923,0.5961002762916076
2,ols,0.1,1539,1.6920972079353997,0.16505356349596575,0.13444759290205346,0.44909798449195204,0.5841029797198483
2,ols,0.1,1795,1.6652235257792134,0.1624328006088052,0.13129585041457328,0.44389611687727853,0.5776143541392703
2,ols,0.1,2050,1.6659770375458478,0.16250700183181646,0.13140191699077694,0.4431114993364238,0.5765340270565895
2,ols,0.2,3,5.033671251978514,0.968403460338643,0.9672311139908348,1.0933478667249,1.1801835235928049
2,ols,0.2,6,4.8379136381456505,0.9307385812191167,0.9282004562914478,0.9407038869325867,0.9500916360644599
2,ols,0.2,11,4.792306524749255,0.921961240388426,0.9193315083386127,0.9553367918469311,0.9818057956987672
2,ols,0.2,19,3.6402723496367546,0.7003367302458354,0.6873659351620112,0.8420128506009007,0.94268716245146
2,ols,0.2,35,3.1414480070097865,0.6043709315100133,0.5843643108485571,0.7146987297342386,0.7996326815459417
2,ols,0.2,67,2.8204935720496374,0.5426223839397976,0.5185496289671175,0.7031242681050568,0.8158912185710424
2,ols,0.2,131,2.445259604033809,0.47043640149703764,0.44049531552946575,0.6853986339314312,0.8241583234109964
2,ols,0.2,259,1.8416182747401526,0.35429170258826487,0.30514609819470867,0.574804110627909,0.714602945345444
2,ols,0.2,387,1.6410507842099575,0.31570509177461964,0.2581721067391554,0.5677667376156754,0.7187532031010031
2,ols,0.2,514,1.5226330071723047,0.292929610513393,0.2273298479198952,0.5242200305691699,0.6665635420664732
2,ols,0.2,643,1.434587938192142,0.27599254068515494,0.20374330485826833,0.4971596089929391,0.6351334895600497
2,ols,0.2,771,1.3947328022530037,0.26832397309702366,0.1930059866501618,0.48671359684612164,0.6233315944986123
2,ols,0.2,899,1.3692430684825732,0.26342156683915513,0.1854663340660332,0.4815624575608745,0.6180055780355358
2,ols,0.2,1027,1.3306098621701314,0.25598575768617104,0.17355780977773913,0.4683494507136457,0.6025710246144034
2,ols,0.2,1283,1.2906384927636427,0.24829539624880062,0.16133250716433903,0.4648934251087374,0.6004389364757846
2,ols,0.2,1539,1.271497203861599,0.24461311703353295,0.1550930398707384,0.46229590982345553,0.5981585129791736
2,ols,0.2,1795,1.2649929780072156,0.24336360901086437,0.15319100589708662,0.45693599724911177,0.5912434872947968
2,ols,0.2,2050,1.2666069672056455,0.24367593959001319,0.15377953133337843,0.45602237271921897,0.5898815898878929
2,ols,0.4,3,2.6607542623329627,0.971603463085923,0.9672883053230498,1.0930095669473683,1.179593882934466
2,ols,0.4,6,2.568078224302312,0.9377459211206376,0.9282811761526709,0.9409745645443636,0.950499994405204
2,ols,0.4,11,2.5462239920857477,0.9297545938910544,0.9195476164546751,0.9563069694379273,0.983306956938646
2,ols,0.4,19,2.0136492776901576,0.7353081005093962,0.6880264020282302,0.8436424084326495,0.9448733494700758
2,ols,0.4,35,1.7936772629845947,0.6549888518573302,0.5854533479227303,0.7175461229393605,0.8034892159496391
2,ols,0.4,67,1.6553002027133485,0.6044538111711487,0.5208140989626173,0.7042716677469527,0.8165239246288389
2,ols,0.4,131,1.5008420321807832,0.5480640584460779,0.44529617899966684,0.6915344432166829,0.8311706512649795
2,ols,0.4,259,1.2802210168599077,0.4674688778827956,0.31764970916467844,0.5956378315346581,0.740009030587648
2,ols,0.4,387,1.2171050578904,0.4444217020939774,0.27793548559110204,0.5960786489945901,0.7526601555469202
2,ols,0.4,514,1.1850375427814601,0.4327284000859484,0.2541670495458604,0.5601380041547445,0.7092230365515971
2,ols,0.4,643,1.163656582416886,0.4249224956725593,0.23761161352854965,0.5390554962941273,0.6843993492349965
2,ols,0.4,771,1.1566816072676849,0.42237720201033174,0.2321660749376271,0.5312613889597158,0.6750253917625807
2,ols,0.4,899,1.154160347209007,0.42146126902010633,0.2294277158799318,0.5290192437189475,0.672628300418992
2,ols,0.4,1027,1.1471995791018454,0.4189138573652476,0.222866203635394,0.5169550753710397,0.6576271288241401
2,ols,0.4,1283,1.142814471948172,0.4173082705462934,0.21898978937365596,0.5144410272567946,0.6551439041610297
2,ols,0.4,1539,1.142207446351944,0.41708627375719076,0.21807743883245476,0.511361322223125,0.6511316445921634
2,ols,0.4,1795,1.143159330895152,0.41743788498728174,0.2189797135780879,0.5055267845167958,0.6428317108982612
2,ols,0.4,2050,1.1451875920461392,0.418182206951228,0.22086580122867716,0.504036552818488,0.640268486771894
2,ols,0.8,3,1.5861283518384424,0.9798545935644577,0.9674609573243097,1.0923929659080434,1.1784708024236563
2,ols,0.8,6,1.5473134940639293,0.9558335532364989,0.9285904117036593,0.9418263140814164,0.9517416700507485
2,ols,0.8,11,1.5380220133372342,0.9500694188337572,0.9205844428323275,0.9602805285859074,0.9893241015156113
2,ols,0.8,19,1.3265347700205459,0.819473771268977,0.6901519694467071,0.8486891375986084,0.9515875467128746
2,ols,0.8,35,1.246962748806397,0.7703442177421281,0.5893121571911396,0.7259674090845509,0.8145283056099341
2,ols,0.8,67,1.199645380491911,0.7411082734153288,0.5291717019915515,0.7183943409313892,0.8338629460715073
2,ols,0.8,131,1.1514218301115045,0.711349179651199,0.46325970070847994,0.7204780797476871,0.866188642157775
2,ols,0.8,259,1.0950267667407905,0.6764756310807368,0.3587263489410391,0.6677433472564421,0.8287063216117572
2,ols,0.8,387,1.0863800225122648,0.6711357651149181,0.34309782871406164,0.6994207122146646,0.8781745380174435
2,ols,0.8,514,1.0842905898374637,0.6698716383537379,0.3395837469259741,0.6916070784725573,0.8682782358098446
2,ols,0.8,643,1.0859487952006905,0.6708866802272563,0.34028922287562174,0.6816919595506833,0.8541819546303415
2,ols,0.8,771,1.089936018252893,0.6733656195645116,0.34639271517000436,0.6797972776062694,0.8496377923470089
2,ols,0.8,899,1.094333559720625,0.6760963115297317,0.3533208880515603,0.6842126803693929,0.853693774196017
2,ols,0.8,1027,1.0966292279742074,0.6775103736303412,0.35640545124124756,0.6769908595269808,0.8424949944269815
2,ols,0.8,1283,1.102731009808712,0.6812602902356168,0.3671586169904398,0.6768975962696274,0.8388345477651923
2,ols,0.8,1539,1.1074168139816531,0.6841502397880931,0.3751667738215181,0.6722602589753438,0.8295443904859923
2,ols,0.8,1795,1.110556918538055,0.6860954684200667,0.38082288482536003,0.6650031723576376,0.8172080162083107
2,ols,0.8,2050,1.11274127158177,0.6874500085810024,0.38539449369837864,0.6616817242381102,0.8107904271371749
3,gls_correct,0.05,3,22.06215237067663,0.9753453718696733,0.9752681916736421,1.0414748277727155,1.0880745649743855
3,gls_correct,0.05,6,21.10787521393375,0.9540489301258263,0.9537810348263949,0.935941530456344,0.922459298932159
3,gls_correct,0.05,11,20.797674849004597,0.9452045807598634,0.9449291047586307,0.9235773999950562,0.9073633117987563
3,gls_correct,0.05,19,14.221523614809882,0.6747047957436775,0.6732074491128094,0.7734122670903513,0.8401802256613821
3,gls_correct,0.05,35,11.73709047863504,0.5707030758197237,0.5693111944417212,0.6732626352932222,0.7411359863893977
3,gls_correct,0.05,67,10.611284834103534,0.5152499720141596,0.5134703727514577,0.6498407337020194,0.7349557345505073
3,gls_correct,0.05,131,9.19824324206191,0.45612076666323453,0.45508234184176577,0.6192683978513177,0.7173511363910471
3,gls_correct,0.05,259,6.629520112405099,0.3250089146685093,0.321908062181435,0.5564455657782384,0.6802504530761193
3,gls_correct,0.05,387,5.765890868250644,0.2776479151709718,0.2733995038809697,0.5303012692762817,0.6592980640731266
3,gls_correct,0.05,514,5.068158266924809,0.2370206564558834,0.23139492862450628,0.5412056783990843,0.6860559537727573
3,gls_correct,0.05,643,4.440634906964232,0.21143954917777827,0.2053869699443975,0.4831948775323885,0.6129035305145524
3,gls_correct,0.05,771,3.904490578722134,0.18325492026049126,0.17593445849694642,0.5507960001726416,0.711228727407057
3,gls_correct,0.05,899,3.7393118479519583,0.17522556324472513,0.1686941568406343,0.5232144575037216,0.6751560050148923
3,gls_correct,0.05,1027,3.533337533481529,0.1641371045025206,0.15669937512493565,0.5360257764413118,0.6946503259555713
3,gls_correct,0.05,1283,3.4649242058625784,0.15704108079981913,0.14923128937510252,0.4910914195167875,0.6353520959284727
3,gls_correct,0.05,1539,3.301098247294268,0.14897212190388334,0.14085058447245755,0.5080826137303064,0.6596428918291231
3,gls_correct,0.05,1795,3.2410994727874987,0.14766150383182877,0.13910354041577935,0.5237071498958671,0.6809420047945576
3,gls_correct,0.05,2050,3.2593652635035633,0.14648212922766865,0.1379238554485029,0.49486909361384274,0.642330508177618
3,gls_correct,0.1,3,11.071544119550175,0.9755148838165711,0.9752378513897662,1.041529268203308,1.0881854734638288
3,gls_correct,0.1,6,10.597426299188585,0.954507509806538,0.95374399678564,0.9360334417445818,0.9226502369191384
3,gls_correct,0.1,11,10.442219604840071,0.9456945922551419,0.9448663214569496,0.9236438713443492,0.9075293627932702
3,gls_correct,0.1,19,7.170680516794641,0.6777323316619362,0.6728298429182056,0.7734608693816595,0.840482693835286
3,gls_correct,0.1,35,5.9348491027127475,0.5750376774350066,0.5693554434144845,0.6733641968694748,0.741271048959633
3,gls_correct,0.1,67,5.378520961395465,0.5205949956538336,0.513552537975526,0.6500879883135721,0.7352920058919984
3,gls_correct,0.1,131,4.673416801374457,0.46172000151282616,0.4554108233369398,0.6199742844884131,0.7182576159865568
3,gls_correct,0.1,259,3.4332339123690705,0.3355448127882638,0.322737358668181,0.5579618717413777,0.6821206100723735
3,gls_correct,0.1,387,3.0235778512455265,0.2909155672092037,0.27452406472257174,0.5320090091796529,0.6613449136994974
3,gls_correct,0.1,514,2.7004060629850692,0.2541476791331801,0.23423859594445354,0.5109985576612325,0.6437090555370665
3,gls_correct,0.1,643,2.407968838775485,0.2299449047063462,0.20758849887661976,0.48587505628568817,0.6160369749825968
3,gls_correct,0.1,771,2.1949637481821935,0.20740918952962548,0.18147337258107044,0.5594919955373115,0.721943569928848
3,gls_correct,0.1,899,2.0969653199387777,0.19893208457953362,0.17327696834668735,0.48703582370594445,0.6252806191998609
3,gls_correct,0.1,1027,2.022672017708237,0.19074006829971682,0.1639664732404205,0.4767163607524265,0.6131998898953512
3,gls_correct,0.1,1283,1.9853501213714357,0.18382688169693517,0.15496776023442801,0.44839797382177143,0.5767521556488985
3,gls_correct,0.1,1539,1.9382290894224472,0.1781508074518914,0.14847658351848816,0.44431831638038055,0.5725020340406531
3,gls_correct,0.1,1795,1.9111274553735178,0.1753424339029619,0.14493772334998276,0.44287359529073816,0.571223484711156
3,gls_correct,0.1,2050,1.9070140354424165,0.17487612317780496,0.14442989983879473,0.4419874514709143,0.5701216771976813
3,gls_correct,0.2,3,5.609460491140037,0.9761997035418849,0.9751807889358853,1.0416424012897465,1.0884116796141043
3,gls_correct,0.2,6,5.3768469403704096,0.956058580508547,0.9536778084393375,0.9362297302175152,0.9230478700531514
3,gls_correct,0.2,11,5.2997555772300915,0.9474575543886617,0.9447583816154226,0.9238192372872299,0.9079226467791365
3,gls_correct,0.2,19,3.6955435974253725,0.6897915716906068,0.672659530770432,0.7738443874778925,0.8411986748379888
3,gls_correct,0.2,35,3.0943494934540765,0.5915907627471934,0.5695459111083944,0.6738047637693456,0.7418578891892471
3,gls_correct,0.2,67,2.828740668501398,0.5407113706286891,0.5139245425975718,0.6510159437960741,0.7365231548891377
3,gls_correct,0.2,131,2.488012870312992,0.4844882565792879,0.45635935550564827,0.6218018999989608,0.7205574066071683
3,gls_correct,0.2,259,1.9351294476751864,0.3735589973007048,0.32578391433211923,0.5653053684086758,0.6915148580219609
3,gls_correct,0.2,387,1.7639238924055258,0.3370246887923886,0.2789091411936041,0.5388546245451277,0.6695877554694268
3,gls_correct,0.2,514,1.6338849158072033,0.3081703615615546,0.240777885735777,0.5147627552904097,0.6471685490222194
3,gls_correct,0.2,643,1.519874035551812,0.2898760039524029,0.21607338306580995,0.49648040085130885,0.6284799819906517
3,gls_correct,0.2,771,1.45450434119312,0.27545252401399617,0.19533895514298408,0.4839947168644221,0.6164300425995773
3,gls_correct,0.2,899,1.4052294941088015,0.2680475814936303,0.18577371486279595,0.474136480097874,0.6051686522284795
3,gls_correct,0.2,1027,1.3813659922297135,0.2625033865049838,0.17772618280948457,0.465101938437362,0.5946527862039112
3,gls_correct,0.2,1283,1.372973140281454,0.25842970088849215,0.1707141391580532,0.4625609387373622,0.5927193365441289
3,gls_correct,0.2,1539,1.3586773988402614,0.2549911946007244,0.16595095500679197,0.4586093171858114,0.5883565321470435
3,gls_correct,0.2,1795,1.350932744595644,0.2535590841894128,0.1634252116011943,0.4571146618063619,0.5868529797676086
3,gls_correct,0.2,2050,1.3507518585176435,0.25346605953916435,0.16325657534149604,0.45599771156828317,0.5853711111167472
3,gls_correct,0.4,3,2.9413184586836842,0.9786314188094379,0.9750811422693432,1.0418856703247301,1.0888816355705724
3,gls_correct,0.4,6,2.8316515455804008,0.9621993578487835,0.9549687913132314,0.9338208498848646,0.9177675049309052
3,gls_correct,0.4,11,2.79483207640553,0.9533415243155562,0.9446209091871389,0.9243423347483469,0.9089523862559422
3,gls_correct,0.4,19,2.0474189581068285,0.7291858170109987,0.6725804956796028,0.7748998705152875,0.8429348305290988
3,gls_correct,0.4,35,1.776639615425383,0.6460635599451126,0.5705726665931355,0.67440983918205,0.7422099856370993
3,gls_correct,0.4,67,1.662980308455354,0.6053074140814317,0.5154938128864429,0.6550530091620298,0.7419088199755984
3,gls_correct,0.4,131,1.5159656931383776,0.5592641572782192,0.45999199321489775,0.6293875150533575,0.7302448515985621
3,gls_correct,0.4,259,1.3164515090126494,0.48318058014769716,0.33692615001576126,0.583823495133284,0.7140038723019421
3,gls_correct,0.4,387,1.2649213869003388,0.4625660357699371,0.29628450522090116,0.5657373022954229,0.7019071856431034
3,gls_correct,0.4,514,1.2287415390325074,0.44683732811178206,0.26502962944968345,0.5495334506139692,0.6886254509383235
3,gls_correct,0.4,643,1.1974907562967056,0.43763326533917674,0.24693725354552146,0.5368818922928619,0.6761126408739017
3,gls_correct,0.4,771,1.1835558764641554,0.4313680285720998,0.23295895871821873,0.5301033131491729,0.6704517428199863
3,gls_correct,0.4,899,1.1692562578728667,0.42771171983894196,0.2276369643912031,0.5219675005180028,0.6606095808780384
3,gls_correct,0.4,1027,1.1657592303125262,0.42551266211866196,0.2239587290323579,0.5152536313560805,0.6523043924020245
3,gls_correct,0.4,1283,1.1705632118216511,0.42570989927948416,0.22321827406097597,0.5149403865390106,0.6520520414612853
3,gls_correct,0.4,1539,1.1695150522889448,0.42490354609252895,0.22270087943422193,0.5113401100350697,0.6472263813820601
3,gls_correct,0.4,1795,1.1695787292475173,0.4251212430213296,0.22282616799778157,0.5097583755925396,0.6450149410002756
3,gls_correct,0.4,2050,1.171229074638526,0.4256324152471911,0.2235585529042385,0.5078569226860344,0.6422037072920038
3,gls_correct,0.8,3,1.7116614975066515,0.9848408398196636,0.974939803167784,1.0424401658149824,1.0898916140532335
3,gls_correct,0.8,6,1.6654888426527374,0.9738388549469041,0.9554309738779039,0.9343436420669575,0.918323370294971
3,gls_correct,0.8,11,1.650198542540952,0.9675327905787894,0.9445406792736302,0.9263540937100879,0.9125573600513435
3,gls_correct,0.8,19,1.3468043111968335,0.8191170892816514,0.673572306511505,0.7789770978706234,0.8488624959333358
3,gls_correct,0.8,35,1.2441673269639881,0.7664517845318897,0.5738955920861538,0.6798819037195923,0.7489420155043535
3,gls_correct,0.8,67,1.2060977470453942,0.7439099732090444,0.5217819621269612,0.6674299010937578,0.7576475916660287
3,gls_correct,0.8,131,1.1558479029904094,0.7173533561182411,0.4737357772417849,0.6563460521466871,0.7642575904325155
3,gls_correct,0.8,259,1.107759552603672,0.6858186881226525,0.37326660663103856,0.6326833503021172,0.7708403202652145
3,gls_correct,0.8,387,1.1034415394238846,0.682044575428772,0.3533378896609853,0.6520018835566753,0.8051099275490522
3,gls_correct,0.8,514,1.1028320581670352,0.6800664767359792,0.3446543492020204,0.6645860290608456,0.825574256826359
3,gls_correct,0.8,643,1.101133685747461,0.6797135026014584,0.34393213780363624,0.6750092078995854,0.8403906737809774
3,gls_correct,0.8,771,1.1045207653816462,0.6808741589723506,0.3447424481372276,0.6820811673956392,0.8500541258881499
3,gls_correct,0.8,899,1.1029361537145765,0.6807450097460589,0.34842101214664384,0.6806792931141539,0.846981511883905
3,gls_correct,0.8,1027,1.1054500945698262,0.6812542706024362,0.35295671660575745,0.6796103600461851,0.8440780325837828
3,gls_correct,0.8,1283,1.1140728307267507,0.6854985331458674,0.3645271479665062,0.6850723446457542,0.8480760574801445
3,gls_correct,0.8,1539,1.1171023943903757,0.6870621675962458,0.37143166342857015,0.6821298211424356,0.8416837814474629
3,gls_correct,0.8,1795,1.119599270546148,0.6888661414358367,0.3764232669717895,0.6803439526483744,0.837500841001288
3,gls_correct,0.8,2050,1.1219334945394983,0.6901444521127035,0.37892364898876124,0.6762458447309666,0.8308432162637208
3,gls_flattened,0.05,3,20.190172047114586,0.9713583905431716,0.9713169340393648,1.0700170506625544,1.1378405060689574
3,gls_flattened,0.05,6,19.589749064529187,0.9496919282380137,0.9494511763686558,0.9542147160530122,0.9577397141865812
3,gls_flattened,0.05,11,19.31402051769209,0.9375782431662364,0.9373144657751092,0.9387653480780368,0.9398164969302506
3,gls_flattened,0.05,19,13.44113929575063,0.6666284214642744,0.6651413892668764,0.7915101169095022,0.8736687754156258
3,gls_flattened,0.05,35,11.212431478511434,0.5641040835683848,0.5627246698974071,0.6832187507581421,0.7605043497904308
3,gls_flattened,0.05,67,10.222211714170518,0.5125527461181102,0.510783420244788,0.6652169917590742,0.7599295655178319
3,gls_flattened,0.05,131,8.955805801409031,0.4533151666631278,0.45224547801935683,0.6328074994217338,0.7389564917793082
3,gls_flattened,0.05,259,6.36447454531796,0.3213468401650597,0.3182170279084143,0.5622484519003401,0.6897920811473464
3,gls_flattened,0.05,387,5.472728497607516,0.27392057025656086,0.26961325153402177,0.5375942663408515,0.670655279191653
3,gls_flattened,0.05,514,4.776504250514313,0.23549736593071832,0.23011960364627584,0.5140913446457823,0.6491213901783265
3,gls_flattened,0.05,643,4.207219465596448,0.20879095149175156,0.20261921160381022,0.48818363381876284,0.6204334709897167
3,gls_flattened,0.05,771,3.676873217873083,0.18182151725865972,0.17449555288382143,0.5541456807820909,0.7160119747741528
3,gls_flattened,0.05,899,3.5221605422817643,0.1736837628412774,0.1669388065409434,0.5504151614965669,0.7122732350874657
3,gls_flattened,0.05,1027,3.3075753655364193,0.16289897443854315,0.15540767284070814,0.5365998032941798,0.6956482528167781
3,gls_flattened,0.05,1283,3.2281967889049397,0.15645420487861525,0.1484732551995805,0.4720385722251073,0.6098677725399516
3,gls_flattened,0.05,1539,3.0574505729327703,0.1484244849610408,0.14026884245178353,0.5057966897890013,0.6566976056933294
3,gls_flattened,0.05,1795,3.002434971155509,0.1463057853859193,0.13776271080659697,0.49890929582979404,0.6478426321748536
3,gls_flattened,0.05,2050,2.9903217040011367,0.1453823890046309,0.13675601917179492,0.5094099584452009,0.6620881428464972
3,gls_flattened,0.1,3,10.136516845079747,0.9715313574134689,0.9713053349237093,1.070051706005211,1.1379045368169483
3,gls_flattened,0.1,6,9.838871408194965,0.9501761581587033,0.9494445002569801,0.9543487518264478,0.9579773259217969
3,gls_flattened,0.1,11,9.70115335010202,0.9381399962721545,0.937296080776246,0.9388654898569447,0.940004343580832
3,gls_flattened,0.1,19,6.781823678675804,0.6700033799599008,0.6650597135796052,0.7924539468134121,0.8752038037793644
3,gls_flattened,0.1,35,5.672346358993221,0.5684943575269531,0.5627737264913713,0.6833522226833058,0.7606858299488001
3,gls_flattened,0.1,67,5.184592242347561,0.5179629871225307,0.5109100823036269,0.6654589693221811,0.7602345724122136
3,gls_flattened,0.1,131,4.55188140707078,0.45882651781544453,0.4524439945955106,0.634353708842748,0.7411706680255725
3,gls_flattened,0.1,259,3.3001902463198203,0.3320218490467534,0.31914756622281887,0.5657572299359908,0.6944525870056024
3,gls_flattened,0.1,387,2.8782909505067154,0.2874326762796121,0.2708158645585503,0.5392306520226674,0.6725814905957742
3,gls_flattened,0.1,514,2.5534612782038955,0.2518220307272085,0.23178275110508587,0.5160765098556536,0.6514226354226257
3,gls_flattened,0.1,643,2.2933475484601593,0.22763876102486366,0.20495354455820336,0.49080539068085355,0.6234612314673916
3,gls_flattened,0.1,771,2.0809585179636962,0.20594487082645604,0.18063620469035677,0.5484092534486098,0.7070350807949027
3,gls_flattened,0.1,899,1.9961040190060328,0.19756470823966446,0.17186417994413317,0.4987025690049735,0.6413991231376875
3,gls_flattened,0.1,1027,1.913641645879034,0.18896392754566274,0.16173492903632658,0.48883521556535764,0.6300421734124145
3,gls_flattened,0.1,1283,1.8648442535709577,0.18243469016314273,0.15319103579590734,0.4545269958943973,0.585403559158857
3,gls_flattened,0.1,1539,1.8143515601586024,0.176987904803337,0.1470063590495311,0.4503233932655119,0.5809020787521618
3,gls_flattened,0.1,1795,1.7870757485865296,0.17425677561481867,0.14356739999216087,0.4488048073744498,0.5794910894419081
3,gls_flattened,0.1,2050,1.7809031264906539,0.17364397363950998,0.14286245533479863,0.44787159391793163,0.5783609458305995
3,gls_flattened,0.2,3,5.144533951951344,0.9722816245005993,0.9712859103909941,1.0701251535587495,1.138036703304776
3,gls_flattened,0.2,6,4.999262650732745,0.9518411809001156,0.9494390548541319,0.9546288452700785,0.958467343538537
3,gls_flattened,0.2,11,4.931138156249341,0.9401537320543696,0.9372768830461716,0.9391074298138992,0.9404391808511864
3,gls_flattened,0.2,19,3.5031557477129334,0.6825157678837797,0.6650902107778798,0.7933210347978932,0.8765548679221125
3,gls_flattened,0.2,35,2.9630869177695978,0.5853333717670002,0.5629770358372778,0.6838105946746468,0.7612896793002548
3,gls_flattened,0.2,67,2.731648393845914,0.5381938501135529,0.5114544688143398,0.6640210565732091,0.7577511120936133
3,gls_flattened,0.2,131,2.425676433621363,0.48177245983416234,0.4534340285926714,0.6373659648972868,0.7452096464213324
3,gls_flattened,0.2,259,1.8674506530938269,0.3705849670958467,0.3222730688640826,0.5710822907766288,0.7009488823739293
3,gls_flattened,0.2,387,1.6920754896375545,0.33423398099572327,0.2754545314969182,0.5459913046882127,0.6806376238446337
3,gls_flattened,0.2,514,1.5621039247265802,0.30630351141822104,0.2384258357576197,0.5245235659389711,0.661323361773417
3,gls_flattened,0.2,643,1.4629061452209828,0.2883675330327498,0.2139164898392647,0.5013730210411129,0.6357575873300096
3,gls_flattened,0.2,771,1.3960798941784238,0.27451296078622595,0.19393108525748537,0.48801665823302787,0.6222604235709661
3,gls_flattened,0.2,899,1.3551136966418789,0.2671781662344446,0.1845441985947868,0.4784952214156099,0.6113967358042846
3,gls_flattened,0.2,1027,1.328084888898532,0.2615095116406058,0.17612439146208633,0.47037538257065153,0.6021906324657224
3,gls_flattened,0.2,1283,1.3153757481636499,0.2580189376952197,0.16991416044670996,0.4683930141005439,0.6008200164437195
3,gls_flattened,0.2,1539,1.2998709143425158,0.2547869979556399,0.16557275232905325,0.46434713337901895,0.5962301595648957
3,gls_flattened,0.2,1795,1.2926797046973368,0.25348145924775056,0.16326601617444772,0.46277286981351606,0.594567088412937
3,gls_flattened,0.2,2050,1.291894864041714,0.2533361967757289,0.1629893114129811,0.4616386947189555,0.5930845324955721
3,gls_flattened,0.4,3,2.7140487438166385,0.975032658241179,0.9712621595825417,1.0702885902191441,1.1383174448011475
3,gls_flattened,0.4,6,2.6464492323513937,0.9574405050827868,0.9497494660153857,0.9529113576477939,0.9552336476753157
3,gls_flattened,0.4,11,2.6141803501014214,0.9468513709558765,0.9373116520934756,0.939754020091272,0.9415363184068236
3,gls_flattened,0.4,19,1.9535736569827058,0.722948183060931,0.6652589483161394,0.79604808432793,0.8807570166480772
3,gls_flattened,0.4,35,1.7106132783761019,0.640713733565322,0.5638128567018506,0.6853616217856056,0.7632504063946214
3,gls_flattened,0.4,67,1.6128761246217111,0.6032288153119357,0.5132514624600718,0.668126105375209,0.7631039114510979
3,gls_flattened,0.4,131,1.4810063590477383,0.5571659485556409,0.45733017078713817,0.6461491351458502,0.7565225565496801
3,gls_flattened,0.4,259,1.27916314421261,0.481285450416937,0.33381894501994364,0.5905324167660541,0.7246274942045234
3,gls_flattened,0.4,387,1.2268861206797055,0.46088720030880653,0.2932831578706278,0.5743384182699754,0.7148973342900264
3,gls_flattened,0.4,514,1.190425439292096,0.44593268121287166,0.2635205219688513,0.558137326927587,0.7010063084107546
3,gls_flattened,0.4,643,1.1644057333698201,0.43728391656396814,0.24631359094650737,0.5420043714753067,0.6833683397505553
3,gls_flattened,0.4,771,1.149737075930915,0.43148041523053343,0.23333951293591168,0.5343842863755404,0.6762512779065887
3,gls_flattened,0.4,899,1.138500601472809,0.42792444411510394,0.2284084908173861,0.5259963440424674,0.6659600814368002
3,gls_flattened,0.4,1027,1.1335428139094292,0.425767556216236,0.2245968574607933,0.5198007630230043,0.658402694364616
3,gls_flattened,0.4,1283,1.1370936659199138,0.4265731874527829,0.2250193120832501,0.5197633880345222,0.6582378009556763
3,gls_flattened,0.4,1539,1.1355745805589283,0.4259913684628654,0.22518746353080477,0.5161203630917828,0.6531804183165747
3,gls_flattened,0.4,1795,1.136226791096539,0.42642433729848106,0.22577217874906605,0.5144220276881547,0.650688242586253
3,gls_flattened,0.4,2050,1.1377493284126179,0.4269928278112436,0.22660436757960145,0.5125745191841026,0.6479236616483298
3,gls_flattened,0.8,3,1.6051616778150273,0.9821745849147056,0.9712750724367288,1.0706815771132734,1.1389444675296627
3,gls_flattened,0.8,6,1.5774851910277803,0.9704052668977973,0.9501547065526005,0.9522287378966987,0.953726712889324
3,gls_flattened,0.8,11,1.5642921552804772,0.9631323110233859,0.9378184648679658,0.9424494888881433,0.9458286186362962
3,gls_flattened,0.8,19,1.3002160230526438,0.8151328668715916,0.6663628422309504,0.8005466036849914,0.8872070673325599
3,gls_flattened,0.8,35,1.2083351264509703,0.7631603340478246,0.5675521866429835,0.6889005233764882,0.7666776227982336
3,gls_flattened,0.8,67,1.1765111222631488,0.7426550506705278,0.5198076908163122,0.679161251612279,0.776612440560723
3,gls_flattened,0.8,131,1.1315512816697468,0.7162627459053515,0.4708733460161474,0.6730511796650673,0.7904497485187401
3,gls_flattened,0.8,259,1.0824116707887377,0.6850150435745025,0.3718019604578851,0.649815899820967,0.7958176923615592
3,gls_flattened,0.8,387,1.0775438436080318,0.6817487149331635,0.35283957820858136,0.6678746365018634,0.8276419338587874
3,gls_flattened,0.8,514,1.0763655006320072,0.6803069010154488,0.34642278721181324,0.6787577074028571,0.8448889914957403
3,gls_flattened,0.8,643,1.075900030706719,0.6804586243673931,0.3470904558480718,0.6830263504484885,0.8506578313672061
3,gls_flattened,0.8,771,1.0786197545395264,0.6820199293842868,0.3491255972201672,0.6873684394537519,0.8561172970034122
3,gls_flattened,0.8,899,1.078069728596798,0.6820956917588895,0.3536189426313667,0.6841791711990582,0.8502828017223708
3,gls_flattened,0.8,1027,1.0797026558765657,0.6827777366841997,0.3583449717130643,0.6828016629437261,0.8468736948544894
3,gls_flattened,0.8,1283,1.0878907366142494,0.6876870157375178,0.3714337572523357,0.6873667045776392,0.8490953926533195
3,gls_flattened,0.8,1539,1.0907437369074813,0.689577911056992,0.37951828169166973,0.684449712043741,0.8423013765432711
3,gls_flattened,0.8,1795,1.0937779557868241,0.6917360176272053,0.3853697686549195,0.6824150604763006,0.8374263805770473
3,gls_flattened,0.8,2050,1.096098962715203,0.6931798925876741,0.3883271679880627,0.678510234153967,0.8308468653029077
3,ols,0.05,3,19.287794446082426,0.9707165494385738,0.9707052419176176,1.0889090111748223,1.1690438909084067
3,ols,0.05,6,18.878683270521257,0.950126534524954,0.9499293644726748,0.977416334548541,0.9973546526132177
3,ols,0.05,11,18.595460831086516,0.9358724044022754,0.9356334792211837,0.959224650337414,0.9763717746856893
3,ols,0.05,19,13.18442085088941,0.6635449132133016,0.6621016673670898,0.818875017482752,0.9182134491178973
3,ols,0.05,35,11.160280494416616,0.5616740874967707,0.5603296499042246,0.7027498590655935,0.7921831066455113
3,ols,0.05,67,10.210360525906625,0.5138667934654076,0.512156022856753,0.6820180232713898,0.7847974239016274
3,ols,0.05,131,8.987128729110179,0.4523046492770291,0.45121492080476916,0.6513335164737917,0.7669549610172791
3,ols,0.05,259,6.351456170701394,0.31965666871840254,0.316565641926954,0.5776285201281415,0.7121407450541476
3,ols,0.05,387,5.402541253894083,0.27189980654694895,0.2675615884738757,0.5523875224692241,0.6918858650322907
3,ols,0.05,514,4.672431039905662,0.23515509504011553,0.22981109459600282,0.5298721989208918,0.6709568034078713
3,ols,0.05,643,4.140227336227597,0.20837026038652698,0.20218762716787117,0.49859104236955226,0.6347992391000165
3,ols,0.05,771,3.613598022183412,0.1818662208639897,0.17458146556688925,0.5635417813783958,0.7286685712746971
3,ols,0.05,899,3.459474926370986,0.17410989157640588,0.16736586179308335,0.5565799735079044,0.7205078170053923
3,ols,0.05,1027,3.2291664493207066,0.16251934221521405,0.15485579769737667,0.5486299978777786,0.7119528370270835
3,ols,0.05,1283,3.1214156037538525,0.15709479428451273,0.14902091417384578,0.46866026232967123,0.6052703536111231
3,ols,0.05,1539,2.963870558467058,0.1491665130519447,0.14103192367272294,0.5060797647989235,0.6569795665685777
3,ols,0.05,1795,2.91082266380822,0.14649670185903493,0.1379118584463375,0.48935346537867974,0.6349964396333746
3,ols,0.05,2050,2.885087254159908,0.14520061275262733,0.1363942874147921,0.49629302844966156,0.6445462858539345
3,ols,0.1,3,9.688079011523152,0.9708729437477234,0.9707037263894556,1.0889301996315726,1.169079079883307
3,ols,0.1,6,9.485674757852415,0.9505883786214038,0.9499460107537726,0.9775922142404486,0.9976432176843607
3,ols,0.1,11,9.34453957592825,0.9364443407912434,0.9356567034380062,0.9604220487111935,0.9784031736883354
3,ols,0.1,19,6.656787357365218,0.667094171028881,0.6621404958514415,0.8190551846893858,0.9184723912191446
3,ols,0.1,35,5.648658301788782,0.5660669958825869,0.560390496241527,0.7027908248948238,0.7922138789492467
3,ols,0.1,67,5.1813098709409395,0.5192335748488803,0.5123123903315013,0.6822837932478985,0.7851229689634861
3,ols,0.1,131,4.570737601925952,0.4580488213601918,0.45154705967010605,0.6517824249824418,0.767473071124201
3,ols,0.1,259,3.2971863127239036,0.33042329823260713,0.3175017728581414,0.5792032700278608,0.7140590558094374
3,ols,0.1,387,2.8496240123361236,0.2855721287829868,0.2688393575730888,0.5539668403095318,0.6937155930338642
3,ols,0.1,514,2.5098597180028928,0.25152430937581305,0.2315479063165146,0.5318754671217997,0.6732712341033986
3,ols,0.1,643,2.2685021807448,0.22733656197262309,0.20463357414884006,0.5012140570494251,0.6378097523560953
3,ols,0.1,771,2.0565365904699386,0.20609494153052163,0.1809124247296061,0.5581466018427562,0.7201471685206488
3,ols,0.1,899,1.9755438527046885,0.19797800764486764,0.17251347296132732,0.516707227851705,0.6656601853183837
3,ols,0.1,1027,1.8861145570653945,0.18901485887604538,0.16175104019769965,0.4977894397990846,0.6421637635223938
3,ols,0.1,1283,1.8245668437769975,0.18284609489629314,0.15364924251927542,0.4661862188103562,0.6010874818208024
3,ols,0.1,1539,1.7722126919084538,0.1775979384015477,0.14774145157374952,0.46122579600648334,0.5954920607476689
3,ols,0.1,1795,1.7457577273188525,0.17494665667041598,0.14442281646740487,0.4592691845860355,0.593457621209276
3,ols,0.1,2050,1.7382342322453608,0.17419238408725168,0.1435263580115,0.4579979241160744,0.5919046428033693
3,ols,0.2,3,4.925738051926251,0.971601536954476,0.9707050281769339,1.0889771065208864,1.1691538372009853
3,ols,0.2,6,4.827417393183562,0.952204218142256,0.9499875987899097,0.977956299049449,0.9982352289105694
3,ols,0.2,11,4.757935396934461,0.938497145637001,0.9357040540512681,0.9627231864482256,0.9823020613632137
3,ols,0.2,19,3.446237943459867,0.679758153778988,0.6623303895557605,0.8210556413623414,0.9214768464284292
3,ols,0.2,35,2.955602983251769,0.5829834503369095,0.560626662992418,0.7031060923866108,0.7925749554312999
3,ols,0.2,67,2.7349516630576094,0.5394630109117186,0.512903893135186,0.6839624045580271,0.7873743295922254
3,ols,0.2,131,2.4401754427183486,0.4813276784355153,0.45286745733194467,0.6568866314275321,0.7744375209300863
3,ols,0.2,259,1.8722272544599445,0.3693037474988803,0.3207972969823508,0.5847323937687993,0.7207890277329622
3,ols,0.2,387,1.6872383676975409,0.3328177347290982,0.2737231426009214,0.5606747208312773,0.7016419976542371
3,ols,0.2,514,1.5521494769542326,0.3061747133109444,0.23845911100487363,0.5403758109426964,0.6832015810935581
3,ols,0.2,643,1.4617765109778915,0.28834562166613475,0.21397119001042886,0.5118311917874575,0.6501096173824829
3,ols,0.2,771,1.393524020604926,0.274882942900259,0.19455738865582173,0.49761961516548653,0.6352372909036086
3,ols,0.2,899,1.357125838312184,0.2676998400630593,0.1854509356009887,0.4891579501488666,0.6257336936117345
3,ols,0.2,1027,1.3276681482576984,0.2618887009623369,0.17673964362619296,0.48158391453175775,0.6173107324805277
3,ols,0.2,1283,1.3114999032029573,0.25869685393961306,0.1709493181539835,0.4796138590579029,0.6158463411760676
3,ols,0.2,1539,1.2959314150105659,0.25562183497730223,0.16693944376958547,0.474866722253499,0.610227303828428
3,ols,0.2,1795,1.289789447523557,0.2544102522802719,0.16481499187068996,0.47286590352550456,0.607943704212078
3,ols,0.2,2050,1.2887341613142806,0.25420151204457286,0.16440603834246453,0.4714152401945651,0.6060588888362233
3,ols,0.4,3,2.6145837872608393,0.9743523442911827,0.9707249640193977,1.089089034610959,1.169320859344012
3,ols,0.4,6,2.569325837501587,0.9574764510440134,0.9501493149314318,0.9759660554003656,0.994699274188045
3,ols,0.4,11,2.5367585782176674,0.9453335042919305,0.9358540196502051,0.9634300244805444,0.9834038633617249
3,ols,0.4,19,1.9341407549608702,0.7207524552308874,0.6629263814864736,0.8255172982687414,0.928082148318555
3,ols,0.4,35,1.7139005805661762,0.638690474588412,0.5615560589200198,0.7046713992322339,0.7944980863274186
3,ols,0.4,67,1.62157091922703,0.6042872046609677,0.5151029742554534,0.6860663584808665,0.7894690541546919
3,ols,0.4,131,1.4950908972144312,0.5571775085873182,0.4571782762591072,0.6693931324581177,0.7910186622928216
3,ols,0.4,259,1.2899163982492372,0.48073198661928407,0.3329806895821869,0.6064301165556653,0.7474361604215952
3,ols,0.4,387,1.234929150251295,0.46025722945108644,0.29213064423039853,0.5875781324116839,0.7337558905194302
3,ols,0.4,514,1.1971245841406932,0.4461784998552445,0.2644667757803526,0.5741833683863481,0.7229874120567841
3,ols,0.4,643,1.1744629943174951,0.4377227475135293,0.24753159004871864,0.5527552872766622,0.697899298540241
3,ols,0.4,771,1.15957676949088,0.43217766030622085,0.23515805140321092,0.543797195677556,0.6887459861279178
3,ols,0.4,899,1.1503927441888397,0.42874345640549777,0.23057966998066912,0.5358381415133877,0.678952656282121
3,ols,0.4,1027,1.1445988955982578,0.4265813344161045,0.22661668866835102,0.5298401440683371,0.6717027984955478
3,ols,0.4,1283,1.1477088154610435,0.42773566003876057,0.2276190204685742,0.5295345059276736,0.6710280647397487
3,ols,0.4,1539,1.1465930249628462,0.4273120089289564,0.22825691145120094,0.5253003665663009,0.6650425471309369
3,ols,0.4,1795,1.148145368566569,0.4278908669513917,0.22915143856996964,0.5231602709433039,0.661863351491942
3,ols,0.4,2050,1.1497458286180067,0.42848688191486767,0.22999606923722782,0.5210451521523809,0.6587274996466346
3,ols,0.8,3,1.5702410831576863,0.9815992782489329,0.970834163269271,1.0893852974862117,1.1697248517012147
3,ols,0.8,6,1.5521012533605916,0.9702429910497767,0.9506355782205088,0.9778972583819093,0.997636782863134
3,ols,0.8,11,1.5390458738964583,0.9620671640005799,0.9368539420940434,0.9696047167329027,0.9932129881578476
3,ols,0.8,19,1.3016266408546875,0.8136819232877143,0.6643858170586463,0.8306170122624065,0.935195460318337
3,ols,0.8,35,1.2187209763161382,0.7618876630423101,0.5654396803388455,0.709288907611762,0.79955944713081
3,ols,0.8,67,1.1891236614992442,0.7433828918351573,0.5226510568995556,0.7000570886166152,0.8069290702365041
3,ols,0.8,131,1.1463463146361417,0.7166710325930316,0.47243828033553475,0.6995901987326606,0.8289286306575417
3,ols,0.8,259,1.0961742704678004,0.6853451542842383,0.37303417460090144,0.6777714492869951,0.8350550837889741
3,ols,0.8,387,1.09087261439524,0.6820869342222006,0.3546972819971595,0.6953798618851778,0.865652103607507
3,ols,0.8,514,1.089206733033499,0.6810714175234738,0.3502356450495124,0.7035715377857797,0.8784095975097395
3,ols,0.8,643,1.0897180249304654,0.6813683198265433,0.3505730185339047,0.6935380033460788,0.8643051575203686
3,ols,0.8,771,1.0925950989499775,0.6831685357201883,0.3537352888267886,0.6968404606935916,0.8679621462636004
3,ols,0.8,899,1.093028708798503,0.6834103393762994,0.3587967076539405,0.6923785455016939,0.8601681572177733
3,ols,0.8,1027,1.0943318635913974,0.6842123268918425,0.36358558560863613,0.6905193747871564,0.8560604961845981
3,ols,0.8,1283,1.102857100335965,0.6895329804000417,0.37733563573115364,0.6936594166047394,0.8560556046159015
3,ols,0.8,1539,1.1062528199408572,0.6916463436062198,0.3861933604441486,0.6903156472676465,0.84837725312093
3,ols,0.8,1795,1.1100869158661677,0.6940416778819477,0.3925893900285866,0.6876952615185373,0.8424551555110892
3,ols,0.8,2050,1.1125794376039846,0.6955999004849814,0.3958094617993673,0.6835938808152747,0.8354813386808103
4,gls_correct,0.05,3,22.336613592397736,0.9707220416071354,0.9703980988147939,1.0485606338422098,1.101515821926911
4,gls_correct,0.05,6,20.866068541725067,0.9464337988072883,0.945649435264548,0.9337178881667008,0.9250135862819158
4,gls_correct,0.05,11,20.764834465099028,0.9352818666936028,0.934451177110628,0.9313574154776706,0.9291188031907325
4,gls_correct,0.05,19,14.758023022049272,0.6899381975076451,0.6888720572113746,0.807664911578447,0.8835097385631235
4,gls_correct,0.05,35,12.135841115994452,0.5796919042829747,0.5787455298916667,0.670730935040546,0.7299345545804624
4,gls_correct,0.05,67,10.989115464616624,0.5259899441547464,0.5248743720996453,0.6506555348127181,0.7280338261948223
4,gls_correct,0.05,131,8.92822546425505,0.4305939906591832,0.4286898725090382,0.6418439606379659,0.7593425551733324
4,gls_correct,0.05,259,6.866522053185665,0.328342252477954,0.32507088996651873,0.5781712708078436,0.7065581223156713
4,gls_correct,0.05,387,5.885821443113525,0.2792485643094596,0.27552652487019064,0.5564283518134553,0.6915381031599108
4,gls_correct,0.05,514,5.314895397160745,0.24447296836333962,0.24009299079606353,0.5246570182930459,0.6574780096405376
4,gls_correct,0.05,643,4.940738917767873,0.22439788916575676,0.21969877761823878,0.5050792889635126,0.6358754635513819
4,gls_correct,0.05,771,4.462006362166758,0.20361359079301836,0.19789896146916874,0.48461209509820696,0.6132167401883059
4,gls_correct,0.05,899,3.925194012353002,0.18282203491965973,0.1759602487802107,0.5755261557395214,0.740184529241256
4,gls_correct,0.05,1027,3.623641844295268,0.16546002049647676,0.1584257894672372,0.5766143585599667,0.7444868218453533
4,gls_correct,0.05,1283,3.311164026069003,0.1514766008924402,0.143576521305315,0.5505184355783445,0.7119404091291925
4,gls_correct,0.05,1539,3.3475117584629346,0.1478784054146204,0.14045088793951052,0.5219478114436044,0.6742097059559505
4,gls_correct,0.05,1795,3.343140301006594,0.14774153266403345,0.13959222982581754,0.461342616316799,0.5935812780363509
4,gls_correct,0.05,2050,3.3214645894871317,0.14588122301082662,0.13751849312117406,0.46036519932346054,0.5926231941935715
4,gls_correct,0.1,3,11.207617287485462,0.9712082618462886,0.9704161675627403,1.0485146848237539,1.1014287710700557
4,gls_correct,0.1,6,10.477646615682971,0.9475123550834752,0.9456773044479543,0.933705613630973,0.9249713915573813
4,gls_correct,0.1,11,10.427282709399192,0.9364516107340238,0.9344654088399188,0.9313490029731643,0.9290937709991601
4,gls_correct,0.1,19,7.430149114108328,0.6929616914837887,0.688947216995067,0.8075814915361565,0.883335949017834
4,gls_correct,0.1,35,6.123348303574073,0.5835537207506573,0.5788138997041945,0.6706132306461217,0.7297086791262687
4,gls_correct,0.1,67,5.557499162497098,0.5306985173192384,0.5250481362916312,0.6504909297434978,0.7276897166916445
4,gls_correct,0.1,131,4.548509649981832,0.4374375940748121,0.42896686305837384,0.6419893291451503,0.7594393589905564
4,gls_correct,0.1,259,3.5477875530180327,0.33900680098283215,0.3258960386732412,0.5786323256448935,0.7069320200482535
4,gls_correct,0.1,387,3.0742951579743685,0.2919408979354196,0.2766028682817378,0.557569179636785,0.6928072159484012
4,gls_correct,0.1,514,2.8068154836292556,0.25944020508772864,0.24166861324206287,0.5262671646716742,0.6592719596879438
4,gls_correct,0.1,643,2.6335734731286715,0.24094117148041772,0.22179244174415513,0.5073711137062694,0.6384840374272757
4,gls_correct,0.1,771,2.4180941213853813,0.2226970271590296,0.20068368251255694,0.4873836052588619,0.6163344973199921
4,gls_correct,0.1,899,2.211095927142684,0.20724439406498574,0.18271543387441172,0.5585125798084264,0.7160485323671862
4,gls_correct,0.1,1027,2.094272440330214,0.193535694017703,0.16808370125458127,0.5700375001691661,0.7340676023085274
4,gls_correct,0.1,1283,1.9919846655051632,0.18392691713792866,0.1570203410153335,0.5208500554318044,0.6700841283536062
4,gls_correct,0.1,1539,1.9458220908223085,0.1773780219296861,0.14864426412136944,0.47635198745627155,0.6120817248769476
4,gls_correct,0.1,1795,1.924772579667886,0.1746539605922662,0.14496927744711294,0.46423974272595414,0.5965288022171503
4,gls_correct,0.1,2050,1.9158541487925096,0.17322143615291566,0.14300793852379542,0.4632146297840533,0.5954969375328646
4,gls_correct,0.2,3,5.6762639495135145,0.9725732924445327,0.9704593902637936,1.0484307224245772,1.1012626277609618
4,gls_correct,0.2,6,5.318821557432636,0.9503470559012716,0.9457155754474446,0.9337469829465692,0.9250138319717903
4,gls_correct,0.2,11,5.294087814422713,0.9396946796456539,0.9345372309278517,0.9313641853978593,0.9290671138789106
4,gls_correct,0.2,19,3.8157127383082003,0.7041981967505553,0.6891521443866462,0.807505622299595,0.8831003021935008
4,gls_correct,0.2,35,3.176826905615385,0.5992027024279372,0.5792246889243717,0.6708024423720893,0.7297702401814178
4,gls_correct,0.2,67,2.907225767845039,0.5490172689708309,0.5253187388873276,0.6510532804419996,0.7284118284247617
4,gls_correct,0.2,131,2.4380360409222264,0.46371386785127616,0.43008236912369857,0.6442156360776184,0.7622169546695295
4,gls_correct,0.2,259,1.987343893573825,0.3773952256194573,0.32894917279575653,0.581735445347683,0.710282228466926
4,gls_correct,0.2,387,1.7806482048057095,0.3372664311433072,0.2810197758485737,0.5630742989347778,0.6991540151220582
4,gls_correct,0.2,514,1.6724867083650674,0.31125843760590444,0.2479784020429442,0.5335986144234581,0.6676626705422529
4,gls_correct,0.2,643,1.6053276202399187,0.29710235369648624,0.22997434108639567,0.5168620832807751,0.6493956638320193
4,gls_correct,0.2,771,1.5262921399238563,0.28462091621354424,0.21112779584485664,0.49844328580676994,0.6289036698008912
4,gls_correct,0.2,899,1.4598435388718978,0.27354005252171754,0.19453417572546997,0.49148235646969723,0.6233112422322271
4,gls_correct,0.2,1027,1.4257253116902675,0.2651686654136966,0.18325711712741846,0.4880233837467621,0.621096627468738
4,gls_correct,0.2,1283,1.3871594770900497,0.2593534906887662,0.1740502436079363,0.4812895612520212,0.6139135258159916
4,gls_correct,0.2,1539,1.361617076373334,0.2543134026678499,0.16649950235772573,0.47863030312941146,0.6118377645554017
4,gls_correct,0.2,1795,1.3555418894566127,0.25310237307963007,0.16455768547454205,0.47643817940054206,0.6092661298395049
4,gls_correct,0.2,2050,1.3531333994925205,0.25242860809912654,0.16301359541007623,0.4752264697177509,0.6079325678302064
4,gls_correct,0.4,3,2.9734194221943198,0.9763984950499319,0.970574173430003,1.0482945440712748,1.1009621837813233
4,gls_correct,0.4,6,2.805882430677267,0.9579819805642898,0.9459020699697048,0.9338392891089882,0.9250318170988377
4,gls_correct,0.4,11,2.79428966548482,0.9485690788939124,0.934751566425784,0.9315770872553685,0.9292757366752075
4,gls_correct,0.4,19,2.0969204510466968,0.7409579666445502,0.6895790492430832,0.8086775511647174,0.8847005532875274
4,gls_correct,0.4,35,1.8063547694972586,0.6517432608307742,0.5802158506068585,0.6722590614983855,0.7314991989815066
4,gls_correct,0.4,67,1.6912636558740608,0.6112237661124923,0.5270652838977508,0.6527831903613776,0.7301590721573712
4,gls_correct,0.4,131,1.5039776636909916,0.5464642757905102,0.43475615286950964,0.6509537677144512,0.7700936202244678
4,gls_correct,0.4,259,1.3386381545990858,0.48796318101533415,0.34060368779484507,0.5973346753192937,0.7283604994655368
4,gls_correct,0.4,387,1.2686088081086033,0.46245731639816373,0.29831723299013835,0.5864359421758573,0.7264842846079822
4,gls_correct,0.4,514,1.2380622771157546,0.4477880426636423,0.2719465353011541,0.563752148704512,0.7026283705041044
4,gls_correct,0.4,643,1.2217156491681715,0.4406979945905958,0.26013021330102115,0.5540019374844674,0.6924247280593119
4,gls_correct,0.4,771,1.2038306156684293,0.4361773846279576,0.24800110043208845,0.5406646898035091,0.6773244134683734
4,gls_correct,0.4,899,1.1877188020358544,0.4315318046182426,0.23728537751887482,0.5359818932160295,0.673685211953182
4,gls_correct,0.4,1027,1.1815917164742815,0.42791972411595663,0.23126268815795326,0.533754152728007,0.672159272853107
4,gls_correct,0.4,1283,1.1756423180014441,0.42675781919978806,0.22889357782181252,0.5291454536014027,0.6664178512212707
4,gls_correct,0.4,1539,1.1704466832734723,0.42500839630252013,0.22587902081406172,0.5264721462023999,0.6634883587541762
4,gls_correct,0.4,1795,1.1708637096986805,0.4252413408613724,0.22632240878914153,0.5238377067978208,0.6597821202648558
4,gls_correct,0.4,2050,1.171066040909264,0.4254282806624761,0.2258199375242814,0.5219604369055408,0.6573323675616464
4,gls_correct,0.8,3,1.726653674150561,0.9847189046702004,0.9709170489552515,1.0481491879953129,1.1004887303539974
4,gls_correct,0.8,6,1.6572212727394646,0.9728592923102913,0.9456725100792815,0.936625587117966,0.9300004113275477
4,gls_correct,0.8,11,1.6523308498330629,0.9664647991678742,0.9347050013852461,0.9344861421179459,0.9342974650498915
4,gls_correct,0.8,19,1.3627071958136854,0.8266320878294201,0.6912556251504215,0.8107886009813328,0.8870620321244974
4,gls_correct,0.8,35,1.2517144301989533,0.770509882970778,0.584710687816182,0.6766911855972494,0.7359131491948241
4,gls_correct,0.8,67,1.2138178068026961,0.7477012421299504,0.5340251089814082,0.6628675646162391,0.7420266660892681
4,gls_correct,0.8,131,1.1585900044464998,0.7148497567972126,0.45061723806908444,0.6724818802698844,0.7948795465639811
4,gls_correct,0.8,259,1.1178682181435544,0.6913976302985908,0.38021862938947554,0.6503917182092814,0.7898043551943883
4,gls_correct,0.8,387,1.1044195451517516,0.6828784036539103,0.3581907056402593,0.669132976952978,0.8234244200574984
4,gls_correct,0.8,514,1.103078164216179,0.6796719117227324,0.35133580417534344,0.670818070183706,0.8278469088802632
4,gls_correct,0.8,643,1.1063599362802898,0.6801757242753345,0.3560720294139997,0.6839892691514331,0.8447347332772542
4,gls_correct,0.8,771,1.108431957949853,0.6824878575195324,0.35877012290393107,0.684347888184203,0.844417379423033
4,gls_correct,0.8,899,1.1088462803620591,0.6833154178839282,0.3602710930804496,0.6871494094714717,0.8478903150117535
4,gls_correct,0.8,1027,1.1121392468717255,0.6845993640974749,0.3747432216628512,0.6890595094176719,0.8454144018515545
4,gls_correct,0.8,1283,1.1161710312384672,0.6871101313169695,0.38400160932709176,0.6894735333507699,0.8430109383122549
4,gls_correct,0.8,1539,1.1169194797246103,0.6879027144026885,0.3880638125539693,0.6869763182013897,0.8381396208504254
4,gls_correct,0.8,1795,1.1195236844678322,0.6896082739601633,0.39259053389326054,0.6839368667866398,0.832396472214754
4,gls_correct,0.8,2050,1.1204978416542386,0.6905172337623823,0.39388681258970887,0.6802701814900595,0.8267708663733085
4,gls_flattened,0.05,3,20.184540995170057,0.9671997222568339,0.9667753602420813,1.0730539295473789,1.1436165761050217
4,gls_flattened,0.05,6,19.334766209250528,0.9415568990605739,0.9408074958607965,0.9498213803966578,0.9562720228195349
4,gls_flattened,0.05,11,19.19710783357103,0.9313595455633218,0.9305752048796517,0.9557099481993928,0.973441663445152
4,gls_flattened,0.05,19,13.845288276217438,0.6836343239708803,0.6826685607566939,0.8423620943620825,0.9408960449039574
4,gls_flattened,0.05,35,11.501749122432186,0.575489909413444,0.5745837799729628,0.6882671947050952,0.7597985577953144
4,gls_flattened,0.05,67,10.432512663483037,0.5210322257727416,0.5199068536048959,0.662868812347321,0.7492629068023108
4,gls_flattened,0.05,131,8.561049499002042,0.4284534356029268,0.4264618962965105,0.6636957769810807,0.7918885899275306
4,gls_flattened,0.05,259,6.506608876972272,0.3245631907551691,0.3212345673132347,0.5937460093525392,0.7296811910937248
4,gls_flattened,0.05,387,5.598553654092039,0.2780408629916575,0.2742476545305477,0.5729168686474365,0.7146947641121616
4,gls_flattened,0.05,514,4.98527726331485,0.24384615882348604,0.23936602350357458,0.5420698849345615,0.6815462927932633
4,gls_flattened,0.05,643,4.606122243133455,0.22381751416271053,0.21901728558523517,0.5168040157202956,0.6520576059158603
4,gls_flattened,0.05,771,4.180696869585586,0.20323964667802183,0.19743843478285691,0.49366357112415765,0.625627400534464
4,gls_flattened,0.05,899,3.7091889297229907,0.1821668341201826,0.1752236108576637,0.5746373390134262,0.7391211899018435
4,gls_flattened,0.05,1027,3.3829024625040938,0.1647325169944416,0.15758141853884394,0.5691477711722887,0.7346604657728278
4,gls_flattened,0.05,1283,3.096909972608687,0.15077685035728663,0.14277368588027203,0.545421164872729,0.7052717189905565
4,gls_flattened,0.05,1539,3.075841820369158,0.147666723011012,0.13990948694959077,0.5284209463381847,0.6829652705478209
4,gls_flattened,0.05,1795,3.075308531720013,0.14686434287513253,0.13884893924136388,0.4828445868235795,0.622392678183143
4,gls_flattened,0.05,2050,3.050729152640136,0.14537773859102643,0.1369700571071061,0.4744324125590417,0.6114952766037707
4,gls_flattened,0.1,3,10.13333490195319,0.9677938409807411,0.966782796525775,1.0729849053528102,1.1435002598558974
4,gls_flattened,0.1,6,9.71218811578997,0.9426120981709868,0.9408201619971243,0.9497803948788963,0.9561925837590876
4,gls_flattened,0.1,11,9.643485546297496,0.9324830429184005,0.9305669667804638,0.9556426963095358,0.9733334604234146
4,gls_flattened,0.1,19,6.974845125938656,0.686544263403032,0.682705533482027,0.8425372191945181,0.9411462712214381
4,gls_flattened,0.1,35,5.808186287560178,0.5793022872165275,0.5746095825068358,0.6884352520745872,0.7600458849313306
4,gls_flattened,0.1,67,5.2807123357433445,0.5258389116882131,0.5201509061531259,0.6630591148992525,0.7494297617053012
4,gls_flattened,0.1,131,4.364415288348563,0.43542349354214555,0.426747840136237,0.6636709999667726,0.7917400205323109
4,gls_flattened,0.1,259,3.3687142294370513,0.33537044391740034,0.3220590028282737,0.5940163574340909,0.7297962639059024
4,gls_flattened,0.1,387,2.9314137481787266,0.29082994154221387,0.27531623343016837,0.5739068854609696,0.7157632503317545
4,gls_flattened,0.1,514,2.644117251487395,0.25895604412996814,0.24097692684885483,0.5435390873289854,0.6831469716435224
4,gls_flattened,0.1,643,2.4686074363503887,0.24054023261147528,0.22118633552603537,0.5189852041145805,0.6545044756422881
4,gls_flattened,0.1,771,2.278961241608634,0.2224844964768139,0.20030853997006812,0.49639201182192205,0.6286753612151871
4,gls_flattened,0.1,899,2.0983264122505054,0.20619713027566658,0.18189828465284483,0.5441817247269488,0.6969495429032128
4,gls_flattened,0.1,1027,1.9713729181364774,0.19302005115558962,0.1673511302437083,0.5654956648405308,0.7281424513920531
4,gls_flattened,0.1,1283,1.8775418092011955,0.18362336840315044,0.15649634664472126,0.522546788872522,0.6724735463857378
4,gls_flattened,0.1,1539,1.82418282095794,0.1768754020320399,0.14752870901678752,0.47444863502953144,0.6097571147899049
4,gls_flattened,0.1,1795,1.8007764105392692,0.17451655295598625,0.14464531273170553,0.4716030215745177,0.6064462483872666
4,gls_flattened,0.1,2050,1.7877897124634339,0.1730090404946314,0.1426049119418987,0.47049668379246995,0.605313670948346
4,gls_flattened,0.2,3,5.142800547765169,0.9694213923443044,0.9668060791972529,1.072855830313263,1.1432764095080197
4,gls_flattened,0.2,6,4.937420919015767,0.9455257241723073,0.9408726259076095,0.9496690269521734,0.9559634208011554
4,gls_flattened,0.2,11,4.903407745894287,0.9355121478526748,0.9304735879894928,0.9563636069576135,0.9746102969768636
4,gls_flattened,0.2,19,3.5899220292744602,0.6977026029635613,0.6828044396182346,0.8428778129554376,0.9416171754942209
4,gls_flattened,0.2,35,3.021599546428709,0.5949830745404131,0.5748700606187719,0.6883459479303538,0.7597621336030805
4,gls_flattened,0.2,67,2.770558094088917,0.5448798670666481,0.5208179727293021,0.6634778023310636,0.7497319362603836
4,gls_flattened,0.2,131,2.3448219956212544,0.4620241874939677,0.4278972727491432,0.6655738310473923,0.7940316816841527
4,gls_flattened,0.2,259,1.8982416017761132,0.3742318843031805,0.325153626806271,0.5967322740245816,0.7326091323528892
4,gls_flattened,0.2,387,1.7088215374870481,0.33643884998164114,0.27979037149921526,0.5791035911614753,0.7216856378485709
4,gls_flattened,0.2,514,1.5925502289114695,0.3110966492444163,0.24746886359874296,0.5505625611064411,0.6910988415035307
4,gls_flattened,0.2,643,1.5243442974096968,0.2970830098880302,0.22965421735894564,0.5282410354948671,0.6650510303854494
4,gls_flattened,0.2,771,1.4564392000919268,0.28474197842307064,0.2110781346914814,0.50733132063553,0.6410323312545706
4,gls_flattened,0.2,899,1.3968274344937566,0.2736466895505944,0.194414793712543,0.5005828399017022,0.6356827416418342
4,gls_flattened,0.2,1027,1.3577951066672396,0.2652269559590847,0.1831401714222141,0.49654618097970604,0.6326432213107612
4,gls_flattened,0.2,1283,1.3263906165446915,0.25975968932503624,0.1745669502684489,0.48907351757999756,0.6243108487545145
4,gls_flattened,0.2,1539,1.30097278145478,0.2548059404182426,0.16709992934200021,0.4863645808478915,0.622133143533678
4,gls_flattened,0.2,1795,1.2948531030014474,0.25366305902124436,0.1652118103611322,0.4833952478224502,0.6185025204278015
4,gls_flattened,0.2,2050,1.2916535932192807,0.2529811636966815,0.1636847288054166,0.48213437154458466,0.6170965662227623
4,gls_flattened,0.4,3,2.7134444182568935,0.9738811102777086,0.9668862822311182,1.0726335695186195,1.142863836609015
4,gls_flattened,0.4,6,2.6181505027119676,0.953119212081566,0.9408442497680273,0.951794381423897,0.9595932558307477
4,gls_flattened,0.4,11,2.601802899695758,0.9443270233193534,0.9304976825440064,0.9571109382021762,0.9758507762411585
4,gls_flattened,0.4,19,1.9868295969386354,0.7353711944780997,0.6833430551031916,0.843032654951864,0.9415693425300393
4,gls_flattened,0.4,35,1.7308001715124837,0.6482890154455391,0.5761024444660827,0.6893087563312768,0.7605808205951634
4,gls_flattened,0.4,67,1.624173176688065,0.6080466540105315,0.5231163587114975,0.6659959085026869,0.7524098915941814
4,gls_flattened,0.4,131,1.4546487231098764,0.5455592230218503,0.43260673817347683,0.6725573265534918,0.8022619483095977
4,gls_flattened,0.4,259,1.2916176557165706,0.48582062683030225,0.33689481711516717,0.6106794631069702,0.7483747486346978
4,gls_flattened,0.4,387,1.2284856931176982,0.4621695663509127,0.29746151043564417,0.6018621378753327,0.7481302229025433
4,gls_flattened,0.4,514,1.1948342226232798,0.44813250368703467,0.2721627542510778,0.5800611122561244,0.7250649644248123
4,gls_flattened,0.4,643,1.1773540545441283,0.44124245968125914,0.2607757375743717,0.5649212227504015,0.7072772751930881
4,gls_flattened,0.4,771,1.1629738606847262,0.4367873529781199,0.249012905199546,0.5492408593545653,0.6888337398739269
4,gls_flattened,0.4,899,1.14922184240862,0.43223503800540425,0.23848648578989903,0.5441109360742163,0.6845111582902121
4,gls_flattened,0.4,1027,1.1410189057521751,0.4287157918728355,0.23282925761487003,0.5412950476034603,0.6820786438183862
4,gls_flattened,0.4,1283,1.1372505882172204,0.4278723862853629,0.23135309865985784,0.5358674457483771,0.6750012148090411
4,gls_flattened,0.4,1539,1.1328743005463233,0.4263892735291946,0.22876273275974532,0.5330864664138858,0.6718141792257165
4,gls_flattened,0.4,1795,1.1337510789904102,0.4268249646216821,0.2295154566784631,0.5296482310575971,0.6669328668124845
4,gls_flattened,0.4,2050,1.1342375970847562,0.42709770742017267,0.22924094551817434,0.5277652897158124,0.6644165280548918
4,gls_flattened,0.8,3,1.605721585646877,0.9833927062792696,0.9671811911889631,1.0723325546733515,1.1421791902178688
4,gls_flattened,0.8,6,1.5670494270253421,0.9698308176513831,0.9411181743383069,0.9540539106236445,0.9632318962011706
4,gls_flattened,0.8,11,1.5600876288174375,0.963464682957246,0.9308536940730145,0.961528454954108,0.9830414116667064
4,gls_flattened,0.8,19,1.3089829009501732,0.8229005000895908,0.6855049232504933,0.84525400804256,0.9438467702879302
4,gls_flattened,0.8,35,1.2127122782192257,0.7684058103851381,0.5804860775571975,0.6942423539127107,0.7658416536252125
4,gls_flattened,0.8,67,1.1776062618262715,0.7460513923220505,0.5305515061335425,0.6756228140906443,0.7633306596796837
4,gls_flattened,0.8,131,1.1275725910062315,0.7146516047832995,0.44956618233052364,0.6967250827625714,0.8304671298091648
4,gls_flattened,0.8,259,1.0873474193333708,0.6905552564539533,0.37815353810777236,0.6684256047962474,0.8159947760278853
4,gls_flattened,0.8,387,1.076076540295108,0.683321847576587,0.35946054028354185,0.6901102556431717,0.8523212578373442
4,gls_flattened,0.8,514,1.0731008358020542,0.6807164785196188,0.35429178500513064,0.6902142142245138,0.8539770612517722
4,gls_flattened,0.8,643,1.0744047408063453,0.6812938506546987,0.35924020028295495,0.6944432132952821,0.8583411766447463
4,gls_flattened,0.8,771,1.0770505034696443,0.6836234149652439,0.36239628816099945,0.6924770900630751,0.854646805530275
4,gls_flattened,0.8,899,1.0779859879039235,0.6846277875314505,0.36444470454724226,0.693527141386793,0.855516025119739
4,gls_flattened,0.8,1027,1.0801378143846032,0.685665661194871,0.3785454842298568,0.696936280817579,0.8554899701762425
4,gls_flattened,0.8,1283,1.0844031374592604,0.6885538600533021,0.38904732704656003,0.6964431971180911,0.8514040321098975
4,gls_flattened,0.8,1539,1.0860381413117144,0.6897763741733719,0.3940347170540626,0.6934370698905526,0.8454621867215352
4,gls_flattened,0.8,1795,1.089143214270115,0.6918425389599371,0.39929223875419334,0.6898443552654246,0.8386672300694373
4,gls_flattened,0.8,2050,1.09056383908382,0.6929345493927035,0.40115243745319046,0.6861148377510466,0.832734928941758
4,ols,0.05,3,19.114339059895293,0.9675822031314364,0.9671018350897529,1.089525962286971,1.1699259682448513
4,ols,0.05,6,18.581190394330772,0.9405937697433605,0.939888170802884,0.9709609518108997,0.9927760586887663
4,ols,0.05,11,18.398184393137093,0.9313297440207532,0.9306516672315158,0.9899936672642382,1.0306815853026647
4,ols,0.05,19,13.484015518345698,0.682569059797987,0.6816583982627212,0.8840876773323432,1.0051331839737878
4,ols,0.05,35,11.357601519205893,0.5749288110972689,0.574064416802122,0.7148909332739094,0.8012708149500717
4,ols,0.05,67,10.269129714098183,0.5198302844046957,0.5186940828884737,0.6841648195507442,0.7821044657591892
4,ols,0.05,131,8.498578669685982,0.430203869589562,0.42815375663844235,0.6956298983132204,0.8371217462040441
4,ols,0.05,259,6.391220418011902,0.32352916698854134,0.32018571090682396,0.6181402420746985,0.764076448385777
4,ols,0.05,387,5.515450453261599,0.2791972603323242,0.2753779713295656,0.597533913780559,0.7482926850595047
4,ols,0.05,514,4.859095776759896,0.245972155369954,0.24146338304520717,0.5666023823534496,0.7145627819149274
4,ols,0.05,643,4.459768190355702,0.225758181726996,0.22092238960392985,0.53573455394573,0.677403500295286
4,ols,0.05,771,4.056300030791983,0.2053342975274243,0.1995359616434602,0.5099624468450399,0.6472781952685205
4,ols,0.05,899,3.6296770468127515,0.18373683023036222,0.17680715822747683,0.5784464333098258,0.7439484123873196
4,ols,0.05,1027,3.2732057870761757,0.16569314569399982,0.15850406851287716,0.5652742652675635,0.7293497274217442
4,ols,0.05,1283,3.010932407071398,0.15241644984434627,0.14444981299412663,0.543657385771907,0.7026763140429808
4,ols,0.05,1539,2.954539273147274,0.1495609752176276,0.141822212652035,0.5377093750503149,0.6950894454655293
4,ols,0.05,1795,2.9385527045733415,0.14875282456277464,0.14070642866532868,0.509832932877071,0.6581089089223134
4,ols,0.05,2050,2.8930521812354315,0.1464497430938537,0.13834712113859934,0.5109675239800721,0.6600013033000984
4,ols,0.1,3,9.60139422350783,0.96822073466794,0.9670996172264504,1.0894329409409993,1.1697778271238042
4,ols,0.1,6,9.337432886802022,0.9416022617624673,0.9398918382268336,0.9708988017729708,0.9926684726545213
4,ols,0.1,11,9.245526113258014,0.9323337160897983,0.9306279465230419,0.9898816952873398,1.0305117005619395
4,ols,0.1,19,6.798012109643966,0.6855151548063443,0.6817504085941377,0.8839661217040896,1.0049038216132038
4,ols,0.1,35,5.73927439974198,0.5787517713892795,0.5741332252040832,0.7145098113081912,0.8006487537583126
4,ols,0.1,67,5.2026505684719435,0.5246406559286124,0.5188786446742252,0.6838534699910447,0.7815467304982896
4,ols,0.1,131,4.335655493889184,0.43721233393863573,0.4284498445657567,0.6954314467393924,0.8367270429523086
4,ols,0.1,259,3.315826811432611,0.33437649120889046,0.3210153973939677,0.6182220772089485,0.7639377554460546
4,ols,0.1,387,2.8953171763245105,0.2919720347845872,0.2764472794553397,0.5983906945936166,0.7491844655947992
4,ols,0.1,514,2.588644557339384,0.26104681304775557,0.24310337233492105,0.5680209015200403,0.7160965361427815
4,ols,0.1,643,2.4044673467356303,0.24247507416510108,0.2231488615866162,0.5378286162270757,0.6797269895885338
4,ols,0.1,771,2.2261284648221435,0.22449091984397207,0.20243990420465385,0.5126144716445148,0.6502242108370904
4,ols,0.1,899,2.0613710988255183,0.20787155626660914,0.1838568812889304,0.5327334375875351,0.6812171623820443
4,ols,0.1,1027,1.9258037475350926,0.19420373732908344,0.16927821026839376,0.5522126477211601,0.7100339605684239
4,ols,0.1,1283,1.8406516016044596,0.18561548163286776,0.15870546121723686,0.529235577766164,0.6810786786119579
4,ols,0.1,1539,1.7771270336807845,0.17920944985825568,0.15020969726848332,0.4885935864304602,0.6282345724795855
4,ols,0.1,1795,1.7534559471218183,0.17682212474936568,0.1472845727846587,0.48504327957135773,0.6239837751545284
4,ols,0.1,2050,1.7384584896318127,0.17530991873042168,0.1452698168904716,0.4838603195207678,0.6227413599397829
4,ols,0.2,3,4.8828284013476235,0.9699304577457424,0.9671052912393568,1.0892573602272175,1.1694916123397647
4,ols,0.2,6,4.7543070693172025,0.9444002186133331,0.939947323129876,0.9720744805408205,0.9945995197630952
4,ols,0.2,11,4.708549695689386,0.9353090703007004,0.9306057461987672,0.9897003403822429,1.0302254634335792
4,ols,0.2,19,3.5074674754032125,0.6966978296093412,0.6820750544532036,0.8834207664528377,1.0039166252009546
4,ols,0.2,35,2.992416565557066,0.5943925453822384,0.5744038580551173,0.7143229056978098,0.8002184325147428
4,ols,0.2,67,2.73791035173177,0.5438486164959974,0.5195011601878002,0.6836934463013687,0.7810053771120726
4,ols,0.2,131,2.33519111437909,0.4638569006654996,0.429646602132024,0.6960468991658515,0.8371593504837298
4,ols,0.2,259,1.8796766358308978,0.37339408709909855,0.32417253930250906,0.6205881668305829,0.7662689572771031
4,ols,0.2,387,1.6991169154437877,0.33752652756192786,0.28098807904600176,0.6033182074652165,0.7547406791550921
4,ols,0.2,514,1.5757832463062573,0.3130279904392172,0.24973307393299068,0.5748966285751244,0.7238451909335853
4,ols,0.2,643,1.5046985255903758,0.29891084094972703,0.23180901287199684,0.546847044667239,0.689935103230571
4,ols,0.2,771,1.4422692375664907,0.2865093811086164,0.21335949658688746,0.5233063210223761,0.6622431800331098
4,ols,0.2,899,1.3867546750198907,0.27547401724930737,0.19683455932186558,0.5169913088003516,0.6573833888462051
4,ols,0.2,1027,1.3446061253376387,0.2671068316533837,0.18574674918319925,0.5120709348559073,0.6530694387923779
4,ols,0.2,1283,1.3176487107647887,0.26174179349140103,0.17748018128698081,0.5029415304627817,0.6424240750228335
4,ols,0.2,1539,1.2929356357009991,0.2568348638279386,0.1700832872989577,0.500068954620161,0.6399975419124314
4,ols,0.2,1795,1.2872265944177748,0.25569906757273947,0.1681739965284724,0.49632889860019036,0.6353327521299025
4,ols,0.2,2050,1.2838356964911888,0.2550267142925159,0.16671637305183903,0.49498582563608456,0.6338009731566101
4,ols,0.4,3,2.594199632629992,0.9745155293444338,0.9671570732389089,1.0889480345891565,1.168959444163464
4,ols,0.4,6,2.534745992217199,0.9521810875090467,0.940170877079784,0.9756924682269749,1.0005167903682413
4,ols,0.4,11,2.5129995927073674,0.9440066285299163,0.9306018733846283,0.9902060730694617,1.0310590160346942
4,ols,0.4,19,1.9550854606721373,0.7343511719218808,0.6827992904894177,0.8829320513617063,1.0028156493556926
4,ols,0.4,35,1.7243062801457005,0.6476761517078143,0.5755032742879675,0.7147823471963429,0.8003429612895162
4,ols,0.4,67,1.617191125462291,0.6074761107963189,0.5218329702904692,0.686252301285704,0.7837331264839505
4,ols,0.4,131,1.4570204515209797,0.5473382130195986,0.43473650869080704,0.7046771128423254,0.8476158915358889
4,ols,0.4,259,1.2918220392881403,0.48535471886526577,0.33623171749997055,0.6339658872957458,0.7812032995009098
4,ols,0.4,387,1.23283093934419,0.46318213532074126,0.29902759600898277,0.6255693258041224,0.7804555635714863
4,ols,0.4,514,1.197231717370716,0.44981364238635174,0.27497109578881956,0.603976822205586,0.7572038039650048
4,ols,0.4,643,1.178826836862406,0.44290986869519444,0.26355351150066647,0.582896777549939,0.7312376295062483
4,ols,0.4,771,1.1665399951283064,0.4382958953272625,0.25185073158825916,0.5644701991736314,0.7089860006029509
4,ols,0.4,899,1.1545754406218953,0.43378898434872665,0.24146129834134578,0.5591399820042561,0.7043222821748835
4,ols,0.4,1027,1.1454984315370116,0.43039065038172647,0.23617335469018805,0.5555521514400908,0.7007293737784152
4,ols,0.4,1283,1.143547702675132,0.429634820370055,0.2350580155951978,0.5483456802982197,0.6911421034812815
4,ols,0.4,1539,1.140040564891418,0.4283195150592705,0.23267531518409515,0.5453201763516725,0.6875655241052453
4,ols,0.4,1795,1.1414901940272426,0.4288571434264798,0.23352339020055393,0.5409878659750287,0.6814422379497626
4,ols,0.4,2050,1.142348148876705,0.4291850522516318,0.23343492945614486,0.5389602833907711,0.6786818290701236
4,ols,0.8,3,1.561774098293981,0.9841121457499441,0.9674222957468374,1.0884966097191513,1.1680560834479017
4,ols,0.8,6,1.5378606974376166,0.9690542209841988,0.9408501092788324,0.9784271491183327,1.0046027506526534
4,ols,0.8,11,1.5288441965012607,0.9633633332330237,0.9312609758156309,0.9909935417217165,1.031914148328292
4,ols,0.8,19,1.3046940154759419,0.8220557780891778,0.6852306179072184,0.8841000833966528,1.0033745496392024
4,ols,0.8,35,1.2187654496490612,0.7679624414768541,0.5802594162590031,0.7206053769390649,0.8067865159731232
4,ols,0.8,67,1.1835805494727438,0.7458759235865561,0.530605291052712,0.6995942683982922,0.7996066698290081
4,ols,0.8,131,1.1364836694008094,0.7162926910020397,0.45309990808858686,0.7317184682249654,0.879455455927526
4,ols,0.8,259,1.0959046938478842,0.6908923555961953,0.37966788962092285,0.6989533039926651,0.8583958530621035
4,ols,0.8,387,1.0862261139275422,0.6847521971433711,0.36363878093376184,0.7224224593027603,0.895995926128469
4,ols,0.8,514,1.0827695001142912,0.6825954658029433,0.35986826953301415,0.7194799664214478,0.8929736794844487
4,ols,0.8,643,1.0832483549681609,0.6829266248373237,0.36373394589869523,0.711318569933539,0.8804798514405442
4,ols,0.8,771,1.0866369206287865,0.6850746103660783,0.3668712156672369,0.7062070223223147,0.8724272603334112
4,ols,0.8,899,1.0881976798545756,0.686051637916493,0.3776624472430301,0.7093293771277399,0.8732082234633047
4,ols,0.8,1027,1.0900037158944373,0.6872028971791927,0.38331028632213887,0.7111298410755197,0.8740165847622619
4,ols,0.8,1283,1.0949202875558204,0.6902587563732149,0.39433810798271646,0.7088128880942959,0.8672250857744106
4,ols,0.8,1539,1.0973316288467736,0.6917595451851848,0.39977468549573647,0.7051125829175323,0.860136015689905
4,ols,0.8,1795,1.1010091713412102,0.6940577454960862,0.40539940841942296,0.7006241248614278,0.8519453376089298
4,ols,0.8,2050,1.102898605760186,0.6952600158015603,0.40765842205770547,0.6964496090466099,0.8452350876374773
