protocol,subset,comparison,model_a,model_b,label_seed,delta_nrmse_radial,delta_nrmse_tangential,delta_nrmse_3d,delta_direction_error_median_deg,delta_octant_nrmse_3d_mean,delta_octant_nrmse_3d_std,delta_worst_octant_nrmse_3d
matched_raw_operational_structure,observed_test_octant_parent_weighted,global_minus_unweighted,global_g0p75_cap20,unweighted,20261203,0.0009268102593101291,0.016089321109674815,0.01279699519543015,0.8574699956755882,0.018017226815544768,-0.008126444019850354,0.014227816940980964
matched_raw_operational_structure,observed_test_octant_parent_weighted,global_minus_unweighted,global_g0p75_cap20,unweighted,20261213,0.0015984577515448725,0.018114498548923885,0.014279820211846928,0.9790152998389061,0.015177316363681664,-0.005690982751642898,0.011475133745326771
matched_raw_operational_structure,observed_test_octant_parent_weighted,global_minus_unweighted,global_g0p75_cap20,unweighted,20261223,0.001949294618585229,0.021087493088125908,0.016846759283233537,1.1360228332562823,0.021854744471893534,-0.006177734443983771,0.021800854973896278
matched_raw_operational_structure,observed_test_octant_parent_weighted,global_minus_unweighted,global_g0p75_cap20,unweighted,20270103,0.0031314089164599726,0.042158917739956336,0.03338036248914028,1.6711574281746113,0.03663639995240359,-0.002873781972740852,0.030770238451130916
matched_raw_operational_structure,observed_test_octant_parent_weighted,global_minus_unweighted,global_g0p75_cap20,unweighted,20270113,0.001264991612188765,0.017654596910123443,0.014027256070256178,0.45135617666780803,0.014473037891564428,-0.004413968758942913,0.012132291532902961
matched_raw_operational_structure,observed_test_octant_parent_weighted,global_minus_unweighted,global_g0p75_cap20,unweighted,20270123,1.803757972781983e-05,0.02670061381225841,0.020964886613875744,0.9984821251589686,0.02046273970509313,-0.002710886000527102,0.022501546433369546
matched_raw_operational_structure,observed_test_octant_parent_weighted,global_minus_unweighted,global_g0p75_cap20,unweighted,20270203,0.0009261780044864457,0.018754267267627966,0.01482185018577753,0.7281869889845023,0.015765603954546126,-0.004605740734248909,0.014326315780400556
matched_raw_operational_structure,observed_test_octant_parent_weighted,global_minus_unweighted,global_g0p75_cap20,unweighted,20270213,0.0005283120098511368,0.021688944390817533,0.016930569020500053,0.7079352004490307,0.014078793916706078,-0.0030690653592539696,0.011447504775048578
matched_raw_operational_structure,observed_test_octant_parent_weighted,global_minus_unweighted,global_g0p75_cap20,unweighted,20270223,0.0018720478896885398,0.017450707671427812,0.01389185831533915,0.9607394985039655,0.023928038692605735,-0.014179361848643893,0.01311271292349192
matched_raw_operational_structure,observed_test_octant_parent_weighted,global_minus_unweighted,global_g0p75_cap20,unweighted,20270303,0.0018471974919639228,0.01815150025116047,0.014156561532006617,1.1049094016020593,0.019024239674108878,-0.007237285331758117,0.011765561256787016
matched_raw_operational_structure,observed_test_octant_parent_weighted,octant_minus_unweighted,octant_g1p00_cap20,unweighted,20261203,0.00044223207125373976,0.013302972569460447,0.01055281944628167,0.6235932277532665,0.014208063507345686,-0.006974347295097369,0.00967928882120439
matched_raw_operational_structure,observed_test_octant_parent_weighted,octant_minus_unweighted,octant_g1p00_cap20,unweighted,20261213,0.0008340463016149671,0.015405665793307266,0.012096041843329353,0.7281378309440996,0.012638307947592242,-0.005769091816217403,0.007086463156484479
matched_raw_operational_structure,observed_test_octant_parent_weighted,octant_minus_unweighted,octant_g1p00_cap20,unweighted,20261223,0.0007545590197978597,0.017743219595620086,0.014094935020228738,0.9730482288437248,0.01613931848871203,-0.00418589091173556,0.016471622242398565
matched_raw_operational_structure,observed_test_octant_parent_weighted,octant_minus_unweighted,octant_g1p00_cap20,unweighted,20270103,0.0018372581408519564,0.033454882093636173,0.02643668593252757,1.1318104794893475,0.027956014804351142,-0.0027135589643913632,0.021015016005044573
matched_raw_operational_structure,observed_test_octant_parent_weighted,octant_minus_unweighted,octant_g1p00_cap20,unweighted,20270113,0.0005917090883382353,0.01610326443907406,0.01274846648294542,0.2987220465938769,0.012229521203627858,-0.0036414613984327715,0.00858715925777448
matched_raw_operational_structure,observed_test_octant_parent_weighted,octant_minus_unweighted,octant_g1p00_cap20,unweighted,20270123,-0.00018978232216915192,0.02191245839712691,0.017184862153796776,0.7288616076350358,0.0156421323612759,-0.0028093864436553595,0.014938803047550686
matched_raw_operational_structure,observed_test_octant_parent_weighted,octant_minus_unweighted,octant_g1p00_cap20,unweighted,20270203,0.0003899779915986293,0.014993075813327594,0.011820606170064252,0.4600455525757443,0.011930789256652363,-0.004845686686818965,0.007314245056661062
matched_raw_operational_structure,observed_test_octant_parent_weighted,octant_minus_unweighted,octant_g1p00_cap20,unweighted,20270213,0.00032747127091833916,0.01862778389948644,0.01452821766832696,0.5694993898857366,0.011518225496132795,-0.003248245715281581,0.005941838416165912
matched_raw_operational_structure,observed_test_octant_parent_weighted,octant_minus_unweighted,octant_g1p00_cap20,unweighted,20270223,0.0009834926980305456,0.01536270611286944,0.012170358075339643,0.8404912188272107,0.017988172452279627,-0.010872586131175269,0.009316055780228594
matched_raw_operational_structure,observed_test_octant_parent_weighted,octant_minus_unweighted,octant_g1p00_cap20,unweighted,20270303,0.0008632169230029657,0.015804326403821234,0.012262896746799479,0.8266052007514961,0.013934076930931183,-0.0038116087060627163,0.008091018029292019
matched_raw_operational_structure,observed_test_octant_parent_weighted,octant_minus_global,octant_g1p00_cap20,global_g0p75_cap20,20261203,-0.0004845781880563893,-0.0027863485402143673,-0.0022441757491484804,-0.2338767679223217,-0.0038091633081990817,0.001152096724752985,-0.004548528119776574
matched_raw_operational_structure,observed_test_octant_parent_weighted,octant_minus_global,octant_g1p00_cap20,global_g0p75_cap20,20261213,-0.0007644114499299054,-0.002708832755616619,-0.002183778368517575,-0.25087746889480655,-0.002539008416089422,-7.810906457450528e-05,-0.004388670588842292
matched_raw_operational_structure,observed_test_octant_parent_weighted,octant_minus_global,octant_g1p00_cap20,global_g0p75_cap20,20261223,-0.0011947355987873692,-0.0033442734925058226,-0.0027518242630047984,-0.1629746044125575,-0.005715425983181505,0.001991843532248211,-0.005329232731497713
matched_raw_operational_structure,observed_test_octant_parent_weighted,octant_minus_global,octant_g1p00_cap20,global_g0p75_cap20,20270103,-0.0012941507756080162,-0.008704035646320163,-0.00694367655661271,-0.5393469486852638,-0.008680385148052444,0.00016022300834948877,-0.009755222446086342
matched_raw_operational_structure,observed_test_octant_parent_weighted,octant_minus_global,octant_g1p00_cap20,global_g0p75_cap20,20270113,-0.0006732825238505297,-0.0015513324710493825,-0.001278789587310758,-0.15263413007393112,-0.0022435166879365698,0.0007725073605101412,-0.003545132275128482
matched_raw_operational_structure,observed_test_octant_parent_weighted,octant_minus_global,octant_g1p00_cap20,global_g0p75_cap20,20270123,-0.00020781990189697175,-0.004788155415131501,-0.003780024460078968,-0.2696205175239328,-0.004820607343817229,-9.850044312825768e-05,-0.00756274338581886
matched_raw_operational_structure,observed_test_octant_parent_weighted,octant_minus_global,octant_g1p00_cap20,global_g0p75_cap20,20270203,-0.0005362000128878164,-0.003761191454300372,-0.003001244015713278,-0.268141436408758,-0.0038348146978937625,-0.0002399459525700559,-0.007012070723739494
matched_raw_operational_structure,observed_test_octant_parent_weighted,octant_minus_global,octant_g1p00_cap20,global_g0p75_cap20,20270213,-0.00020084073893279764,-0.003061160491331094,-0.0024023513521730933,-0.13843581056329413,-0.0025605684205732837,-0.00017918035602761118,-0.005505666358882666
matched_raw_operational_structure,observed_test_octant_parent_weighted,octant_minus_global,octant_g1p00_cap20,global_g0p75_cap20,20270223,-0.0008885551916579942,-0.0020880015585583722,-0.0017215002399995072,-0.12024827967675478,-0.005939866240326108,0.003306775717468624,-0.0037966571432633267
matched_raw_operational_structure,observed_test_octant_parent_weighted,octant_minus_global,octant_g1p00_cap20,global_g0p75_cap20,20270303,-0.000983980568960957,-0.0023471738473392345,-0.0018936647852071387,-0.2783042008505632,-0.005090162743177695,0.0034256766256954008,-0.0036745432274949974
matched_raw_operational_structure,observed_test_global_parent_weighted,global_minus_unweighted,global_g0p75_cap20,unweighted,20261203,0.0011566294937799051,0.01826704352599784,0.01478275533707174,1.0056432559102966,0.020307418824525608,-0.008004965586830573,0.018345092164326227
matched_raw_operational_structure,observed_test_global_parent_weighted,global_minus_unweighted,global_g0p75_cap20,unweighted,20261213,0.002227529167291964,0.023110249931530435,0.01854136736526507,1.0722213583474378,0.017581373189337196,-0.005893574754841133,0.013773059562178835
matched_raw_operational_structure,observed_test_global_parent_weighted,global_minus_unweighted,global_g0p75_cap20,unweighted,20261223,0.0016601235412180837,0.02359075364220914,0.01905194731816573,1.5666810868022942,0.023405380945160148,-0.006348010215029412,0.02187331907405865
matched_raw_operational_structure,observed_test_global_parent_weighted,global_minus_unweighted,global_g0p75_cap20,unweighted,20270103,0.0034468413472483472,0.04766953120459411,0.03829757222269037,2.294982493775791,0.04037562359058916,-0.0007038428810147018,0.03608192067226912
matched_raw_operational_structure,observed_test_global_parent_weighted,global_minus_unweighted,global_g0p75_cap20,unweighted,20270113,0.0012389643958356927,0.021384526695979567,0.017237297282388042,0.6738740380172086,0.016888132287499608,-0.004538105220441166,0.014200175728240672
matched_raw_operational_structure,observed_test_global_parent_weighted,global_minus_unweighted,global_g0p75_cap20,unweighted,20270123,0.00018459906688868266,0.030939484427559116,0.024722015485889592,1.4463047396042494,0.023018020054311805,-0.0019601815275049755,0.025797324102525776
matched_raw_operational_structure,observed_test_global_parent_weighted,global_minus_unweighted,global_g0p75_cap20,unweighted,20270203,0.0009445329968804858,0.02272012163562359,0.018252477687150548,0.8569368472634533,0.018806384971054024,-0.004916468733730556,0.0179594229985115
matched_raw_operational_structure,observed_test_global_parent_weighted,global_minus_unweighted,global_g0p75_cap20,unweighted,20270213,0.0007752134166938568,0.032511587860981406,0.025803653749528643,0.8109998245534591,0.01715759827769134,-0.000866602312347392,0.015104327076334967
matched_raw_operational_structure,observed_test_global_parent_weighted,global_minus_unweighted,global_g0p75_cap20,unweighted,20270223,0.0017298508658143141,0.020709461213777425,0.016681563863274684,1.2708169757593382,0.028114660443751605,-0.01568537312610277,0.015992409201968816
matched_raw_operational_structure,observed_test_global_parent_weighted,global_minus_unweighted,global_g0p75_cap20,unweighted,20270303,0.0017325131540473007,0.021346290665671674,0.016954894094912076,1.23145258798937,0.021522348557379056,-0.007786487833105191,0.014700770261617813
matched_raw_operational_structure,observed_test_global_parent_weighted,octant_minus_unweighted,octant_g1p00_cap20,unweighted,20261203,0.0007709761984087474,0.015277678470284328,0.012347074822161908,0.7267574300361304,0.01625110748789388,-0.007196337290105818,0.01221167846983856
matched_raw_operational_structure,observed_test_global_parent_weighted,octant_minus_unweighted,octant_g1p00_cap20,unweighted,20261213,0.0013166477501261736,0.020267694116034518,0.01620381781852437,0.7462644324190517,0.01487598574034854,-0.005996124874528191,0.008847207480243091
matched_raw_operational_structure,observed_test_global_parent_weighted,octant_minus_unweighted,octant_g1p00_cap20,unweighted,20261223,0.000774806442225856,0.020569303645628312,0.016553866771566228,1.229615180060451,0.017416883544387973,-0.0043921298237731,0.016066151482214297
matched_raw_operational_structure,observed_test_global_parent_weighted,octant_minus_unweighted,octant_g1p00_cap20,unweighted,20270103,0.002172206229172552,0.038351099524033816,0.030765249316439036,1.6762907740524682,0.030930021593995466,-0.0012039813278784117,0.02436493159102565
matched_raw_operational_structure,observed_test_global_parent_weighted,octant_minus_unweighted,octant_g1p00_cap20,unweighted,20270113,0.0007336237313327887,0.020268209919349967,0.016303117914278298,0.3803949841928542,0.014614118318290209,-0.0038943812076602663,0.01033527305531412
matched_raw_operational_structure,observed_test_global_parent_weighted,octant_minus_unweighted,octant_g1p00_cap20,unweighted,20270123,6.677064423958601e-05,0.025831894706956182,0.020630685698697304,1.078877598095815,0.018163014695075225,-0.002907165301368128,0.01634657149350932
matched_raw_operational_structure,observed_test_global_parent_weighted,octant_minus_unweighted,octant_g1p00_cap20,unweighted,20270203,0.000495335418520107,0.018583667789063896,0.014907911326043244,0.646508077261231,0.014650105475989633,-0.005745019799455381,0.00820939362305545
matched_raw_operational_structure,observed_test_global_parent_weighted,octant_minus_unweighted,octant_g1p00_cap20,unweighted,20270213,0.0005855544649701755,0.028804485323179696,0.022850992172525786,0.666570855172349,0.014567263588520202,-0.0016876193510680648,0.007979598534816446
matched_raw_operational_structure,observed_test_global_parent_weighted,octant_minus_unweighted,octant_g1p00_cap20,unweighted,20270223,0.001059954862026466,0.020260275373458092,0.016267876622414135,1.0064926631651154,0.021612610842017238,-0.01194745601734623,0.010891600034142801
matched_raw_operational_structure,observed_test_global_parent_weighted,octant_minus_unweighted,octant_g1p00_cap20,unweighted,20270303,0.0008812543690147959,0.01903732003726588,0.01506795948163836,1.0348648205628024,0.015635473142417755,-0.0041835158329149025,0.009990840984004712
matched_raw_operational_structure,observed_test_global_parent_weighted,octant_minus_global,octant_g1p00_cap20,global_g0p75_cap20,20261203,-0.0003856532953711578,-0.002989365055713511,-0.0024356805149098326,-0.2788858258741662,-0.004056311336631729,0.0008086282967247546,-0.006133413694487666
matched_raw_operational_structure,observed_test_global_parent_weighted,octant_minus_global,octant_g1p00_cap20,global_g0p75_cap20,20261213,-0.0009108814171657903,-0.0028425558154959174,-0.0023375495467407026,-0.3259569259283861,-0.0027053874489886554,-0.00010255011968705874,-0.004925852081935744
matched_raw_operational_structure,observed_test_global_parent_weighted,octant_minus_global,octant_g1p00_cap20,global_g0p75_cap20,20261223,-0.0008853170989922277,-0.0030214499965808272,-0.0024980805465995015,-0.33706590674184334,-0.005988497400772175,0.001955880391256312,-0.005807167591844353
matched_raw_operational_structure,observed_test_global_parent_weighted,octant_minus_global,octant_g1p00_cap20,global_g0p75_cap20,20270103,-0.0012746351180757953,-0.00931843168056029,-0.007532322906251332,-0.6186917197233228,-0.009445601996593694,-0.0005001384468637099,-0.011716989081243467
matched_raw_operational_structure,observed_test_global_parent_weighted,octant_minus_global,octant_g1p00_cap20,global_g0p75_cap20,20270113,-0.000505340664502904,-0.0011163167766296,-0.0009341793681097443,-0.29347905382435435,-0.0022740139692093986,0.0006437240127808996,-0.003864902672926551
matched_raw_operational_structure,observed_test_global_parent_weighted,octant_minus_global,octant_g1p00_cap20,global_g0p75_cap20,20270123,-0.00011782842264909665,-0.005107589720602934,-0.004091329787192288,-0.3674271415084345,-0.0048550053592365805,-0.0009469837738631526,-0.009450752609016455
matched_raw_operational_structure,observed_test_global_parent_weighted,octant_minus_global,octant_g1p00_cap20,global_g0p75_cap20,20270203,-0.0004491975783603788,-0.004136453846559696,-0.003344566361107304,-0.21042877000222227,-0.004156279495064391,-0.0008285510657248252,-0.009750029375456049
matched_raw_operational_structure,observed_test_global_parent_weighted,octant_minus_global,octant_g1p00_cap20,global_g0p75_cap20,20270213,-0.0001896589517236813,-0.0037071025378017097,-0.0029526615770028575,-0.14442896938111005,-0.0025903346891711365,-0.0008210170387206728,-0.007124728541518521
matched_raw_operational_structure,observed_test_global_parent_weighted,octant_minus_global,octant_g1p00_cap20,global_g0p75_cap20,20270223,-0.0006698960037878482,-0.00044918584031933273,-0.00041368724086054964,-0.26432431259422273,-0.0065020496017343665,0.003737917108756539,-0.005100809167826015
matched_raw_operational_structure,observed_test_global_parent_weighted,octant_minus_global,octant_g1p00_cap20,global_g0p75_cap20,20270303,-0.0008512587850325048,-0.002308970628405793,-0.0018869346132737164,-0.1965877674265677,-0.005886875414961301,0.003602972000190288,-0.004709929277613101
matched_raw_operational_structure,observed_test_unweighted,global_minus_unweighted,global_g0p75_cap20,unweighted,20261203,0.003333939912522156,0.039430702589846406,0.032035197814597405,1.473833079386015,0.039681801359383845,-0.009181422571297233,0.025362570708968912
matched_raw_operational_structure,observed_test_unweighted,global_minus_unweighted,global_g0p75_cap20,unweighted,20261213,0.00426690621256378,0.04324528831082397,0.03495647097815138,1.3260357642930964,0.03321351864545144,-0.0018798458199387885,0.01948280383312989
matched_raw_operational_structure,observed_test_unweighted,global_minus_unweighted,global_g0p75_cap20,unweighted,20261223,0.0055413705062454174,0.06360329547000937,0.05159956467935378,1.920244819115009,0.056098447329730544,0.00558064325787376,0.034870202903751535
matched_raw_operational_structure,observed_test_unweighted,global_minus_unweighted,global_g0p75_cap20,unweighted,20270103,0.02510667531422845,0.1442984045283192,0.11765823584513965,3.111367285733257,0.09602791913346359,0.07132236964336995,0.3009890816554527
matched_raw_operational_structure,observed_test_unweighted,global_minus_unweighted,global_g0p75_cap20,unweighted,20270113,0.0034357887347967186,0.04559428454834802,0.03695036604222787,1.2769184026401854,0.040866984960263364,-0.003637489664990612,0.017991380299512527
matched_raw_operational_structure,observed_test_unweighted,global_minus_unweighted,global_g0p75_cap20,unweighted,20270123,0.004654048815575372,0.09413079460677293,0.07591016515150045,2.0733012127640187,0.06072746584884117,0.0580974100277582,0.2473215115968821
matched_raw_operational_structure,observed_test_unweighted,global_minus_unweighted,global_g0p75_cap20,unweighted,20270203,0.003852276880408248,0.04719279581528263,0.03825146995584197,1.4257514045819057,0.04205073402648135,-0.0014280231221445033,0.026399088356812206
matched_raw_operational_structure,observed_test_unweighted,global_minus_unweighted,global_g0p75_cap20,unweighted,20270213,0.0022487288994687896,0.047887711766131436,0.03821277020465044,1.1671983916390456,0.03249461937266657,0.0016690448370013794,0.021444562841782422
matched_raw_operational_structure,observed_test_unweighted,global_minus_unweighted,global_g0p75_cap20,unweighted,20270223,0.00678545091374768,0.04574358085544006,0.037260767060904365,1.7820373590257343,0.04940484226722605,-0.016760879428249456,0.02250090347801037
matched_raw_operational_structure,observed_test_unweighted,global_minus_unweighted,global_g0p75_cap20,unweighted,20270303,0.005420482231731763,0.04142709113113313,0.0333952708586904,1.9104954082265273,0.0393135827449847,-0.01120797241481409,0.02031127601774313
matched_raw_operational_structure,observed_test_unweighted,octant_minus_unweighted,octant_g1p00_cap20,unweighted,20261203,0.0025687410978587275,0.03637586247856692,0.02951472157863283,1.279779016910945,0.03612528117718211,-0.009925393767147267,0.017381549787788386
matched_raw_operational_structure,observed_test_unweighted,octant_minus_unweighted,octant_g1p00_cap20,unweighted,20261213,0.0031058461692170733,0.0392485669137857,0.03166410925406729,1.1030591478235037,0.029328199530769955,-0.002919577026955819,0.013720454660116677
matched_raw_operational_structure,observed_test_unweighted,octant_minus_unweighted,octant_g1p00_cap20,unweighted,20261223,0.003441898243096847,0.05661347415543988,0.04581273060204716,1.6500593821157885,0.0468663438768456,0.004763734758482477,0.020482574577166957
matched_raw_operational_structure,observed_test_unweighted,octant_minus_unweighted,octant_g1p00_cap20,unweighted,20270103,0.01927954808271113,0.11695325687716529,0.09528282965008997,2.299644295047541,0.0768313648202818,0.05742078376372205,0.24109656284513237
matched_raw_operational_structure,observed_test_unweighted,octant_minus_unweighted,octant_g1p00_cap20,unweighted,20270113,0.003051063886113259,0.042841728370179466,0.03470610746095734,1.1962102283332339,0.037416722520365875,-0.004930503922560545,0.01366702448964524
matched_raw_operational_structure,observed_test_unweighted,octant_minus_unweighted,octant_g1p00_cap20,unweighted,20270123,0.0036434100246968207,0.08366635647898757,0.06743112452921568,1.6866389770724908,0.05408635631214398,0.04995605889833818,0.2215452875319024
matched_raw_operational_structure,observed_test_unweighted,octant_minus_unweighted,octant_g1p00_cap20,unweighted,20270203,0.0027335974910212765,0.04049341382152055,0.032780527085656735,1.180017472664061,0.03545783327138319,-0.004282259035483432,0.015576124191367391
matched_raw_operational_structure,observed_test_unweighted,octant_minus_unweighted,octant_g1p00_cap20,unweighted,20270213,0.001827827196313886,0.045425986021841225,0.03622352388245911,1.2236657212231252,0.030125936868109493,-6.776873230422698e-05,0.020984470766508556
matched_raw_operational_structure,observed_test_unweighted,octant_minus_unweighted,octant_g1p00_cap20,unweighted,20270223,0.005440201104580787,0.042889796346797904,0.03486409847293004,1.4184809513231489,0.04153738796584627,-0.013331884286495059,0.01629550257490958
matched_raw_operational_structure,observed_test_unweighted,octant_minus_unweighted,octant_g1p00_cap20,unweighted,20270303,0.003662497098683201,0.038488114533085815,0.030923469902209427,1.4888214289313684,0.0319861348306299,-0.0053011317708274025,0.014563176412274337
matched_raw_operational_structure,observed_test_unweighted,octant_minus_global,octant_g1p00_cap20,global_g0p75_cap20,20261203,-0.0007651988146634287,-0.0030548401112794887,-0.002520476235964575,-0.19405406247506995,-0.0035565201822017334,-0.0007439711958500336,-0.007981020921180526
matched_raw_operational_structure,observed_test_unweighted,octant_minus_global,octant_g1p00_cap20,global_g0p75_cap20,20261213,-0.0011610600433467066,-0.003996721397038272,-0.003292361724084092,-0.22297661646959277,-0.0038853191146814847,-0.0010397312070170306,-0.005762349173013215
matched_raw_operational_structure,observed_test_unweighted,octant_minus_global,octant_g1p00_cap20,global_g0p75_cap20,20261223,-0.0020994722631485704,-0.006989821314569489,-0.005786834077306624,-0.2701854369992205,-0.009232103452884943,-0.0008169084993912834,-0.014387628326584578
matched_raw_operational_structure,observed_test_unweighted,octant_minus_global,octant_g1p00_cap20,global_g0p75_cap20,20270103,-0.005827127231517321,-0.027345147651153923,-0.022375406195049685,-0.8117229906857162,-0.01919655431318179,-0.013901585879647904,-0.05989251881032032
matched_raw_operational_structure,observed_test_unweighted,octant_minus_global,octant_g1p00_cap20,global_g0p75_cap20,20270113,-0.0003847248486834598,-0.0027525561781685526,-0.0022442585812705307,-0.08070817430695154,-0.003450262439897489,-0.0012930142575699327,-0.004324355809867286
matched_raw_operational_structure,observed_test_unweighted,octant_minus_global,octant_g1p00_cap20,global_g0p75_cap20,20270123,-0.0010106387908785514,-0.010464438127785358,-0.008479040622284773,-0.3866622356915279,-0.006641109536697193,-0.008141351129420021,-0.025776224064979703
matched_raw_operational_structure,observed_test_unweighted,octant_minus_global,octant_g1p00_cap20,global_g0p75_cap20,20270203,-0.0011186793893869715,-0.006699381993762077,-0.005470942870185236,-0.24573393191784465,-0.006592900755098163,-0.002854235913338929,-0.010822964165444815
matched_raw_operational_structure,observed_test_unweighted,octant_minus_global,octant_g1p00_cap20,global_g0p75_cap20,20270213,-0.00042090170315490366,-0.0024617257442902107,-0.0019892463221913292,0.05646732958407963,-0.0023686825045570736,-0.0017368135693056064,-0.00046009207527386575
matched_raw_operational_structure,observed_test_unweighted,octant_minus_global,octant_g1p00_cap20,global_g0p75_cap20,20270223,-0.001345249809166893,-0.0028537845086421543,-0.0023966685879743266,-0.36355640770258546,-0.007867454301379778,0.003428995141754397,-0.006205400903100788
matched_raw_operational_structure,observed_test_unweighted,octant_minus_global,octant_g1p00_cap20,global_g0p75_cap20,20270303,-0.0017579851330485619,-0.002938976598047316,-0.002471800956480974,-0.42167397929515893,-0.007327447914354801,0.005906840643986687,-0.005748099605468793
matched_raw_operational_structure,query_region_primary_support,global_minus_unweighted,global_g0p75_cap20,unweighted,20261203,0.008592034769043438,0.025570618065499373,0.021363035393879404,1.8956915422377882,0.025223948929149226,-0.003544556122705461,0.025577466413418792
matched_raw_operational_structure,query_region_primary_support,global_minus_unweighted,global_g0p75_cap20,unweighted,20261213,0.012062259423775396,0.027665177967942267,0.023551687762847384,1.300298037862559,0.02486042191447982,-0.0009697054229786672,0.01846581871097913
matched_raw_operational_structure,query_region_primary_support,global_minus_unweighted,global_g0p75_cap20,unweighted,20261223,0.0071839048513655385,0.02914160425354534,0.02399854717996175,1.6622905700129493,0.029096426271644743,-0.0007571063275546991,0.030583483173462267
matched_raw_operational_structure,query_region_primary_support,global_minus_unweighted,global_g0p75_cap20,unweighted,20270103,0.00418923290730136,0.04565417724764481,0.03647268746814014,2.2369447002634963,0.034091773033068345,0.0053156829227095775,0.04276871898299611
matched_raw_operational_structure,query_region_primary_support,global_minus_unweighted,global_g0p75_cap20,unweighted,20270113,0.006829546187468921,0.02312860642009329,0.019148430581982956,1.412282507966312,0.017431293389960884,-0.0013716101576948525,0.018474065096074632
matched_raw_operational_structure,query_region_primary_support,global_minus_unweighted,global_g0p75_cap20,unweighted,20270123,0.00888072371050641,0.03401116229122958,0.02797510296936423,1.2973760286444609,0.025973242340334962,0.002871096743555873,0.025080126360223276
matched_raw_operational_structure,query_region_primary_support,global_minus_unweighted,global_g0p75_cap20,unweighted,20270203,0.007463537835869588,0.02641652435635461,0.021838611092890425,1.3854677635636499,0.02472680222154658,-0.0023502607729363745,0.017917421830503044
matched_raw_operational_structure,query_region_primary_support,global_minus_unweighted,global_g0p75_cap20,unweighted,20270213,0.010228859726638617,0.02534404461911388,0.021445601350258248,1.415583525726877,0.020544048237547408,-0.0014800061712097745,0.022034397335770117
matched_raw_operational_structure,query_region_primary_support,global_minus_unweighted,global_g0p75_cap20,unweighted,20270223,0.005068901337876713,0.02441199152858503,0.019906927908293293,0.9457550837282973,0.028084825682010456,-0.005344777002622245,0.013918313532665205
matched_raw_operational_structure,query_region_primary_support,global_minus_unweighted,global_g0p75_cap20,unweighted,20270303,0.0066960575381815185,0.024615761005052694,0.02034522753051765,1.4900474024489814,0.02764335958546782,-0.002455229628614025,0.023820742574474196
matched_raw_operational_structure,query_region_primary_support,octant_minus_unweighted,octant_g1p00_cap20,unweighted,20261203,0.006986753861838557,0.019542945188787686,0.016393889272870943,1.6258916643272876,0.018075173947448037,-0.0032464077349234344,0.01509015707699296
matched_raw_operational_structure,query_region_primary_support,octant_minus_unweighted,octant_g1p00_cap20,unweighted,20261213,0.009883134544923622,0.022409997728775943,0.01909544831696941,1.0132721403024565,0.0208249497800575,-0.0017940170980478842,0.009728950845111606
matched_raw_operational_structure,query_region_primary_support,octant_minus_unweighted,octant_g1p00_cap20,unweighted,20261223,0.003251938120628975,0.02393954306270868,0.019346429364934803,1.0457431284159284,0.019740105919479334,0.0014529622903486777,0.019967810968903876
matched_raw_operational_structure,query_region_primary_support,octant_minus_unweighted,octant_g1p00_cap20,unweighted,20270103,0.002745626802681006,0.03579222939101989,0.028499619881842853,1.7212761140977957,0.026151426206206085,0.0037150585049171847,0.027586799973864096
matched_raw_operational_structure,query_region_primary_support,octant_minus_unweighted,octant_g1p00_cap20,unweighted,20270113,0.005899943101982441,0.02116114073747316,0.017460911703788273,1.2770136445591227,0.015827530558984476,-0.00026896116412063187,0.01219526602103177
matched_raw_operational_structure,query_region_primary_support,octant_minus_unweighted,octant_g1p00_cap20,unweighted,20270123,0.0069923697136538565,0.026808746490817714,0.022047114785464395,0.8614928905018377,0.018337993061263658,0.002269256222124774,0.013717816441211172
matched_raw_operational_structure,query_region_primary_support,octant_minus_unweighted,octant_g1p00_cap20,unweighted,20270203,0.005704728638816742,0.020941326394801396,0.01727737918789929,1.0742234883744857,0.018587265185432966,-0.002566016168599805,0.00991649514363202
matched_raw_operational_structure,query_region_primary_support,octant_minus_unweighted,octant_g1p00_cap20,unweighted,20270213,0.00882718453938397,0.021935993576075008,0.01855735152094906,0.9310312766254114,0.0165050006645249,0.00013901866401902496,0.012756442793454559
matched_raw_operational_structure,query_region_primary_support,octant_minus_unweighted,octant_g1p00_cap20,unweighted,20270223,0.003081410811965113,0.01969811560151863,0.01590506230252431,1.063809229789193,0.02042129877164134,-0.005526393325725951,0.00933881979101242
matched_raw_operational_structure,query_region_primary_support,octant_minus_unweighted,octant_g1p00_cap20,unweighted,20270303,0.005658355485949854,0.022113705834115704,0.01822453910704569,1.2191374785873634,0.022417435689508936,0.0022679267441600842,0.03263902129955387
matched_raw_operational_structure,query_region_primary_support,octant_minus_global,octant_g1p00_cap20,global_g0p75_cap20,20261203,-0.0016052809072048813,-0.006027672876711687,-0.004969146121008461,-0.26979987791050064,-0.007148774981701189,0.0002981483877820268,-0.010487309336425832
matched_raw_operational_structure,query_region_primary_support,octant_minus_global,octant_g1p00_cap20,global_g0p75_cap20,20261213,-0.0021791248788517736,-0.005255180239166324,-0.004456239445877974,-0.28702589756010255,-0.004035472134422319,-0.000824311675069217,-0.008736867865867526
matched_raw_operational_structure,query_region_primary_support,octant_minus_global,octant_g1p00_cap20,global_g0p75_cap20,20261223,-0.0039319667307365636,-0.00520206119083666,-0.004652117815026946,-0.6165474415970209,-0.00935632035216541,0.002210068617903377,-0.01061567220455839
matched_raw_operational_structure,query_region_primary_support,octant_minus_global,octant_g1p00_cap20,global_g0p75_cap20,20270103,-0.001443606104620354,-0.00986194785662492,-0.007973067586297289,-0.5156685861657007,-0.00794034682686226,-0.0016006244177923928,-0.015181919009132017
matched_raw_operational_structure,query_region_primary_support,octant_minus_global,octant_g1p00_cap20,global_g0p75_cap20,20270113,-0.0009296030854864801,-0.0019674656826201287,-0.0016875188781946826,-0.13526886340718924,-0.0016037628309764074,0.0011026489935742206,-0.006278799075042862
matched_raw_operational_structure,query_region_primary_support,octant_minus_global,octant_g1p00_cap20,global_g0p75_cap20,20270123,-0.0018883539968525542,-0.0072024158004118655,-0.005927988183899835,-0.43588313814262314,-0.0076352492790713045,-0.000601840521431099,-0.011362309919012104
matched_raw_operational_structure,query_region_primary_support,octant_minus_global,octant_g1p00_cap20,global_g0p75_cap20,20270203,-0.0017588091970528463,-0.005475197961553213,-0.0045612319049911365,-0.3112442751891642,-0.006139537036113613,-0.0002157553956634306,-0.008000926686871024
matched_raw_operational_structure,query_region_primary_support,octant_minus_global,octant_g1p00_cap20,global_g0p75_cap20,20270213,-0.0014016751872546473,-0.0034080510430388733,-0.0028882498293091863,-0.48455224910146555,-0.004039047573022508,0.0016190248352287995,-0.009277954542315558
matched_raw_operational_structure,query_region_primary_support,octant_minus_global,octant_g1p00_cap20,global_g0p75_cap20,20270223,-0.0019874905259116005,-0.004713875927066402,-0.004001865605768984,0.1180541460608957,-0.007663526910369117,-0.000181616323103706,-0.004579493741652785
matched_raw_operational_structure,query_region_primary_support,octant_minus_global,octant_g1p00_cap20,global_g0p75_cap20,20270303,-0.001037702052231665,-0.00250205517093699,-0.0021206884234719614,-0.27090992386161794,-0.005225923895958884,0.004723156372774109,0.008818278725079676
matched_raw_operational_structure,query_common_strict_support,global_minus_unweighted,global_g0p75_cap20,unweighted,20261203,0.023328778293351365,0.06417776594239216,0.051294087010757855,2.3781409524856354,0.05369151492225957,0.009256978456729265,0.07414472753420426
matched_raw_operational_structure,query_common_strict_support,global_minus_unweighted,global_g0p75_cap20,unweighted,20261213,0.03563648347967732,0.07802684679688546,0.06420135463631105,1.7388579407872093,0.06092670519362814,0.022754259558726328,0.12721002672470938
matched_raw_operational_structure,query_common_strict_support,global_minus_unweighted,global_g0p75_cap20,unweighted,20261223,0.02460380757828705,0.07835008668668339,0.06229587142321577,2.3977595637124764,0.061237893063006615,0.012361201272638206,0.1015934646729755
matched_raw_operational_structure,query_common_strict_support,global_minus_unweighted,global_g0p75_cap20,unweighted,20270103,0.013150070835579009,0.11363678304511277,0.08660061865193167,1.561198762979073,0.08541867851556217,0.046330942217735496,0.15126829574271816
matched_raw_operational_structure,query_common_strict_support,global_minus_unweighted,global_g0p75_cap20,unweighted,20270113,0.019802620855473144,0.04861753180961256,0.03953968724367238,0.865969421846625,0.04081516043648514,0.013421468025288541,0.058150100287388096
matched_raw_operational_structure,query_common_strict_support,global_minus_unweighted,global_g0p75_cap20,unweighted,20270123,0.028035827572511843,0.09139779380319724,0.07228252850516007,1.1069998523341735,0.06513334883558727,0.04827713614005438,0.1463991349319318
matched_raw_operational_structure,query_common_strict_support,global_minus_unweighted,global_g0p75_cap20,unweighted,20270203,0.021565864863939438,0.05891048695707318,0.047318629521111294,1.9740340142178976,0.05388283125956739,0.007397634133792699,0.06374613834024523
matched_raw_operational_structure,query_common_strict_support,global_minus_unweighted,global_g0p75_cap20,unweighted,20270213,0.03430955343394286,0.0668860225641614,0.055983209538899015,1.5772394099963414,0.05383186492832204,0.020680396418826186,0.10300691317264238
matched_raw_operational_structure,query_common_strict_support,global_minus_unweighted,global_g0p75_cap20,unweighted,20270223,0.00835000448104882,0.0796525896641736,0.060654228278873956,1.4683988904132015,0.052888064802968954,0.003330078937357879,0.07297055807934999
matched_raw_operational_structure,query_common_strict_support,global_minus_unweighted,global_g0p75_cap20,unweighted,20270303,0.014563488857066653,0.0640654737844416,0.049842832645150686,1.49857955306308,0.05218814213328676,0.010597977051888946,0.08523012202238406
matched_raw_operational_structure,query_common_strict_support,octant_minus_unweighted,octant_g1p00_cap20,unweighted,20261203,0.024491550391035954,0.057860796460513286,0.047100777247026215,1.541251379378747,0.0449128747026738,0.011008320211057021,0.08210724478513654
matched_raw_operational_structure,query_common_strict_support,octant_minus_unweighted,octant_g1p00_cap20,unweighted,20261213,0.0339612970308803,0.0735807046622867,0.06063127441980248,1.3920783387651436,0.04982489992316569,0.024313208358948138,0.12404380513739177
matched_raw_operational_structure,query_common_strict_support,octant_minus_unweighted,octant_g1p00_cap20,unweighted,20261223,0.01452726450755383,0.06810675083858006,0.05288380749741853,1.0180011670918248,0.04887879051565647,0.022802348300301638,0.11120601102851915
matched_raw_operational_structure,query_common_strict_support,octant_minus_unweighted,octant_g1p00_cap20,unweighted,20270103,0.012779283359016222,0.09024286548734534,0.06906413761078511,0.9538601068608532,0.06371304374852871,0.035031373582717504,0.11890583135921601
matched_raw_operational_structure,query_common_strict_support,octant_minus_unweighted,octant_g1p00_cap20,unweighted,20270113,0.021780433258039564,0.04726386195190746,0.03898123320890137,0.3247935607646655,0.03511592461331925,0.01345015691914525,0.06822078600099274
matched_raw_operational_structure,query_common_strict_support,octant_minus_unweighted,octant_g1p00_cap20,unweighted,20270123,0.028474406901797977,0.0758894915684456,0.06112528216355237,0.43290501930702474,0.050971091680492686,0.03726102967614284,0.10333775429572406
matched_raw_operational_structure,query_common_strict_support,octant_minus_unweighted,octant_g1p00_cap20,unweighted,20270203,0.02262422004404195,0.05781039972693075,0.04676285991709589,1.2613251837589035,0.0465743951168891,0.009191640238720197,0.06789332037326345
matched_raw_operational_structure,query_common_strict_support,octant_minus_unweighted,octant_g1p00_cap20,unweighted,20270213,0.0356556018310855,0.06930838976606751,0.05803798837496826,1.5786425481292614,0.0510837424155976,0.02763731956802601,0.11124526614377328
matched_raw_operational_structure,query_common_strict_support,octant_minus_unweighted,octant_g1p00_cap20,unweighted,20270223,0.006175465180318557,0.06702298376228188,0.05086785787393469,1.22318961231983,0.04398619920885549,0.00502993727824292,0.07851295495761662
matched_raw_operational_structure,query_common_strict_support,octant_minus_unweighted,octant_g1p00_cap20,unweighted,20270303,0.017871385594508418,0.06482473184866216,0.051027531113589514,1.4270738944123629,0.05131989046978358,0.018251473460423565,0.09884165960873836
matched_raw_operational_structure,query_common_strict_support,octant_minus_global,octant_g1p00_cap20,global_g0p75_cap20,20261203,0.001162772097684589,-0.006316969481878876,-0.00419330976373164,-0.8368895731068884,-0.00877864021958577,0.0017513417543277565,0.007962517250932277
matched_raw_operational_structure,query_common_strict_support,octant_minus_global,octant_g1p00_cap20,global_g0p75_cap20,20261213,-0.0016751864487970225,-0.004446142134598763,-0.0035700802165085643,-0.3467796020220657,-0.01110180527046245,0.00155894880022181,-0.003166221587317608
matched_raw_operational_structure,query_common_strict_support,octant_minus_global,octant_g1p00_cap20,global_g0p75_cap20,20261223,-0.010076543070733218,-0.01024333584810333,-0.009412063925797243,-1.3797583966206517,-0.012359102547350148,0.010441147027663432,0.00961254635554365
matched_raw_operational_structure,query_common_strict_support,octant_minus_global,octant_g1p00_cap20,global_g0p75_cap20,20270103,-0.00037078747656278666,-0.02339391755776743,-0.01753648104114655,-0.6073386561182197,-0.021705634767033466,-0.011299568635017992,-0.032362464383502154
matched_raw_operational_structure,query_common_strict_support,octant_minus_global,octant_g1p00_cap20,global_g0p75_cap20,20270113,0.00197781240256642,-0.0013536698577051032,-0.0005584540347710054,-0.5411758610819595,-0.0056992358231658935,2.8688893856709807e-05,0.010070685713604643
matched_raw_operational_structure,query_common_strict_support,octant_minus_global,octant_g1p00_cap20,global_g0p75_cap20,20270123,0.0004385793292861345,-0.015508302234751636,-0.011157246341607696,-0.6740948330271488,-0.014162257155094587,-0.011016106463911546,-0.043061380636207736
matched_raw_operational_structure,query_common_strict_support,octant_minus_global,octant_g1p00_cap20,global_g0p75_cap20,20270203,0.0010583551801025132,-0.0011000872301424325,-0.0005557696040154048,-0.7127088304589941,-0.007308436142678287,0.001794006104927498,0.004147182033018226
matched_raw_operational_structure,query_common_strict_support,octant_minus_global,octant_g1p00_cap20,global_g0p75_cap20,20270213,0.0013460483971426407,0.0024223672019061115,0.0020547788360692487,0.0014031381329200343,-0.002748122512724438,0.006956923149199823,0.008238352971130902
matched_raw_operational_structure,query_common_strict_support,octant_minus_global,octant_g1p00_cap20,global_g0p75_cap20,20270223,-0.0021745393007302632,-0.012629605901891716,-0.009786370404939265,-0.24520927809337145,-0.008901865594113462,0.001699858340885041,0.005542396878266631
matched_raw_operational_structure,query_common_strict_support,octant_minus_global,octant_g1p00_cap20,global_g0p75_cap20,20270303,0.003307896737441765,0.0007592580642205582,0.0011846984684388273,-0.07150565865071723,-0.0008682516635031834,0.0076534964085346185,0.013611537586354305
matched_raw_operational_structure,query_region_primary_near_octant_boundary,global_minus_unweighted,global_g0p75_cap20,unweighted,20261203,0.010722003646490452,0.03280774664837949,0.027207630221931345,1.2915747668549784,0.025809502086609815,0.002416729938610418,0.03289483677529004
matched_raw_operational_structure,query_region_primary_near_octant_boundary,global_minus_unweighted,global_g0p75_cap20,unweighted,20261213,0.01077549861945358,0.039863679951957776,0.0326944369840885,1.9261022269273926,0.026502981361793354,0.006129185482431174,0.02694932491846752
matched_raw_operational_structure,query_region_primary_near_octant_boundary,global_minus_unweighted,global_g0p75_cap20,unweighted,20261223,0.01404183655791659,0.04020068170930463,0.0335156383891739,1.5839392316256546,0.034222269617482315,-0.0035684591136129346,0.029268922288625265
matched_raw_operational_structure,query_region_primary_near_octant_boundary,global_minus_unweighted,global_g0p75_cap20,unweighted,20270103,0.009540811515642775,0.06775774713275073,0.054287778310396606,3.2166978933293215,0.04108384385769906,0.01730629040936199,0.05216468225882981
matched_raw_operational_structure,query_region_primary_near_octant_boundary,global_minus_unweighted,global_g0p75_cap20,unweighted,20270113,0.007652482024390131,0.03319719575928409,0.02697349608323732,0.9363944551439474,0.01817157342249054,0.005639479316973783,0.026584581768269333
matched_raw_operational_structure,query_region_primary_near_octant_boundary,global_minus_unweighted,global_g0p75_cap20,unweighted,20270123,0.009694033795249773,0.053294927084864774,0.043024242977696414,1.4575673050278697,0.03332116170972024,0.012722703481965858,0.043728844627571595
matched_raw_operational_structure,query_region_primary_near_octant_boundary,global_minus_unweighted,global_g0p75_cap20,unweighted,20270203,0.00990370578606603,0.03930346019136627,0.03210090177832908,0.23818522798447184,0.02618643009762317,0.00801923227334772,0.04011953675101293
matched_raw_operational_structure,query_region_primary_near_octant_boundary,global_minus_unweighted,global_g0p75_cap20,unweighted,20270213,0.011465602968737068,0.03928827171681604,0.03235539193465789,1.4628415112198674,0.025165320822771592,0.006100650310494518,0.046513436111249085
matched_raw_operational_structure,query_region_primary_near_octant_boundary,global_minus_unweighted,global_g0p75_cap20,unweighted,20270223,0.0066845146255608,0.04537251993065178,0.03632579846908457,1.6206125683928976,0.03225702057672947,0.0014263917106334262,0.02924283048808196
matched_raw_operational_structure,query_region_primary_near_octant_boundary,global_minus_unweighted,global_g0p75_cap20,unweighted,20270303,0.006998184800559359,0.04094494321946346,0.03308005414360493,1.7998428813086935,0.034983411616724414,0.005384807902809333,0.04368046456458047
matched_raw_operational_structure,query_region_primary_near_octant_boundary,octant_minus_unweighted,octant_g1p00_cap20,unweighted,20261203,0.007302008256284576,0.027088973882917644,0.022206832324385195,0.5495576409934309,0.019839092043937356,0.002257519759849738,0.030303431921186674
matched_raw_operational_structure,query_region_primary_near_octant_boundary,octant_minus_unweighted,octant_g1p00_cap20,unweighted,20261213,0.008320443068057667,0.03450260595920068,0.028132114001234748,0.8453358388170642,0.022455969042708412,0.00558346723159471,0.019502713718932807
matched_raw_operational_structure,query_region_primary_near_octant_boundary,octant_minus_unweighted,octant_g1p00_cap20,unweighted,20261223,0.007878969121725962,0.0324413525622983,0.026572129887506596,0.8441050696396761,0.024210157115860054,0.0003716466922514261,0.018925431838440976
matched_raw_operational_structure,query_region_primary_near_octant_boundary,octant_minus_unweighted,octant_g1p00_cap20,unweighted,20270103,0.005827232450660386,0.052196625935389984,0.04156693155721486,2.32494251415174,0.030787856495226806,0.013241727316416457,0.04446724105601041
matched_raw_operational_structure,query_region_primary_near_octant_boundary,octant_minus_unweighted,octant_g1p00_cap20,unweighted,20270113,0.007320263937622057,0.03174959944821548,0.02579652068145233,0.4646170031534549,0.016889255252929003,0.0071626894439243555,0.022239903904412328
matched_raw_operational_structure,query_region_primary_near_octant_boundary,octant_minus_unweighted,octant_g1p00_cap20,unweighted,20270123,0.006667440400999106,0.040501410146817185,0.03257649896798259,1.1418307651245359,0.02274365430910491,0.010727226574346507,0.038388493991301065
matched_raw_operational_structure,query_region_primary_near_octant_boundary,octant_minus_unweighted,octant_g1p00_cap20,unweighted,20270203,0.006045161193387841,0.034821788951881094,0.027992661869942037,0.1585474012838457,0.021215790193100714,0.006878130594259943,0.03638393807500173
matched_raw_operational_structure,query_region_primary_near_octant_boundary,octant_minus_unweighted,octant_g1p00_cap20,unweighted,20270213,0.00765162311760291,0.03546897349161193,0.028768740721917624,1.074688858292049,0.01992137756240825,0.006830546802830309,0.041022086834707705
matched_raw_operational_structure,query_region_primary_near_octant_boundary,octant_minus_unweighted,octant_g1p00_cap20,unweighted,20270223,0.004740645000980745,0.036959446740428614,0.02946760541383958,0.8224941402334887,0.025117912973067563,0.000593182799349945,0.028026154873492692
matched_raw_operational_structure,query_region_primary_near_octant_boundary,octant_minus_unweighted,octant_g1p00_cap20,unweighted,20270303,0.0067138838542627755,0.03650195776755738,0.029554450788205622,1.16707235614669,0.02750245966435927,0.006443548244473685,0.04125554998710451
matched_raw_operational_structure,query_region_primary_near_octant_boundary,octant_minus_global,octant_g1p00_cap20,global_g0p75_cap20,20261203,-0.0034199953902058766,-0.005718772765461844,-0.00500079789754615,-0.7420171258615476,-0.005970410042672458,-0.00015921017876067978,-0.002591404854103363
matched_raw_operational_structure,query_region_primary_near_octant_boundary,octant_minus_global,octant_g1p00_cap20,global_g0p75_cap20,20261213,-0.0024550555513959127,-0.005361073992757093,-0.00456232298285375,-1.0807663881103284,-0.004047012319084942,-0.0005457182508364633,-0.007446611199534714
matched_raw_operational_structure,query_region_primary_near_octant_boundary,octant_minus_global,octant_g1p00_cap20,global_g0p75_cap20,20261223,-0.006162867436190628,-0.007759329147006333,-0.006943508501667306,-0.7398341619859785,-0.010012112501622261,0.003940105805864361,-0.01034349045018429
matched_raw_operational_structure,query_region_primary_near_octant_boundary,octant_minus_global,octant_g1p00_cap20,global_g0p75_cap20,20270103,-0.003713579064982389,-0.01556112119736075,-0.012720846753181747,-0.8917553791775816,-0.010295987362472253,-0.004064563092945533,-0.0076974412028193995
matched_raw_operational_structure,query_region_primary_near_octant_boundary,octant_minus_global,octant_g1p00_cap20,global_g0p75_cap20,20270113,-0.00033221808676807407,-0.0014475963110686108,-0.001176975401784991,-0.4717774519904925,-0.001282318169561536,0.0015232101269505721,-0.004344677863857005
matched_raw_operational_structure,query_region_primary_near_octant_boundary,octant_minus_global,octant_g1p00_cap20,global_g0p75_cap20,20270123,-0.003026593394250668,-0.012793516938047589,-0.010447744009713822,-0.31573653990333383,-0.010577507400615332,-0.0019954769076193507,-0.00534035063627053
matched_raw_operational_structure,query_region_primary_near_octant_boundary,octant_minus_global,octant_g1p00_cap20,global_g0p75_cap20,20270203,-0.0038585445926781897,-0.004481671239485174,-0.004108239908387046,-0.07963782670062614,-0.004970639904522456,-0.0011411016790877776,-0.003735598676011198
matched_raw_operational_structure,query_region_primary_near_octant_boundary,octant_minus_global,octant_g1p00_cap20,global_g0p75_cap20,20270213,-0.0038139798511341583,-0.003819298225204104,-0.003586651212740266,-0.3881526529278183,-0.005243943260363343,0.0007298964923357909,-0.00549134927654138
matched_raw_operational_structure,query_region_primary_near_octant_boundary,octant_minus_global,octant_g1p00_cap20,global_g0p75_cap20,20270223,-0.0019438696245800552,-0.008413073190223164,-0.006858193055244988,-0.7981184281594089,-0.007139107603661904,-0.0008332089112834812,-0.0012166756145892688
matched_raw_operational_structure,query_region_primary_near_octant_boundary,octant_minus_global,octant_g1p00_cap20,global_g0p75_cap20,20270303,-0.000284300946296584,-0.0044429854519060785,-0.0035256033553993094,-0.6327705251620035,-0.007480951952365145,0.001058740341664352,-0.002424914577475956
matched_raw_operational_structure,query_region_primary_far_from_octant_boundary,global_minus_unweighted,global_g0p75_cap20,unweighted,20261203,0.003037440762112223,0.01695499969435743,0.013557062493650851,1.2278816484796842,0.017717073241748704,-0.003942820477025058,0.0022582006078027406
matched_raw_operational_structure,query_region_primary_far_from_octant_boundary,global_minus_unweighted,global_g0p75_cap20,unweighted,20261213,0.003617090125948505,0.015283763363714564,0.012336718407121972,0.21082767647255096,0.014296386699844565,-0.005580318534416512,-0.010876068624807944
matched_raw_operational_structure,query_region_primary_far_from_octant_boundary,global_minus_unweighted,global_g0p75_cap20,unweighted,20261223,0.003527027497292612,0.015142817616848103,0.012211239343617897,-0.4122011744941414,0.01316140441132066,-0.00012686506243998752,-0.006556011503721704
matched_raw_operational_structure,query_region_primary_far_from_octant_boundary,global_minus_unweighted,global_g0p75_cap20,unweighted,20270103,0.0006989412232352027,0.023712100964989546,0.018500054133157584,0.6556168498952086,0.019313932922039173,-0.00025212894713189105,0.013859858517029089
matched_raw_operational_structure,query_region_primary_far_from_octant_boundary,global_minus_unweighted,global_g0p75_cap20,unweighted,20270113,0.0039190426016822155,0.014371441899502513,0.011665892007578949,1.0153261609329824,0.014338171815469647,-0.006473575185556718,-0.004718128282060141
matched_raw_operational_structure,query_region_primary_far_from_octant_boundary,global_minus_unweighted,global_g0p75_cap20,unweighted,20270123,0.002823536226903678,0.01328197821587318,0.010653261699236138,0.8168795160968028,0.011779634381429899,1.2618504007688713e-05,-0.0006629879535988148
matched_raw_operational_structure,query_region_primary_far_from_octant_boundary,global_minus_unweighted,global_g0p75_cap20,unweighted,20270203,0.003995684025222573,0.018433586220499787,0.014803398576215487,0.17197248093261486,0.01869578989694326,-0.0005879265747664314,-0.0022247679928003583
matched_raw_operational_structure,query_region_primary_far_from_octant_boundary,global_minus_unweighted,global_g0p75_cap20,unweighted,20270213,0.0006109461957707063,0.013432860127660207,0.010480488192333215,0.39819236120915136,0.008275494305505449,-0.0054134301883747155,-0.0001463030314681757
matched_raw_operational_structure,query_region_primary_far_from_octant_boundary,global_minus_unweighted,global_g0p75_cap20,unweighted,20270223,0.0052232466795409105,0.010382547074163972,0.008775012161623685,0.8145343714429174,0.013422739279761786,0.003928244140181433,0.03964929231836489
matched_raw_operational_structure,query_region_primary_far_from_octant_boundary,global_minus_unweighted,global_g0p75_cap20,unweighted,20270303,0.004732430436925339,0.009257511589813638,0.007824004150620456,1.1848650688969595,0.010717548288430495,0.0002622901451935916,0.03287686188100902
matched_raw_operational_structure,query_region_primary_far_from_octant_boundary,octant_minus_unweighted,octant_g1p00_cap20,unweighted,20261203,0.0009190506304442014,0.009538162680821971,0.007521314095244758,1.0096625414618075,0.01004091304571264,-0.0057162208673641884,-0.003984078431187421
matched_raw_operational_structure,query_region_primary_far_from_octant_boundary,octant_minus_unweighted,octant_g1p00_cap20,unweighted,20261213,0.0017482029197463528,0.010200794570195904,0.008144531625826124,0.14936256520997127,0.008788509949114787,-0.005863205778790848,-0.012712981898797882
matched_raw_operational_structure,query_region_primary_far_from_octant_boundary,octant_minus_unweighted,octant_g1p00_cap20,unweighted,20261223,0.0009016410867350722,0.01203249997256256,0.009442548511502113,-0.6519603156709515,0.003497710980165908,-0.00012502889767923575,-0.007331167351111834
matched_raw_operational_structure,query_region_primary_far_from_octant_boundary,octant_minus_unweighted,octant_g1p00_cap20,unweighted,20270103,-0.00020017090965977757,0.018316430369635706,0.014191115192895731,0.5175687280201213,0.014841924615568963,-0.0023207447030687695,0.00553566842001052
matched_raw_operational_structure,query_region_primary_far_from_octant_boundary,octant_minus_unweighted,octant_g1p00_cap20,unweighted,20270113,0.0020872677679138057,0.010160912608375594,0.008150838553923512,0.5457574614704974,0.008367831168150403,-0.006332843763757687,-0.008411662562041955
matched_raw_operational_structure,query_region_primary_far_from_octant_boundary,octant_minus_unweighted,octant_g1p00_cap20,unweighted,20270123,0.001331177278729112,0.010067527101609908,0.00795254936048645,0.7662167527368204,0.008544678281318968,-0.007971154738766278,-0.024163746955686127
matched_raw_operational_structure,query_region_primary_far_from_octant_boundary,octant_minus_unweighted,octant_g1p00_cap20,unweighted,20270203,0.0020187204678834975,0.010794453239075241,0.008620274193063104,0.333537823967216,0.009786068164794326,-0.004542603590096783,-0.009573142277608637
matched_raw_operational_structure,query_region_primary_far_from_octant_boundary,octant_minus_unweighted,octant_g1p00_cap20,unweighted,20270213,2.036657015763721e-05,0.009160576775555096,0.00709069590620337,0.5392749884565635,0.0034742600296587267,-0.005079042407255346,-0.005959442689462857
matched_raw_operational_structure,query_region_primary_far_from_octant_boundary,octant_minus_unweighted,octant_g1p00_cap20,unweighted,20270223,0.0022361483179466762,0.005920437937352863,0.004895287443780039,0.5004575021435755,0.007913686263657793,-0.00255904278488292,0.009913163707501282
matched_raw_operational_structure,query_region_primary_far_from_octant_boundary,octant_minus_unweighted,octant_g1p00_cap20,unweighted,20270303,0.0025342960140501414,0.005354650744660572,0.00449666361770229,0.6699086271842596,0.0073169626151601,-0.0013983620881573705,0.024201752417230993
matched_raw_operational_structure,query_region_primary_far_from_octant_boundary,octant_minus_global,octant_g1p00_cap20,global_g0p75_cap20,20261203,-0.0021183901316680215,-0.00741683701353546,-0.006035748398406093,-0.21821910701787672,-0.007676160196036064,-0.0017734003903391304,-0.006242279038990162
matched_raw_operational_structure,query_region_primary_far_from_octant_boundary,octant_minus_global,octant_g1p00_cap20,global_g0p75_cap20,20261213,-0.0018688872062021522,-0.005082968793518661,-0.004192186781295848,-0.0614651112625797,-0.005507876750729779,-0.00028288724437433577,-0.0018369132739899374
matched_raw_operational_structure,query_region_primary_far_from_octant_boundary,octant_minus_global,octant_g1p00_cap20,global_g0p75_cap20,20261223,-0.0026253864105575397,-0.003110317644285543,-0.0027686908321157833,-0.23975914117681008,-0.009663693431154752,1.8361647607517684e-06,-0.0007751558473901299
matched_raw_operational_structure,query_region_primary_far_from_octant_boundary,octant_minus_global,octant_g1p00_cap20,global_g0p75_cap20,20270103,-0.0008991121328949803,-0.005395670595353841,-0.004308938940261853,-0.1380481218750873,-0.00447200830647021,-0.0020686157559368784,-0.008324190097018569
matched_raw_operational_structure,query_region_primary_far_from_octant_boundary,octant_minus_global,octant_g1p00_cap20,global_g0p75_cap20,20270113,-0.0018317748337684098,-0.004210529291126919,-0.0035150534536554368,-0.46956869946248503,-0.005970340647319244,0.0001407314217990313,-0.003693534279981814
matched_raw_operational_structure,query_region_primary_far_from_octant_boundary,octant_minus_global,octant_g1p00_cap20,global_g0p75_cap20,20270123,-0.0014923589481745658,-0.0032144511142632726,-0.002700712338749689,-0.05066276335998232,-0.0032349561001109306,-0.007983773242773967,-0.023500759002087312
matched_raw_operational_structure,query_region_primary_far_from_octant_boundary,octant_minus_global,octant_g1p00_cap20,global_g0p75_cap20,20270203,-0.001976963557339076,-0.007639132981424546,-0.006183124383152383,0.16156534303460113,-0.008909721732148934,-0.003954677015330352,-0.007348374284808279
matched_raw_operational_structure,query_region_primary_far_from_octant_boundary,octant_minus_global,octant_g1p00_cap20,global_g0p75_cap20,20270213,-0.0005905796256130691,-0.004272283352105111,-0.0033897922861298446,0.14108262724741216,-0.004801234275846722,0.00033438778111936907,-0.0058131396579946815
matched_raw_operational_structure,query_region_primary_far_from_octant_boundary,octant_minus_global,octant_g1p00_cap20,global_g0p75_cap20,20270223,-0.0029870983615942343,-0.00446210913681111,-0.0038797247178436467,-0.31407686929934187,-0.005509053016103993,-0.006487286925064353,-0.02973612861086361
matched_raw_operational_structure,query_region_primary_far_from_octant_boundary,octant_minus_global,octant_g1p00_cap20,global_g0p75_cap20,20270303,-0.0021981344228751976,-0.0039028608451530666,-0.003327340532918166,-0.5149564417126999,-0.0034005856732703954,-0.0016606522333509621,-0.00867510946377803
matched_unweighted_practical,observed_test_octant_parent_weighted,global_minus_unweighted,global_g0p75_cap20,unweighted,20261203,0.0008584773328419865,0.014803115384031895,0.011771365193254335,0.8125223982829706,0.014562816308111626,-0.005376731264871093,0.013372117376668213
matched_unweighted_practical,observed_test_octant_parent_weighted,global_minus_unweighted,global_g0p75_cap20,unweighted,20261213,0.001286146711514627,0.015484911853848371,0.012199542514690326,0.4972129682971822,0.012558603125056966,-0.004638256345675176,0.0092147334595154
matched_unweighted_practical,observed_test_octant_parent_weighted,global_minus_unweighted,global_g0p75_cap20,unweighted,20261223,0.0012775243710266282,0.01994764162281698,0.01591007276162193,1.1507826956728646,0.021062421943545268,-0.006855993618465783,0.018193987509617704
matched_unweighted_practical,observed_test_octant_parent_weighted,global_minus_unweighted,global_g0p75_cap20,unweighted,20270103,0.002907801302196554,0.04045602275956084,0.03201911547619718,1.5671981887083977,0.03279731272290071,-0.0006766873814848945,0.029231128622819624
matched_unweighted_practical,observed_test_octant_parent_weighted,global_minus_unweighted,global_g0p75_cap20,unweighted,20270113,0.0012241246224019078,0.016670300939433613,0.01324460784704598,0.5741240012404685,0.012763579666411062,-0.0015160153144689742,0.013339523295744005
matched_unweighted_practical,observed_test_octant_parent_weighted,global_minus_unweighted,global_g0p75_cap20,unweighted,20270123,4.852280984196655e-05,0.026000182229745372,0.020407094272447024,1.2525240352476388,0.022255482354641226,-0.00629848391983763,0.018966457690969052
matched_unweighted_practical,observed_test_octant_parent_weighted,global_minus_unweighted,global_g0p75_cap20,unweighted,20270203,0.0004588196390933469,0.018025447695539487,0.014207757433405521,0.7095241992336643,0.015395897403205988,-0.0045832879974536805,0.013972149750756113
matched_unweighted_practical,observed_test_octant_parent_weighted,global_minus_unweighted,global_g0p75_cap20,unweighted,20270213,0.00026738816424071166,0.013173019953962306,0.010276275828882186,0.6165840075078979,0.011719031791572743,-0.00653197087131363,0.004901391556864865
matched_unweighted_practical,observed_test_octant_parent_weighted,global_minus_unweighted,global_g0p75_cap20,unweighted,20270223,0.0018317422701788905,0.018217832562352376,0.014491236669058716,1.1229453738490474,0.02428335089610703,-0.013816135380100097,0.011656123903477256
matched_unweighted_practical,observed_test_octant_parent_weighted,global_minus_unweighted,global_g0p75_cap20,unweighted,20270303,0.0023660101920658302,0.01829457548385105,0.014311368171647187,0.889058357539124,0.0205280267885245,-0.009379120904284874,0.012541971003312502
matched_unweighted_practical,observed_test_octant_parent_weighted,octant_minus_unweighted,octant_g1p00_cap20,unweighted,20261203,0.0002858889931348779,0.012711425372058383,0.010068729957787237,0.7355379568683063,0.011631296724214146,-0.004714858782731063,0.009893693875001275
matched_unweighted_practical,observed_test_octant_parent_weighted,octant_minus_unweighted,octant_g1p00_cap20,unweighted,20261213,0.00040407612513490565,0.012491484378782947,0.009782913588374992,0.4449350359116373,0.009490150587443846,-0.004461844552880928,0.006079793412699208
matched_unweighted_practical,observed_test_octant_parent_weighted,octant_minus_unweighted,octant_g1p00_cap20,unweighted,20261223,0.0002837476302683106,0.016210418632712276,0.012868315805167063,0.9063410864938284,0.014298534703699572,-0.004124621606372364,0.013261895065194484
matched_unweighted_practical,observed_test_octant_parent_weighted,octant_minus_unweighted,octant_g1p00_cap20,unweighted,20270103,0.0015566858791352597,0.03132128974677306,0.02473261742592142,1.2588503853531066,0.024414340590313333,-0.0015245804219167908,0.021113050752090023
matched_unweighted_practical,observed_test_octant_parent_weighted,octant_minus_unweighted,octant_g1p00_cap20,unweighted,20270113,0.00029239135530853555,0.014370765171834776,0.011353638139323191,0.4779378154564409,0.01018474035139938,-0.002261558487333809,0.010001408808030243
matched_unweighted_practical,observed_test_octant_parent_weighted,octant_minus_unweighted,octant_g1p00_cap20,unweighted,20270123,-0.00019868277053274042,0.020706368362724215,0.01622802350214919,0.8845954576108923,0.017187449336834276,-0.006885636985961036,0.013222114816787922
matched_unweighted_practical,observed_test_octant_parent_weighted,octant_minus_unweighted,octant_g1p00_cap20,unweighted,20270203,8.55955223290003e-05,0.01471589793583511,0.011574962113344023,0.5918765024822683,0.011569252333665736,-0.0045810276831863145,0.008589456104273807
matched_unweighted_practical,observed_test_octant_parent_weighted,octant_minus_unweighted,octant_g1p00_cap20,unweighted,20270213,-9.742059909917389e-06,0.01117368984623901,0.008693991561840586,0.5702327710483512,0.009374797803393453,-0.00523176638058058,0.0031277675598040955
matched_unweighted_practical,observed_test_octant_parent_weighted,octant_minus_unweighted,octant_g1p00_cap20,unweighted,20270223,0.0009050754467697514,0.015280878301237255,0.012098483106371627,0.7751267108968012,0.018319110603176425,-0.010389923253417949,0.00987504599189154
matched_unweighted_practical,observed_test_octant_parent_weighted,octant_minus_unweighted,octant_g1p00_cap20,unweighted,20270303,0.001013203566212692,0.015051397005387768,0.011695215933403225,0.614578449443222,0.014994423836870746,-0.006542899502477134,0.00933926185314543
matched_unweighted_practical,observed_test_octant_parent_weighted,octant_minus_global,octant_g1p00_cap20,global_g0p75_cap20,20261203,-0.0005725883397071085,-0.0020916900119735127,-0.0017026352354670982,-0.07698444141466432,-0.0029315195838974795,0.0006618724821400301,-0.0034784235016669385
matched_unweighted_practical,observed_test_octant_parent_weighted,octant_minus_global,octant_g1p00_cap20,global_g0p75_cap20,20261213,-0.0008820705863797212,-0.0029934274750654244,-0.002416628926315334,-0.0522779323855449,-0.00306845253761312,0.00017641179279424823,-0.0031349400468161925
matched_unweighted_practical,observed_test_octant_parent_weighted,octant_minus_global,octant_g1p00_cap20,global_g0p75_cap20,20261223,-0.0009937767407583176,-0.003737222990104705,-0.0030417569564548663,-0.24444160917903623,-0.006763887239845695,0.0027313720120934193,-0.0049320924444232195
matched_unweighted_practical,observed_test_octant_parent_weighted,octant_minus_global,octant_g1p00_cap20,global_g0p75_cap20,20270103,-0.0013511154230612943,-0.009134733012787777,-0.007286498050275758,-0.3083478033552911,-0.008382972132587374,-0.0008478930404318963,-0.0081180778707296
matched_unweighted_practical,observed_test_octant_parent_weighted,octant_minus_global,octant_g1p00_cap20,global_g0p75_cap20,20270113,-0.0009317332670933723,-0.002299535767598837,-0.0018909697077227894,-0.0961861857840276,-0.002578839315011683,-0.0007455431728648348,-0.0033381144877137614
matched_unweighted_practical,observed_test_octant_parent_weighted,octant_minus_global,octant_g1p00_cap20,global_g0p75_cap20,20270123,-0.00024720558037470697,-0.005293813867021158,-0.0041790707702978325,-0.36792857763674647,-0.00506803301780695,-0.0005871530661234053,-0.00574434287418113
matched_unweighted_practical,observed_test_octant_parent_weighted,octant_minus_global,octant_g1p00_cap20,global_g0p75_cap20,20270203,-0.0003732241167643466,-0.0033095497597043777,-0.0026327953200614984,-0.11764769675139597,-0.003826645069540252,2.2603142673660592e-06,-0.005382693646482306
matched_unweighted_practical,observed_test_octant_parent_weighted,octant_minus_global,octant_g1p00_cap20,global_g0p75_cap20,20270213,-0.00027713022415062905,-0.001999330107723296,-0.0015822842670416004,-0.04635123645954664,-0.0023442339881792895,0.0013002044907330507,-0.0017736239970607692
matched_unweighted_practical,observed_test_octant_parent_weighted,octant_minus_global,octant_g1p00_cap20,global_g0p75_cap20,20270223,-0.0009266668234091391,-0.002936954261115121,-0.002392753562687089,-0.34781866295224617,-0.005964240292930606,0.003426212126682149,-0.0017810779115857156
matched_unweighted_practical,observed_test_octant_parent_weighted,octant_minus_global,octant_g1p00_cap20,global_g0p75_cap20,20270303,-0.0013528066258531382,-0.0032431784784632822,-0.002616152238243963,-0.27447990809590195,-0.005533602951653754,0.0028362214018077397,-0.0032027091501670713
matched_unweighted_practical,observed_test_global_parent_weighted,global_minus_unweighted,global_g0p75_cap20,unweighted,20261203,0.000881197404984907,0.018251199244813054,0.014744958055022905,1.0500271638533665,0.016635180893619206,-0.005081253584656539,0.016536549007938217
matched_unweighted_practical,observed_test_global_parent_weighted,global_minus_unweighted,global_g0p75_cap20,unweighted,20261213,0.0018998582990650686,0.019341136809279902,0.015521594574464281,0.6781286413384784,0.01456523943205093,-0.005121489337084242,0.012101022800758698
matched_unweighted_practical,observed_test_global_parent_weighted,global_minus_unweighted,global_g0p75_cap20,unweighted,20261223,0.0010098118093728597,0.023459297317943162,0.01892517315125941,1.0029845735934444,0.023384367597310468,-0.006064921809558296,0.021782754391840686
matched_unweighted_practical,observed_test_global_parent_weighted,global_minus_unweighted,global_g0p75_cap20,unweighted,20270103,0.0030736488175830343,0.046199954343164984,0.037090882071775355,2.215995437702304,0.036276950508772804,0.0014290723229241908,0.03380646291395839
matched_unweighted_practical,observed_test_global_parent_weighted,global_minus_unweighted,global_g0p75_cap20,unweighted,20270113,0.0011265972892411658,0.021039028210121158,0.016947193685200534,0.7196168307482811,0.014902659872282564,-0.0007788163834775569,0.01753096936294163
matched_unweighted_practical,observed_test_global_parent_weighted,global_minus_unweighted,global_g0p75_cap20,unweighted,20270123,0.00038315690273527103,0.030588609196839367,0.024445617417151844,1.6613425697818265,0.025084591614016966,-0.0059403224504241126,0.02236442259981075
matched_unweighted_practical,observed_test_global_parent_weighted,global_minus_unweighted,global_g0p75_cap20,unweighted,20270203,0.0004494425888663667,0.02214343063870533,0.01774891626930236,1.122472781145058,0.018578335528541906,-0.005430633177795574,0.017867724195126444
matched_unweighted_practical,observed_test_global_parent_weighted,global_minus_unweighted,global_g0p75_cap20,unweighted,20270213,0.00040241632808332706,0.016748244709204996,0.013286616826465647,0.6483881162591043,0.013661077439433456,-0.006545873231716529,0.006525101318171078
matched_unweighted_practical,observed_test_global_parent_weighted,global_minus_unweighted,global_g0p75_cap20,unweighted,20270223,0.0017596750331923816,0.021750408252930897,0.017512524011416175,1.265591525734278,0.028005594553919322,-0.014672092351812022,0.013625579387601783
matched_unweighted_practical,observed_test_global_parent_weighted,global_minus_unweighted,global_g0p75_cap20,unweighted,20270303,0.0022349544335475216,0.021721849195210252,0.01729190661670338,0.9822959410043062,0.02357729754252333,-0.009710583181459412,0.01547809976211989
matched_unweighted_practical,observed_test_global_parent_weighted,octant_minus_unweighted,octant_g1p00_cap20,unweighted,20261203,0.0004509046576361003,0.016065480504469265,0.01295204306675779,0.8826305229830655,0.013522520038238256,-0.004647045279252138,0.011911294982207166
matched_unweighted_practical,observed_test_global_parent_weighted,octant_minus_unweighted,octant_g1p00_cap20,unweighted,20261213,0.0008194426280904027,0.01626755319831391,0.012985722811585887,0.5877629414840619,0.011473119228178091,-0.004937235803847723,0.008561042859064727
matched_unweighted_practical,observed_test_global_parent_weighted,octant_minus_unweighted,octant_g1p00_cap20,unweighted,20261223,0.00031793188688893775,0.020074593047444134,0.01615266314870739,0.767908148861741,0.016214549635524378,-0.0036408866056894112,0.015375501625310761
matched_unweighted_practical,observed_test_global_parent_weighted,octant_minus_unweighted,octant_g1p00_cap20,unweighted,20270103,0.0017808844212656647,0.03701246615045806,0.029662046028644418,1.7811293234999397,0.02752117111999411,-7.158118581852835e-05,0.024293153743351448
matched_unweighted_practical,observed_test_global_parent_weighted,octant_minus_unweighted,octant_g1p00_cap20,unweighted,20270113,0.0003961235245772618,0.01899887115789728,0.01525434321436342,0.6300366611672672,0.012434225191409187,-0.0016352581206217909,0.013662703097827189
matched_unweighted_practical,observed_test_global_parent_weighted,octant_minus_unweighted,octant_g1p00_cap20,unweighted,20270123,0.00023114222896890302,0.02502713582094468,0.019990967401762594,1.3556375227188244,0.019906655531531398,-0.0070780119878372655,0.015147281497427001
matched_unweighted_practical,observed_test_global_parent_weighted,octant_minus_unweighted,octant_g1p00_cap20,unweighted,20270203,0.0002322560315129174,0.018419241313644585,0.01475205930830431,0.7697079185722355,0.014465739750566364,-0.00591025975347087,0.009697456450776298
matched_unweighted_practical,observed_test_global_parent_weighted,octant_minus_unweighted,octant_g1p00_cap20,unweighted,20270213,0.00019835728404578312,0.014545052997758878,0.011524923657229125,0.7775018478635634,0.011237026941710415,-0.005488010504551055,0.004054121696955626
matched_unweighted_practical,observed_test_global_parent_weighted,octant_minus_unweighted,octant_g1p00_cap20,unweighted,20270223,0.0011115638350326362,0.01924828987389593,0.015460398702472733,0.9641909463966272,0.021519123637392862,-0.011232892542295952,0.011472432055411319
matched_unweighted_practical,observed_test_global_parent_weighted,octant_minus_unweighted,octant_g1p00_cap20,unweighted,20270303,0.0010593299922003127,0.018573984187337134,0.014718294717400271,0.7188235013297621,0.01726134936934018,-0.006674288291199898,0.011593463307352836
matched_unweighted_practical,observed_test_global_parent_weighted,octant_minus_global,octant_g1p00_cap20,global_g0p75_cap20,20261203,-0.0004302927473488066,-0.0021857187403437894,-0.0017929149882651152,-0.16739664087030093,-0.00311266085538095,0.0004342083054044016,-0.0046252540257310515
matched_unweighted_practical,observed_test_global_parent_weighted,octant_minus_global,octant_g1p00_cap20,global_g0p75_cap20,20261213,-0.001080415670974666,-0.003073583610965991,-0.0025358717628783944,-0.09036569985441645,-0.003092120203872839,0.00018425353323651972,-0.0035399799416939715
matched_unweighted_practical,observed_test_global_parent_weighted,octant_minus_global,octant_g1p00_cap20,global_g0p75_cap20,20261223,-0.000691879922483922,-0.0033847042704990282,-0.00277251000255202,-0.23507642473170343,-0.00716981796178609,0.002424035203868885,-0.006407252766529925
matched_unweighted_practical,observed_test_global_parent_weighted,octant_minus_global,octant_g1p00_cap20,global_g0p75_cap20,20270103,-0.0012927643963173696,-0.009187488192706927,-0.0074288360431309375,-0.43486611420236443,-0.008755779388778695,-0.0015006535087427192,-0.009513309170606943
matched_unweighted_practical,observed_test_global_parent_weighted,octant_minus_global,octant_g1p00_cap20,global_g0p75_cap20,20270113,-0.000730473764663904,-0.0020401570522238788,-0.001692850470837115,-0.08958016958101389,-0.002468434680873377,-0.000856441737144234,-0.0038682662651144395
matched_unweighted_practical,observed_test_global_parent_weighted,octant_minus_global,octant_g1p00_cap20,global_g0p75_cap20,20270123,-0.00015201467376636801,-0.005561473375894688,-0.00445465001538925,-0.30570504706300206,-0.005177936082485568,-0.001137689537413153,-0.007217141102383751
matched_unweighted_practical,observed_test_global_parent_weighted,octant_minus_global,octant_g1p00_cap20,global_g0p75_cap20,20270203,-0.00021718655735344927,-0.003724189325060745,-0.002996856960998051,-0.3527648625728226,-0.004112595777975542,-0.000479626575675296,-0.008170267744350146
matched_unweighted_practical,observed_test_global_parent_weighted,octant_minus_global,octant_g1p00_cap20,global_g0p75_cap20,20270213,-0.00020405904403754394,-0.0022031917114461175,-0.0017616931692365223,0.12911373160445905,-0.0024240504977230404,0.0010578627271654734,-0.0024709796212154522
matched_unweighted_practical,observed_test_global_parent_weighted,octant_minus_global,octant_g1p00_cap20,global_g0p75_cap20,20270223,-0.0006481111981597454,-0.0025021183790349677,-0.002052125308943442,-0.30140057933765085,-0.00648647091652646,0.003439199809516069,-0.0021531473321904637
matched_unweighted_practical,observed_test_global_parent_weighted,octant_minus_global,octant_g1p00_cap20,global_g0p75_cap20,20270303,-0.001175624441347209,-0.0031478650078731185,-0.0025736118993031076,-0.26347243967454403,-0.00631594817318315,0.003036294890259514,-0.003884636454767054
matched_unweighted_practical,observed_test_unweighted,global_minus_unweighted,global_g0p75_cap20,unweighted,20261203,0.0028826360344675825,0.03818725753218902,0.03099585488302914,1.6192449354732599,0.034021880663079235,-0.007044209260537615,0.02117696328597779
matched_unweighted_practical,observed_test_unweighted,global_minus_unweighted,global_g0p75_cap20,unweighted,20261213,0.004169555870975797,0.03785439160942802,0.030632218344615603,1.2983645527096623,0.02899524715173757,-0.005123323759185797,0.01680619668708294
matched_unweighted_practical,observed_test_unweighted,global_minus_unweighted,global_g0p75_cap20,unweighted,20261223,0.005430677787961892,0.054758477702149005,0.04450810780685266,1.8412345903633192,0.05225673688466578,-0.005100298395840724,0.02669935543528218
matched_unweighted_practical,observed_test_unweighted,global_minus_unweighted,global_g0p75_cap20,unweighted,20270103,0.02686777466686903,0.14286220224710178,0.1166405146354329,2.951423578102963,0.09394955521797824,0.06754254586943463,0.2617003126888485
matched_unweighted_practical,observed_test_unweighted,global_minus_unweighted,global_g0p75_cap20,unweighted,20270113,0.0033548233154955392,0.03920344371287435,0.03179302413374374,1.3980827939191371,0.031426230938314675,-0.0014826639409203507,0.022121002824761815
matched_unweighted_practical,observed_test_unweighted,global_minus_unweighted,global_g0p75_cap20,unweighted,20270123,0.005265476402939805,0.08707751047478413,0.07023427964360407,1.9514432817266876,0.0658503339075164,0.03284445644912061,0.1543384795193759
matched_unweighted_practical,observed_test_unweighted,global_minus_unweighted,global_g0p75_cap20,unweighted,20270203,0.0026705867338731454,0.04514637343975658,0.036518096601447864,1.5722018049106978,0.04165451654144969,-0.006777248436489733,0.023611261730136168
matched_unweighted_practical,observed_test_unweighted,global_minus_unweighted,global_g0p75_cap20,unweighted,20270213,0.0019660845953482498,0.03381086476720585,0.026999820039922018,1.0415473719693331,0.027914156504390858,-0.0065873312928392685,0.010938101904226949
matched_unweighted_practical,observed_test_unweighted,global_minus_unweighted,global_g0p75_cap20,unweighted,20270223,0.0062986521449599625,0.04737843547619902,0.03853197962856783,1.7425019712656065,0.04844073964995066,-0.015101142828118613,0.01976756163542881
matched_unweighted_practical,observed_test_unweighted,global_minus_unweighted,global_g0p75_cap20,unweighted,20270303,0.005856603866776902,0.04542617555792633,0.036613238548174304,1.8828439949125002,0.044664031087101486,-0.013793325668289724,0.01852315249190195
matched_unweighted_practical,observed_test_unweighted,octant_minus_unweighted,octant_g1p00_cap20,unweighted,20261203,0.00203097575715859,0.03541989181287489,0.028700720517956496,1.5499048714410648,0.030980114107294676,-0.00817282464113734,0.01832385564530148
matched_unweighted_practical,observed_test_unweighted,octant_minus_unweighted,octant_g1p00_cap20,unweighted,20261213,0.0027912314831153584,0.033988177748148246,0.027426472072880848,1.051288487180246,0.025256547680066688,-0.005126190809034745,0.01286097131084879
matched_unweighted_practical,observed_test_unweighted,octant_minus_unweighted,octant_g1p00_cap20,unweighted,20261223,0.0034343542841772587,0.04589829100607282,0.03722512483271706,1.2882402459971232,0.0406629924021735,-0.003729493802421352,0.01938243823859087
matched_unweighted_practical,observed_test_unweighted,octant_minus_unweighted,octant_g1p00_cap20,unweighted,20270103,0.02064738601135148,0.11197687489940517,0.09139212081440506,2.3785066375546684,0.07440125978752701,0.048209549861092674,0.18331410944717197
matched_unweighted_practical,observed_test_unweighted,octant_minus_unweighted,octant_g1p00_cap20,unweighted,20270113,0.002591493671219719,0.03748333969993786,0.03035225494476196,1.375418365465018,0.029589632406822858,-0.003915955535041898,0.017690131138433207
matched_unweighted_practical,observed_test_unweighted,octant_minus_unweighted,octant_g1p00_cap20,unweighted,20270123,0.0037539059414143233,0.07242431541247613,0.05835993417771829,1.6304159551568365,0.05592862210538985,0.02113094557785823,0.1095378998311809
matched_unweighted_practical,observed_test_unweighted,octant_minus_unweighted,octant_g1p00_cap20,unweighted,20270203,0.0019279927163315808,0.03915625325761268,0.03164402285649237,1.4064456545195192,0.03488312608785751,-0.007840327697222621,0.014428887504680354
matched_unweighted_practical,observed_test_unweighted,octant_minus_unweighted,octant_g1p00_cap20,unweighted,20270213,0.0014818718414547627,0.03200566282201023,0.025527051787157695,1.0706199066358408,0.025331782039237832,-0.006119033943189939,0.0074256892278987685
matched_unweighted_practical,observed_test_unweighted,octant_minus_unweighted,octant_g1p00_cap20,unweighted,20270223,0.004893204512773142,0.042412874324098904,0.03443452809427491,1.4321228783601194,0.040821193516472565,-0.012682165796555733,0.017322619382863558
matched_unweighted_practical,observed_test_unweighted,octant_minus_unweighted,octant_g1p00_cap20,unweighted,20270303,0.003597046405514323,0.040580552470312725,0.03258649400210925,1.4003267836213507,0.036331063368180705,-0.009763961572768966,0.01434853286951665
matched_unweighted_practical,observed_test_unweighted,octant_minus_global,octant_g1p00_cap20,global_g0p75_cap20,20261203,-0.0008516602773089924,-0.00276736571931413,-0.002295134365072643,-0.06934006403219506,-0.0030417665557845586,-0.0011286153805997248,-0.002853107640676311
matched_unweighted_practical,observed_test_unweighted,octant_minus_global,octant_g1p00_cap20,global_g0p75_cap20,20261213,-0.0013783243878604384,-0.003866213861279777,-0.003205746271734755,-0.2470760655294164,-0.003738699471670881,-2.8670498489480334e-06,-0.003945225376234152
matched_unweighted_practical,observed_test_unweighted,octant_minus_global,octant_g1p00_cap20,global_g0p75_cap20,20261223,-0.0019963235037846333,-0.008860186696076189,-0.007282982974135599,-0.552994344366196,-0.011593744482492285,0.0013708045934193724,-0.007316917196691308
matched_unweighted_practical,observed_test_unweighted,octant_minus_global,octant_g1p00_cap20,global_g0p75_cap20,20270103,-0.00622038865551755,-0.03088532734769661,-0.025248393821027837,-0.5729169405482946,-0.019548295430451224,-0.019332996008341957,-0.07838620324167656
matched_unweighted_practical,observed_test_unweighted,octant_minus_global,octant_g1p00_cap20,global_g0p75_cap20,20270113,-0.0007633296442758203,-0.0017201040129364853,-0.001440769188981783,-0.02266442845411909,-0.0018365985314918176,-0.0024332915941215477,-0.004430871686328608
matched_unweighted_practical,observed_test_unweighted,octant_minus_global,octant_g1p00_cap20,global_g0p75_cap20,20270123,-0.0015115704615254813,-0.014653195062308,-0.011874345465885783,-0.3210273265698511,-0.00992171180212656,-0.011713510871262378,-0.04480057968819501
matched_unweighted_practical,observed_test_unweighted,octant_minus_global,octant_g1p00_cap20,global_g0p75_cap20,20270203,-0.0007425940175415646,-0.005990120182143899,-0.004874073744955493,-0.16575615039117864,-0.00677139045359218,-0.0010630792607328882,-0.009182374225455814
matched_unweighted_practical,observed_test_unweighted,octant_minus_global,octant_g1p00_cap20,global_g0p75_cap20,20270213,-0.00048421275389348706,-0.0018052019451956225,-0.0014727682527643227,0.02907253466650772,-0.0025823744651530256,0.0004682973496493298,-0.0035124126763281804
matched_unweighted_practical,observed_test_unweighted,octant_minus_global,octant_g1p00_cap20,global_g0p75_cap20,20270223,-0.001405447632186821,-0.0049655611521001175,-0.004097451534292917,-0.31037909290548704,-0.0076195461334780945,0.00241897703156288,-0.002444942252565252
matched_unweighted_practical,observed_test_unweighted,octant_minus_global,octant_g1p00_cap20,global_g0p75_cap20,20270303,-0.002259557461262579,-0.004845623087613604,-0.004026744546065053,-0.48251721129114955,-0.00833296771892078,0.0040293640955207585,-0.0041746196223853005
matched_unweighted_practical,query_region_primary_support,global_minus_unweighted,global_g0p75_cap20,unweighted,20261203,0.005142686909384173,0.024511502902159643,0.020010252442976884,0.7759379718928034,0.022308993942147554,-0.001777117934769576,0.020091046968920723
matched_unweighted_practical,query_region_primary_support,global_minus_unweighted,global_g0p75_cap20,unweighted,20261213,0.011917373499054237,0.02622137744125691,0.02239497155875181,0.46959527633962317,0.02320950879251707,-0.001667811618734777,0.01512166879744431
matched_unweighted_practical,query_region_primary_support,global_minus_unweighted,global_g0p75_cap20,unweighted,20261223,0.007493711159576921,0.024083003891006483,0.0200228393695846,1.656824193193298,0.02386914503580967,-0.0025500801484999724,0.019949416129126263
matched_unweighted_practical,query_region_primary_support,global_minus_unweighted,global_g0p75_cap20,unweighted,20270103,0.004377973390406714,0.04395729627921535,0.035185418728564066,2.1665975213168416,0.027934742952329505,0.005676416833761036,0.03252050602956408
matched_unweighted_practical,query_region_primary_support,global_minus_unweighted,global_g0p75_cap20,unweighted,20270113,0.00772096266427999,0.023014159443219773,0.019216515004349788,1.1452988385571974,0.02057349958697946,-0.0031357772661499833,0.016661442654483882
matched_unweighted_practical,query_region_primary_support,global_minus_unweighted,global_g0p75_cap20,unweighted,20270123,0.009004899945874806,0.031631951120256796,0.026156459203768023,1.7924992747718633,0.025784387972001194,-0.0007073701565803725,0.016983681969750364
matched_unweighted_practical,query_region_primary_support,global_minus_unweighted,global_g0p75_cap20,unweighted,20270203,0.007595946500403308,0.0264830344405943,0.021928773310473493,0.6949532812187353,0.022714157222512715,0.0012162176749941772,0.016617866010483096
matched_unweighted_practical,query_region_primary_support,global_minus_unweighted,global_g0p75_cap20,unweighted,20270213,0.009520471114343287,0.02096898800354441,0.01791622128622722,0.9764733793627975,0.016255023414070507,-0.002813963047270926,0.008457977179463338
matched_unweighted_practical,query_region_primary_support,global_minus_unweighted,global_g0p75_cap20,unweighted,20270223,0.005349234779280995,0.022009531820771477,0.01808314797584243,0.895642954425206,0.024563835515684584,-0.005586665739849839,0.009744048546287187
matched_unweighted_practical,query_region_primary_support,global_minus_unweighted,global_g0p75_cap20,unweighted,20270303,0.00682620347455154,0.02286425614402221,0.018986734875089673,0.9774276669288486,0.024354778035747926,-0.0035934770795682386,0.014237113946119928
matched_unweighted_practical,query_region_primary_support,octant_minus_unweighted,octant_g1p00_cap20,unweighted,20261203,0.004395044614631541,0.020072011184082916,0.016412488755355337,0.6606540742249774,0.01758392462464828,-0.0026294191145253,0.014391188453814874
matched_unweighted_practical,query_region_primary_support,octant_minus_unweighted,octant_g1p00_cap20,unweighted,20261213,0.009722434013575768,0.020993206500647732,0.017957658934294296,0.425004081873654,0.017681729728196316,-0.0022592283141309455,0.009558430772051263
matched_unweighted_practical,query_region_primary_support,octant_minus_unweighted,octant_g1p00_cap20,unweighted,20261223,0.004638258504105847,0.019188281106550742,0.015741024536397308,0.8409500416525422,0.0167720629287178,-0.0035659476539272594,0.012309159002556469
matched_unweighted_practical,query_region_primary_support,octant_minus_unweighted,octant_g1p00_cap20,unweighted,20270103,0.002892635816709399,0.03482324519497676,0.02777763670118011,1.8193537655314866,0.022626640062835296,0.002446058119097025,0.02236915994529215
matched_unweighted_practical,query_region_primary_support,octant_minus_unweighted,octant_g1p00_cap20,unweighted,20270113,0.0063001822807260965,0.01947089031289745,0.01621958923992156,0.7285763014199791,0.01595204275410181,-0.0027700219871068382,0.012449997456342676
matched_unweighted_practical,query_region_primary_support,octant_minus_unweighted,octant_g1p00_cap20,unweighted,20270123,0.006827355695116083,0.02539814970952481,0.020935528715739837,1.1662413256016109,0.019299941951953947,-0.002202307514194965,0.010911730383755147
matched_unweighted_practical,query_region_primary_support,octant_minus_unweighted,octant_g1p00_cap20,unweighted,20270203,0.005402301844022087,0.02131773123901437,0.017541307344352386,0.5686874716514598,0.016199472741092846,-0.0005758698992824468,0.012141378184911511
matched_unweighted_practical,query_region_primary_support,octant_minus_unweighted,octant_g1p00_cap20,unweighted,20270213,0.00777511500364364,0.01852946759259,0.015728410606181742,0.8406558207676156,0.013137255461826397,-0.001974846929452087,0.006756818503344031
matched_unweighted_practical,query_region_primary_support,octant_minus_unweighted,octant_g1p00_cap20,unweighted,20270223,0.0032406277023374758,0.017405540094500516,0.014149968352630271,1.1513840762802623,0.017937321964768882,-0.0057409798026561015,0.0077626719614403705
matched_unweighted_practical,query_region_primary_support,octant_minus_unweighted,octant_g1p00_cap20,unweighted,20270303,0.005176626396937084,0.01857213342887082,0.01536790541895905,0.8675698046583609,0.018709892426382713,-0.0030012272118624117,0.00996239791648651
matched_unweighted_practical,query_region_primary_support,octant_minus_global,octant_g1p00_cap20,global_g0p75_cap20,20261203,-0.0007476422947526318,-0.004439491718076727,-0.003597763687621547,-0.1152838976678261,-0.004725069317499275,-0.000852301179755724,-0.005699858515105849
matched_unweighted_practical,query_region_primary_support,octant_minus_global,octant_g1p00_cap20,global_g0p75_cap20,20261213,-0.00219493948547847,-0.005228170940609178,-0.004437312624457512,-0.04459119446596915,-0.005527779064320754,-0.0005914166953961686,-0.005563238025393047
matched_unweighted_practical,query_region_primary_support,octant_minus_global,octant_g1p00_cap20,global_g0p75_cap20,20261223,-0.0028554526554710746,-0.004894722784455741,-0.004281814833187292,-0.8158741515407559,-0.007097082107091868,-0.001015867505427287,-0.007640257126569794
matched_unweighted_practical,query_region_primary_support,octant_minus_global,octant_g1p00_cap20,global_g0p75_cap20,20270103,-0.0014853375736973151,-0.009134051084238592,-0.007407782027383958,-0.34724375578535494,-0.0053081028894942095,-0.003230358714664011,-0.010151346084271928
matched_unweighted_practical,query_region_primary_support,octant_minus_global,octant_g1p00_cap20,global_g0p75_cap20,20270113,-0.0014207803835538935,-0.003543269130322324,-0.0029969257644282266,-0.4167225371372183,-0.004621456832877652,0.0003657552790431451,-0.004211445198141206
matched_unweighted_practical,query_region_primary_support,octant_minus_global,octant_g1p00_cap20,global_g0p75_cap20,20270123,-0.002177544250758723,-0.006233801410731987,-0.005220930488028186,-0.6262579491702525,-0.0064844460200472465,-0.0014949373576145925,-0.006071951585995217
matched_unweighted_practical,query_region_primary_support,octant_minus_global,octant_g1p00_cap20,global_g0p75_cap20,20270203,-0.0021936446563812217,-0.005165303201579929,-0.004387465966121107,-0.1262658095672755,-0.006514684481419869,-0.001792087574276624,-0.0044764878255715845
matched_unweighted_practical,query_region_primary_support,octant_minus_global,octant_g1p00_cap20,global_g0p75_cap20,20270213,-0.0017453561106996474,-0.00243952041095441,-0.0021878106800454766,-0.13581755859518196,-0.0031177679522441104,0.0008391161178188389,-0.0017011586761193076
matched_unweighted_practical,query_region_primary_support,octant_minus_global,octant_g1p00_cap20,global_g0p75_cap20,20270223,-0.0021086070769435195,-0.004603991726270962,-0.003933179623212157,0.25574112185505626,-0.0066265135509157025,-0.0001543140628062628,-0.0019813765848468168
matched_unweighted_practical,query_region_primary_support,octant_minus_global,octant_g1p00_cap20,global_g0p75_cap20,20270303,-0.0016495770776144558,-0.004292122715151392,-0.0036188294561306233,-0.10985786227048777,-0.005644885609365213,0.0005922498677058269,-0.004274716029633419
matched_unweighted_practical,query_common_strict_support,global_minus_unweighted,global_g0p75_cap20,unweighted,20261203,0.012304589510055836,0.05923446179583827,0.04538438833310443,2.721811399086385,0.04777072821432682,0.010248056059611918,0.073173292647366
matched_unweighted_practical,query_common_strict_support,global_minus_unweighted,global_g0p75_cap20,unweighted,20261213,0.036434978133161725,0.07966838422110095,0.06558813585407136,2.1603933930644477,0.06124357802513705,0.029096760645401426,0.13177841617063807
matched_unweighted_practical,query_common_strict_support,global_minus_unweighted,global_g0p75_cap20,unweighted,20261223,0.015808073967447017,0.06105352496364569,0.04787581426717219,2.3023206165081094,0.042270255595690365,0.01839284949080261,0.0640583856187219
matched_unweighted_practical,query_common_strict_support,global_minus_unweighted,global_g0p75_cap20,unweighted,20270103,0.012740534995844724,0.1237649637898055,0.09405129076102506,2.1550529953666713,0.08461472297247419,0.0663134696805903,0.18950971045932447
matched_unweighted_practical,query_common_strict_support,global_minus_unweighted,global_g0p75_cap20,unweighted,20270113,0.02786304567969239,0.06035706695658574,0.04978923770364929,1.3096828914115024,0.050279226591470716,0.017336704310546187,0.10200330139148789
matched_unweighted_practical,query_common_strict_support,global_minus_unweighted,global_g0p75_cap20,unweighted,20270123,0.028783771546549194,0.0940369729943556,0.07434772470871917,1.6066883152072489,0.06525547601094572,0.04191353770735051,0.14077869730144438
matched_unweighted_practical,query_common_strict_support,global_minus_unweighted,global_g0p75_cap20,unweighted,20270203,0.02336870156847047,0.06326739852086805,0.050970841053659094,2.6992085663533105,0.053108261651976574,0.01775004727048962,0.1040356956346199
matched_unweighted_practical,query_common_strict_support,global_minus_unweighted,global_g0p75_cap20,unweighted,20270213,0.03762977265082888,0.06093479769685786,0.0526708955894134,2.2329246277484707,0.047662222474092936,0.024531013679915156,0.10633181943846953
matched_unweighted_practical,query_common_strict_support,global_minus_unweighted,global_g0p75_cap20,unweighted,20270223,0.01233065527887127,0.06452174604566299,0.049902110637626396,2.0297225053598904,0.045410540131402055,-0.00022513936709470106,0.07157691295665133
matched_unweighted_practical,query_common_strict_support,global_minus_unweighted,global_g0p75_cap20,unweighted,20270303,0.02221580578846888,0.05888531829459856,0.047522970533970255,0.7680697928038995,0.04735087388935827,0.011563219266360322,0.08471914996601781
matched_unweighted_practical,query_common_strict_support,octant_minus_unweighted,octant_g1p00_cap20,unweighted,20261203,0.014442567210270207,0.0622653793919756,0.048046130529360104,2.3172173521428228,0.04539674384161016,0.01468159936380932,0.07997295507804608
matched_unweighted_practical,query_common_strict_support,octant_minus_unweighted,octant_g1p00_cap20,unweighted,20261213,0.034776829672751516,0.07884198921548569,0.06459135596542767,1.1280611978220962,0.05335000222152969,0.031264670561814395,0.12709023545837728
matched_unweighted_practical,query_common_strict_support,octant_minus_unweighted,octant_g1p00_cap20,unweighted,20261223,0.014753611005998382,0.056555842962487446,0.044365880681987324,0.7791920054073342,0.03840709544368284,0.019316151876992635,0.06218895196374841
matched_unweighted_practical,query_common_strict_support,octant_minus_unweighted,octant_g1p00_cap20,unweighted,20270103,0.011188939422246205,0.10331940931530131,0.07851305954191604,2.259872671228438,0.06562534867008932,0.052566827477593545,0.136692071058843
matched_unweighted_practical,query_common_strict_support,octant_minus_unweighted,octant_g1p00_cap20,unweighted,20270113,0.025169607016110804,0.060227509003836305,0.04911827977919342,0.37864686404689163,0.04516825545449679,0.018922855496097395,0.10324263932614769
matched_unweighted_practical,query_common_strict_support,octant_minus_unweighted,octant_g1p00_cap20,unweighted,20270123,0.027444003717523965,0.08603966413466585,0.06824812195514451,0.8026939522735432,0.053348578280174974,0.03486850650385154,0.1398725610905811
matched_unweighted_practical,query_common_strict_support,octant_minus_unweighted,octant_g1p00_cap20,unweighted,20270203,0.0220240783875629,0.065137136230768,0.05207039324283427,1.7667224365060905,0.046369559311713354,0.022089126200391856,0.10659843084740989
matched_unweighted_practical,query_common_strict_support,octant_minus_unweighted,octant_g1p00_cap20,unweighted,20270213,0.034771556064992395,0.06555201375975897,0.055174701888448724,1.505268919598942,0.046376925389858825,0.030672388162696462,0.10741918477476414
matched_unweighted_practical,query_common_strict_support,octant_minus_unweighted,octant_g1p00_cap20,unweighted,20270223,0.00936055625567929,0.05633284625456844,0.04331284195781282,1.939249598762136,0.036906531919327745,0.0032473278392435648,0.07482675112609558
matched_unweighted_practical,query_common_strict_support,octant_minus_unweighted,octant_g1p00_cap20,unweighted,20270303,0.0219874284626196,0.05818188470118646,0.04696286830714855,1.1705919807792098,0.045452099672010665,0.015315897341074344,0.08707025510230582
matched_unweighted_practical,query_common_strict_support,octant_minus_global,octant_g1p00_cap20,global_g0p75_cap20,20261203,0.002137977700214372,0.003030917596137328,0.002661742196255673,-0.40459404694356227,-0.0023739843727166587,0.0044335433041974015,0.006799662430680087
matched_unweighted_practical,query_common_strict_support,octant_minus_global,octant_g1p00_cap20,global_g0p75_cap20,20261213,-0.0016581484604102081,-0.0008263950056152658,-0.0009967798886436896,-1.0323321952423514,-0.007893575803607361,0.002167909916412969,-0.004688180712260792
matched_unweighted_practical,query_common_strict_support,octant_minus_global,octant_g1p00_cap20,global_g0p75_cap20,20261223,-0.001054462961448635,-0.004497682001158243,-0.0035099335851848656,-1.5231286111007751,-0.003863160152007522,0.0009233023861900252,-0.0018694336549734958
matched_unweighted_practical,query_common_strict_support,octant_minus_global,octant_g1p00_cap20,global_g0p75_cap20,20270103,-0.0015515955735985187,-0.02044555447450419,-0.015538231219109022,0.10481967586176655,-0.01898937430238487,-0.013746642202996762,-0.05281763940048145
matched_unweighted_practical,query_common_strict_support,octant_minus_global,octant_g1p00_cap20,global_g0p75_cap20,20270113,-0.002693438663581585,-0.00012955795274943727,-0.0006709579244558728,-0.9310360273646108,-0.005110971136973924,0.0015861511855512073,0.001239337934659801
matched_unweighted_practical,query_common_strict_support,octant_minus_global,octant_g1p00_cap20,global_g0p75_cap20,20270123,-0.001339767829025229,-0.007997308859689745,-0.006099602753574657,-0.8039943629337056,-0.011906897730770749,-0.007045031203498975,-0.0009061362108632731
matched_unweighted_practical,query_common_strict_support,octant_minus_global,octant_g1p00_cap20,global_g0p75_cap20,20270203,-0.0013446231809075698,0.0018697377098999546,0.0010995521891751792,-0.93248612984722,-0.00673870234026322,0.004339078929902235,0.0025627352127899905
matched_unweighted_practical,query_common_strict_support,octant_minus_global,octant_g1p00_cap20,global_g0p75_cap20,20270213,-0.002858216585836487,0.004617216062901108,0.0025038062990353216,-0.7276557081495287,-0.0012852970842341105,0.006141374482781306,0.00108736533629461
matched_unweighted_practical,query_common_strict_support,octant_minus_global,octant_g1p00_cap20,global_g0p75_cap20,20270223,-0.00297009902319198,-0.00818889979109455,-0.006589268679813576,-0.09047290659775431,-0.00850400821207431,0.003472467206338266,0.0032498381694442413
matched_unweighted_practical,query_common_strict_support,octant_minus_global,octant_g1p00_cap20,global_g0p75_cap20,20270303,-0.00022837732584927994,-0.0007034335934121005,-0.0005601022268217071,0.40252218797531025,-0.001898774217347604,0.003752678074714022,0.002351105136288001
matched_unweighted_practical,query_region_primary_near_octant_boundary,global_minus_unweighted,global_g0p75_cap20,unweighted,20261203,0.008208656204839612,0.03041206135102925,0.024980849606936972,0.7409256132175965,0.023366051882818012,0.0021635015727304585,0.022198899756966706
matched_unweighted_practical,query_region_primary_near_octant_boundary,global_minus_unweighted,global_g0p75_cap20,unweighted,20261213,0.011182200302327791,0.036733470907090615,0.030357241216146746,1.460560876130847,0.025772387336362917,0.003435797485741132,0.023279277709468693
matched_unweighted_practical,query_region_primary_near_octant_boundary,global_minus_unweighted,global_g0p75_cap20,unweighted,20261223,0.009812378338473912,0.03318757555869556,0.027388976569663964,1.4393441918444587,0.02489052849503387,-0.002230921007312675,0.019892373124416995
matched_unweighted_practical,query_region_primary_near_octant_boundary,global_minus_unweighted,global_g0p75_cap20,unweighted,20270103,0.006802548239982692,0.0669520877393972,0.05333064488110939,2.1712902957039493,0.03739016190679631,0.01949118213784963,0.059316728401597185
matched_unweighted_practical,query_region_primary_near_octant_boundary,global_minus_unweighted,global_g0p75_cap20,unweighted,20270113,0.008774966756736044,0.03156519265642638,0.025913301844289666,1.386528641114949,0.02185911893368192,-0.0012552269297372298,0.019521574794929275
matched_unweighted_practical,query_region_primary_near_octant_boundary,global_minus_unweighted,global_g0p75_cap20,unweighted,20270123,0.00995431060353244,0.04805896730253817,0.03897318086117635,1.1804490990854895,0.031775858121454864,0.007106893565338099,0.03383580914975293
matched_unweighted_practical,query_region_primary_near_octant_boundary,global_minus_unweighted,global_g0p75_cap20,unweighted,20270203,0.00869239077512124,0.03653479532827392,0.029801588534043133,0.19345189654337958,0.022731659049615743,0.007321841399014914,0.020640286236771055
matched_unweighted_practical,query_region_primary_near_octant_boundary,global_minus_unweighted,global_g0p75_cap20,unweighted,20270213,0.009105823213473821,0.03110566179765223,0.025657770342015912,0.45773682974200725,0.02085032834968964,0.0035028400682573096,0.017222781962472733
matched_unweighted_practical,query_region_primary_near_octant_boundary,global_minus_unweighted,global_g0p75_cap20,unweighted,20270223,0.005521959668065804,0.03602293842391935,0.02892936413964839,1.4965611473998433,0.028220057353144784,-0.0014296795104406929,0.020317036322090254
matched_unweighted_practical,query_region_primary_near_octant_boundary,global_minus_unweighted,global_g0p75_cap20,unweighted,20270303,0.007716083765909987,0.03242889119125125,0.026507634476954867,1.5782034459321679,0.027662000261117203,0.0009784801613590965,0.012231878176794941
matched_unweighted_practical,query_region_primary_near_octant_boundary,octant_minus_unweighted,octant_g1p00_cap20,unweighted,20261203,0.006624126281033607,0.02770960416842444,0.02263052464518467,0.9281497107929741,0.01934605646309473,0.0016001118482591864,0.01975717855799658
matched_unweighted_practical,query_region_primary_near_octant_boundary,octant_minus_unweighted,octant_g1p00_cap20,unweighted,20261213,0.008788057650347583,0.03171929192492068,0.02607684020171447,1.2234994792594271,0.02093689048236197,0.0024186643728510426,0.01802111014437402
matched_unweighted_practical,query_region_primary_near_octant_boundary,octant_minus_unweighted,octant_g1p00_cap20,unweighted,20261223,0.00766040287965726,0.02830838559048815,0.023252496363553782,1.3289317233086084,0.01993292844476724,-0.0015076545162589217,0.012104627624747566
matched_unweighted_practical,query_region_primary_near_octant_boundary,octant_minus_unweighted,octant_g1p00_cap20,unweighted,20270103,0.005611879127198627,0.053260413276291996,0.04242419255826824,1.165319996955878,0.02930021528979715,0.013365773872204847,0.05300822036055519
matched_unweighted_practical,query_region_primary_near_octant_boundary,octant_minus_unweighted,octant_g1p00_cap20,unweighted,20270113,0.008822803862153464,0.029003163854279257,0.02393651949948275,1.470156694369087,0.018370039118521253,0.0002500129501456366,0.016550733497236958
matched_unweighted_practical,query_region_primary_near_octant_boundary,octant_minus_unweighted,octant_g1p00_cap20,unweighted,20270123,0.007910370448913712,0.03810265728446771,0.030894588104724452,1.0672430820743415,0.023558294954537484,0.004550474495531018,0.03042457892735828
matched_unweighted_practical,query_region_primary_near_octant_boundary,octant_minus_unweighted,octant_g1p00_cap20,unweighted,20270203,0.006607204200116776,0.03300889360237824,0.026729264996114166,-0.22305507829397975,0.018394535301456072,0.006461074547584059,0.01620002406801818
matched_unweighted_practical,query_region_primary_near_octant_boundary,octant_minus_unweighted,octant_g1p00_cap20,unweighted,20270213,0.006038600208629036,0.02874443843355534,0.0233479924296168,0.4484152926621796,0.016631372668393485,0.0038253627269336232,0.01421972288657436
matched_unweighted_practical,query_region_primary_near_octant_boundary,octant_minus_unweighted,octant_g1p00_cap20,unweighted,20270223,0.004700551365849626,0.02918163135933155,0.023463719766571384,1.0159719546706558,0.021686165661261303,-0.002320653164959441,0.012882281965219733
matched_unweighted_practical,query_region_primary_near_octant_boundary,octant_minus_unweighted,octant_g1p00_cap20,unweighted,20270303,0.006875472528413362,0.02771616540679228,0.02269507385445596,0.978578486583217,0.02211836039837392,0.0006055541461039843,0.0069686446318197315
matched_unweighted_practical,query_region_primary_near_octant_boundary,octant_minus_global,octant_g1p00_cap20,global_g0p75_cap20,20261203,-0.001584529923806005,-0.0027024571826048116,-0.0023503249617523037,0.1872240975753776,-0.004019995419723282,-0.0005633897244712721,-0.002441721198970126
matched_unweighted_practical,query_region_primary_near_octant_boundary,octant_minus_global,octant_g1p00_cap20,global_g0p75_cap20,20261213,-0.002394142651980208,-0.005014178982169937,-0.004280401014432278,-0.23706139687141992,-0.004835496854000948,-0.0010171331128900896,-0.0052581675650946735
matched_unweighted_practical,query_region_primary_near_octant_boundary,octant_minus_global,octant_g1p00_cap20,global_g0p75_cap20,20261223,-0.0021519754588166518,-0.004879189968207409,-0.004136480206110182,-0.1104124685358503,-0.004957600050266631,0.0007232664910537534,-0.0077877454996694295
matched_unweighted_practical,query_region_primary_near_octant_boundary,octant_minus_global,octant_g1p00_cap20,global_g0p75_cap20,20270103,-0.0011906691127840652,-0.013691674463105208,-0.010906452322841154,-1.0059702987480712,-0.00808994661699916,-0.006125408265644783,-0.006308508041041994
matched_unweighted_practical,query_region_primary_near_octant_boundary,octant_minus_global,octant_g1p00_cap20,global_g0p75_cap20,20270113,4.783710541741981e-05,-0.0025620288021471205,-0.0019767823448069155,0.08362805325413802,-0.0034890798151606672,0.0015052398798828664,-0.002970841297692317
matched_unweighted_practical,query_region_primary_near_octant_boundary,octant_minus_global,octant_g1p00_cap20,global_g0p75_cap20,20270123,-0.0020439401546187286,-0.009956310018070458,-0.008078592756451897,-0.11320601701114796,-0.00821756316691738,-0.002556419069807081,-0.0034112302223946456
matched_unweighted_practical,query_region_primary_near_octant_boundary,octant_minus_global,octant_g1p00_cap20,global_g0p75_cap20,20270203,-0.0020851865750044635,-0.003525901725895675,-0.003072323537928967,-0.4165069748373593,-0.004337123748159671,-0.0008607668514308553,-0.004440262168752873
matched_unweighted_practical,query_region_primary_near_octant_boundary,octant_minus_global,octant_g1p00_cap20,global_g0p75_cap20,20270213,-0.003067223004844785,-0.002361223364096887,-0.0023097779123991136,-0.009321537079827635,-0.004218955681296155,0.0003225226586763136,-0.0030030590758983733
matched_unweighted_practical,query_region_primary_near_octant_boundary,octant_minus_global,octant_g1p00_cap20,global_g0p75_cap20,20270223,-0.0008214083022161783,-0.006841307064587798,-0.0054656443730770055,-0.48058919272918743,-0.006533891691883481,-0.000890973654518748,-0.007434754356870521
matched_unweighted_practical,query_region_primary_near_octant_boundary,octant_minus_global,octant_g1p00_cap20,global_g0p75_cap20,20270303,-0.0008406112374966246,-0.004712725784458971,-0.003812560622498906,-0.5996249593489509,-0.005543639862743283,-0.00037292601525511226,-0.00526323354497521
matched_unweighted_practical,query_region_primary_far_from_octant_boundary,global_minus_unweighted,global_g0p75_cap20,unweighted,20261203,0.003524143473689345,0.016041104930042738,0.012904844292703166,0.5817474071673967,0.02032239032719549,-0.003509709758889104,0.010997671680477439
matched_unweighted_practical,query_region_primary_far_from_octant_boundary,global_minus_unweighted,global_g0p75_cap20,unweighted,20261213,0.003863563026685446,0.011766721923533952,0.009644814288243153,0.1280244820810239,0.01347882994482158,-0.007762260645804417,-0.009899931692921693
matched_unweighted_practical,query_region_primary_far_from_octant_boundary,global_minus_unweighted,global_g0p75_cap20,unweighted,20261223,0.005495483141025104,0.013124097715454641,0.010940741655357522,0.5905666596990287,0.017449072755148676,0.009394703963287648,0.009444696680051157
matched_unweighted_practical,query_region_primary_far_from_octant_boundary,global_minus_unweighted,global_g0p75_cap20,unweighted,20270103,0.0031486639337082317,0.024422471791673173,0.01935019526177234,0.10024881679526132,0.022406272872575572,-0.0004455665676141862,0.013665858952179533
matched_unweighted_practical,query_region_primary_far_from_octant_boundary,global_minus_unweighted,global_g0p75_cap20,unweighted,20270113,0.0036428384857031815,0.013402623190342966,0.010877031018866778,1.164944276838316,0.01251578556868918,0.0012202331566496805,0.005082049675657119
matched_unweighted_practical,query_region_primary_far_from_octant_boundary,global_minus_unweighted,global_g0p75_cap20,unweighted,20270123,0.004676146378302368,0.014459747699189396,0.011840504942843166,2.1036758136328757,0.0157151043631667,0.0072301296774424095,0.03775277546938338
matched_unweighted_practical,query_region_primary_far_from_octant_boundary,global_minus_unweighted,global_g0p75_cap20,unweighted,20270203,0.005435334642750422,0.016714005024037304,0.013691673131500548,0.724651115348312,0.021528096166700234,0.006049935537782131,0.021454993688398538
matched_unweighted_practical,query_region_primary_far_from_octant_boundary,global_minus_unweighted,global_g0p75_cap20,unweighted,20270213,0.0032518663307943285,0.011294783592469937,0.009190610579065728,0.35517277515551093,0.007749125155105063,-0.005333416294406992,-0.011345998820482706
matched_unweighted_practical,query_region_primary_far_from_octant_boundary,global_minus_unweighted,global_g0p75_cap20,unweighted,20270223,0.005256454061949578,0.010902614420355672,0.009185438509494215,0.5386372259715984,0.014262412343849645,0.002263956562901376,0.01439137941720564
matched_unweighted_practical,query_region_primary_far_from_octant_boundary,global_minus_unweighted,global_g0p75_cap20,unweighted,20270303,0.0049615742276614555,0.012586748179271023,0.010436370132467454,0.7637811900190847,0.01608162478070685,0.0037533962872239868,0.03295435396794549
matched_unweighted_practical,query_region_primary_far_from_octant_boundary,octant_minus_unweighted,octant_g1p00_cap20,unweighted,20261203,0.0015691079855178203,0.010281482497730199,0.008175338596759285,0.6736884837214401,0.013347044437406724,-0.005107160237383848,0.004888699060387358
matched_unweighted_practical,query_region_primary_far_from_octant_boundary,octant_minus_unweighted,octant_g1p00_cap20,unweighted,20261213,0.0016460895723414137,0.007894764028795576,0.00633760260692201,0.6054100452268099,0.008504157080405306,-0.007488216891143068,-0.011668026542143717
matched_unweighted_practical,query_region_primary_far_from_octant_boundary,octant_minus_unweighted,octant_g1p00_cap20,unweighted,20261223,0.0018967357021524023,0.009135560670781417,0.007318650941892879,0.5508502395831183,0.009726008796718144,-0.0015695738902702372,-0.006318462339755193
matched_unweighted_practical,query_region_primary_far_from_octant_boundary,octant_minus_unweighted,octant_g1p00_cap20,unweighted,20270103,0.001223230087609814,0.018458497965706755,0.01446710686273528,-0.3171903423547988,0.016149518009296843,-0.0024915105127555626,0.005477428181272892
matched_unweighted_practical,query_region_primary_far_from_octant_boundary,octant_minus_unweighted,octant_g1p00_cap20,unweighted,20270113,0.0016537338400204465,0.009621252617746767,0.007670626463133989,0.9938793289146819,0.008028748826321264,0.00020816416699594165,0.0035003786828397554
matched_unweighted_practical,query_region_primary_far_from_octant_boundary,octant_minus_unweighted,octant_g1p00_cap20,unweighted,20270123,0.002282532458847561,0.010765932345282947,0.008630522602886825,2.0013185551369137,0.010861518429818473,-0.003605745567046764,-0.00628086589203336
matched_unweighted_practical,query_region_primary_far_from_octant_boundary,octant_minus_unweighted,octant_g1p00_cap20,unweighted,20270203,0.0025730530603458868,0.010442660377472712,0.008428324172301327,-0.16989454527041303,0.011760276082466076,-0.002362587531629226,-0.009104836347304246
matched_unweighted_practical,query_region_primary_far_from_octant_boundary,octant_minus_unweighted,octant_g1p00_cap20,unweighted,20270213,0.0017008362412887362,0.008367497749144526,0.006703949844930057,0.7557666061184118,0.00493406487028164,-0.0051608595007247154,-0.01339211144824487
matched_unweighted_practical,query_region_primary_far_from_octant_boundary,octant_minus_unweighted,octant_g1p00_cap20,unweighted,20270223,0.0022075230166961196,0.006039907629010022,0.004984005396127977,0.2625414709188476,0.009242470954325482,-0.0037557429830602646,-0.009879439591841732
matched_unweighted_practical,query_region_primary_far_from_octant_boundary,octant_minus_unweighted,octant_g1p00_cap20,unweighted,20270303,0.002220111699768823,0.007882338323024929,0.006408395770243214,0.42879601663420885,0.011674316277559604,-0.0007740540807813223,0.011715330456660067
matched_unweighted_practical,query_region_primary_far_from_octant_boundary,octant_minus_global,octant_g1p00_cap20,global_g0p75_cap20,20261203,-0.001955035488171525,-0.005759622432312539,-0.004729505695943881,0.09194107655404338,-0.006975345889788764,-0.001597450478494744,-0.006108972620090081
matched_unweighted_practical,query_region_primary_far_from_octant_boundary,octant_minus_global,octant_g1p00_cap20,global_g0p75_cap20,20261213,-0.002217473454344032,-0.003871957894738376,-0.0033072116813211427,0.47738556314578595,-0.004974672864416274,0.0002740437546613489,-0.0017680948492220239
matched_unweighted_practical,query_region_primary_far_from_octant_boundary,octant_minus_global,octant_g1p00_cap20,global_g0p75_cap20,20261223,-0.0035987474388727014,-0.003988537044673224,-0.003622090713464643,-0.03971642011591037,-0.007723063958430532,-0.010964277853557886,-0.01576315901980635
matched_unweighted_practical,query_region_primary_far_from_octant_boundary,octant_minus_global,octant_g1p00_cap20,global_g0p75_cap20,20270103,-0.0019254338460984177,-0.005963973825966418,-0.004883088399037061,-0.41743915915006014,-0.0062567548632787295,-0.0020459439451413763,-0.00818843077090664
matched_unweighted_practical,query_region_primary_far_from_octant_boundary,octant_minus_global,octant_g1p00_cap20,global_g0p75_cap20,20270113,-0.001989104645682735,-0.003781370572596199,-0.003206404555732789,-0.17106494792363414,-0.004487036742367917,-0.0010120689896537388,-0.0015816709928173633
matched_unweighted_practical,query_region_primary_far_from_octant_boundary,octant_minus_global,octant_g1p00_cap20,global_g0p75_cap20,20270123,-0.0023936139194548067,-0.003693815353906449,-0.003209982339956341,-0.102357258495962,-0.004853585933348226,-0.010835875244489174,-0.04403364136141674
matched_unweighted_practical,query_region_primary_far_from_octant_boundary,octant_minus_global,octant_g1p00_cap20,global_g0p75_cap20,20270203,-0.0028622815824045356,-0.006271344646564592,-0.005263348959199221,-0.894545660618725,-0.009767820084234158,-0.008412523069411357,-0.030559830035702784
matched_unweighted_practical,query_region_primary_far_from_octant_boundary,octant_minus_global,octant_g1p00_cap20,global_g0p75_cap20,20270213,-0.0015510300895055923,-0.002927285843325411,-0.0024866607341356706,0.4005938309629009,-0.002815060284823423,0.00017255679368227694,-0.0020461126277621644
matched_unweighted_practical,query_region_primary_far_from_octant_boundary,octant_minus_global,octant_g1p00_cap20,global_g0p75_cap20,20270223,-0.0030489310452534585,-0.00486270679134565,-0.0042014331133662375,-0.27609575505275075,-0.005019941389524163,-0.00601969954596164,-0.024270819009047373
matched_unweighted_practical,query_region_primary_far_from_octant_boundary,octant_minus_global,octant_g1p00_cap20,global_g0p75_cap20,20270303,-0.0027414625278926325,-0.0047044098562460945,-0.00402797436222424,-0.3349851733848759,-0.004407308503147245,-0.004527450368005309,-0.021239023511285426
retuned_practical,observed_test_octant_parent_weighted,global_minus_unweighted,global_g0p75_cap20,unweighted,20261203,0.0008584773328419865,0.014803115384031895,0.011771365193254335,0.8125223982829706,0.014562816308111626,-0.005376731264871093,0.013372117376668213
retuned_practical,observed_test_octant_parent_weighted,global_minus_unweighted,global_g0p75_cap20,unweighted,20261213,0.001286146711514627,0.015484911853848371,0.012199542514690326,0.4972129682971822,0.012558603125056966,-0.004638256345675176,0.0092147334595154
retuned_practical,observed_test_octant_parent_weighted,global_minus_unweighted,global_g0p75_cap20,unweighted,20261223,0.0012775243710266282,0.01994764162281698,0.01591007276162193,1.1507826956728646,0.021062421943545268,-0.006855993618465783,0.018193987509617704
retuned_practical,observed_test_octant_parent_weighted,global_minus_unweighted,global_g0p75_cap20,unweighted,20270103,0.002907801302196554,0.04045602275956084,0.03201911547619718,1.5671981887083977,0.03279731272290071,-0.0006766873814848945,0.029231128622819624
retuned_practical,observed_test_octant_parent_weighted,global_minus_unweighted,global_g0p75_cap20,unweighted,20270113,0.0012241246224019078,0.016670300939433613,0.01324460784704598,0.5741240012404685,0.012763579666411062,-0.0015160153144689742,0.013339523295744005
retuned_practical,observed_test_octant_parent_weighted,global_minus_unweighted,global_g0p75_cap20,unweighted,20270123,4.852280984196655e-05,0.026000182229745372,0.020407094272447024,1.2525240352476388,0.022255482354641226,-0.00629848391983763,0.018966457690969052
retuned_practical,observed_test_octant_parent_weighted,global_minus_unweighted,global_g0p75_cap20,unweighted,20270203,0.0004588196390933469,0.018025447695539487,0.014207757433405521,0.7095241992336643,0.015395897403205988,-0.0045832879974536805,0.013972149750756113
retuned_practical,observed_test_octant_parent_weighted,global_minus_unweighted,global_g0p75_cap20,unweighted,20270213,0.00026738816424071166,0.013173019953962306,0.010276275828882186,0.6165840075078979,0.011719031791572743,-0.00653197087131363,0.004901391556864865
retuned_practical,observed_test_octant_parent_weighted,global_minus_unweighted,global_g0p75_cap20,unweighted,20270223,0.0018317422701788905,0.018217832562352376,0.014491236669058716,1.1229453738490474,0.02428335089610703,-0.013816135380100097,0.011656123903477256
retuned_practical,observed_test_octant_parent_weighted,global_minus_unweighted,global_g0p75_cap20,unweighted,20270303,0.0023660101920658302,0.01829457548385105,0.014311368171647187,0.889058357539124,0.0205280267885245,-0.009379120904284874,0.012541971003312502
retuned_practical,observed_test_octant_parent_weighted,octant_minus_unweighted,octant_g1p00_cap20,unweighted,20261203,0.0002858889931348779,0.012711425372058383,0.010068729957787237,0.7355379568683063,0.011631296724214146,-0.004714858782731063,0.009893693875001275
retuned_practical,observed_test_octant_parent_weighted,octant_minus_unweighted,octant_g1p00_cap20,unweighted,20261213,0.00040407612513490565,0.012491484378782947,0.009782913588374992,0.4449350359116373,0.009490150587443846,-0.004461844552880928,0.006079793412699208
retuned_practical,observed_test_octant_parent_weighted,octant_minus_unweighted,octant_g1p00_cap20,unweighted,20261223,0.0002837476302683106,0.016210418632712276,0.012868315805167063,0.9063410864938284,0.014298534703699572,-0.004124621606372364,0.013261895065194484
retuned_practical,observed_test_octant_parent_weighted,octant_minus_unweighted,octant_g1p00_cap20,unweighted,20270103,0.0015566858791352597,0.03132128974677306,0.02473261742592142,1.2588503853531066,0.024414340590313333,-0.0015245804219167908,0.021113050752090023
retuned_practical,observed_test_octant_parent_weighted,octant_minus_unweighted,octant_g1p00_cap20,unweighted,20270113,0.00029239135530853555,0.014370765171834776,0.011353638139323191,0.4779378154564409,0.01018474035139938,-0.002261558487333809,0.010001408808030243
retuned_practical,observed_test_octant_parent_weighted,octant_minus_unweighted,octant_g1p00_cap20,unweighted,20270123,-0.00019868277053274042,0.020706368362724215,0.01622802350214919,0.8845954576108923,0.017187449336834276,-0.006885636985961036,0.013222114816787922
retuned_practical,observed_test_octant_parent_weighted,octant_minus_unweighted,octant_g1p00_cap20,unweighted,20270203,8.55955223290003e-05,0.01471589793583511,0.011574962113344023,0.5918765024822683,0.011569252333665736,-0.0045810276831863145,0.008589456104273807
retuned_practical,observed_test_octant_parent_weighted,octant_minus_unweighted,octant_g1p00_cap20,unweighted,20270213,-9.742059909917389e-06,0.01117368984623901,0.008693991561840586,0.5702327710483512,0.009374797803393453,-0.00523176638058058,0.0031277675598040955
retuned_practical,observed_test_octant_parent_weighted,octant_minus_unweighted,octant_g1p00_cap20,unweighted,20270223,0.0009050754467697514,0.015280878301237255,0.012098483106371627,0.7751267108968012,0.018319110603176425,-0.010389923253417949,0.00987504599189154
retuned_practical,observed_test_octant_parent_weighted,octant_minus_unweighted,octant_g1p00_cap20,unweighted,20270303,0.001013203566212692,0.015051397005387768,0.011695215933403225,0.614578449443222,0.014994423836870746,-0.006542899502477134,0.00933926185314543
retuned_practical,observed_test_octant_parent_weighted,octant_minus_global,octant_g1p00_cap20,global_g0p75_cap20,20261203,-0.0005725883397071085,-0.0020916900119735127,-0.0017026352354670982,-0.07698444141466432,-0.0029315195838974795,0.0006618724821400301,-0.0034784235016669385
retuned_practical,observed_test_octant_parent_weighted,octant_minus_global,octant_g1p00_cap20,global_g0p75_cap20,20261213,-0.0008820705863797212,-0.0029934274750654244,-0.002416628926315334,-0.0522779323855449,-0.00306845253761312,0.00017641179279424823,-0.0031349400468161925
retuned_practical,observed_test_octant_parent_weighted,octant_minus_global,octant_g1p00_cap20,global_g0p75_cap20,20261223,-0.0009937767407583176,-0.003737222990104705,-0.0030417569564548663,-0.24444160917903623,-0.006763887239845695,0.0027313720120934193,-0.0049320924444232195
retuned_practical,observed_test_octant_parent_weighted,octant_minus_global,octant_g1p00_cap20,global_g0p75_cap20,20270103,-0.0013511154230612943,-0.009134733012787777,-0.007286498050275758,-0.3083478033552911,-0.008382972132587374,-0.0008478930404318963,-0.0081180778707296
retuned_practical,observed_test_octant_parent_weighted,octant_minus_global,octant_g1p00_cap20,global_g0p75_cap20,20270113,-0.0009317332670933723,-0.002299535767598837,-0.0018909697077227894,-0.0961861857840276,-0.002578839315011683,-0.0007455431728648348,-0.0033381144877137614
retuned_practical,observed_test_octant_parent_weighted,octant_minus_global,octant_g1p00_cap20,global_g0p75_cap20,20270123,-0.00024720558037470697,-0.005293813867021158,-0.0041790707702978325,-0.36792857763674647,-0.00506803301780695,-0.0005871530661234053,-0.00574434287418113
retuned_practical,observed_test_octant_parent_weighted,octant_minus_global,octant_g1p00_cap20,global_g0p75_cap20,20270203,-0.0003732241167643466,-0.0033095497597043777,-0.0026327953200614984,-0.11764769675139597,-0.003826645069540252,2.2603142673660592e-06,-0.005382693646482306
retuned_practical,observed_test_octant_parent_weighted,octant_minus_global,octant_g1p00_cap20,global_g0p75_cap20,20270213,-0.00027713022415062905,-0.001999330107723296,-0.0015822842670416004,-0.04635123645954664,-0.0023442339881792895,0.0013002044907330507,-0.0017736239970607692
retuned_practical,observed_test_octant_parent_weighted,octant_minus_global,octant_g1p00_cap20,global_g0p75_cap20,20270223,-0.0009266668234091391,-0.002936954261115121,-0.002392753562687089,-0.34781866295224617,-0.005964240292930606,0.003426212126682149,-0.0017810779115857156
retuned_practical,observed_test_octant_parent_weighted,octant_minus_global,octant_g1p00_cap20,global_g0p75_cap20,20270303,-0.0013528066258531382,-0.0032431784784632822,-0.002616152238243963,-0.27447990809590195,-0.005533602951653754,0.0028362214018077397,-0.0032027091501670713
retuned_practical,observed_test_global_parent_weighted,global_minus_unweighted,global_g0p75_cap20,unweighted,20261203,0.000881197404984907,0.018251199244813054,0.014744958055022905,1.0500271638533665,0.016635180893619206,-0.005081253584656539,0.016536549007938217
retuned_practical,observed_test_global_parent_weighted,global_minus_unweighted,global_g0p75_cap20,unweighted,20261213,0.0018998582990650686,0.019341136809279902,0.015521594574464281,0.6781286413384784,0.01456523943205093,-0.005121489337084242,0.012101022800758698
retuned_practical,observed_test_global_parent_weighted,global_minus_unweighted,global_g0p75_cap20,unweighted,20261223,0.0010098118093728597,0.023459297317943162,0.01892517315125941,1.0029845735934444,0.023384367597310468,-0.006064921809558296,0.021782754391840686
retuned_practical,observed_test_global_parent_weighted,global_minus_unweighted,global_g0p75_cap20,unweighted,20270103,0.0030736488175830343,0.046199954343164984,0.037090882071775355,2.215995437702304,0.036276950508772804,0.0014290723229241908,0.03380646291395839
retuned_practical,observed_test_global_parent_weighted,global_minus_unweighted,global_g0p75_cap20,unweighted,20270113,0.0011265972892411658,0.021039028210121158,0.016947193685200534,0.7196168307482811,0.014902659872282564,-0.0007788163834775569,0.01753096936294163
retuned_practical,observed_test_global_parent_weighted,global_minus_unweighted,global_g0p75_cap20,unweighted,20270123,0.00038315690273527103,0.030588609196839367,0.024445617417151844,1.6613425697818265,0.025084591614016966,-0.0059403224504241126,0.02236442259981075
retuned_practical,observed_test_global_parent_weighted,global_minus_unweighted,global_g0p75_cap20,unweighted,20270203,0.0004494425888663667,0.02214343063870533,0.01774891626930236,1.122472781145058,0.018578335528541906,-0.005430633177795574,0.017867724195126444
retuned_practical,observed_test_global_parent_weighted,global_minus_unweighted,global_g0p75_cap20,unweighted,20270213,0.00040241632808332706,0.016748244709204996,0.013286616826465647,0.6483881162591043,0.013661077439433456,-0.006545873231716529,0.006525101318171078
retuned_practical,observed_test_global_parent_weighted,global_minus_unweighted,global_g0p75_cap20,unweighted,20270223,0.0017596750331923816,0.021750408252930897,0.017512524011416175,1.265591525734278,0.028005594553919322,-0.014672092351812022,0.013625579387601783
retuned_practical,observed_test_global_parent_weighted,global_minus_unweighted,global_g0p75_cap20,unweighted,20270303,0.0022349544335475216,0.021721849195210252,0.01729190661670338,0.9822959410043062,0.02357729754252333,-0.009710583181459412,0.01547809976211989
retuned_practical,observed_test_global_parent_weighted,octant_minus_unweighted,octant_g1p00_cap20,unweighted,20261203,0.0004509046576361003,0.016065480504469265,0.01295204306675779,0.8826305229830655,0.013522520038238256,-0.004647045279252138,0.011911294982207166
retuned_practical,observed_test_global_parent_weighted,octant_minus_unweighted,octant_g1p00_cap20,unweighted,20261213,0.0008194426280904027,0.01626755319831391,0.012985722811585887,0.5877629414840619,0.011473119228178091,-0.004937235803847723,0.008561042859064727
retuned_practical,observed_test_global_parent_weighted,octant_minus_unweighted,octant_g1p00_cap20,unweighted,20261223,0.00031793188688893775,0.020074593047444134,0.01615266314870739,0.767908148861741,0.016214549635524378,-0.0036408866056894112,0.015375501625310761
retuned_practical,observed_test_global_parent_weighted,octant_minus_unweighted,octant_g1p00_cap20,unweighted,20270103,0.0017808844212656647,0.03701246615045806,0.029662046028644418,1.7811293234999397,0.02752117111999411,-7.158118581852835e-05,0.024293153743351448
retuned_practical,observed_test_global_parent_weighted,octant_minus_unweighted,octant_g1p00_cap20,unweighted,20270113,0.0003961235245772618,0.01899887115789728,0.01525434321436342,0.6300366611672672,0.012434225191409187,-0.0016352581206217909,0.013662703097827189
retuned_practical,observed_test_global_parent_weighted,octant_minus_unweighted,octant_g1p00_cap20,unweighted,20270123,0.00023114222896890302,0.02502713582094468,0.019990967401762594,1.3556375227188244,0.019906655531531398,-0.0070780119878372655,0.015147281497427001
retuned_practical,observed_test_global_parent_weighted,octant_minus_unweighted,octant_g1p00_cap20,unweighted,20270203,0.0002322560315129174,0.018419241313644585,0.01475205930830431,0.7697079185722355,0.014465739750566364,-0.00591025975347087,0.009697456450776298
retuned_practical,observed_test_global_parent_weighted,octant_minus_unweighted,octant_g1p00_cap20,unweighted,20270213,0.00019835728404578312,0.014545052997758878,0.011524923657229125,0.7775018478635634,0.011237026941710415,-0.005488010504551055,0.004054121696955626
retuned_practical,observed_test_global_parent_weighted,octant_minus_unweighted,octant_g1p00_cap20,unweighted,20270223,0.0011115638350326362,0.01924828987389593,0.015460398702472733,0.9641909463966272,0.021519123637392862,-0.011232892542295952,0.011472432055411319
retuned_practical,observed_test_global_parent_weighted,octant_minus_unweighted,octant_g1p00_cap20,unweighted,20270303,0.0010593299922003127,0.018573984187337134,0.014718294717400271,0.7188235013297621,0.01726134936934018,-0.006674288291199898,0.011593463307352836
retuned_practical,observed_test_global_parent_weighted,octant_minus_global,octant_g1p00_cap20,global_g0p75_cap20,20261203,-0.0004302927473488066,-0.0021857187403437894,-0.0017929149882651152,-0.16739664087030093,-0.00311266085538095,0.0004342083054044016,-0.0046252540257310515
retuned_practical,observed_test_global_parent_weighted,octant_minus_global,octant_g1p00_cap20,global_g0p75_cap20,20261213,-0.001080415670974666,-0.003073583610965991,-0.0025358717628783944,-0.09036569985441645,-0.003092120203872839,0.00018425353323651972,-0.0035399799416939715
retuned_practical,observed_test_global_parent_weighted,octant_minus_global,octant_g1p00_cap20,global_g0p75_cap20,20261223,-0.000691879922483922,-0.0033847042704990282,-0.00277251000255202,-0.23507642473170343,-0.00716981796178609,0.002424035203868885,-0.006407252766529925
retuned_practical,observed_test_global_parent_weighted,octant_minus_global,octant_g1p00_cap20,global_g0p75_cap20,20270103,-0.0012927643963173696,-0.009187488192706927,-0.0074288360431309375,-0.43486611420236443,-0.008755779388778695,-0.0015006535087427192,-0.009513309170606943
retuned_practical,observed_test_global_parent_weighted,octant_minus_global,octant_g1p00_cap20,global_g0p75_cap20,20270113,-0.000730473764663904,-0.0020401570522238788,-0.001692850470837115,-0.08958016958101389,-0.002468434680873377,-0.000856441737144234,-0.0038682662651144395
retuned_practical,observed_test_global_parent_weighted,octant_minus_global,octant_g1p00_cap20,global_g0p75_cap20,20270123,-0.00015201467376636801,-0.005561473375894688,-0.00445465001538925,-0.30570504706300206,-0.005177936082485568,-0.001137689537413153,-0.007217141102383751
retuned_practical,observed_test_global_parent_weighted,octant_minus_global,octant_g1p00_cap20,global_g0p75_cap20,20270203,-0.00021718655735344927,-0.003724189325060745,-0.002996856960998051,-0.3527648625728226,-0.004112595777975542,-0.000479626575675296,-0.008170267744350146
retuned_practical,observed_test_global_parent_weighted,octant_minus_global,octant_g1p00_cap20,global_g0p75_cap20,20270213,-0.00020405904403754394,-0.0022031917114461175,-0.0017616931692365223,0.12911373160445905,-0.0024240504977230404,0.0010578627271654734,-0.0024709796212154522
retuned_practical,observed_test_global_parent_weighted,octant_minus_global,octant_g1p00_cap20,global_g0p75_cap20,20270223,-0.0006481111981597454,-0.0025021183790349677,-0.002052125308943442,-0.30140057933765085,-0.00648647091652646,0.003439199809516069,-0.0021531473321904637
retuned_practical,observed_test_global_parent_weighted,octant_minus_global,octant_g1p00_cap20,global_g0p75_cap20,20270303,-0.001175624441347209,-0.0031478650078731185,-0.0025736118993031076,-0.26347243967454403,-0.00631594817318315,0.003036294890259514,-0.003884636454767054
retuned_practical,observed_test_unweighted,global_minus_unweighted,global_g0p75_cap20,unweighted,20261203,0.0028826360344675825,0.03818725753218902,0.03099585488302914,1.6192449354732599,0.034021880663079235,-0.007044209260537615,0.02117696328597779
retuned_practical,observed_test_unweighted,global_minus_unweighted,global_g0p75_cap20,unweighted,20261213,0.004169555870975797,0.03785439160942802,0.030632218344615603,1.2983645527096623,0.02899524715173757,-0.005123323759185797,0.01680619668708294
retuned_practical,observed_test_unweighted,global_minus_unweighted,global_g0p75_cap20,unweighted,20261223,0.005430677787961892,0.054758477702149005,0.04450810780685266,1.8412345903633192,0.05225673688466578,-0.005100298395840724,0.02669935543528218
retuned_practical,observed_test_unweighted,global_minus_unweighted,global_g0p75_cap20,unweighted,20270103,0.02686777466686903,0.14286220224710178,0.1166405146354329,2.951423578102963,0.09394955521797824,0.06754254586943463,0.2617003126888485
retuned_practical,observed_test_unweighted,global_minus_unweighted,global_g0p75_cap20,unweighted,20270113,0.0033548233154955392,0.03920344371287435,0.03179302413374374,1.3980827939191371,0.031426230938314675,-0.0014826639409203507,0.022121002824761815
retuned_practical,observed_test_unweighted,global_minus_unweighted,global_g0p75_cap20,unweighted,20270123,0.005265476402939805,0.08707751047478413,0.07023427964360407,1.9514432817266876,0.0658503339075164,0.03284445644912061,0.1543384795193759
retuned_practical,observed_test_unweighted,global_minus_unweighted,global_g0p75_cap20,unweighted,20270203,0.0026705867338731454,0.04514637343975658,0.036518096601447864,1.5722018049106978,0.04165451654144969,-0.006777248436489733,0.023611261730136168
retuned_practical,observed_test_unweighted,global_minus_unweighted,global_g0p75_cap20,unweighted,20270213,0.0019660845953482498,0.03381086476720585,0.026999820039922018,1.0415473719693331,0.027914156504390858,-0.0065873312928392685,0.010938101904226949
retuned_practical,observed_test_unweighted,global_minus_unweighted,global_g0p75_cap20,unweighted,20270223,0.0062986521449599625,0.04737843547619902,0.03853197962856783,1.7425019712656065,0.04844073964995066,-0.015101142828118613,0.01976756163542881
retuned_practical,observed_test_unweighted,global_minus_unweighted,global_g0p75_cap20,unweighted,20270303,0.005856603866776902,0.04542617555792633,0.036613238548174304,1.8828439949125002,0.044664031087101486,-0.013793325668289724,0.01852315249190195
retuned_practical,observed_test_unweighted,octant_minus_unweighted,octant_g1p00_cap20,unweighted,20261203,0.00203097575715859,0.03541989181287489,0.028700720517956496,1.5499048714410648,0.030980114107294676,-0.00817282464113734,0.01832385564530148
retuned_practical,observed_test_unweighted,octant_minus_unweighted,octant_g1p00_cap20,unweighted,20261213,0.0027912314831153584,0.033988177748148246,0.027426472072880848,1.051288487180246,0.025256547680066688,-0.005126190809034745,0.01286097131084879
retuned_practical,observed_test_unweighted,octant_minus_unweighted,octant_g1p00_cap20,unweighted,20261223,0.0034343542841772587,0.04589829100607282,0.03722512483271706,1.2882402459971232,0.0406629924021735,-0.003729493802421352,0.01938243823859087
retuned_practical,observed_test_unweighted,octant_minus_unweighted,octant_g1p00_cap20,unweighted,20270103,0.02064738601135148,0.11197687489940517,0.09139212081440506,2.3785066375546684,0.07440125978752701,0.048209549861092674,0.18331410944717197
retuned_practical,observed_test_unweighted,octant_minus_unweighted,octant_g1p00_cap20,unweighted,20270113,0.002591493671219719,0.03748333969993786,0.03035225494476196,1.375418365465018,0.029589632406822858,-0.003915955535041898,0.017690131138433207
retuned_practical,observed_test_unweighted,octant_minus_unweighted,octant_g1p00_cap20,unweighted,20270123,0.0037539059414143233,0.07242431541247613,0.05835993417771829,1.6304159551568365,0.05592862210538985,0.02113094557785823,0.1095378998311809
retuned_practical,observed_test_unweighted,octant_minus_unweighted,octant_g1p00_cap20,unweighted,20270203,0.0019279927163315808,0.03915625325761268,0.03164402285649237,1.4064456545195192,0.03488312608785751,-0.007840327697222621,0.014428887504680354
retuned_practical,observed_test_unweighted,octant_minus_unweighted,octant_g1p00_cap20,unweighted,20270213,0.0014818718414547627,0.03200566282201023,0.025527051787157695,1.0706199066358408,0.025331782039237832,-0.006119033943189939,0.0074256892278987685
retuned_practical,observed_test_unweighted,octant_minus_unweighted,octant_g1p00_cap20,unweighted,20270223,0.004893204512773142,0.042412874324098904,0.03443452809427491,1.4321228783601194,0.040821193516472565,-0.012682165796555733,0.017322619382863558
retuned_practical,observed_test_unweighted,octant_minus_unweighted,octant_g1p00_cap20,unweighted,20270303,0.003597046405514323,0.040580552470312725,0.03258649400210925,1.4003267836213507,0.036331063368180705,-0.009763961572768966,0.01434853286951665
retuned_practical,observed_test_unweighted,octant_minus_global,octant_g1p00_cap20,global_g0p75_cap20,20261203,-0.0008516602773089924,-0.00276736571931413,-0.002295134365072643,-0.06934006403219506,-0.0030417665557845586,-0.0011286153805997248,-0.002853107640676311
retuned_practical,observed_test_unweighted,octant_minus_global,octant_g1p00_cap20,global_g0p75_cap20,20261213,-0.0013783243878604384,-0.003866213861279777,-0.003205746271734755,-0.2470760655294164,-0.003738699471670881,-2.8670498489480334e-06,-0.003945225376234152
retuned_practical,observed_test_unweighted,octant_minus_global,octant_g1p00_cap20,global_g0p75_cap20,20261223,-0.0019963235037846333,-0.008860186696076189,-0.007282982974135599,-0.552994344366196,-0.011593744482492285,0.0013708045934193724,-0.007316917196691308
retuned_practical,observed_test_unweighted,octant_minus_global,octant_g1p00_cap20,global_g0p75_cap20,20270103,-0.00622038865551755,-0.03088532734769661,-0.025248393821027837,-0.5729169405482946,-0.019548295430451224,-0.019332996008341957,-0.07838620324167656
retuned_practical,observed_test_unweighted,octant_minus_global,octant_g1p00_cap20,global_g0p75_cap20,20270113,-0.0007633296442758203,-0.0017201040129364853,-0.001440769188981783,-0.02266442845411909,-0.0018365985314918176,-0.0024332915941215477,-0.004430871686328608
retuned_practical,observed_test_unweighted,octant_minus_global,octant_g1p00_cap20,global_g0p75_cap20,20270123,-0.0015115704615254813,-0.014653195062308,-0.011874345465885783,-0.3210273265698511,-0.00992171180212656,-0.011713510871262378,-0.04480057968819501
retuned_practical,observed_test_unweighted,octant_minus_global,octant_g1p00_cap20,global_g0p75_cap20,20270203,-0.0007425940175415646,-0.005990120182143899,-0.004874073744955493,-0.16575615039117864,-0.00677139045359218,-0.0010630792607328882,-0.009182374225455814
retuned_practical,observed_test_unweighted,octant_minus_global,octant_g1p00_cap20,global_g0p75_cap20,20270213,-0.00048421275389348706,-0.0018052019451956225,-0.0014727682527643227,0.02907253466650772,-0.0025823744651530256,0.0004682973496493298,-0.0035124126763281804
retuned_practical,observed_test_unweighted,octant_minus_global,octant_g1p00_cap20,global_g0p75_cap20,20270223,-0.001405447632186821,-0.0049655611521001175,-0.004097451534292917,-0.31037909290548704,-0.0076195461334780945,0.00241897703156288,-0.002444942252565252
retuned_practical,observed_test_unweighted,octant_minus_global,octant_g1p00_cap20,global_g0p75_cap20,20270303,-0.002259557461262579,-0.004845623087613604,-0.004026744546065053,-0.48251721129114955,-0.00833296771892078,0.0040293640955207585,-0.0041746196223853005
retuned_practical,query_region_primary_support,global_minus_unweighted,global_g0p75_cap20,unweighted,20261203,0.005142686909384173,0.024511502902159643,0.020010252442976884,0.7759379718928034,0.022308993942147554,-0.001777117934769576,0.020091046968920723
retuned_practical,query_region_primary_support,global_minus_unweighted,global_g0p75_cap20,unweighted,20261213,0.011917373499054237,0.02622137744125691,0.02239497155875181,0.46959527633962317,0.02320950879251707,-0.001667811618734777,0.01512166879744431
retuned_practical,query_region_primary_support,global_minus_unweighted,global_g0p75_cap20,unweighted,20261223,0.007493711159576921,0.024083003891006483,0.0200228393695846,1.656824193193298,0.02386914503580967,-0.0025500801484999724,0.019949416129126263
retuned_practical,query_region_primary_support,global_minus_unweighted,global_g0p75_cap20,unweighted,20270103,0.004377973390406714,0.04395729627921535,0.035185418728564066,2.1665975213168416,0.027934742952329505,0.005676416833761036,0.03252050602956408
retuned_practical,query_region_primary_support,global_minus_unweighted,global_g0p75_cap20,unweighted,20270113,0.00772096266427999,0.023014159443219773,0.019216515004349788,1.1452988385571974,0.02057349958697946,-0.0031357772661499833,0.016661442654483882
retuned_practical,query_region_primary_support,global_minus_unweighted,global_g0p75_cap20,unweighted,20270123,0.009004899945874806,0.031631951120256796,0.026156459203768023,1.7924992747718633,0.025784387972001194,-0.0007073701565803725,0.016983681969750364
retuned_practical,query_region_primary_support,global_minus_unweighted,global_g0p75_cap20,unweighted,20270203,0.007595946500403308,0.0264830344405943,0.021928773310473493,0.6949532812187353,0.022714157222512715,0.0012162176749941772,0.016617866010483096
retuned_practical,query_region_primary_support,global_minus_unweighted,global_g0p75_cap20,unweighted,20270213,0.009520471114343287,0.02096898800354441,0.01791622128622722,0.9764733793627975,0.016255023414070507,-0.002813963047270926,0.008457977179463338
retuned_practical,query_region_primary_support,global_minus_unweighted,global_g0p75_cap20,unweighted,20270223,0.005349234779280995,0.022009531820771477,0.01808314797584243,0.895642954425206,0.024563835515684584,-0.005586665739849839,0.009744048546287187
retuned_practical,query_region_primary_support,global_minus_unweighted,global_g0p75_cap20,unweighted,20270303,0.00682620347455154,0.02286425614402221,0.018986734875089673,0.9774276669288486,0.024354778035747926,-0.0035934770795682386,0.014237113946119928
retuned_practical,query_region_primary_support,octant_minus_unweighted,octant_g1p00_cap20,unweighted,20261203,0.004395044614631541,0.020072011184082916,0.016412488755355337,0.6606540742249774,0.01758392462464828,-0.0026294191145253,0.014391188453814874
retuned_practical,query_region_primary_support,octant_minus_unweighted,octant_g1p00_cap20,unweighted,20261213,0.009722434013575768,0.020993206500647732,0.017957658934294296,0.425004081873654,0.017681729728196316,-0.0022592283141309455,0.009558430772051263
retuned_practical,query_region_primary_support,octant_minus_unweighted,octant_g1p00_cap20,unweighted,20261223,0.004638258504105847,0.019188281106550742,0.015741024536397308,0.8409500416525422,0.0167720629287178,-0.0035659476539272594,0.012309159002556469
retuned_practical,query_region_primary_support,octant_minus_unweighted,octant_g1p00_cap20,unweighted,20270103,0.002892635816709399,0.03482324519497676,0.02777763670118011,1.8193537655314866,0.022626640062835296,0.002446058119097025,0.02236915994529215
retuned_practical,query_region_primary_support,octant_minus_unweighted,octant_g1p00_cap20,unweighted,20270113,0.0063001822807260965,0.01947089031289745,0.01621958923992156,0.7285763014199791,0.01595204275410181,-0.0027700219871068382,0.012449997456342676
retuned_practical,query_region_primary_support,octant_minus_unweighted,octant_g1p00_cap20,unweighted,20270123,0.006827355695116083,0.02539814970952481,0.020935528715739837,1.1662413256016109,0.019299941951953947,-0.002202307514194965,0.010911730383755147
retuned_practical,query_region_primary_support,octant_minus_unweighted,octant_g1p00_cap20,unweighted,20270203,0.005402301844022087,0.02131773123901437,0.017541307344352386,0.5686874716514598,0.016199472741092846,-0.0005758698992824468,0.012141378184911511
retuned_practical,query_region_primary_support,octant_minus_unweighted,octant_g1p00_cap20,unweighted,20270213,0.00777511500364364,0.01852946759259,0.015728410606181742,0.8406558207676156,0.013137255461826397,-0.001974846929452087,0.006756818503344031
retuned_practical,query_region_primary_support,octant_minus_unweighted,octant_g1p00_cap20,unweighted,20270223,0.0032406277023374758,0.017405540094500516,0.014149968352630271,1.1513840762802623,0.017937321964768882,-0.0057409798026561015,0.0077626719614403705
retuned_practical,query_region_primary_support,octant_minus_unweighted,octant_g1p00_cap20,unweighted,20270303,0.005176626396937084,0.01857213342887082,0.01536790541895905,0.8675698046583609,0.018709892426382713,-0.0030012272118624117,0.00996239791648651
retuned_practical,query_region_primary_support,octant_minus_global,octant_g1p00_cap20,global_g0p75_cap20,20261203,-0.0007476422947526318,-0.004439491718076727,-0.003597763687621547,-0.1152838976678261,-0.004725069317499275,-0.000852301179755724,-0.005699858515105849
retuned_practical,query_region_primary_support,octant_minus_global,octant_g1p00_cap20,global_g0p75_cap20,20261213,-0.00219493948547847,-0.005228170940609178,-0.004437312624457512,-0.04459119446596915,-0.005527779064320754,-0.0005914166953961686,-0.005563238025393047
retuned_practical,query_region_primary_support,octant_minus_global,octant_g1p00_cap20,global_g0p75_cap20,20261223,-0.0028554526554710746,-0.004894722784455741,-0.004281814833187292,-0.8158741515407559,-0.007097082107091868,-0.001015867505427287,-0.007640257126569794
retuned_practical,query_region_primary_support,octant_minus_global,octant_g1p00_cap20,global_g0p75_cap20,20270103,-0.0014853375736973151,-0.009134051084238592,-0.007407782027383958,-0.34724375578535494,-0.0053081028894942095,-0.003230358714664011,-0.010151346084271928
retuned_practical,query_region_primary_support,octant_minus_global,octant_g1p00_cap20,global_g0p75_cap20,20270113,-0.0014207803835538935,-0.003543269130322324,-0.0029969257644282266,-0.4167225371372183,-0.004621456832877652,0.0003657552790431451,-0.004211445198141206
retuned_practical,query_region_primary_support,octant_minus_global,octant_g1p00_cap20,global_g0p75_cap20,20270123,-0.002177544250758723,-0.006233801410731987,-0.005220930488028186,-0.6262579491702525,-0.0064844460200472465,-0.0014949373576145925,-0.006071951585995217
retuned_practical,query_region_primary_support,octant_minus_global,octant_g1p00_cap20,global_g0p75_cap20,20270203,-0.0021936446563812217,-0.005165303201579929,-0.004387465966121107,-0.1262658095672755,-0.006514684481419869,-0.001792087574276624,-0.0044764878255715845
retuned_practical,query_region_primary_support,octant_minus_global,octant_g1p00_cap20,global_g0p75_cap20,20270213,-0.0017453561106996474,-0.00243952041095441,-0.0021878106800454766,-0.13581755859518196,-0.0031177679522441104,0.0008391161178188389,-0.0017011586761193076
retuned_practical,query_region_primary_support,octant_minus_global,octant_g1p00_cap20,global_g0p75_cap20,20270223,-0.0021086070769435195,-0.004603991726270962,-0.003933179623212157,0.25574112185505626,-0.0066265135509157025,-0.0001543140628062628,-0.0019813765848468168
retuned_practical,query_region_primary_support,octant_minus_global,octant_g1p00_cap20,global_g0p75_cap20,20270303,-0.0016495770776144558,-0.004292122715151392,-0.0036188294561306233,-0.10985786227048777,-0.005644885609365213,0.0005922498677058269,-0.004274716029633419
retuned_practical,query_common_strict_support,global_minus_unweighted,global_g0p75_cap20,unweighted,20261203,0.012304589510055836,0.05923446179583827,0.04538438833310443,2.721811399086385,0.04777072821432682,0.010248056059611918,0.073173292647366
retuned_practical,query_common_strict_support,global_minus_unweighted,global_g0p75_cap20,unweighted,20261213,0.036434978133161725,0.07966838422110095,0.06558813585407136,2.1603933930644477,0.06124357802513705,0.029096760645401426,0.13177841617063807
retuned_practical,query_common_strict_support,global_minus_unweighted,global_g0p75_cap20,unweighted,20261223,0.015808073967447017,0.06105352496364569,0.04787581426717219,2.3023206165081094,0.042270255595690365,0.01839284949080261,0.0640583856187219
retuned_practical,query_common_strict_support,global_minus_unweighted,global_g0p75_cap20,unweighted,20270103,0.012740534995844724,0.1237649637898055,0.09405129076102506,2.1550529953666713,0.08461472297247419,0.0663134696805903,0.18950971045932447
retuned_practical,query_common_strict_support,global_minus_unweighted,global_g0p75_cap20,unweighted,20270113,0.02786304567969239,0.06035706695658574,0.04978923770364929,1.3096828914115024,0.050279226591470716,0.017336704310546187,0.10200330139148789
retuned_practical,query_common_strict_support,global_minus_unweighted,global_g0p75_cap20,unweighted,20270123,0.028783771546549194,0.0940369729943556,0.07434772470871917,1.6066883152072489,0.06525547601094572,0.04191353770735051,0.14077869730144438
retuned_practical,query_common_strict_support,global_minus_unweighted,global_g0p75_cap20,unweighted,20270203,0.02336870156847047,0.06326739852086805,0.050970841053659094,2.6992085663533105,0.053108261651976574,0.01775004727048962,0.1040356956346199
retuned_practical,query_common_strict_support,global_minus_unweighted,global_g0p75_cap20,unweighted,20270213,0.03762977265082888,0.06093479769685786,0.0526708955894134,2.2329246277484707,0.047662222474092936,0.024531013679915156,0.10633181943846953
retuned_practical,query_common_strict_support,global_minus_unweighted,global_g0p75_cap20,unweighted,20270223,0.01233065527887127,0.06452174604566299,0.049902110637626396,2.0297225053598904,0.045410540131402055,-0.00022513936709470106,0.07157691295665133
retuned_practical,query_common_strict_support,global_minus_unweighted,global_g0p75_cap20,unweighted,20270303,0.02221580578846888,0.05888531829459856,0.047522970533970255,0.7680697928038995,0.04735087388935827,0.011563219266360322,0.08471914996601781
retuned_practical,query_common_strict_support,octant_minus_unweighted,octant_g1p00_cap20,unweighted,20261203,0.014442567210270207,0.0622653793919756,0.048046130529360104,2.3172173521428228,0.04539674384161016,0.01468159936380932,0.07997295507804608
retuned_practical,query_common_strict_support,octant_minus_unweighted,octant_g1p00_cap20,unweighted,20261213,0.034776829672751516,0.07884198921548569,0.06459135596542767,1.1280611978220962,0.05335000222152969,0.031264670561814395,0.12709023545837728
retuned_practical,query_common_strict_support,octant_minus_unweighted,octant_g1p00_cap20,unweighted,20261223,0.014753611005998382,0.056555842962487446,0.044365880681987324,0.7791920054073342,0.03840709544368284,0.019316151876992635,0.06218895196374841
retuned_practical,query_common_strict_support,octant_minus_unweighted,octant_g1p00_cap20,unweighted,20270103,0.011188939422246205,0.10331940931530131,0.07851305954191604,2.259872671228438,0.06562534867008932,0.052566827477593545,0.136692071058843
retuned_practical,query_common_strict_support,octant_minus_unweighted,octant_g1p00_cap20,unweighted,20270113,0.025169607016110804,0.060227509003836305,0.04911827977919342,0.37864686404689163,0.04516825545449679,0.018922855496097395,0.10324263932614769
retuned_practical,query_common_strict_support,octant_minus_unweighted,octant_g1p00_cap20,unweighted,20270123,0.027444003717523965,0.08603966413466585,0.06824812195514451,0.8026939522735432,0.053348578280174974,0.03486850650385154,0.1398725610905811
retuned_practical,query_common_strict_support,octant_minus_unweighted,octant_g1p00_cap20,unweighted,20270203,0.0220240783875629,0.065137136230768,0.05207039324283427,1.7667224365060905,0.046369559311713354,0.022089126200391856,0.10659843084740989
retuned_practical,query_common_strict_support,octant_minus_unweighted,octant_g1p00_cap20,unweighted,20270213,0.034771556064992395,0.06555201375975897,0.055174701888448724,1.505268919598942,0.046376925389858825,0.030672388162696462,0.10741918477476414
retuned_practical,query_common_strict_support,octant_minus_unweighted,octant_g1p00_cap20,unweighted,20270223,0.00936055625567929,0.05633284625456844,0.04331284195781282,1.939249598762136,0.036906531919327745,0.0032473278392435648,0.07482675112609558
retuned_practical,query_common_strict_support,octant_minus_unweighted,octant_g1p00_cap20,unweighted,20270303,0.0219874284626196,0.05818188470118646,0.04696286830714855,1.1705919807792098,0.045452099672010665,0.015315897341074344,0.08707025510230582
retuned_practical,query_common_strict_support,octant_minus_global,octant_g1p00_cap20,global_g0p75_cap20,20261203,0.002137977700214372,0.003030917596137328,0.002661742196255673,-0.40459404694356227,-0.0023739843727166587,0.0044335433041974015,0.006799662430680087
retuned_practical,query_common_strict_support,octant_minus_global,octant_g1p00_cap20,global_g0p75_cap20,20261213,-0.0016581484604102081,-0.0008263950056152658,-0.0009967798886436896,-1.0323321952423514,-0.007893575803607361,0.002167909916412969,-0.004688180712260792
retuned_practical,query_common_strict_support,octant_minus_global,octant_g1p00_cap20,global_g0p75_cap20,20261223,-0.001054462961448635,-0.004497682001158243,-0.0035099335851848656,-1.5231286111007751,-0.003863160152007522,0.0009233023861900252,-0.0018694336549734958
retuned_practical,query_common_strict_support,octant_minus_global,octant_g1p00_cap20,global_g0p75_cap20,20270103,-0.0015515955735985187,-0.02044555447450419,-0.015538231219109022,0.10481967586176655,-0.01898937430238487,-0.013746642202996762,-0.05281763940048145
retuned_practical,query_common_strict_support,octant_minus_global,octant_g1p00_cap20,global_g0p75_cap20,20270113,-0.002693438663581585,-0.00012955795274943727,-0.0006709579244558728,-0.9310360273646108,-0.005110971136973924,0.0015861511855512073,0.001239337934659801
retuned_practical,query_common_strict_support,octant_minus_global,octant_g1p00_cap20,global_g0p75_cap20,20270123,-0.001339767829025229,-0.007997308859689745,-0.006099602753574657,-0.8039943629337056,-0.011906897730770749,-0.007045031203498975,-0.0009061362108632731
retuned_practical,query_common_strict_support,octant_minus_global,octant_g1p00_cap20,global_g0p75_cap20,20270203,-0.0013446231809075698,0.0018697377098999546,0.0010995521891751792,-0.93248612984722,-0.00673870234026322,0.004339078929902235,0.0025627352127899905
retuned_practical,query_common_strict_support,octant_minus_global,octant_g1p00_cap20,global_g0p75_cap20,20270213,-0.002858216585836487,0.004617216062901108,0.0025038062990353216,-0.7276557081495287,-0.0012852970842341105,0.006141374482781306,0.00108736533629461
retuned_practical,query_common_strict_support,octant_minus_global,octant_g1p00_cap20,global_g0p75_cap20,20270223,-0.00297009902319198,-0.00818889979109455,-0.006589268679813576,-0.09047290659775431,-0.00850400821207431,0.003472467206338266,0.0032498381694442413
retuned_practical,query_common_strict_support,octant_minus_global,octant_g1p00_cap20,global_g0p75_cap20,20270303,-0.00022837732584927994,-0.0007034335934121005,-0.0005601022268217071,0.40252218797531025,-0.001898774217347604,0.003752678074714022,0.002351105136288001
retuned_practical,query_region_primary_near_octant_boundary,global_minus_unweighted,global_g0p75_cap20,unweighted,20261203,0.008208656204839612,0.03041206135102925,0.024980849606936972,0.7409256132175965,0.023366051882818012,0.0021635015727304585,0.022198899756966706
retuned_practical,query_region_primary_near_octant_boundary,global_minus_unweighted,global_g0p75_cap20,unweighted,20261213,0.011182200302327791,0.036733470907090615,0.030357241216146746,1.460560876130847,0.025772387336362917,0.003435797485741132,0.023279277709468693
retuned_practical,query_region_primary_near_octant_boundary,global_minus_unweighted,global_g0p75_cap20,unweighted,20261223,0.009812378338473912,0.03318757555869556,0.027388976569663964,1.4393441918444587,0.02489052849503387,-0.002230921007312675,0.019892373124416995
retuned_practical,query_region_primary_near_octant_boundary,global_minus_unweighted,global_g0p75_cap20,unweighted,20270103,0.006802548239982692,0.0669520877393972,0.05333064488110939,2.1712902957039493,0.03739016190679631,0.01949118213784963,0.059316728401597185
retuned_practical,query_region_primary_near_octant_boundary,global_minus_unweighted,global_g0p75_cap20,unweighted,20270113,0.008774966756736044,0.03156519265642638,0.025913301844289666,1.386528641114949,0.02185911893368192,-0.0012552269297372298,0.019521574794929275
retuned_practical,query_region_primary_near_octant_boundary,global_minus_unweighted,global_g0p75_cap20,unweighted,20270123,0.00995431060353244,0.04805896730253817,0.03897318086117635,1.1804490990854895,0.031775858121454864,0.007106893565338099,0.03383580914975293
retuned_practical,query_region_primary_near_octant_boundary,global_minus_unweighted,global_g0p75_cap20,unweighted,20270203,0.00869239077512124,0.03653479532827392,0.029801588534043133,0.19345189654337958,0.022731659049615743,0.007321841399014914,0.020640286236771055
retuned_practical,query_region_primary_near_octant_boundary,global_minus_unweighted,global_g0p75_cap20,unweighted,20270213,0.009105823213473821,0.03110566179765223,0.025657770342015912,0.45773682974200725,0.02085032834968964,0.0035028400682573096,0.017222781962472733
retuned_practical,query_region_primary_near_octant_boundary,global_minus_unweighted,global_g0p75_cap20,unweighted,20270223,0.005521959668065804,0.03602293842391935,0.02892936413964839,1.4965611473998433,0.028220057353144784,-0.0014296795104406929,0.020317036322090254
retuned_practical,query_region_primary_near_octant_boundary,global_minus_unweighted,global_g0p75_cap20,unweighted,20270303,0.007716083765909987,0.03242889119125125,0.026507634476954867,1.5782034459321679,0.027662000261117203,0.0009784801613590965,0.012231878176794941
retuned_practical,query_region_primary_near_octant_boundary,octant_minus_unweighted,octant_g1p00_cap20,unweighted,20261203,0.006624126281033607,0.02770960416842444,0.02263052464518467,0.9281497107929741,0.01934605646309473,0.0016001118482591864,0.01975717855799658
retuned_practical,query_region_primary_near_octant_boundary,octant_minus_unweighted,octant_g1p00_cap20,unweighted,20261213,0.008788057650347583,0.03171929192492068,0.02607684020171447,1.2234994792594271,0.02093689048236197,0.0024186643728510426,0.01802111014437402
retuned_practical,query_region_primary_near_octant_boundary,octant_minus_unweighted,octant_g1p00_cap20,unweighted,20261223,0.00766040287965726,0.02830838559048815,0.023252496363553782,1.3289317233086084,0.01993292844476724,-0.0015076545162589217,0.012104627624747566
retuned_practical,query_region_primary_near_octant_boundary,octant_minus_unweighted,octant_g1p00_cap20,unweighted,20270103,0.005611879127198627,0.053260413276291996,0.04242419255826824,1.165319996955878,0.02930021528979715,0.013365773872204847,0.05300822036055519
retuned_practical,query_region_primary_near_octant_boundary,octant_minus_unweighted,octant_g1p00_cap20,unweighted,20270113,0.008822803862153464,0.029003163854279257,0.02393651949948275,1.470156694369087,0.018370039118521253,0.0002500129501456366,0.016550733497236958
retuned_practical,query_region_primary_near_octant_boundary,octant_minus_unweighted,octant_g1p00_cap20,unweighted,20270123,0.007910370448913712,0.03810265728446771,0.030894588104724452,1.0672430820743415,0.023558294954537484,0.004550474495531018,0.03042457892735828
retuned_practical,query_region_primary_near_octant_boundary,octant_minus_unweighted,octant_g1p00_cap20,unweighted,20270203,0.006607204200116776,0.03300889360237824,0.026729264996114166,-0.22305507829397975,0.018394535301456072,0.006461074547584059,0.01620002406801818
retuned_practical,query_region_primary_near_octant_boundary,octant_minus_unweighted,octant_g1p00_cap20,unweighted,20270213,0.006038600208629036,0.02874443843355534,0.0233479924296168,0.4484152926621796,0.016631372668393485,0.0038253627269336232,0.01421972288657436
retuned_practical,query_region_primary_near_octant_boundary,octant_minus_unweighted,octant_g1p00_cap20,unweighted,20270223,0.004700551365849626,0.02918163135933155,0.023463719766571384,1.0159719546706558,0.021686165661261303,-0.002320653164959441,0.012882281965219733
retuned_practical,query_region_primary_near_octant_boundary,octant_minus_unweighted,octant_g1p00_cap20,unweighted,20270303,0.006875472528413362,0.02771616540679228,0.02269507385445596,0.978578486583217,0.02211836039837392,0.0006055541461039843,0.0069686446318197315
retuned_practical,query_region_primary_near_octant_boundary,octant_minus_global,octant_g1p00_cap20,global_g0p75_cap20,20261203,-0.001584529923806005,-0.0027024571826048116,-0.0023503249617523037,0.1872240975753776,-0.004019995419723282,-0.0005633897244712721,-0.002441721198970126
retuned_practical,query_region_primary_near_octant_boundary,octant_minus_global,octant_g1p00_cap20,global_g0p75_cap20,20261213,-0.002394142651980208,-0.005014178982169937,-0.004280401014432278,-0.23706139687141992,-0.004835496854000948,-0.0010171331128900896,-0.0052581675650946735
retuned_practical,query_region_primary_near_octant_boundary,octant_minus_global,octant_g1p00_cap20,global_g0p75_cap20,20261223,-0.0021519754588166518,-0.004879189968207409,-0.004136480206110182,-0.1104124685358503,-0.004957600050266631,0.0007232664910537534,-0.0077877454996694295
retuned_practical,query_region_primary_near_octant_boundary,octant_minus_global,octant_g1p00_cap20,global_g0p75_cap20,20270103,-0.0011906691127840652,-0.013691674463105208,-0.010906452322841154,-1.0059702987480712,-0.00808994661699916,-0.006125408265644783,-0.006308508041041994
retuned_practical,query_region_primary_near_octant_boundary,octant_minus_global,octant_g1p00_cap20,global_g0p75_cap20,20270113,4.783710541741981e-05,-0.0025620288021471205,-0.0019767823448069155,0.08362805325413802,-0.0034890798151606672,0.0015052398798828664,-0.002970841297692317
retuned_practical,query_region_primary_near_octant_boundary,octant_minus_global,octant_g1p00_cap20,global_g0p75_cap20,20270123,-0.0020439401546187286,-0.009956310018070458,-0.008078592756451897,-0.11320601701114796,-0.00821756316691738,-0.002556419069807081,-0.0034112302223946456
retuned_practical,query_region_primary_near_octant_boundary,octant_minus_global,octant_g1p00_cap20,global_g0p75_cap20,20270203,-0.0020851865750044635,-0.003525901725895675,-0.003072323537928967,-0.4165069748373593,-0.004337123748159671,-0.0008607668514308553,-0.004440262168752873
retuned_practical,query_region_primary_near_octant_boundary,octant_minus_global,octant_g1p00_cap20,global_g0p75_cap20,20270213,-0.003067223004844785,-0.002361223364096887,-0.0023097779123991136,-0.009321537079827635,-0.004218955681296155,0.0003225226586763136,-0.0030030590758983733
retuned_practical,query_region_primary_near_octant_boundary,octant_minus_global,octant_g1p00_cap20,global_g0p75_cap20,20270223,-0.0008214083022161783,-0.006841307064587798,-0.0054656443730770055,-0.48058919272918743,-0.006533891691883481,-0.000890973654518748,-0.007434754356870521
retuned_practical,query_region_primary_near_octant_boundary,octant_minus_global,octant_g1p00_cap20,global_g0p75_cap20,20270303,-0.0008406112374966246,-0.004712725784458971,-0.003812560622498906,-0.5996249593489509,-0.005543639862743283,-0.00037292601525511226,-0.00526323354497521
retuned_practical,query_region_primary_far_from_octant_boundary,global_minus_unweighted,global_g0p75_cap20,unweighted,20261203,0.003524143473689345,0.016041104930042738,0.012904844292703166,0.5817474071673967,0.02032239032719549,-0.003509709758889104,0.010997671680477439
retuned_practical,query_region_primary_far_from_octant_boundary,global_minus_unweighted,global_g0p75_cap20,unweighted,20261213,0.003863563026685446,0.011766721923533952,0.009644814288243153,0.1280244820810239,0.01347882994482158,-0.007762260645804417,-0.009899931692921693
retuned_practical,query_region_primary_far_from_octant_boundary,global_minus_unweighted,global_g0p75_cap20,unweighted,20261223,0.005495483141025104,0.013124097715454641,0.010940741655357522,0.5905666596990287,0.017449072755148676,0.009394703963287648,0.009444696680051157
retuned_practical,query_region_primary_far_from_octant_boundary,global_minus_unweighted,global_g0p75_cap20,unweighted,20270103,0.0031486639337082317,0.024422471791673173,0.01935019526177234,0.10024881679526132,0.022406272872575572,-0.0004455665676141862,0.013665858952179533
retuned_practical,query_region_primary_far_from_octant_boundary,global_minus_unweighted,global_g0p75_cap20,unweighted,20270113,0.0036428384857031815,0.013402623190342966,0.010877031018866778,1.164944276838316,0.01251578556868918,0.0012202331566496805,0.005082049675657119
retuned_practical,query_region_primary_far_from_octant_boundary,global_minus_unweighted,global_g0p75_cap20,unweighted,20270123,0.004676146378302368,0.014459747699189396,0.011840504942843166,2.1036758136328757,0.0157151043631667,0.0072301296774424095,0.03775277546938338
retuned_practical,query_region_primary_far_from_octant_boundary,global_minus_unweighted,global_g0p75_cap20,unweighted,20270203,0.005435334642750422,0.016714005024037304,0.013691673131500548,0.724651115348312,0.021528096166700234,0.006049935537782131,0.021454993688398538
retuned_practical,query_region_primary_far_from_octant_boundary,global_minus_unweighted,global_g0p75_cap20,unweighted,20270213,0.0032518663307943285,0.011294783592469937,0.009190610579065728,0.35517277515551093,0.007749125155105063,-0.005333416294406992,-0.011345998820482706
retuned_practical,query_region_primary_far_from_octant_boundary,global_minus_unweighted,global_g0p75_cap20,unweighted,20270223,0.005256454061949578,0.010902614420355672,0.009185438509494215,0.5386372259715984,0.014262412343849645,0.002263956562901376,0.01439137941720564
retuned_practical,query_region_primary_far_from_octant_boundary,global_minus_unweighted,global_g0p75_cap20,unweighted,20270303,0.0049615742276614555,0.012586748179271023,0.010436370132467454,0.7637811900190847,0.01608162478070685,0.0037533962872239868,0.03295435396794549
retuned_practical,query_region_primary_far_from_octant_boundary,octant_minus_unweighted,octant_g1p00_cap20,unweighted,20261203,0.0015691079855178203,0.010281482497730199,0.008175338596759285,0.6736884837214401,0.013347044437406724,-0.005107160237383848,0.004888699060387358
retuned_practical,query_region_primary_far_from_octant_boundary,octant_minus_unweighted,octant_g1p00_cap20,unweighted,20261213,0.0016460895723414137,0.007894764028795576,0.00633760260692201,0.6054100452268099,0.008504157080405306,-0.007488216891143068,-0.011668026542143717
retuned_practical,query_region_primary_far_from_octant_boundary,octant_minus_unweighted,octant_g1p00_cap20,unweighted,20261223,0.0018967357021524023,0.009135560670781417,0.007318650941892879,0.5508502395831183,0.009726008796718144,-0.0015695738902702372,-0.006318462339755193
retuned_practical,query_region_primary_far_from_octant_boundary,octant_minus_unweighted,octant_g1p00_cap20,unweighted,20270103,0.001223230087609814,0.018458497965706755,0.01446710686273528,-0.3171903423547988,0.016149518009296843,-0.0024915105127555626,0.005477428181272892
retuned_practical,query_region_primary_far_from_octant_boundary,octant_minus_unweighted,octant_g1p00_cap20,unweighted,20270113,0.0016537338400204465,0.009621252617746767,0.007670626463133989,0.9938793289146819,0.008028748826321264,0.00020816416699594165,0.0035003786828397554
retuned_practical,query_region_primary_far_from_octant_boundary,octant_minus_unweighted,octant_g1p00_cap20,unweighted,20270123,0.002282532458847561,0.010765932345282947,0.008630522602886825,2.0013185551369137,0.010861518429818473,-0.003605745567046764,-0.00628086589203336
retuned_practical,query_region_primary_far_from_octant_boundary,octant_minus_unweighted,octant_g1p00_cap20,unweighted,20270203,0.0025730530603458868,0.010442660377472712,0.008428324172301327,-0.16989454527041303,0.011760276082466076,-0.002362587531629226,-0.009104836347304246
retuned_practical,query_region_primary_far_from_octant_boundary,octant_minus_unweighted,octant_g1p00_cap20,unweighted,20270213,0.0017008362412887362,0.008367497749144526,0.006703949844930057,0.7557666061184118,0.00493406487028164,-0.0051608595007247154,-0.01339211144824487
retuned_practical,query_region_primary_far_from_octant_boundary,octant_minus_unweighted,octant_g1p00_cap20,unweighted,20270223,0.0022075230166961196,0.006039907629010022,0.004984005396127977,0.2625414709188476,0.009242470954325482,-0.0037557429830602646,-0.009879439591841732
retuned_practical,query_region_primary_far_from_octant_boundary,octant_minus_unweighted,octant_g1p00_cap20,unweighted,20270303,0.002220111699768823,0.007882338323024929,0.006408395770243214,0.42879601663420885,0.011674316277559604,-0.0007740540807813223,0.011715330456660067
retuned_practical,query_region_primary_far_from_octant_boundary,octant_minus_global,octant_g1p00_cap20,global_g0p75_cap20,20261203,-0.001955035488171525,-0.005759622432312539,-0.004729505695943881,0.09194107655404338,-0.006975345889788764,-0.001597450478494744,-0.006108972620090081
retuned_practical,query_region_primary_far_from_octant_boundary,octant_minus_global,octant_g1p00_cap20,global_g0p75_cap20,20261213,-0.002217473454344032,-0.003871957894738376,-0.0033072116813211427,0.47738556314578595,-0.004974672864416274,0.0002740437546613489,-0.0017680948492220239
retuned_practical,query_region_primary_far_from_octant_boundary,octant_minus_global,octant_g1p00_cap20,global_g0p75_cap20,20261223,-0.0035987474388727014,-0.003988537044673224,-0.003622090713464643,-0.03971642011591037,-0.007723063958430532,-0.010964277853557886,-0.01576315901980635
retuned_practical,query_region_primary_far_from_octant_boundary,octant_minus_global,octant_g1p00_cap20,global_g0p75_cap20,20270103,-0.0019254338460984177,-0.005963973825966418,-0.004883088399037061,-0.41743915915006014,-0.0062567548632787295,-0.0020459439451413763,-0.00818843077090664
retuned_practical,query_region_primary_far_from_octant_boundary,octant_minus_global,octant_g1p00_cap20,global_g0p75_cap20,20270113,-0.001989104645682735,-0.003781370572596199,-0.003206404555732789,-0.17106494792363414,-0.004487036742367917,-0.0010120689896537388,-0.0015816709928173633
retuned_practical,query_region_primary_far_from_octant_boundary,octant_minus_global,octant_g1p00_cap20,global_g0p75_cap20,20270123,-0.0023936139194548067,-0.003693815353906449,-0.003209982339956341,-0.102357258495962,-0.004853585933348226,-0.010835875244489174,-0.04403364136141674
retuned_practical,query_region_primary_far_from_octant_boundary,octant_minus_global,octant_g1p00_cap20,global_g0p75_cap20,20270203,-0.0028622815824045356,-0.006271344646564592,-0.005263348959199221,-0.894545660618725,-0.009767820084234158,-0.008412523069411357,-0.030559830035702784
retuned_practical,query_region_primary_far_from_octant_boundary,octant_minus_global,octant_g1p00_cap20,global_g0p75_cap20,20270213,-0.0015510300895055923,-0.002927285843325411,-0.0024866607341356706,0.4005938309629009,-0.002815060284823423,0.00017255679368227694,-0.0020461126277621644
retuned_practical,query_region_primary_far_from_octant_boundary,octant_minus_global,octant_g1p00_cap20,global_g0p75_cap20,20270223,-0.0030489310452534585,-0.00486270679134565,-0.0042014331133662375,-0.27609575505275075,-0.005019941389524163,-0.00601969954596164,-0.024270819009047373
retuned_practical,query_region_primary_far_from_octant_boundary,octant_minus_global,octant_g1p00_cap20,global_g0p75_cap20,20270303,-0.0027414625278926325,-0.0047044098562460945,-0.00402797436222424,-0.3349851733848759,-0.004407308503147245,-0.004527450368005309,-0.021239023511285426
retuned_raw,observed_test_octant_parent_weighted,global_minus_unweighted,global_g0p75_cap20,unweighted,20261203,0.0009268102593101291,0.016089321109674815,0.01279699519543015,0.8574699956755882,0.018017226815544768,-0.008126444019850354,0.014227816940980964
retuned_raw,observed_test_octant_parent_weighted,global_minus_unweighted,global_g0p75_cap20,unweighted,20261213,0.0015984577515448725,0.018114498548923885,0.014279820211846928,0.9790152998389061,0.015177316363681664,-0.005690982751642898,0.011475133745326771
retuned_raw,observed_test_octant_parent_weighted,global_minus_unweighted,global_g0p75_cap20,unweighted,20261223,0.001949294618585229,0.021087493088125908,0.016846759283233537,1.1360228332562823,0.021854744471893534,-0.006177734443983771,0.021800854973896278
retuned_raw,observed_test_octant_parent_weighted,global_minus_unweighted,global_g0p75_cap20,unweighted,20270103,0.0031314089164599726,0.042158917739956336,0.03338036248914028,1.6711574281746113,0.03663639995240359,-0.002873781972740852,0.030770238451130916
retuned_raw,observed_test_octant_parent_weighted,global_minus_unweighted,global_g0p75_cap20,unweighted,20270113,0.001264991612188765,0.017654596910123443,0.014027256070256178,0.45135617666780803,0.014473037891564428,-0.004413968758942913,0.012132291532902961
retuned_raw,observed_test_octant_parent_weighted,global_minus_unweighted,global_g0p75_cap20,unweighted,20270123,1.803757972781983e-05,0.02670061381225841,0.020964886613875744,0.9984821251589686,0.02046273970509313,-0.002710886000527102,0.022501546433369546
retuned_raw,observed_test_octant_parent_weighted,global_minus_unweighted,global_g0p75_cap20,unweighted,20270203,0.0009261780044864457,0.018754267267627966,0.01482185018577753,0.7281869889845023,0.015765603954546126,-0.004605740734248909,0.014326315780400556
retuned_raw,observed_test_octant_parent_weighted,global_minus_unweighted,global_g0p75_cap20,unweighted,20270213,0.0005283120098511368,0.021688944390817533,0.016930569020500053,0.7079352004490307,0.014078793916706078,-0.0030690653592539696,0.011447504775048578
retuned_raw,observed_test_octant_parent_weighted,global_minus_unweighted,global_g0p75_cap20,unweighted,20270223,0.0024136970212529016,0.020209917008356004,0.01611054094110556,1.2019108394001652,0.026029054340470037,-0.01165719948986671,0.02447356744504081
retuned_raw,observed_test_octant_parent_weighted,global_minus_unweighted,global_g0p75_cap20,unweighted,20270303,0.0018471974919639228,0.01815150025116047,0.014156561532006617,1.1049094016020593,0.019024239674108878,-0.007237285331758117,0.011765561256787016
retuned_raw,observed_test_octant_parent_weighted,octant_minus_unweighted,octant_g1p00_cap20,unweighted,20261203,0.00044223207125373976,0.013302972569460447,0.01055281944628167,0.6235932277532665,0.014208063507345686,-0.006974347295097369,0.00967928882120439
retuned_raw,observed_test_octant_parent_weighted,octant_minus_unweighted,octant_g1p00_cap20,unweighted,20261213,0.0008340463016149671,0.015405665793307266,0.012096041843329353,0.7281378309440996,0.012638307947592242,-0.005769091816217403,0.007086463156484479
retuned_raw,observed_test_octant_parent_weighted,octant_minus_unweighted,octant_g1p00_cap20,unweighted,20261223,0.0007545590197978597,0.017743219595620086,0.014094935020228738,0.9730482288437248,0.01613931848871203,-0.00418589091173556,0.016471622242398565
retuned_raw,observed_test_octant_parent_weighted,octant_minus_unweighted,octant_g1p00_cap20,unweighted,20270103,0.0018372581408519564,0.033454882093636173,0.02643668593252757,1.1318104794893475,0.027956014804351142,-0.0027135589643913632,0.021015016005044573
retuned_raw,observed_test_octant_parent_weighted,octant_minus_unweighted,octant_g1p00_cap20,unweighted,20270113,0.0005917090883382353,0.01610326443907406,0.01274846648294542,0.2987220465938769,0.012229521203627858,-0.0036414613984327715,0.00858715925777448
retuned_raw,observed_test_octant_parent_weighted,octant_minus_unweighted,octant_g1p00_cap20,unweighted,20270123,-0.00018978232216915192,0.02191245839712691,0.017184862153796776,0.7288616076350358,0.0156421323612759,-0.0028093864436553595,0.014938803047550686
retuned_raw,observed_test_octant_parent_weighted,octant_minus_unweighted,octant_g1p00_cap20,unweighted,20270203,0.0003899779915986293,0.014993075813327594,0.011820606170064252,0.4600455525757443,0.011930789256652363,-0.004845686686818965,0.007314245056661062
retuned_raw,observed_test_octant_parent_weighted,octant_minus_unweighted,octant_g1p00_cap20,unweighted,20270213,0.00032747127091833916,0.01862778389948644,0.01452821766832696,0.5694993898857366,0.011518225496132795,-0.003248245715281581,0.005941838416165912
retuned_raw,observed_test_octant_parent_weighted,octant_minus_unweighted,octant_g1p00_cap20,unweighted,20270223,0.0014870301978437625,0.017272962747240883,0.013717787378418472,0.854092176447919,0.02006481404753943,-0.008230987363184561,0.022692489533455096
retuned_raw,observed_test_octant_parent_weighted,octant_minus_unweighted,octant_g1p00_cap20,unweighted,20270303,0.0008632169230029657,0.015804326403821234,0.012262896746799479,0.8266052007514961,0.013934076930931183,-0.0038116087060627163,0.008091018029292019
retuned_raw,observed_test_octant_parent_weighted,octant_minus_global,octant_g1p00_cap20,global_g0p75_cap20,20261203,-0.0004845781880563893,-0.0027863485402143673,-0.0022441757491484804,-0.2338767679223217,-0.0038091633081990817,0.001152096724752985,-0.004548528119776574
retuned_raw,observed_test_octant_parent_weighted,octant_minus_global,octant_g1p00_cap20,global_g0p75_cap20,20261213,-0.0007644114499299054,-0.002708832755616619,-0.002183778368517575,-0.25087746889480655,-0.002539008416089422,-7.810906457450528e-05,-0.004388670588842292
retuned_raw,observed_test_octant_parent_weighted,octant_minus_global,octant_g1p00_cap20,global_g0p75_cap20,20261223,-0.0011947355987873692,-0.0033442734925058226,-0.0027518242630047984,-0.1629746044125575,-0.005715425983181505,0.001991843532248211,-0.005329232731497713
retuned_raw,observed_test_octant_parent_weighted,octant_minus_global,octant_g1p00_cap20,global_g0p75_cap20,20270103,-0.0012941507756080162,-0.008704035646320163,-0.00694367655661271,-0.5393469486852638,-0.008680385148052444,0.00016022300834948877,-0.009755222446086342
retuned_raw,observed_test_octant_parent_weighted,octant_minus_global,octant_g1p00_cap20,global_g0p75_cap20,20270113,-0.0006732825238505297,-0.0015513324710493825,-0.001278789587310758,-0.15263413007393112,-0.0022435166879365698,0.0007725073605101412,-0.003545132275128482
retuned_raw,observed_test_octant_parent_weighted,octant_minus_global,octant_g1p00_cap20,global_g0p75_cap20,20270123,-0.00020781990189697175,-0.004788155415131501,-0.003780024460078968,-0.2696205175239328,-0.004820607343817229,-9.850044312825768e-05,-0.00756274338581886
retuned_raw,observed_test_octant_parent_weighted,octant_minus_global,octant_g1p00_cap20,global_g0p75_cap20,20270203,-0.0005362000128878164,-0.003761191454300372,-0.003001244015713278,-0.268141436408758,-0.0038348146978937625,-0.0002399459525700559,-0.007012070723739494
retuned_raw,observed_test_octant_parent_weighted,octant_minus_global,octant_g1p00_cap20,global_g0p75_cap20,20270213,-0.00020084073893279764,-0.003061160491331094,-0.0024023513521730933,-0.13843581056329413,-0.0025605684205732837,-0.00017918035602761118,-0.005505666358882666
retuned_raw,observed_test_octant_parent_weighted,octant_minus_global,octant_g1p00_cap20,global_g0p75_cap20,20270223,-0.0009266668234091391,-0.002936954261115121,-0.002392753562687089,-0.34781866295224617,-0.005964240292930606,0.003426212126682149,-0.0017810779115857156
retuned_raw,observed_test_octant_parent_weighted,octant_minus_global,octant_g1p00_cap20,global_g0p75_cap20,20270303,-0.000983980568960957,-0.0023471738473392345,-0.0018936647852071387,-0.2783042008505632,-0.005090162743177695,0.0034256766256954008,-0.0036745432274949974
retuned_raw,observed_test_global_parent_weighted,global_minus_unweighted,global_g0p75_cap20,unweighted,20261203,0.0011566294937799051,0.01826704352599784,0.01478275533707174,1.0056432559102966,0.020307418824525608,-0.008004965586830573,0.018345092164326227
retuned_raw,observed_test_global_parent_weighted,global_minus_unweighted,global_g0p75_cap20,unweighted,20261213,0.002227529167291964,0.023110249931530435,0.01854136736526507,1.0722213583474378,0.017581373189337196,-0.005893574754841133,0.013773059562178835
retuned_raw,observed_test_global_parent_weighted,global_minus_unweighted,global_g0p75_cap20,unweighted,20261223,0.0016601235412180837,0.02359075364220914,0.01905194731816573,1.5666810868022942,0.023405380945160148,-0.006348010215029412,0.02187331907405865
retuned_raw,observed_test_global_parent_weighted,global_minus_unweighted,global_g0p75_cap20,unweighted,20270103,0.0034468413472483472,0.04766953120459411,0.03829757222269037,2.294982493775791,0.04037562359058916,-0.0007038428810147018,0.03608192067226912
retuned_raw,observed_test_global_parent_weighted,global_minus_unweighted,global_g0p75_cap20,unweighted,20270113,0.0012389643958356927,0.021384526695979567,0.017237297282388042,0.6738740380172086,0.016888132287499608,-0.004538105220441166,0.014200175728240672
retuned_raw,observed_test_global_parent_weighted,global_minus_unweighted,global_g0p75_cap20,unweighted,20270123,0.00018459906688868266,0.030939484427559116,0.024722015485889592,1.4463047396042494,0.023018020054311805,-0.0019601815275049755,0.025797324102525776
retuned_raw,observed_test_global_parent_weighted,global_minus_unweighted,global_g0p75_cap20,unweighted,20270203,0.0009445329968804858,0.02272012163562359,0.018252477687150548,0.8569368472634533,0.018806384971054024,-0.004916468733730556,0.0179594229985115
retuned_raw,observed_test_global_parent_weighted,global_minus_unweighted,global_g0p75_cap20,unweighted,20270213,0.0007752134166938568,0.032511587860981406,0.025803653749528643,0.8109998245534591,0.01715759827769134,-0.000866602312347392,0.015104327076334967
retuned_raw,observed_test_global_parent_weighted,global_minus_unweighted,global_g0p75_cap20,unweighted,20270223,0.0026293382920828667,0.02143858627539924,0.017338321349280872,1.2524463039164893,0.02926565670114875,-0.013518947709469306,0.025845757570671257
retuned_raw,observed_test_global_parent_weighted,global_minus_unweighted,global_g0p75_cap20,unweighted,20270303,0.0017325131540473007,0.021346290665671674,0.016954894094912076,1.23145258798937,0.021522348557379056,-0.007786487833105191,0.014700770261617813
retuned_raw,observed_test_global_parent_weighted,octant_minus_unweighted,octant_g1p00_cap20,unweighted,20261203,0.0007709761984087474,0.015277678470284328,0.012347074822161908,0.7267574300361304,0.01625110748789388,-0.007196337290105818,0.01221167846983856
retuned_raw,observed_test_global_parent_weighted,octant_minus_unweighted,octant_g1p00_cap20,unweighted,20261213,0.0013166477501261736,0.020267694116034518,0.01620381781852437,0.7462644324190517,0.01487598574034854,-0.005996124874528191,0.008847207480243091
retuned_raw,observed_test_global_parent_weighted,octant_minus_unweighted,octant_g1p00_cap20,unweighted,20261223,0.000774806442225856,0.020569303645628312,0.016553866771566228,1.229615180060451,0.017416883544387973,-0.0043921298237731,0.016066151482214297
retuned_raw,observed_test_global_parent_weighted,octant_minus_unweighted,octant_g1p00_cap20,unweighted,20270103,0.002172206229172552,0.038351099524033816,0.030765249316439036,1.6762907740524682,0.030930021593995466,-0.0012039813278784117,0.02436493159102565
retuned_raw,observed_test_global_parent_weighted,octant_minus_unweighted,octant_g1p00_cap20,unweighted,20270113,0.0007336237313327887,0.020268209919349967,0.016303117914278298,0.3803949841928542,0.014614118318290209,-0.0038943812076602663,0.01033527305531412
retuned_raw,observed_test_global_parent_weighted,octant_minus_unweighted,octant_g1p00_cap20,unweighted,20270123,6.677064423958601e-05,0.025831894706956182,0.020630685698697304,1.078877598095815,0.018163014695075225,-0.002907165301368128,0.01634657149350932
retuned_raw,observed_test_global_parent_weighted,octant_minus_unweighted,octant_g1p00_cap20,unweighted,20270203,0.000495335418520107,0.018583667789063896,0.014907911326043244,0.646508077261231,0.014650105475989633,-0.005745019799455381,0.00820939362305545
retuned_raw,observed_test_global_parent_weighted,octant_minus_unweighted,octant_g1p00_cap20,unweighted,20270213,0.0005855544649701755,0.028804485323179696,0.022850992172525786,0.666570855172349,0.014567263588520202,-0.0016876193510680648,0.007979598534816446
retuned_raw,observed_test_global_parent_weighted,octant_minus_unweighted,octant_g1p00_cap20,unweighted,20270223,0.0019812270939231214,0.018936467896364273,0.01528619604033743,0.9510457245788384,0.02277918578462229,-0.010079747899953237,0.023692610238480794
retuned_raw,observed_test_global_parent_weighted,octant_minus_unweighted,octant_g1p00_cap20,unweighted,20270303,0.0008812543690147959,0.01903732003726588,0.01506795948163836,1.0348648205628024,0.015635473142417755,-0.0041835158329149025,0.009990840984004712
retuned_raw,observed_test_global_parent_weighted,octant_minus_global,octant_g1p00_cap20,global_g0p75_cap20,20261203,-0.0003856532953711578,-0.002989365055713511,-0.0024356805149098326,-0.2788858258741662,-0.004056311336631729,0.0008086282967247546,-0.006133413694487666
retuned_raw,observed_test_global_parent_weighted,octant_minus_global,octant_g1p00_cap20,global_g0p75_cap20,20261213,-0.0009108814171657903,-0.0028425558154959174,-0.0023375495467407026,-0.3259569259283861,-0.0027053874489886554,-0.00010255011968705874,-0.004925852081935744
retuned_raw,observed_test_global_parent_weighted,octant_minus_global,octant_g1p00_cap20,global_g0p75_cap20,20261223,-0.0008853170989922277,-0.0030214499965808272,-0.0024980805465995015,-0.33706590674184334,-0.005988497400772175,0.001955880391256312,-0.005807167591844353
retuned_raw,observed_test_global_parent_weighted,octant_minus_global,octant_g1p00_cap20,global_g0p75_cap20,20270103,-0.0012746351180757953,-0.00931843168056029,-0.007532322906251332,-0.6186917197233228,-0.009445601996593694,-0.0005001384468637099,-0.011716989081243467
retuned_raw,observed_test_global_parent_weighted,octant_minus_global,octant_g1p00_cap20,global_g0p75_cap20,20270113,-0.000505340664502904,-0.0011163167766296,-0.0009341793681097443,-0.29347905382435435,-0.0022740139692093986,0.0006437240127808996,-0.003864902672926551
retuned_raw,observed_test_global_parent_weighted,octant_minus_global,octant_g1p00_cap20,global_g0p75_cap20,20270123,-0.00011782842264909665,-0.005107589720602934,-0.004091329787192288,-0.3674271415084345,-0.0048550053592365805,-0.0009469837738631526,-0.009450752609016455
retuned_raw,observed_test_global_parent_weighted,octant_minus_global,octant_g1p00_cap20,global_g0p75_cap20,20270203,-0.0004491975783603788,-0.004136453846559696,-0.003344566361107304,-0.21042877000222227,-0.004156279495064391,-0.0008285510657248252,-0.009750029375456049
retuned_raw,observed_test_global_parent_weighted,octant_minus_global,octant_g1p00_cap20,global_g0p75_cap20,20270213,-0.0001896589517236813,-0.0037071025378017097,-0.0029526615770028575,-0.14442896938111005,-0.0025903346891711365,-0.0008210170387206728,-0.007124728541518521
retuned_raw,observed_test_global_parent_weighted,octant_minus_global,octant_g1p00_cap20,global_g0p75_cap20,20270223,-0.0006481111981597454,-0.0025021183790349677,-0.002052125308943442,-0.30140057933765085,-0.00648647091652646,0.003439199809516069,-0.0021531473321904637
retuned_raw,observed_test_global_parent_weighted,octant_minus_global,octant_g1p00_cap20,global_g0p75_cap20,20270303,-0.0008512587850325048,-0.002308970628405793,-0.0018869346132737164,-0.1965877674265677,-0.005886875414961301,0.003602972000190288,-0.004709929277613101
retuned_raw,observed_test_unweighted,global_minus_unweighted,global_g0p75_cap20,unweighted,20261203,0.003333939912522156,0.039430702589846406,0.032035197814597405,1.473833079386015,0.039681801359383845,-0.009181422571297233,0.025362570708968912
retuned_raw,observed_test_unweighted,global_minus_unweighted,global_g0p75_cap20,unweighted,20261213,0.00426690621256378,0.04324528831082397,0.03495647097815138,1.3260357642930964,0.03321351864545144,-0.0018798458199387885,0.01948280383312989
retuned_raw,observed_test_unweighted,global_minus_unweighted,global_g0p75_cap20,unweighted,20261223,0.0055413705062454174,0.06360329547000937,0.05159956467935378,1.920244819115009,0.056098447329730544,0.00558064325787376,0.034870202903751535
retuned_raw,observed_test_unweighted,global_minus_unweighted,global_g0p75_cap20,unweighted,20270103,0.02510667531422845,0.1442984045283192,0.11765823584513965,3.111367285733257,0.09602791913346359,0.07132236964336995,0.3009890816554527
retuned_raw,observed_test_unweighted,global_minus_unweighted,global_g0p75_cap20,unweighted,20270113,0.0034357887347967186,0.04559428454834802,0.03695036604222787,1.2769184026401854,0.040866984960263364,-0.003637489664990612,0.017991380299512527
retuned_raw,observed_test_unweighted,global_minus_unweighted,global_g0p75_cap20,unweighted,20270123,0.004654048815575372,0.09413079460677293,0.07591016515150045,2.0733012127640187,0.06072746584884117,0.0580974100277582,0.2473215115968821
retuned_raw,observed_test_unweighted,global_minus_unweighted,global_g0p75_cap20,unweighted,20270203,0.003852276880408248,0.04719279581528263,0.03825146995584197,1.4257514045819057,0.04205073402648135,-0.0014280231221445033,0.026399088356812206
retuned_raw,observed_test_unweighted,global_minus_unweighted,global_g0p75_cap20,unweighted,20270213,0.0022487288994687896,0.047887711766131436,0.03821277020465044,1.1671983916390456,0.03249461937266657,0.0016690448370013794,0.021444562841782422
retuned_raw,observed_test_unweighted,global_minus_unweighted,global_g0p75_cap20,unweighted,20270223,0.006805579920714337,0.045179647660704314,0.03680954054094876,1.9131219268025905,0.048586766206800885,-0.014053925381576779,0.030843448550261388
retuned_raw,observed_test_unweighted,global_minus_unweighted,global_g0p75_cap20,unweighted,20270303,0.005420482231731763,0.04142709113113313,0.0333952708586904,1.9104954082265273,0.0393135827449847,-0.01120797241481409,0.02031127601774313
retuned_raw,observed_test_unweighted,octant_minus_unweighted,octant_g1p00_cap20,unweighted,20261203,0.0025687410978587275,0.03637586247856692,0.02951472157863283,1.279779016910945,0.03612528117718211,-0.009925393767147267,0.017381549787788386
retuned_raw,observed_test_unweighted,octant_minus_unweighted,octant_g1p00_cap20,unweighted,20261213,0.0031058461692170733,0.0392485669137857,0.03166410925406729,1.1030591478235037,0.029328199530769955,-0.002919577026955819,0.013720454660116677
retuned_raw,observed_test_unweighted,octant_minus_unweighted,octant_g1p00_cap20,unweighted,20261223,0.003441898243096847,0.05661347415543988,0.04581273060204716,1.6500593821157885,0.0468663438768456,0.004763734758482477,0.020482574577166957
retuned_raw,observed_test_unweighted,octant_minus_unweighted,octant_g1p00_cap20,unweighted,20270103,0.01927954808271113,0.11695325687716529,0.09528282965008997,2.299644295047541,0.0768313648202818,0.05742078376372205,0.24109656284513237
retuned_raw,observed_test_unweighted,octant_minus_unweighted,octant_g1p00_cap20,unweighted,20270113,0.003051063886113259,0.042841728370179466,0.03470610746095734,1.1962102283332339,0.037416722520365875,-0.004930503922560545,0.01366702448964524
retuned_raw,observed_test_unweighted,octant_minus_unweighted,octant_g1p00_cap20,unweighted,20270123,0.0036434100246968207,0.08366635647898757,0.06743112452921568,1.6866389770724908,0.05408635631214398,0.04995605889833818,0.2215452875319024
retuned_raw,observed_test_unweighted,octant_minus_unweighted,octant_g1p00_cap20,unweighted,20270203,0.0027335974910212765,0.04049341382152055,0.032780527085656735,1.180017472664061,0.03545783327138319,-0.004282259035483432,0.015576124191367391
retuned_raw,observed_test_unweighted,octant_minus_unweighted,octant_g1p00_cap20,unweighted,20270213,0.001827827196313886,0.045425986021841225,0.03622352388245911,1.2236657212231252,0.030125936868109493,-6.776873230422698e-05,0.020984470766508556
retuned_raw,observed_test_unweighted,octant_minus_unweighted,octant_g1p00_cap20,unweighted,20270223,0.005400132288527516,0.0402140865086042,0.03271208900665584,1.6027428338971035,0.04096722007332279,-0.011634948350013899,0.028398506297696136
retuned_raw,observed_test_unweighted,octant_minus_unweighted,octant_g1p00_cap20,unweighted,20270303,0.003662497098683201,0.038488114533085815,0.030923469902209427,1.4888214289313684,0.0319861348306299,-0.0053011317708274025,0.014563176412274337
retuned_raw,observed_test_unweighted,octant_minus_global,octant_g1p00_cap20,global_g0p75_cap20,20261203,-0.0007651988146634287,-0.0030548401112794887,-0.002520476235964575,-0.19405406247506995,-0.0035565201822017334,-0.0007439711958500336,-0.007981020921180526
retuned_raw,observed_test_unweighted,octant_minus_global,octant_g1p00_cap20,global_g0p75_cap20,20261213,-0.0011610600433467066,-0.003996721397038272,-0.003292361724084092,-0.22297661646959277,-0.0038853191146814847,-0.0010397312070170306,-0.005762349173013215
retuned_raw,observed_test_unweighted,octant_minus_global,octant_g1p00_cap20,global_g0p75_cap20,20261223,-0.0020994722631485704,-0.006989821314569489,-0.005786834077306624,-0.2701854369992205,-0.009232103452884943,-0.0008169084993912834,-0.014387628326584578
retuned_raw,observed_test_unweighted,octant_minus_global,octant_g1p00_cap20,global_g0p75_cap20,20270103,-0.005827127231517321,-0.027345147651153923,-0.022375406195049685,-0.8117229906857162,-0.01919655431318179,-0.013901585879647904,-0.05989251881032032
retuned_raw,observed_test_unweighted,octant_minus_global,octant_g1p00_cap20,global_g0p75_cap20,20270113,-0.0003847248486834598,-0.0027525561781685526,-0.0022442585812705307,-0.08070817430695154,-0.003450262439897489,-0.0012930142575699327,-0.004324355809867286
retuned_raw,observed_test_unweighted,octant_minus_global,octant_g1p00_cap20,global_g0p75_cap20,20270123,-0.0010106387908785514,-0.010464438127785358,-0.008479040622284773,-0.3866622356915279,-0.006641109536697193,-0.008141351129420021,-0.025776224064979703
retuned_raw,observed_test_unweighted,octant_minus_global,octant_g1p00_cap20,global_g0p75_cap20,20270203,-0.0011186793893869715,-0.006699381993762077,-0.005470942870185236,-0.24573393191784465,-0.006592900755098163,-0.002854235913338929,-0.010822964165444815
retuned_raw,observed_test_unweighted,octant_minus_global,octant_g1p00_cap20,global_g0p75_cap20,20270213,-0.00042090170315490366,-0.0024617257442902107,-0.0019892463221913292,0.05646732958407963,-0.0023686825045570736,-0.0017368135693056064,-0.00046009207527386575
retuned_raw,observed_test_unweighted,octant_minus_global,octant_g1p00_cap20,global_g0p75_cap20,20270223,-0.001405447632186821,-0.0049655611521001175,-0.004097451534292917,-0.31037909290548704,-0.0076195461334780945,0.00241897703156288,-0.002444942252565252
retuned_raw,observed_test_unweighted,octant_minus_global,octant_g1p00_cap20,global_g0p75_cap20,20270303,-0.0017579851330485619,-0.002938976598047316,-0.002471800956480974,-0.42167397929515893,-0.007327447914354801,0.005906840643986687,-0.005748099605468793
retuned_raw,query_region_primary_support,global_minus_unweighted,global_g0p75_cap20,unweighted,20261203,0.008592034769043438,0.025570618065499373,0.021363035393879404,1.8956915422377882,0.025223948929149226,-0.003544556122705461,0.025577466413418792
retuned_raw,query_region_primary_support,global_minus_unweighted,global_g0p75_cap20,unweighted,20261213,0.012062259423775396,0.027665177967942267,0.023551687762847384,1.300298037862559,0.02486042191447982,-0.0009697054229786672,0.01846581871097913
retuned_raw,query_region_primary_support,global_minus_unweighted,global_g0p75_cap20,unweighted,20261223,0.0071839048513655385,0.02914160425354534,0.02399854717996175,1.6622905700129493,0.029096426271644743,-0.0007571063275546991,0.030583483173462267
retuned_raw,query_region_primary_support,global_minus_unweighted,global_g0p75_cap20,unweighted,20270103,0.00418923290730136,0.04565417724764481,0.03647268746814014,2.2369447002634963,0.034091773033068345,0.0053156829227095775,0.04276871898299611
retuned_raw,query_region_primary_support,global_minus_unweighted,global_g0p75_cap20,unweighted,20270113,0.006829546187468921,0.02312860642009329,0.019148430581982956,1.412282507966312,0.017431293389960884,-0.0013716101576948525,0.018474065096074632
retuned_raw,query_region_primary_support,global_minus_unweighted,global_g0p75_cap20,unweighted,20270123,0.00888072371050641,0.03401116229122958,0.02797510296936423,1.2973760286444609,0.025973242340334962,0.002871096743555873,0.025080126360223276
retuned_raw,query_region_primary_support,global_minus_unweighted,global_g0p75_cap20,unweighted,20270203,0.007463537835869588,0.02641652435635461,0.021838611092890425,1.3854677635636499,0.02472680222154658,-0.0023502607729363745,0.017917421830503044
retuned_raw,query_region_primary_support,global_minus_unweighted,global_g0p75_cap20,unweighted,20270213,0.010228859726638617,0.02534404461911388,0.021445601350258248,1.415583525726877,0.020544048237547408,-0.0014800061712097745,0.022034397335770117
retuned_raw,query_region_primary_support,global_minus_unweighted,global_g0p75_cap20,unweighted,20270223,0.004284192359588823,0.030259837542307322,0.024374540437453573,0.7505193759837212,0.029832917176647655,-0.00016486969424844844,0.04249362726264799
retuned_raw,query_region_primary_support,global_minus_unweighted,global_g0p75_cap20,unweighted,20270303,0.0066960575381815185,0.024615761005052694,0.02034522753051765,1.4900474024489814,0.02764335958546782,-0.002455229628614025,0.023820742574474196
retuned_raw,query_region_primary_support,octant_minus_unweighted,octant_g1p00_cap20,unweighted,20261203,0.006986753861838557,0.019542945188787686,0.016393889272870943,1.6258916643272876,0.018075173947448037,-0.0032464077349234344,0.01509015707699296
retuned_raw,query_region_primary_support,octant_minus_unweighted,octant_g1p00_cap20,unweighted,20261213,0.009883134544923622,0.022409997728775943,0.01909544831696941,1.0132721403024565,0.0208249497800575,-0.0017940170980478842,0.009728950845111606
retuned_raw,query_region_primary_support,octant_minus_unweighted,octant_g1p00_cap20,unweighted,20261223,0.003251938120628975,0.02393954306270868,0.019346429364934803,1.0457431284159284,0.019740105919479334,0.0014529622903486777,0.019967810968903876
retuned_raw,query_region_primary_support,octant_minus_unweighted,octant_g1p00_cap20,unweighted,20270103,0.002745626802681006,0.03579222939101989,0.028499619881842853,1.7212761140977957,0.026151426206206085,0.0037150585049171847,0.027586799973864096
retuned_raw,query_region_primary_support,octant_minus_unweighted,octant_g1p00_cap20,unweighted,20270113,0.005899943101982441,0.02116114073747316,0.017460911703788273,1.2770136445591227,0.015827530558984476,-0.00026896116412063187,0.01219526602103177
retuned_raw,query_region_primary_support,octant_minus_unweighted,octant_g1p00_cap20,unweighted,20270123,0.0069923697136538565,0.026808746490817714,0.022047114785464395,0.8614928905018377,0.018337993061263658,0.002269256222124774,0.013717816441211172
retuned_raw,query_region_primary_support,octant_minus_unweighted,octant_g1p00_cap20,unweighted,20270203,0.005704728638816742,0.020941326394801396,0.01727737918789929,1.0742234883744857,0.018587265185432966,-0.002566016168599805,0.00991649514363202
retuned_raw,query_region_primary_support,octant_minus_unweighted,octant_g1p00_cap20,unweighted,20270213,0.00882718453938397,0.021935993576075008,0.01855735152094906,0.9310312766254114,0.0165050006645249,0.00013901866401902496,0.012756442793454559
retuned_raw,query_region_primary_support,octant_minus_unweighted,octant_g1p00_cap20,unweighted,20270223,0.0021755852826453037,0.02565584581603636,0.020441360814241416,1.0062604978387775,0.023206403625731953,-0.00031918375705471125,0.040512250677801176
retuned_raw,query_region_primary_support,octant_minus_unweighted,octant_g1p00_cap20,unweighted,20270303,0.005658355485949854,0.022113705834115704,0.01822453910704569,1.2191374785873634,0.022417435689508936,0.0022679267441600842,0.03263902129955387
retuned_raw,query_region_primary_support,octant_minus_global,octant_g1p00_cap20,global_g0p75_cap20,20261203,-0.0016052809072048813,-0.006027672876711687,-0.004969146121008461,-0.26979987791050064,-0.007148774981701189,0.0002981483877820268,-0.010487309336425832
retuned_raw,query_region_primary_support,octant_minus_global,octant_g1p00_cap20,global_g0p75_cap20,20261213,-0.0021791248788517736,-0.005255180239166324,-0.004456239445877974,-0.28702589756010255,-0.004035472134422319,-0.000824311675069217,-0.008736867865867526
retuned_raw,query_region_primary_support,octant_minus_global,octant_g1p00_cap20,global_g0p75_cap20,20261223,-0.0039319667307365636,-0.00520206119083666,-0.004652117815026946,-0.6165474415970209,-0.00935632035216541,0.002210068617903377,-0.01061567220455839
retuned_raw,query_region_primary_support,octant_minus_global,octant_g1p00_cap20,global_g0p75_cap20,20270103,-0.001443606104620354,-0.00986194785662492,-0.007973067586297289,-0.5156685861657007,-0.00794034682686226,-0.0016006244177923928,-0.015181919009132017
retuned_raw,query_region_primary_support,octant_minus_global,octant_g1p00_cap20,global_g0p75_cap20,20270113,-0.0009296030854864801,-0.0019674656826201287,-0.0016875188781946826,-0.13526886340718924,-0.0016037628309764074,0.0011026489935742206,-0.006278799075042862
retuned_raw,query_region_primary_support,octant_minus_global,octant_g1p00_cap20,global_g0p75_cap20,20270123,-0.0018883539968525542,-0.0072024158004118655,-0.005927988183899835,-0.43588313814262314,-0.0076352492790713045,-0.000601840521431099,-0.011362309919012104
retuned_raw,query_region_primary_support,octant_minus_global,octant_g1p00_cap20,global_g0p75_cap20,20270203,-0.0017588091970528463,-0.005475197961553213,-0.0045612319049911365,-0.3112442751891642,-0.006139537036113613,-0.0002157553956634306,-0.008000926686871024
retuned_raw,query_region_primary_support,octant_minus_global,octant_g1p00_cap20,global_g0p75_cap20,20270213,-0.0014016751872546473,-0.0034080510430388733,-0.0028882498293091863,-0.48455224910146555,-0.004039047573022508,0.0016190248352287995,-0.009277954542315558
retuned_raw,query_region_primary_support,octant_minus_global,octant_g1p00_cap20,global_g0p75_cap20,20270223,-0.0021086070769435195,-0.004603991726270962,-0.003933179623212157,0.25574112185505626,-0.0066265135509157025,-0.0001543140628062628,-0.0019813765848468168
retuned_raw,query_region_primary_support,octant_minus_global,octant_g1p00_cap20,global_g0p75_cap20,20270303,-0.001037702052231665,-0.00250205517093699,-0.0021206884234719614,-0.27090992386161794,-0.005225923895958884,0.004723156372774109,0.008818278725079676
retuned_raw,query_common_strict_support,global_minus_unweighted,global_g0p75_cap20,unweighted,20261203,0.023328778293351365,0.06417776594239216,0.051294087010757855,2.3781409524856354,0.05369151492225957,0.009256978456729265,0.07414472753420426
retuned_raw,query_common_strict_support,global_minus_unweighted,global_g0p75_cap20,unweighted,20261213,0.03563648347967732,0.07802684679688546,0.06420135463631105,1.7388579407872093,0.06092670519362814,0.022754259558726328,0.12721002672470938
retuned_raw,query_common_strict_support,global_minus_unweighted,global_g0p75_cap20,unweighted,20261223,0.02460380757828705,0.07835008668668339,0.06229587142321577,2.3977595637124764,0.061237893063006615,0.012361201272638206,0.1015934646729755
retuned_raw,query_common_strict_support,global_minus_unweighted,global_g0p75_cap20,unweighted,20270103,0.013150070835579009,0.11363678304511277,0.08660061865193167,1.561198762979073,0.08541867851556217,0.046330942217735496,0.15126829574271816
retuned_raw,query_common_strict_support,global_minus_unweighted,global_g0p75_cap20,unweighted,20270113,0.019802620855473144,0.04861753180961256,0.03953968724367238,0.865969421846625,0.04081516043648514,0.013421468025288541,0.058150100287388096
retuned_raw,query_common_strict_support,global_minus_unweighted,global_g0p75_cap20,unweighted,20270123,0.028035827572511843,0.09139779380319724,0.07228252850516007,1.1069998523341735,0.06513334883558727,0.04827713614005438,0.1463991349319318
retuned_raw,query_common_strict_support,global_minus_unweighted,global_g0p75_cap20,unweighted,20270203,0.021565864863939438,0.05891048695707318,0.047318629521111294,1.9740340142178976,0.05388283125956739,0.007397634133792699,0.06374613834024523
retuned_raw,query_common_strict_support,global_minus_unweighted,global_g0p75_cap20,unweighted,20270213,0.03430955343394286,0.0668860225641614,0.055983209538899015,1.5772394099963414,0.05383186492832204,0.020680396418826186,0.10300691317264238
retuned_raw,query_common_strict_support,global_minus_unweighted,global_g0p75_cap20,unweighted,20270223,0.018878445992699763,0.07257909360664366,0.05707654149350827,2.0284703827273045,0.05088494606640992,1.3843585680239912e-05,0.0806855736669313
retuned_raw,query_common_strict_support,global_minus_unweighted,global_g0p75_cap20,unweighted,20270303,0.014563488857066653,0.0640654737844416,0.049842832645150686,1.49857955306308,0.05218814213328676,0.010597977051888946,0.08523012202238406
retuned_raw,query_common_strict_support,octant_minus_unweighted,octant_g1p00_cap20,unweighted,20261203,0.024491550391035954,0.057860796460513286,0.047100777247026215,1.541251379378747,0.0449128747026738,0.011008320211057021,0.08210724478513654
retuned_raw,query_common_strict_support,octant_minus_unweighted,octant_g1p00_cap20,unweighted,20261213,0.0339612970308803,0.0735807046622867,0.06063127441980248,1.3920783387651436,0.04982489992316569,0.024313208358948138,0.12404380513739177
retuned_raw,query_common_strict_support,octant_minus_unweighted,octant_g1p00_cap20,unweighted,20261223,0.01452726450755383,0.06810675083858006,0.05288380749741853,1.0180011670918248,0.04887879051565647,0.022802348300301638,0.11120601102851915
retuned_raw,query_common_strict_support,octant_minus_unweighted,octant_g1p00_cap20,unweighted,20270103,0.012779283359016222,0.09024286548734534,0.06906413761078511,0.9538601068608532,0.06371304374852871,0.035031373582717504,0.11890583135921601
retuned_raw,query_common_strict_support,octant_minus_unweighted,octant_g1p00_cap20,unweighted,20270113,0.021780433258039564,0.04726386195190746,0.03898123320890137,0.3247935607646655,0.03511592461331925,0.01345015691914525,0.06822078600099274
retuned_raw,query_common_strict_support,octant_minus_unweighted,octant_g1p00_cap20,unweighted,20270123,0.028474406901797977,0.0758894915684456,0.06112528216355237,0.43290501930702474,0.050971091680492686,0.03726102967614284,0.10333775429572406
retuned_raw,query_common_strict_support,octant_minus_unweighted,octant_g1p00_cap20,unweighted,20270203,0.02262422004404195,0.05781039972693075,0.04676285991709589,1.2613251837589035,0.0465743951168891,0.009191640238720197,0.06789332037326345
retuned_raw,query_common_strict_support,octant_minus_unweighted,octant_g1p00_cap20,unweighted,20270213,0.0356556018310855,0.06930838976606751,0.05803798837496826,1.5786425481292614,0.0510837424155976,0.02763731956802601,0.11124526614377328
retuned_raw,query_common_strict_support,octant_minus_unweighted,octant_g1p00_cap20,unweighted,20270223,0.015908346969507783,0.06439019381554911,0.050487272813694695,1.9379974761295502,0.04238093785433561,0.0034863107920185057,0.08393541183637554
retuned_raw,query_common_strict_support,octant_minus_unweighted,octant_g1p00_cap20,unweighted,20270303,0.017871385594508418,0.06482473184866216,0.051027531113589514,1.4270738944123629,0.05131989046978358,0.018251473460423565,0.09884165960873836
retuned_raw,query_common_strict_support,octant_minus_global,octant_g1p00_cap20,global_g0p75_cap20,20261203,0.001162772097684589,-0.006316969481878876,-0.00419330976373164,-0.8368895731068884,-0.00877864021958577,0.0017513417543277565,0.007962517250932277
retuned_raw,query_common_strict_support,octant_minus_global,octant_g1p00_cap20,global_g0p75_cap20,20261213,-0.0016751864487970225,-0.004446142134598763,-0.0035700802165085643,-0.3467796020220657,-0.01110180527046245,0.00155894880022181,-0.003166221587317608
retuned_raw,query_common_strict_support,octant_minus_global,octant_g1p00_cap20,global_g0p75_cap20,20261223,-0.010076543070733218,-0.01024333584810333,-0.009412063925797243,-1.3797583966206517,-0.012359102547350148,0.010441147027663432,0.00961254635554365
retuned_raw,query_common_strict_support,octant_minus_global,octant_g1p00_cap20,global_g0p75_cap20,20270103,-0.00037078747656278666,-0.02339391755776743,-0.01753648104114655,-0.6073386561182197,-0.021705634767033466,-0.011299568635017992,-0.032362464383502154
retuned_raw,query_common_strict_support,octant_minus_global,octant_g1p00_cap20,global_g0p75_cap20,20270113,0.00197781240256642,-0.0013536698577051032,-0.0005584540347710054,-0.5411758610819595,-0.0056992358231658935,2.8688893856709807e-05,0.010070685713604643
retuned_raw,query_common_strict_support,octant_minus_global,octant_g1p00_cap20,global_g0p75_cap20,20270123,0.0004385793292861345,-0.015508302234751636,-0.011157246341607696,-0.6740948330271488,-0.014162257155094587,-0.011016106463911546,-0.043061380636207736
retuned_raw,query_common_strict_support,octant_minus_global,octant_g1p00_cap20,global_g0p75_cap20,20270203,0.0010583551801025132,-0.0011000872301424325,-0.0005557696040154048,-0.7127088304589941,-0.007308436142678287,0.001794006104927498,0.004147182033018226
retuned_raw,query_common_strict_support,octant_minus_global,octant_g1p00_cap20,global_g0p75_cap20,20270213,0.0013460483971426407,0.0024223672019061115,0.0020547788360692487,0.0014031381329200343,-0.002748122512724438,0.006956923149199823,0.008238352971130902
retuned_raw,query_common_strict_support,octant_minus_global,octant_g1p00_cap20,global_g0p75_cap20,20270223,-0.00297009902319198,-0.00818889979109455,-0.006589268679813576,-0.09047290659775431,-0.00850400821207431,0.003472467206338266,0.0032498381694442413
retuned_raw,query_common_strict_support,octant_minus_global,octant_g1p00_cap20,global_g0p75_cap20,20270303,0.003307896737441765,0.0007592580642205582,0.0011846984684388273,-0.07150565865071723,-0.0008682516635031834,0.0076534964085346185,0.013611537586354305
retuned_raw,query_region_primary_near_octant_boundary,global_minus_unweighted,global_g0p75_cap20,unweighted,20261203,0.010722003646490452,0.03280774664837949,0.027207630221931345,1.2915747668549784,0.025809502086609815,0.002416729938610418,0.03289483677529004
retuned_raw,query_region_primary_near_octant_boundary,global_minus_unweighted,global_g0p75_cap20,unweighted,20261213,0.01077549861945358,0.039863679951957776,0.0326944369840885,1.9261022269273926,0.026502981361793354,0.006129185482431174,0.02694932491846752
retuned_raw,query_region_primary_near_octant_boundary,global_minus_unweighted,global_g0p75_cap20,unweighted,20261223,0.01404183655791659,0.04020068170930463,0.0335156383891739,1.5839392316256546,0.034222269617482315,-0.0035684591136129346,0.029268922288625265
retuned_raw,query_region_primary_near_octant_boundary,global_minus_unweighted,global_g0p75_cap20,unweighted,20270103,0.009540811515642775,0.06775774713275073,0.054287778310396606,3.2166978933293215,0.04108384385769906,0.01730629040936199,0.05216468225882981
retuned_raw,query_region_primary_near_octant_boundary,global_minus_unweighted,global_g0p75_cap20,unweighted,20270113,0.007652482024390131,0.03319719575928409,0.02697349608323732,0.9363944551439474,0.01817157342249054,0.005639479316973783,0.026584581768269333
retuned_raw,query_region_primary_near_octant_boundary,global_minus_unweighted,global_g0p75_cap20,unweighted,20270123,0.009694033795249773,0.053294927084864774,0.043024242977696414,1.4575673050278697,0.03332116170972024,0.012722703481965858,0.043728844627571595
retuned_raw,query_region_primary_near_octant_boundary,global_minus_unweighted,global_g0p75_cap20,unweighted,20270203,0.00990370578606603,0.03930346019136627,0.03210090177832908,0.23818522798447184,0.02618643009762317,0.00801923227334772,0.04011953675101293
retuned_raw,query_region_primary_near_octant_boundary,global_minus_unweighted,global_g0p75_cap20,unweighted,20270213,0.011465602968737068,0.03928827171681604,0.03235539193465789,1.4628415112198674,0.025165320822771592,0.006100650310494518,0.046513436111249085
retuned_raw,query_region_primary_near_octant_boundary,global_minus_unweighted,global_g0p75_cap20,unweighted,20270223,0.004663194305085772,0.049557579014497366,0.03928215956948716,1.894996814219831,0.03727213951308922,0.0017811885380648596,0.05606911365676587
retuned_raw,query_region_primary_near_octant_boundary,global_minus_unweighted,global_g0p75_cap20,unweighted,20270303,0.006998184800559359,0.04094494321946346,0.03308005414360493,1.7998428813086935,0.034983411616724414,0.005384807902809333,0.04368046456458047
retuned_raw,query_region_primary_near_octant_boundary,octant_minus_unweighted,octant_g1p00_cap20,unweighted,20261203,0.007302008256284576,0.027088973882917644,0.022206832324385195,0.5495576409934309,0.019839092043937356,0.002257519759849738,0.030303431921186674
retuned_raw,query_region_primary_near_octant_boundary,octant_minus_unweighted,octant_g1p00_cap20,unweighted,20261213,0.008320443068057667,0.03450260595920068,0.028132114001234748,0.8453358388170642,0.022455969042708412,0.00558346723159471,0.019502713718932807
retuned_raw,query_region_primary_near_octant_boundary,octant_minus_unweighted,octant_g1p00_cap20,unweighted,20261223,0.007878969121725962,0.0324413525622983,0.026572129887506596,0.8441050696396761,0.024210157115860054,0.0003716466922514261,0.018925431838440976
retuned_raw,query_region_primary_near_octant_boundary,octant_minus_unweighted,octant_g1p00_cap20,unweighted,20270103,0.005827232450660386,0.052196625935389984,0.04156693155721486,2.32494251415174,0.030787856495226806,0.013241727316416457,0.04446724105601041
retuned_raw,query_region_primary_near_octant_boundary,octant_minus_unweighted,octant_g1p00_cap20,unweighted,20270113,0.007320263937622057,0.03174959944821548,0.02579652068145233,0.4646170031534549,0.016889255252929003,0.0071626894439243555,0.022239903904412328
retuned_raw,query_region_primary_near_octant_boundary,octant_minus_unweighted,octant_g1p00_cap20,unweighted,20270123,0.006667440400999106,0.040501410146817185,0.03257649896798259,1.1418307651245359,0.02274365430910491,0.010727226574346507,0.038388493991301065
retuned_raw,query_region_primary_near_octant_boundary,octant_minus_unweighted,octant_g1p00_cap20,unweighted,20270203,0.006045161193387841,0.034821788951881094,0.027992661869942037,0.1585474012838457,0.021215790193100714,0.006878130594259943,0.03638393807500173
retuned_raw,query_region_primary_near_octant_boundary,octant_minus_unweighted,octant_g1p00_cap20,unweighted,20270213,0.00765162311760291,0.03546897349161193,0.028768740721917624,1.074688858292049,0.01992137756240825,0.006830546802830309,0.041022086834707705
retuned_raw,query_region_primary_near_octant_boundary,octant_minus_unweighted,octant_g1p00_cap20,unweighted,20270223,0.0038417860028695933,0.04271627194990957,0.03381651519641016,1.4144076214906436,0.03073824782120574,0.0008902148835461116,0.04863435929989535
retuned_raw,query_region_primary_near_octant_boundary,octant_minus_unweighted,octant_g1p00_cap20,unweighted,20270303,0.0067138838542627755,0.03650195776755738,0.029554450788205622,1.16707235614669,0.02750245966435927,0.006443548244473685,0.04125554998710451
retuned_raw,query_region_primary_near_octant_boundary,octant_minus_global,octant_g1p00_cap20,global_g0p75_cap20,20261203,-0.0034199953902058766,-0.005718772765461844,-0.00500079789754615,-0.7420171258615476,-0.005970410042672458,-0.00015921017876067978,-0.002591404854103363
retuned_raw,query_region_primary_near_octant_boundary,octant_minus_global,octant_g1p00_cap20,global_g0p75_cap20,20261213,-0.0024550555513959127,-0.005361073992757093,-0.00456232298285375,-1.0807663881103284,-0.004047012319084942,-0.0005457182508364633,-0.007446611199534714
retuned_raw,query_region_primary_near_octant_boundary,octant_minus_global,octant_g1p00_cap20,global_g0p75_cap20,20261223,-0.006162867436190628,-0.007759329147006333,-0.006943508501667306,-0.7398341619859785,-0.010012112501622261,0.003940105805864361,-0.01034349045018429
retuned_raw,query_region_primary_near_octant_boundary,octant_minus_global,octant_g1p00_cap20,global_g0p75_cap20,20270103,-0.003713579064982389,-0.01556112119736075,-0.012720846753181747,-0.8917553791775816,-0.010295987362472253,-0.004064563092945533,-0.0076974412028193995
retuned_raw,query_region_primary_near_octant_boundary,octant_minus_global,octant_g1p00_cap20,global_g0p75_cap20,20270113,-0.00033221808676807407,-0.0014475963110686108,-0.001176975401784991,-0.4717774519904925,-0.001282318169561536,0.0015232101269505721,-0.004344677863857005
retuned_raw,query_region_primary_near_octant_boundary,octant_minus_global,octant_g1p00_cap20,global_g0p75_cap20,20270123,-0.003026593394250668,-0.012793516938047589,-0.010447744009713822,-0.31573653990333383,-0.010577507400615332,-0.0019954769076193507,-0.00534035063627053
retuned_raw,query_region_primary_near_octant_boundary,octant_minus_global,octant_g1p00_cap20,global_g0p75_cap20,20270203,-0.0038585445926781897,-0.004481671239485174,-0.004108239908387046,-0.07963782670062614,-0.004970639904522456,-0.0011411016790877776,-0.003735598676011198
retuned_raw,query_region_primary_near_octant_boundary,octant_minus_global,octant_g1p00_cap20,global_g0p75_cap20,20270213,-0.0038139798511341583,-0.003819298225204104,-0.003586651212740266,-0.3881526529278183,-0.005243943260363343,0.0007298964923357909,-0.00549134927654138
retuned_raw,query_region_primary_near_octant_boundary,octant_minus_global,octant_g1p00_cap20,global_g0p75_cap20,20270223,-0.0008214083022161783,-0.006841307064587798,-0.0054656443730770055,-0.48058919272918743,-0.006533891691883481,-0.000890973654518748,-0.007434754356870521
retuned_raw,query_region_primary_near_octant_boundary,octant_minus_global,octant_g1p00_cap20,global_g0p75_cap20,20270303,-0.000284300946296584,-0.0044429854519060785,-0.0035256033553993094,-0.6327705251620035,-0.007480951952365145,0.001058740341664352,-0.002424914577475956
retuned_raw,query_region_primary_far_from_octant_boundary,global_minus_unweighted,global_g0p75_cap20,unweighted,20261203,0.003037440762112223,0.01695499969435743,0.013557062493650851,1.2278816484796842,0.017717073241748704,-0.003942820477025058,0.0022582006078027406
retuned_raw,query_region_primary_far_from_octant_boundary,global_minus_unweighted,global_g0p75_cap20,unweighted,20261213,0.003617090125948505,0.015283763363714564,0.012336718407121972,0.21082767647255096,0.014296386699844565,-0.005580318534416512,-0.010876068624807944
retuned_raw,query_region_primary_far_from_octant_boundary,global_minus_unweighted,global_g0p75_cap20,unweighted,20261223,0.003527027497292612,0.015142817616848103,0.012211239343617897,-0.4122011744941414,0.01316140441132066,-0.00012686506243998752,-0.006556011503721704
retuned_raw,query_region_primary_far_from_octant_boundary,global_minus_unweighted,global_g0p75_cap20,unweighted,20270103,0.0006989412232352027,0.023712100964989546,0.018500054133157584,0.6556168498952086,0.019313932922039173,-0.00025212894713189105,0.013859858517029089
retuned_raw,query_region_primary_far_from_octant_boundary,global_minus_unweighted,global_g0p75_cap20,unweighted,20270113,0.0039190426016822155,0.014371441899502513,0.011665892007578949,1.0153261609329824,0.014338171815469647,-0.006473575185556718,-0.004718128282060141
retuned_raw,query_region_primary_far_from_octant_boundary,global_minus_unweighted,global_g0p75_cap20,unweighted,20270123,0.002823536226903678,0.01328197821587318,0.010653261699236138,0.8168795160968028,0.011779634381429899,1.2618504007688713e-05,-0.0006629879535988148
retuned_raw,query_region_primary_far_from_octant_boundary,global_minus_unweighted,global_g0p75_cap20,unweighted,20270203,0.003995684025222573,0.018433586220499787,0.014803398576215487,0.17197248093261486,0.01869578989694326,-0.0005879265747664314,-0.0022247679928003583
retuned_raw,query_region_primary_far_from_octant_boundary,global_minus_unweighted,global_g0p75_cap20,unweighted,20270213,0.0006109461957707063,0.013432860127660207,0.010480488192333215,0.39819236120915136,0.008275494305505449,-0.0054134301883747155,-0.0001463030314681757
retuned_raw,query_region_primary_far_from_octant_boundary,global_minus_unweighted,global_g0p75_cap20,unweighted,20270223,0.007204265158722092,0.010459474019233361,0.00912760838525506,1.03732332477602,0.0113731594670895,-0.0011237617245327541,0.017768974279916694
retuned_raw,query_region_primary_far_from_octant_boundary,global_minus_unweighted,global_g0p75_cap20,unweighted,20270303,0.004732430436925339,0.009257511589813638,0.007824004150620456,1.1848650688969595,0.010717548288430495,0.0002622901451935916,0.03287686188100902
retuned_raw,query_region_primary_far_from_octant_boundary,octant_minus_unweighted,octant_g1p00_cap20,unweighted,20261203,0.0009190506304442014,0.009538162680821971,0.007521314095244758,1.0096625414618075,0.01004091304571264,-0.0057162208673641884,-0.003984078431187421
retuned_raw,query_region_primary_far_from_octant_boundary,octant_minus_unweighted,octant_g1p00_cap20,unweighted,20261213,0.0017482029197463528,0.010200794570195904,0.008144531625826124,0.14936256520997127,0.008788509949114787,-0.005863205778790848,-0.012712981898797882
retuned_raw,query_region_primary_far_from_octant_boundary,octant_minus_unweighted,octant_g1p00_cap20,unweighted,20261223,0.0009016410867350722,0.01203249997256256,0.009442548511502113,-0.6519603156709515,0.003497710980165908,-0.00012502889767923575,-0.007331167351111834
retuned_raw,query_region_primary_far_from_octant_boundary,octant_minus_unweighted,octant_g1p00_cap20,unweighted,20270103,-0.00020017090965977757,0.018316430369635706,0.014191115192895731,0.5175687280201213,0.014841924615568963,-0.0023207447030687695,0.00553566842001052
retuned_raw,query_region_primary_far_from_octant_boundary,octant_minus_unweighted,octant_g1p00_cap20,unweighted,20270113,0.0020872677679138057,0.010160912608375594,0.008150838553923512,0.5457574614704974,0.008367831168150403,-0.006332843763757687,-0.008411662562041955
retuned_raw,query_region_primary_far_from_octant_boundary,octant_minus_unweighted,octant_g1p00_cap20,unweighted,20270123,0.001331177278729112,0.010067527101609908,0.00795254936048645,0.7662167527368204,0.008544678281318968,-0.007971154738766278,-0.024163746955686127
retuned_raw,query_region_primary_far_from_octant_boundary,octant_minus_unweighted,octant_g1p00_cap20,unweighted,20270203,0.0020187204678834975,0.010794453239075241,0.008620274193063104,0.333537823967216,0.009786068164794326,-0.004542603590096783,-0.009573142277608637
retuned_raw,query_region_primary_far_from_octant_boundary,octant_minus_unweighted,octant_g1p00_cap20,unweighted,20270213,2.036657015763721e-05,0.009160576775555096,0.00709069590620337,0.5392749884565635,0.0034742600296587267,-0.005079042407255346,-0.005959442689462857
retuned_raw,query_region_primary_far_from_octant_boundary,octant_minus_unweighted,octant_g1p00_cap20,unweighted,20270223,0.004155334113468634,0.005596767227887711,0.004926175271888822,0.7612275697232693,0.006353218077565337,-0.0071434612704943945,-0.006501844729130679
retuned_raw,query_region_primary_far_from_octant_boundary,octant_minus_unweighted,octant_g1p00_cap20,unweighted,20270303,0.0025342960140501414,0.005354650744660572,0.00449666361770229,0.6699086271842596,0.0073169626151601,-0.0013983620881573705,0.024201752417230993
retuned_raw,query_region_primary_far_from_octant_boundary,octant_minus_global,octant_g1p00_cap20,global_g0p75_cap20,20261203,-0.0021183901316680215,-0.00741683701353546,-0.006035748398406093,-0.21821910701787672,-0.007676160196036064,-0.0017734003903391304,-0.006242279038990162
retuned_raw,query_region_primary_far_from_octant_boundary,octant_minus_global,octant_g1p00_cap20,global_g0p75_cap20,20261213,-0.0018688872062021522,-0.005082968793518661,-0.004192186781295848,-0.0614651112625797,-0.005507876750729779,-0.00028288724437433577,-0.0018369132739899374
retuned_raw,query_region_primary_far_from_octant_boundary,octant_minus_global,octant_g1p00_cap20,global_g0p75_cap20,20261223,-0.0026253864105575397,-0.003110317644285543,-0.0027686908321157833,-0.23975914117681008,-0.009663693431154752,1.8361647607517684e-06,-0.0007751558473901299
retuned_raw,query_region_primary_far_from_octant_boundary,octant_minus_global,octant_g1p00_cap20,global_g0p75_cap20,20270103,-0.0008991121328949803,-0.005395670595353841,-0.004308938940261853,-0.1380481218750873,-0.00447200830647021,-0.0020686157559368784,-0.008324190097018569
retuned_raw,query_region_primary_far_from_octant_boundary,octant_minus_global,octant_g1p00_cap20,global_g0p75_cap20,20270113,-0.0018317748337684098,-0.004210529291126919,-0.0035150534536554368,-0.46956869946248503,-0.005970340647319244,0.0001407314217990313,-0.003693534279981814
retuned_raw,query_region_primary_far_from_octant_boundary,octant_minus_global,octant_g1p00_cap20,global_g0p75_cap20,20270123,-0.0014923589481745658,-0.0032144511142632726,-0.002700712338749689,-0.05066276335998232,-0.0032349561001109306,-0.007983773242773967,-0.023500759002087312
retuned_raw,query_region_primary_far_from_octant_boundary,octant_minus_global,octant_g1p00_cap20,global_g0p75_cap20,20270203,-0.001976963557339076,-0.007639132981424546,-0.006183124383152383,0.16156534303460113,-0.008909721732148934,-0.003954677015330352,-0.007348374284808279
retuned_raw,query_region_primary_far_from_octant_boundary,octant_minus_global,octant_g1p00_cap20,global_g0p75_cap20,20270213,-0.0005905796256130691,-0.004272283352105111,-0.0033897922861298446,0.14108262724741216,-0.004801234275846722,0.00033438778111936907,-0.0058131396579946815
retuned_raw,query_region_primary_far_from_octant_boundary,octant_minus_global,octant_g1p00_cap20,global_g0p75_cap20,20270223,-0.0030489310452534585,-0.00486270679134565,-0.0042014331133662375,-0.27609575505275075,-0.005019941389524163,-0.00601969954596164,-0.024270819009047373
retuned_raw,query_region_primary_far_from_octant_boundary,octant_minus_global,octant_g1p00_cap20,global_g0p75_cap20,20270303,-0.0021981344228751976,-0.0039028608451530666,-0.003327340532918166,-0.5149564417126999,-0.0034005856732703954,-0.0016606522333509621,-0.00867510946377803
